Location,What,Value,Unit
Driver,kernel_time,0.000141658,second
GPU[1].CommandProcessor,kernel_time,0.000141656,second
GPU[1].SA[0].CU[0],cu_inst_count,68664.0,count
GPU[1].SA[0].CU[0],cu_CPI,2.06306070138646,cycles/inst
GPU[1].SA[0].CU[0],simd_inst_count,57880.0,count
GPU[1].SA[0].CU[0],simd_CPI,2.44744298548722,cycles/inst
GPU[1].SA[0].CU[1],cu_inst_count,68664.0,count
GPU[1].SA[0].CU[1],cu_CPI,2.06306070138646,cycles/inst
GPU[1].SA[0].CU[1],simd_inst_count,57880.0,count
GPU[1].SA[0].CU[1],simd_CPI,2.44744298548722,cycles/inst
GPU[1].SA[0].CU[2],cu_inst_count,68664.0,count
GPU[1].SA[0].CU[2],cu_CPI,2.06306070138646,cycles/inst
GPU[1].SA[0].CU[2],simd_inst_count,57880.0,count
GPU[1].SA[0].CU[2],simd_CPI,2.44744298548722,cycles/inst
GPU[1].SA[0].CU[3],cu_inst_count,68664.0,count
GPU[1].SA[0].CU[3],cu_CPI,2.06306070138646,cycles/inst
GPU[1].SA[0].CU[3],simd_inst_count,57880.0,count
GPU[1].SA[0].CU[3],simd_CPI,2.44744298548722,cycles/inst
GPU[1].SA[1].CU[0],cu_inst_count,68664.0,count
GPU[1].SA[1].CU[0],cu_CPI,2.06306070138646,cycles/inst
GPU[1].SA[1].CU[0],simd_inst_count,57880.0,count
GPU[1].SA[1].CU[0],simd_CPI,2.44744298548722,cycles/inst
GPU[1].SA[1].CU[1],cu_inst_count,68664.0,count
GPU[1].SA[1].CU[1],cu_CPI,2.06306070138646,cycles/inst
GPU[1].SA[1].CU[1],simd_inst_count,57880.0,count
GPU[1].SA[1].CU[1],simd_CPI,2.44744298548722,cycles/inst
GPU[1].SA[1].CU[2],cu_inst_count,68664.0,count
GPU[1].SA[1].CU[2],cu_CPI,2.06306070138646,cycles/inst
GPU[1].SA[1].CU[2],simd_inst_count,57880.0,count
GPU[1].SA[1].CU[2],simd_CPI,2.44744298548722,cycles/inst
GPU[1].SA[1].CU[3],cu_inst_count,68664.0,count
GPU[1].SA[1].CU[3],cu_CPI,2.06306070138646,cycles/inst
GPU[1].SA[1].CU[3],simd_inst_count,57880.0,count
GPU[1].SA[1].CU[3],simd_CPI,2.44744298548722,cycles/inst
GPU[1].SA[2].CU[0],cu_inst_count,68664.0,count
GPU[1].SA[2].CU[0],cu_CPI,2.06306070138646,cycles/inst
GPU[1].SA[2].CU[0],simd_inst_count,57880.0,count
GPU[1].SA[2].CU[0],simd_CPI,2.44744298548722,cycles/inst
GPU[1].SA[2].CU[1],cu_inst_count,68664.0,count
GPU[1].SA[2].CU[1],cu_CPI,2.06306070138646,cycles/inst
GPU[1].SA[2].CU[1],simd_inst_count,57880.0,count
GPU[1].SA[2].CU[1],simd_CPI,2.44744298548722,cycles/inst
GPU[1].SA[2].CU[2],cu_inst_count,68664.0,count
GPU[1].SA[2].CU[2],cu_CPI,2.06306070138646,cycles/inst
GPU[1].SA[2].CU[2],simd_inst_count,57880.0,count
GPU[1].SA[2].CU[2],simd_CPI,2.44744298548722,cycles/inst
GPU[1].SA[2].CU[3],cu_inst_count,68664.0,count
GPU[1].SA[2].CU[3],cu_CPI,2.06306070138646,cycles/inst
GPU[1].SA[2].CU[3],simd_inst_count,57880.0,count
GPU[1].SA[2].CU[3],simd_CPI,2.44744298548722,cycles/inst
GPU[1].SA[3].CU[0],cu_inst_count,68664.0,count
GPU[1].SA[3].CU[0],cu_CPI,2.06306070138646,cycles/inst
GPU[1].SA[3].CU[0],simd_inst_count,57880.0,count
GPU[1].SA[3].CU[0],simd_CPI,2.44744298548722,cycles/inst
GPU[1].SA[3].CU[1],cu_inst_count,68664.0,count
GPU[1].SA[3].CU[1],cu_CPI,2.06306070138646,cycles/inst
GPU[1].SA[3].CU[1],simd_inst_count,57880.0,count
GPU[1].SA[3].CU[1],simd_CPI,2.44744298548722,cycles/inst
GPU[1].SA[3].CU[2],cu_inst_count,68664.0,count
GPU[1].SA[3].CU[2],cu_CPI,2.06306070138646,cycles/inst
GPU[1].SA[3].CU[2],simd_inst_count,57880.0,count
GPU[1].SA[3].CU[2],simd_CPI,2.44744298548722,cycles/inst
GPU[1].SA[3].CU[3],cu_inst_count,68664.0,count
GPU[1].SA[3].CU[3],cu_CPI,2.06306070138646,cycles/inst
GPU[1].SA[3].CU[3],simd_inst_count,57880.0,count
GPU[1].SA[3].CU[3],simd_CPI,2.44744298548722,cycles/inst
GPU[1].SA[4].CU[0],cu_inst_count,68664.0,count
GPU[1].SA[4].CU[0],cu_CPI,2.06306070138646,cycles/inst
GPU[1].SA[4].CU[0],simd_inst_count,57880.0,count
GPU[1].SA[4].CU[0],simd_CPI,2.44744298548722,cycles/inst
GPU[1].SA[4].CU[1],cu_inst_count,68664.0,count
GPU[1].SA[4].CU[1],cu_CPI,2.06306070138646,cycles/inst
GPU[1].SA[4].CU[1],simd_inst_count,57880.0,count
GPU[1].SA[4].CU[1],simd_CPI,2.44744298548722,cycles/inst
GPU[1].SA[4].CU[2],cu_inst_count,68664.0,count
GPU[1].SA[4].CU[2],cu_CPI,2.06306070138646,cycles/inst
GPU[1].SA[4].CU[2],simd_inst_count,57880.0,count
GPU[1].SA[4].CU[2],simd_CPI,2.44744298548722,cycles/inst
GPU[1].SA[4].CU[3],cu_inst_count,68664.0,count
GPU[1].SA[4].CU[3],cu_CPI,2.06306070138646,cycles/inst
GPU[1].SA[4].CU[3],simd_inst_count,57880.0,count
GPU[1].SA[4].CU[3],simd_CPI,2.44744298548722,cycles/inst
GPU[1].SA[5].CU[0],cu_inst_count,68664.0,count
GPU[1].SA[5].CU[0],cu_CPI,2.06306070138646,cycles/inst
GPU[1].SA[5].CU[0],simd_inst_count,57880.0,count
GPU[1].SA[5].CU[0],simd_CPI,2.44744298548722,cycles/inst
GPU[1].SA[5].CU[1],cu_inst_count,68664.0,count
GPU[1].SA[5].CU[1],cu_CPI,2.06306070138646,cycles/inst
GPU[1].SA[5].CU[1],simd_inst_count,57880.0,count
GPU[1].SA[5].CU[1],simd_CPI,2.44744298548722,cycles/inst
GPU[1].SA[5].CU[2],cu_inst_count,68664.0,count
GPU[1].SA[5].CU[2],cu_CPI,2.06306070138646,cycles/inst
GPU[1].SA[5].CU[2],simd_inst_count,57880.0,count
GPU[1].SA[5].CU[2],simd_CPI,2.44744298548722,cycles/inst
GPU[1].SA[5].CU[3],cu_inst_count,68664.0,count
GPU[1].SA[5].CU[3],cu_CPI,2.06306070138646,cycles/inst
GPU[1].SA[5].CU[3],simd_inst_count,57880.0,count
GPU[1].SA[5].CU[3],simd_CPI,2.44744298548722,cycles/inst
GPU[1].SA[6].CU[0],cu_inst_count,68664.0,count
GPU[1].SA[6].CU[0],cu_CPI,2.06306070138646,cycles/inst
GPU[1].SA[6].CU[0],simd_inst_count,57880.0,count
GPU[1].SA[6].CU[0],simd_CPI,2.44744298548722,cycles/inst
GPU[1].SA[6].CU[1],cu_inst_count,68664.0,count
GPU[1].SA[6].CU[1],cu_CPI,2.06306070138646,cycles/inst
GPU[1].SA[6].CU[1],simd_inst_count,57880.0,count
GPU[1].SA[6].CU[1],simd_CPI,2.44744298548722,cycles/inst
GPU[1].SA[6].CU[2],cu_inst_count,68664.0,count
GPU[1].SA[6].CU[2],cu_CPI,2.06306070138646,cycles/inst
GPU[1].SA[6].CU[2],simd_inst_count,57880.0,count
GPU[1].SA[6].CU[2],simd_CPI,2.44744298548722,cycles/inst
GPU[1].SA[6].CU[3],cu_inst_count,68664.0,count
GPU[1].SA[6].CU[3],cu_CPI,2.06306070138646,cycles/inst
GPU[1].SA[6].CU[3],simd_inst_count,57880.0,count
GPU[1].SA[6].CU[3],simd_CPI,2.44744298548722,cycles/inst
GPU[1].SA[7].CU[0],cu_inst_count,68664.0,count
GPU[1].SA[7].CU[0],cu_CPI,2.06306070138646,cycles/inst
GPU[1].SA[7].CU[0],simd_inst_count,57880.0,count
GPU[1].SA[7].CU[0],simd_CPI,2.44744298548722,cycles/inst
GPU[1].SA[7].CU[1],cu_inst_count,68664.0,count
GPU[1].SA[7].CU[1],cu_CPI,2.06306070138646,cycles/inst
GPU[1].SA[7].CU[1],simd_inst_count,57880.0,count
GPU[1].SA[7].CU[1],simd_CPI,2.44744298548722,cycles/inst
GPU[1].SA[7].CU[2],cu_inst_count,68664.0,count
GPU[1].SA[7].CU[2],cu_CPI,2.06306070138646,cycles/inst
GPU[1].SA[7].CU[2],simd_inst_count,57880.0,count
GPU[1].SA[7].CU[2],simd_CPI,2.44744298548722,cycles/inst
GPU[1].SA[7].CU[3],cu_inst_count,68664.0,count
GPU[1].SA[7].CU[3],cu_CPI,2.06306070138646,cycles/inst
GPU[1].SA[7].CU[3],simd_inst_count,57880.0,count
GPU[1].SA[7].CU[3],simd_CPI,2.44744298548722,cycles/inst
GPU[1].SA[8].CU[0],cu_inst_count,68664.0,count
GPU[1].SA[8].CU[0],cu_CPI,2.06306070138646,cycles/inst
GPU[1].SA[8].CU[0],simd_inst_count,57880.0,count
GPU[1].SA[8].CU[0],simd_CPI,2.44744298548722,cycles/inst
GPU[1].SA[8].CU[1],cu_inst_count,68664.0,count
GPU[1].SA[8].CU[1],cu_CPI,2.06306070138646,cycles/inst
GPU[1].SA[8].CU[1],simd_inst_count,57880.0,count
GPU[1].SA[8].CU[1],simd_CPI,2.44744298548722,cycles/inst
GPU[1].SA[8].CU[2],cu_inst_count,68664.0,count
GPU[1].SA[8].CU[2],cu_CPI,2.06306070138646,cycles/inst
GPU[1].SA[8].CU[2],simd_inst_count,57880.0,count
GPU[1].SA[8].CU[2],simd_CPI,2.44744298548722,cycles/inst
GPU[1].SA[8].CU[3],cu_inst_count,68664.0,count
GPU[1].SA[8].CU[3],cu_CPI,2.06306070138646,cycles/inst
GPU[1].SA[8].CU[3],simd_inst_count,57880.0,count
GPU[1].SA[8].CU[3],simd_CPI,2.44744298548722,cycles/inst
GPU[1].SA[9].CU[0],cu_inst_count,68664.0,count
GPU[1].SA[9].CU[0],cu_CPI,2.06306070138646,cycles/inst
GPU[1].SA[9].CU[0],simd_inst_count,57880.0,count
GPU[1].SA[9].CU[0],simd_CPI,2.44744298548722,cycles/inst
GPU[1].SA[9].CU[1],cu_inst_count,68664.0,count
GPU[1].SA[9].CU[1],cu_CPI,2.06306070138646,cycles/inst
GPU[1].SA[9].CU[1],simd_inst_count,57880.0,count
GPU[1].SA[9].CU[1],simd_CPI,2.44744298548722,cycles/inst
GPU[1].SA[9].CU[2],cu_inst_count,68664.0,count
GPU[1].SA[9].CU[2],cu_CPI,2.06306070138646,cycles/inst
GPU[1].SA[9].CU[2],simd_inst_count,57880.0,count
GPU[1].SA[9].CU[2],simd_CPI,2.44744298548722,cycles/inst
GPU[1].SA[9].CU[3],cu_inst_count,68664.0,count
GPU[1].SA[9].CU[3],cu_CPI,2.06306070138646,cycles/inst
GPU[1].SA[9].CU[3],simd_inst_count,57880.0,count
GPU[1].SA[9].CU[3],simd_CPI,2.44744298548722,cycles/inst
GPU[1].SA[10].CU[0],cu_inst_count,68664.0,count
GPU[1].SA[10].CU[0],cu_CPI,2.06306070138646,cycles/inst
GPU[1].SA[10].CU[0],simd_inst_count,57880.0,count
GPU[1].SA[10].CU[0],simd_CPI,2.44744298548722,cycles/inst
GPU[1].SA[10].CU[1],cu_inst_count,68664.0,count
GPU[1].SA[10].CU[1],cu_CPI,2.06306070138646,cycles/inst
GPU[1].SA[10].CU[1],simd_inst_count,57880.0,count
GPU[1].SA[10].CU[1],simd_CPI,2.44744298548722,cycles/inst
GPU[1].SA[10].CU[2],cu_inst_count,68664.0,count
GPU[1].SA[10].CU[2],cu_CPI,2.06306070138646,cycles/inst
GPU[1].SA[10].CU[2],simd_inst_count,57880.0,count
GPU[1].SA[10].CU[2],simd_CPI,2.44744298548722,cycles/inst
GPU[1].SA[10].CU[3],cu_inst_count,68664.0,count
GPU[1].SA[10].CU[3],cu_CPI,2.06306070138646,cycles/inst
GPU[1].SA[10].CU[3],simd_inst_count,57880.0,count
GPU[1].SA[10].CU[3],simd_CPI,2.44744298548722,cycles/inst
GPU[1].SA[11].CU[0],cu_inst_count,68664.0,count
GPU[1].SA[11].CU[0],cu_CPI,2.06306070138646,cycles/inst
GPU[1].SA[11].CU[0],simd_inst_count,57880.0,count
GPU[1].SA[11].CU[0],simd_CPI,2.44744298548722,cycles/inst
GPU[1].SA[11].CU[1],cu_inst_count,68664.0,count
GPU[1].SA[11].CU[1],cu_CPI,2.06306070138646,cycles/inst
GPU[1].SA[11].CU[1],simd_inst_count,57880.0,count
GPU[1].SA[11].CU[1],simd_CPI,2.44744298548722,cycles/inst
GPU[1].SA[11].CU[2],cu_inst_count,68664.0,count
GPU[1].SA[11].CU[2],cu_CPI,2.06306070138646,cycles/inst
GPU[1].SA[11].CU[2],simd_inst_count,57880.0,count
GPU[1].SA[11].CU[2],simd_CPI,2.44744298548722,cycles/inst
GPU[1].SA[11].CU[3],cu_inst_count,68664.0,count
GPU[1].SA[11].CU[3],cu_CPI,2.06306070138646,cycles/inst
GPU[1].SA[11].CU[3],simd_inst_count,57880.0,count
GPU[1].SA[11].CU[3],simd_CPI,2.44744298548722,cycles/inst
GPU[1].SA[12].CU[0],cu_inst_count,68664.0,count
GPU[1].SA[12].CU[0],cu_CPI,2.06306070138646,cycles/inst
GPU[1].SA[12].CU[0],simd_inst_count,57880.0,count
GPU[1].SA[12].CU[0],simd_CPI,2.44744298548722,cycles/inst
GPU[1].SA[12].CU[1],cu_inst_count,68664.0,count
GPU[1].SA[12].CU[1],cu_CPI,2.06306070138646,cycles/inst
GPU[1].SA[12].CU[1],simd_inst_count,57880.0,count
GPU[1].SA[12].CU[1],simd_CPI,2.44744298548722,cycles/inst
GPU[1].SA[12].CU[2],cu_inst_count,68664.0,count
GPU[1].SA[12].CU[2],cu_CPI,2.06306070138646,cycles/inst
GPU[1].SA[12].CU[2],simd_inst_count,57880.0,count
GPU[1].SA[12].CU[2],simd_CPI,2.44744298548722,cycles/inst
GPU[1].SA[12].CU[3],cu_inst_count,68664.0,count
GPU[1].SA[12].CU[3],cu_CPI,2.06306070138646,cycles/inst
GPU[1].SA[12].CU[3],simd_inst_count,57880.0,count
GPU[1].SA[12].CU[3],simd_CPI,2.44744298548722,cycles/inst
GPU[1].SA[13].CU[0],cu_inst_count,68664.0,count
GPU[1].SA[13].CU[0],cu_CPI,2.06306070138646,cycles/inst
GPU[1].SA[13].CU[0],simd_inst_count,57880.0,count
GPU[1].SA[13].CU[0],simd_CPI,2.44744298548722,cycles/inst
GPU[1].SA[13].CU[1],cu_inst_count,68664.0,count
GPU[1].SA[13].CU[1],cu_CPI,2.06306070138646,cycles/inst
GPU[1].SA[13].CU[1],simd_inst_count,57880.0,count
GPU[1].SA[13].CU[1],simd_CPI,2.44744298548722,cycles/inst
GPU[1].SA[13].CU[2],cu_inst_count,68664.0,count
GPU[1].SA[13].CU[2],cu_CPI,2.06306070138646,cycles/inst
GPU[1].SA[13].CU[2],simd_inst_count,57880.0,count
GPU[1].SA[13].CU[2],simd_CPI,2.44744298548722,cycles/inst
GPU[1].SA[13].CU[3],cu_inst_count,68664.0,count
GPU[1].SA[13].CU[3],cu_CPI,2.06306070138646,cycles/inst
GPU[1].SA[13].CU[3],simd_inst_count,57880.0,count
GPU[1].SA[13].CU[3],simd_CPI,2.44744298548722,cycles/inst
GPU[1].SA[14].CU[0],cu_inst_count,68664.0,count
GPU[1].SA[14].CU[0],cu_CPI,2.06306070138646,cycles/inst
GPU[1].SA[14].CU[0],simd_inst_count,57880.0,count
GPU[1].SA[14].CU[0],simd_CPI,2.44744298548722,cycles/inst
GPU[1].SA[14].CU[1],cu_inst_count,68664.0,count
GPU[1].SA[14].CU[1],cu_CPI,2.06306070138646,cycles/inst
GPU[1].SA[14].CU[1],simd_inst_count,57880.0,count
GPU[1].SA[14].CU[1],simd_CPI,2.44744298548722,cycles/inst
GPU[1].SA[14].CU[2],cu_inst_count,68664.0,count
GPU[1].SA[14].CU[2],cu_CPI,2.06306070138646,cycles/inst
GPU[1].SA[14].CU[2],simd_inst_count,57880.0,count
GPU[1].SA[14].CU[2],simd_CPI,2.44744298548722,cycles/inst
GPU[1].SA[14].CU[3],cu_inst_count,68664.0,count
GPU[1].SA[14].CU[3],cu_CPI,2.06306070138646,cycles/inst
GPU[1].SA[14].CU[3],simd_inst_count,57880.0,count
GPU[1].SA[14].CU[3],simd_CPI,2.44744298548722,cycles/inst
GPU[1].SA[15].CU[0],cu_inst_count,68664.0,count
GPU[1].SA[15].CU[0],cu_CPI,2.06306070138646,cycles/inst
GPU[1].SA[15].CU[0],simd_inst_count,57880.0,count
GPU[1].SA[15].CU[0],simd_CPI,2.44744298548722,cycles/inst
GPU[1].SA[15].CU[1],cu_inst_count,68664.0,count
GPU[1].SA[15].CU[1],cu_CPI,2.06306070138646,cycles/inst
GPU[1].SA[15].CU[1],simd_inst_count,57880.0,count
GPU[1].SA[15].CU[1],simd_CPI,2.44744298548722,cycles/inst
GPU[1].SA[15].CU[2],cu_inst_count,68664.0,count
GPU[1].SA[15].CU[2],cu_CPI,2.06306070138646,cycles/inst
GPU[1].SA[15].CU[2],simd_inst_count,57880.0,count
GPU[1].SA[15].CU[2],simd_CPI,2.44744298548722,cycles/inst
GPU[1].SA[15].CU[3],cu_inst_count,68664.0,count
GPU[1].SA[15].CU[3],cu_CPI,2.06306070138646,cycles/inst
GPU[1].SA[15].CU[3],simd_inst_count,57880.0,count
GPU[1].SA[15].CU[3],simd_CPI,2.44744298548722,cycles/inst
GPU[1].SA[0].CU[0],CPIStack.Branch,0.00521379471047457,cycles/inst
GPU[1].SA[0].CU[0],CPIStack.Fetch,0.00849062099498996,cycles/inst
GPU[1].SA[0].CU[0],CPIStack.Idle,1.45636723756582e-05,cycles/inst
GPU[1].SA[0].CU[0],CPIStack.LDS,0.252038914132589,cycles/inst
GPU[1].SA[0].CU[0],CPIStack.ScalarInst,0.0566672492135632,cycles/inst
GPU[1].SA[0].CU[0],CPIStack.ScalarMem,0.00506815798671789,cycles/inst
GPU[1].SA[0].CU[0],CPIStack.ScalarMemInst,8.73820342537517e-05,cycles/inst
GPU[1].SA[0].CU[0],CPIStack.Special,0.000101945706630101,cycles/inst
GPU[1].SA[0].CU[0],CPIStack.VALU,1.2994145403705,cycles/inst
GPU[1].SA[0].CU[0],CPIStack.VMem,0.382820692065711,cycles/inst
GPU[1].SA[0].CU[0],CPIStack.VMemInst,0.000305837119888229,cycles/inst
GPU[1].SA[0].CU[0],CPIStack.total,2.32650297098916,cycles/inst
GPU[1].SA[0].CU[0],SIMDCPIStack.Branch,0.0061852107809265,cycles/inst
GPU[1].SA[0].CU[0],SIMDCPIStack.Fetch,0.0100725639253627,cycles/inst
GPU[1].SA[0].CU[0],SIMDCPIStack.Idle,1.72771250864235e-05,cycles/inst
GPU[1].SA[0].CU[0],SIMDCPIStack.LDS,0.298997926744992,cycles/inst
GPU[1].SA[0].CU[0],SIMDCPIStack.ScalarInst,0.0672252937111282,cycles/inst
GPU[1].SA[0].CU[0],SIMDCPIStack.ScalarMem,0.00601243953006215,cycles/inst
GPU[1].SA[0].CU[0],SIMDCPIStack.ScalarMemInst,0.000103662750518307,cycles/inst
GPU[1].SA[0].CU[0],SIMDCPIStack.Special,0.00012093987560555,cycles/inst
GPU[1].SA[0].CU[0],SIMDCPIStack.VALU,1.54151693158258,cycles/inst
GPU[1].SA[0].CU[0],SIMDCPIStack.VMem,0.454146510020732,cycles/inst
GPU[1].SA[0].CU[0],SIMDCPIStack.VMemInst,0.000362819626814191,cycles/inst
GPU[1].SA[0].CU[0],SIMDCPIStack.total,2.75996890117484,cycles/inst
GPU[1].SA[0].CU[1],CPIStack.Branch,0.00332051730164325,cycles/inst
GPU[1].SA[0].CU[1],CPIStack.Fetch,0.00851974833974118,cycles/inst
GPU[1].SA[0].CU[1],CPIStack.Idle,1.45636723756582e-05,cycles/inst
GPU[1].SA[0].CU[1],CPIStack.LDS,0.250291273447513,cycles/inst
GPU[1].SA[0].CU[1],CPIStack.ScalarInst,0.0552254456483737,cycles/inst
GPU[1].SA[0].CU[1],CPIStack.ScalarMem,0.00508272165909355,cycles/inst
GPU[1].SA[0].CU[1],CPIStack.ScalarMemInst,8.73820342537517e-05,cycles/inst
GPU[1].SA[0].CU[1],CPIStack.Special,0.000116509379005364,cycles/inst
GPU[1].SA[0].CU[1],CPIStack.VALU,1.29124432016777,cycles/inst
GPU[1].SA[0].CU[1],CPIStack.VMem,0.396117324944661,cycles/inst
GPU[1].SA[0].CU[1],CPIStack.VMemInst,0.000189327740883161,cycles/inst
GPU[1].SA[0].CU[1],CPIStack.total,2.32650297098916,cycles/inst
GPU[1].SA[0].CU[1],SIMDCPIStack.Branch,0.00393918451969648,cycles/inst
GPU[1].SA[0].CU[1],SIMDCPIStack.Fetch,0.0101071181755354,cycles/inst
GPU[1].SA[0].CU[1],SIMDCPIStack.Idle,1.72771250864235e-05,cycles/inst
GPU[1].SA[0].CU[1],SIMDCPIStack.LDS,0.296924671734624,cycles/inst
GPU[1].SA[0].CU[1],SIMDCPIStack.ScalarInst,0.0655148583275731,cycles/inst
GPU[1].SA[0].CU[1],SIMDCPIStack.ScalarMem,0.00602971665514858,cycles/inst
GPU[1].SA[0].CU[1],SIMDCPIStack.ScalarMemInst,0.000103662750518307,cycles/inst
GPU[1].SA[0].CU[1],SIMDCPIStack.Special,0.000138217000691505,cycles/inst
GPU[1].SA[0].CU[1],SIMDCPIStack.VALU,1.53182446440912,cycles/inst
GPU[1].SA[0].CU[1],SIMDCPIStack.VMem,0.469920525224606,cycles/inst
GPU[1].SA[0].CU[1],SIMDCPIStack.VMemInst,0.000224602626123037,cycles/inst
GPU[1].SA[0].CU[1],SIMDCPIStack.total,2.75996890117484,cycles/inst
GPU[1].SA[0].CU[2],CPIStack.Branch,0.000786438308283962,cycles/inst
GPU[1].SA[0].CU[2],CPIStack.Fetch,0.00841780263311147,cycles/inst
GPU[1].SA[0].CU[2],CPIStack.Idle,1.45636723756582e-05,cycles/inst
GPU[1].SA[0].CU[2],CPIStack.LDS,0.261956775020387,cycles/inst
GPU[1].SA[0].CU[2],CPIStack.ScalarInst,0.0577012699522275,cycles/inst
GPU[1].SA[0].CU[2],CPIStack.ScalarMem,0.00506815798671799,cycles/inst
GPU[1].SA[0].CU[2],CPIStack.ScalarMemInst,8.73820342537517e-05,cycles/inst
GPU[1].SA[0].CU[2],CPIStack.Special,2.91273447515137e-05,cycles/inst
GPU[1].SA[0].CU[2],CPIStack.VALU,1.26721426074799,cycles/inst
GPU[1].SA[0].CU[2],CPIStack.VMem,0.40874402889433,cycles/inst
GPU[1].SA[0].CU[2],CPIStack.VMemInst,0.000218455085634478,cycles/inst
GPU[1].SA[0].CU[2],CPIStack.total,2.32650297098916,cycles/inst
GPU[1].SA[0].CU[2],SIMDCPIStack.Branch,0.000932964754664996,cycles/inst
GPU[1].SA[0].CU[2],SIMDCPIStack.Fetch,0.00998617829993031,cycles/inst
GPU[1].SA[0].CU[2],SIMDCPIStack.Idle,1.72771250864235e-05,cycles/inst
GPU[1].SA[0].CU[2],SIMDCPIStack.LDS,0.310763648928816,cycles/inst
GPU[1].SA[0].CU[2],SIMDCPIStack.ScalarInst,0.0684519695922555,cycles/inst
GPU[1].SA[0].CU[2],SIMDCPIStack.ScalarMem,0.00601243953006227,cycles/inst
GPU[1].SA[0].CU[2],SIMDCPIStack.ScalarMemInst,0.000103662750518307,cycles/inst
GPU[1].SA[0].CU[2],SIMDCPIStack.Special,3.45542501730812e-05,cycles/inst
GPU[1].SA[0].CU[2],SIMDCPIStack.VALU,1.50331720801659,cycles/inst
GPU[1].SA[0].CU[2],SIMDCPIStack.VMem,0.484899792674504,cycles/inst
GPU[1].SA[0].CU[2],SIMDCPIStack.VMemInst,0.000259156876295884,cycles/inst
GPU[1].SA[0].CU[2],SIMDCPIStack.total,2.75996890117484,cycles/inst
GPU[1].SA[0].CU[3],CPIStack.Branch,0.000713619946405869,cycles/inst
GPU[1].SA[0].CU[3],CPIStack.Fetch,0.00833042059885782,cycles/inst
GPU[1].SA[0].CU[3],CPIStack.Idle,1.45636723756582e-05,cycles/inst
GPU[1].SA[0].CU[3],CPIStack.LDS,0.258912967493883,cycles/inst
GPU[1].SA[0].CU[3],CPIStack.ScalarInst,0.0575556332284769,cycles/inst
GPU[1].SA[0].CU[3],CPIStack.ScalarMem,0.00518466736572286,cycles/inst
GPU[1].SA[0].CU[3],CPIStack.ScalarMemInst,8.73820342537517e-05,cycles/inst
GPU[1].SA[0].CU[3],CPIStack.Special,2.91273447513163e-05,cycles/inst
GPU[1].SA[0].CU[3],CPIStack.VALU,1.26535011068391,cycles/inst
GPU[1].SA[0].CU[3],CPIStack.VMem,0.41385587789817,cycles/inst
GPU[1].SA[0].CU[3],CPIStack.VMemInst,0.000233018758009939,cycles/inst
GPU[1].SA[0].CU[3],CPIStack.total,2.32650297098916,cycles/inst
GPU[1].SA[0].CU[3],SIMDCPIStack.Branch,0.000846579129233113,cycles/inst
GPU[1].SA[0].CU[3],SIMDCPIStack.Fetch,0.00988251554941212,cycles/inst
GPU[1].SA[0].CU[3],SIMDCPIStack.Idle,1.72771250864235e-05,cycles/inst
GPU[1].SA[0].CU[3],SIMDCPIStack.LDS,0.307152729785763,cycles/inst
GPU[1].SA[0].CU[3],SIMDCPIStack.ScalarInst,0.0682791983413984,cycles/inst
GPU[1].SA[0].CU[3],SIMDCPIStack.ScalarMem,0.00615065653075319,cycles/inst
GPU[1].SA[0].CU[3],SIMDCPIStack.ScalarMemInst,0.000103662750518307,cycles/inst
GPU[1].SA[0].CU[3],SIMDCPIStack.Special,3.4554250172847e-05,cycles/inst
GPU[1].SA[0].CU[3],SIMDCPIStack.VALU,1.50110573600553,cycles/inst
GPU[1].SA[0].CU[3],SIMDCPIStack.VMem,0.49096406357982,cycles/inst
GPU[1].SA[0].CU[3],SIMDCPIStack.VMemInst,0.000276434001382074,cycles/inst
GPU[1].SA[0].CU[3],SIMDCPIStack.total,2.75996890117484,cycles/inst
GPU[1].SA[1].CU[0],CPIStack.Branch,0.00106314808342048,cycles/inst
GPU[1].SA[1].CU[0],CPIStack.Fetch,0.00834498427123358,cycles/inst
GPU[1].SA[1].CU[0],CPIStack.Idle,1.45636723756582e-05,cycles/inst
GPU[1].SA[1].CU[0],CPIStack.LDS,0.252737970406615,cycles/inst
GPU[1].SA[1].CU[0],CPIStack.ScalarInst,0.0564487941279285,cycles/inst
GPU[1].SA[1].CU[0],CPIStack.ScalarMem,0.00506815798671789,cycles/inst
GPU[1].SA[1].CU[0],CPIStack.ScalarMemInst,8.73820342537517e-05,cycles/inst
GPU[1].SA[1].CU[0],CPIStack.Special,4.36910171270732e-05,cycles/inst
GPU[1].SA[1].CU[0],CPIStack.VALU,1.27069497844576,cycles/inst
GPU[1].SA[1].CU[0],CPIStack.VMem,0.415559827566121,cycles/inst
GPU[1].SA[1].CU[0],CPIStack.VMemInst,0.000174764068507503,cycles/inst
GPU[1].SA[1].CU[0],CPIStack.total,2.32650297098916,cycles/inst
GPU[1].SA[1].CU[0],SIMDCPIStack.Branch,0.00126123013130587,cycles/inst
GPU[1].SA[1].CU[0],SIMDCPIStack.Fetch,0.00989979267449866,cycles/inst
GPU[1].SA[1].CU[0],SIMDCPIStack.Idle,1.72771250864235e-05,cycles/inst
GPU[1].SA[1].CU[0],SIMDCPIStack.LDS,0.299827228749133,cycles/inst
GPU[1].SA[1].CU[0],SIMDCPIStack.ScalarInst,0.0669661368348321,cycles/inst
GPU[1].SA[1].CU[0],SIMDCPIStack.ScalarMem,0.00601243953006215,cycles/inst
GPU[1].SA[1].CU[0],SIMDCPIStack.ScalarMemInst,0.000103662750518307,cycles/inst
GPU[1].SA[1].CU[0],SIMDCPIStack.Special,5.18313752593876e-05,cycles/inst
GPU[1].SA[1].CU[0],SIMDCPIStack.VALU,1.50744644091223,cycles/inst
GPU[1].SA[1].CU[0],SIMDCPIStack.VMem,0.49298548721493,cycles/inst
GPU[1].SA[1].CU[0],SIMDCPIStack.VMemInst,0.000207325501036614,cycles/inst
GPU[1].SA[1].CU[0],SIMDCPIStack.total,2.75996890117484,cycles/inst
GPU[1].SA[1].CU[1],CPIStack.Branch,0.000728183618780935,cycles/inst
GPU[1].SA[1].CU[1],CPIStack.Fetch,0.00819934754747749,cycles/inst
GPU[1].SA[1].CU[1],CPIStack.Idle,1.45636723756582e-05,cycles/inst
GPU[1].SA[1].CU[1],CPIStack.LDS,0.26114120936736,cycles/inst
GPU[1].SA[1].CU[1],CPIStack.ScalarInst,0.0578905976931125,cycles/inst
GPU[1].SA[1].CU[1],CPIStack.ScalarMem,0.00508272165909355,cycles/inst
GPU[1].SA[1].CU[1],CPIStack.ScalarMemInst,8.73820342537517e-05,cycles/inst
GPU[1].SA[1].CU[1],CPIStack.Special,2.91273447515137e-05,cycles/inst
GPU[1].SA[1].CU[1],CPIStack.VALU,1.26569963882092,cycles/inst
GPU[1].SA[1].CU[1],CPIStack.VMem,0.411205289525803,cycles/inst
GPU[1].SA[1].CU[1],CPIStack.VMemInst,0.000189327740883161,cycles/inst
GPU[1].SA[1].CU[1],CPIStack.total,2.32650297098916,cycles/inst
GPU[1].SA[1].CU[1],SIMDCPIStack.Branch,0.000863856254318834,cycles/inst
GPU[1].SA[1].CU[1],SIMDCPIStack.Fetch,0.00972702142363501,cycles/inst
GPU[1].SA[1].CU[1],SIMDCPIStack.Idle,1.72771250864235e-05,cycles/inst
GPU[1].SA[1].CU[1],SIMDCPIStack.LDS,0.309796129923988,cycles/inst
GPU[1].SA[1].CU[1],SIMDCPIStack.ScalarInst,0.0686765722183807,cycles/inst
GPU[1].SA[1].CU[1],SIMDCPIStack.ScalarMem,0.00602971665514858,cycles/inst
GPU[1].SA[1].CU[1],SIMDCPIStack.ScalarMemInst,0.000103662750518307,cycles/inst
GPU[1].SA[1].CU[1],SIMDCPIStack.Special,3.45542501730812e-05,cycles/inst
GPU[1].SA[1].CU[1],SIMDCPIStack.VALU,1.5015203870076,cycles/inst
GPU[1].SA[1].CU[1],SIMDCPIStack.VMem,0.487819626814094,cycles/inst
GPU[1].SA[1].CU[1],SIMDCPIStack.VMemInst,0.000224602626123037,cycles/inst
GPU[1].SA[1].CU[1],SIMDCPIStack.total,2.75996890117484,cycles/inst
GPU[1].SA[1].CU[2],CPIStack.Branch,0.000684492601654454,cycles/inst
GPU[1].SA[1].CU[2],CPIStack.Fetch,0.0083012932541068,cycles/inst
GPU[1].SA[1].CU[2],CPIStack.Idle,1.45636723756582e-05,cycles/inst
GPU[1].SA[1].CU[2],CPIStack.LDS,0.264374344634743,cycles/inst
GPU[1].SA[1].CU[2],CPIStack.ScalarInst,0.0595362926715608,cycles/inst
GPU[1].SA[1].CU[2],CPIStack.ScalarMem,0.00506815798671799,cycles/inst
GPU[1].SA[1].CU[2],CPIStack.ScalarMemInst,8.73820342537517e-05,cycles/inst
GPU[1].SA[1].CU[2],CPIStack.Special,1.45636723756582e-05,cycles/inst
GPU[1].SA[1].CU[2],CPIStack.VALU,1.25565070488174,cycles/inst
GPU[1].SA[1].CU[2],CPIStack.VMem,0.416302574857275,cycles/inst
GPU[1].SA[1].CU[2],CPIStack.VMemInst,0.000218455085634478,cycles/inst
GPU[1].SA[1].CU[2],CPIStack.total,2.32650297098916,cycles/inst
GPU[1].SA[1].CU[2],SIMDCPIStack.Branch,0.000812024879060149,cycles/inst
GPU[1].SA[1].CU[2],SIMDCPIStack.Fetch,0.00984796129923962,cycles/inst
GPU[1].SA[1].CU[2],SIMDCPIStack.Idle,1.72771250864235e-05,cycles/inst
GPU[1].SA[1].CU[2],SIMDCPIStack.LDS,0.313631651693158,cycles/inst
GPU[1].SA[1].CU[2],SIMDCPIStack.ScalarInst,0.0706288873531454,cycles/inst
GPU[1].SA[1].CU[2],SIMDCPIStack.ScalarMem,0.00601243953006227,cycles/inst
GPU[1].SA[1].CU[2],SIMDCPIStack.ScalarMemInst,0.000103662750518307,cycles/inst
GPU[1].SA[1].CU[2],SIMDCPIStack.Special,1.72771250864235e-05,cycles/inst
GPU[1].SA[1].CU[2],SIMDCPIStack.VALU,1.489599170698,cycles/inst
GPU[1].SA[1].CU[2],SIMDCPIStack.VMem,0.493866620594332,cycles/inst
GPU[1].SA[1].CU[2],SIMDCPIStack.VMemInst,0.000259156876295884,cycles/inst
GPU[1].SA[1].CU[2],SIMDCPIStack.total,2.75996890117484,cycles/inst
GPU[1].SA[1].CU[3],CPIStack.Branch,0.00071361994640577,cycles/inst
GPU[1].SA[1].CU[3],CPIStack.Fetch,0.00817022020272627,cycles/inst
GPU[1].SA[1].CU[3],CPIStack.Idle,1.45636723756582e-05,cycles/inst
GPU[1].SA[1].CU[3],CPIStack.LDS,0.262699522311548,cycles/inst
GPU[1].SA[1].CU[3],CPIStack.ScalarInst,0.0589828731212873,cycles/inst
GPU[1].SA[1].CU[3],CPIStack.ScalarMem,0.00518466736572286,cycles/inst
GPU[1].SA[1].CU[3],CPIStack.ScalarMemInst,8.73820342537517e-05,cycles/inst
GPU[1].SA[1].CU[3],CPIStack.Special,1.45636723756582e-05,cycles/inst
GPU[1].SA[1].CU[3],CPIStack.VALU,1.25706338110218,cycles/inst
GPU[1].SA[1].CU[3],CPIStack.VMem,0.417074449493184,cycles/inst
GPU[1].SA[1].CU[3],CPIStack.VMemInst,0.000233018758009939,cycles/inst
GPU[1].SA[1].CU[3],CPIStack.total,2.32650297098916,cycles/inst
GPU[1].SA[1].CU[3],SIMDCPIStack.Branch,0.000846579129232996,cycles/inst
GPU[1].SA[1].CU[3],SIMDCPIStack.Fetch,0.00969246717346228,cycles/inst
GPU[1].SA[1].CU[3],SIMDCPIStack.Idle,1.72771250864235e-05,cycles/inst
GPU[1].SA[1].CU[3],SIMDCPIStack.LDS,0.311644782308227,cycles/inst
GPU[1].SA[1].CU[3],SIMDCPIStack.ScalarInst,0.069972356599863,cycles/inst
GPU[1].SA[1].CU[3],SIMDCPIStack.ScalarMem,0.00615065653075319,cycles/inst
GPU[1].SA[1].CU[3],SIMDCPIStack.ScalarMemInst,0.000103662750518307,cycles/inst
GPU[1].SA[1].CU[3],SIMDCPIStack.Special,1.72771250864235e-05,cycles/inst
GPU[1].SA[1].CU[3],SIMDCPIStack.VALU,1.49127505183137,cycles/inst
GPU[1].SA[1].CU[3],SIMDCPIStack.VMem,0.494782308223911,cycles/inst
GPU[1].SA[1].CU[3],SIMDCPIStack.VMemInst,0.000276434001382074,cycles/inst
GPU[1].SA[1].CU[3],SIMDCPIStack.total,2.75996890117484,cycles/inst
GPU[1].SA[2].CU[0],CPIStack.Branch,0.00081556565303518,cycles/inst
GPU[1].SA[2].CU[0],CPIStack.Fetch,0.00834498427123348,cycles/inst
GPU[1].SA[2].CU[0],CPIStack.Idle,1.45636723756582e-05,cycles/inst
GPU[1].SA[2].CU[0],CPIStack.LDS,0.235640219037632,cycles/inst
GPU[1].SA[2].CU[0],CPIStack.ScalarInst,0.0517301642782297,cycles/inst
GPU[1].SA[2].CU[0],CPIStack.ScalarMem,0.00506815798671789,cycles/inst
GPU[1].SA[2].CU[0],CPIStack.ScalarMemInst,8.73820342537517e-05,cycles/inst
GPU[1].SA[2].CU[0],CPIStack.Special,5.82546895032248e-05,cycles/inst
GPU[1].SA[2].CU[0],CPIStack.VALU,1.29192881276943,cycles/inst
GPU[1].SA[2].CU[0],CPIStack.VMem,0.416288011184897,cycles/inst
GPU[1].SA[2].CU[0],CPIStack.VMemInst,0.000305837119888229,cycles/inst
GPU[1].SA[2].CU[0],CPIStack.total,2.32648840731679,cycles/inst
GPU[1].SA[2].CU[0],SIMDCPIStack.Branch,0.000967519004837726,cycles/inst
GPU[1].SA[2].CU[0],SIMDCPIStack.Fetch,0.00989979267449854,cycles/inst
GPU[1].SA[2].CU[0],SIMDCPIStack.Idle,1.72771250864235e-05,cycles/inst
GPU[1].SA[2].CU[0],SIMDCPIStack.LDS,0.279543883897719,cycles/inst
GPU[1].SA[2].CU[0],SIMDCPIStack.ScalarInst,0.061368348306848,cycles/inst
GPU[1].SA[2].CU[0],SIMDCPIStack.ScalarMem,0.00601243953006215,cycles/inst
GPU[1].SA[2].CU[0],SIMDCPIStack.ScalarMemInst,0.000103662750518307,cycles/inst
GPU[1].SA[2].CU[0],SIMDCPIStack.Special,6.91085003463965e-05,cycles/inst
GPU[1].SA[2].CU[0],SIMDCPIStack.VALU,1.53263648928818,cycles/inst
GPU[1].SA[2].CU[0],SIMDCPIStack.VMem,0.493849343469243,cycles/inst
GPU[1].SA[2].CU[0],SIMDCPIStack.VMemInst,0.000362819626814191,cycles/inst
GPU[1].SA[2].CU[0],SIMDCPIStack.total,2.75995162404976,cycles/inst
GPU[1].SA[2].CU[1],CPIStack.Branch,0.000699056274030507,cycles/inst
GPU[1].SA[2].CU[1],CPIStack.Fetch,0.00822847489222861,cycles/inst
GPU[1].SA[2].CU[1],CPIStack.Idle,1.45636723756582e-05,cycles/inst
GPU[1].SA[2].CU[1],CPIStack.LDS,0.255738086915997,cycles/inst
GPU[1].SA[2].CU[1],CPIStack.ScalarInst,0.0568128859373152,cycles/inst
GPU[1].SA[2].CU[1],CPIStack.ScalarMem,0.00508272165909355,cycles/inst
GPU[1].SA[2].CU[1],CPIStack.ScalarMemInst,8.73820342537517e-05,cycles/inst
GPU[1].SA[2].CU[1],CPIStack.Special,2.91273447515137e-05,cycles/inst
GPU[1].SA[2].CU[1],CPIStack.VALU,1.26603460328556,cycles/inst
GPU[1].SA[2].CU[1],CPIStack.VMem,0.417161831527439,cycles/inst
GPU[1].SA[2].CU[1],CPIStack.VMemInst,0.000320400792263888,cycles/inst
GPU[1].SA[2].CU[1],CPIStack.total,2.32648840731679,cycles/inst
GPU[1].SA[2].CU[1],SIMDCPIStack.Branch,0.000829302004147041,cycles/inst
GPU[1].SA[2].CU[1],SIMDCPIStack.Fetch,0.00976157567380762,cycles/inst
GPU[1].SA[2].CU[1],SIMDCPIStack.Idle,1.72771250864235e-05,cycles/inst
GPU[1].SA[2].CU[1],SIMDCPIStack.LDS,0.303386316516932,cycles/inst
GPU[1].SA[2].CU[1],SIMDCPIStack.ScalarInst,0.0673980649619871,cycles/inst
GPU[1].SA[2].CU[1],SIMDCPIStack.ScalarMem,0.00602971665514858,cycles/inst
GPU[1].SA[2].CU[1],SIMDCPIStack.ScalarMemInst,0.000103662750518307,cycles/inst
GPU[1].SA[2].CU[1],SIMDCPIStack.Special,3.45542501730812e-05,cycles/inst
GPU[1].SA[2].CU[1],SIMDCPIStack.VALU,1.50191776088459,cycles/inst
GPU[1].SA[2].CU[1],SIMDCPIStack.VMem,0.494885970974432,cycles/inst
GPU[1].SA[2].CU[1],SIMDCPIStack.VMemInst,0.000380096751900615,cycles/inst
GPU[1].SA[2].CU[1],SIMDCPIStack.total,2.75995162404976,cycles/inst
GPU[1].SA[2].CU[2],CPIStack.Branch,0.00074274729115679,cycles/inst
GPU[1].SA[2].CU[2],CPIStack.Fetch,0.00818478387510183,cycles/inst
GPU[1].SA[2].CU[2],CPIStack.Idle,1.45636723756582e-05,cycles/inst
GPU[1].SA[2].CU[2],CPIStack.LDS,0.263311196551323,cycles/inst
GPU[1].SA[2].CU[2],CPIStack.ScalarInst,0.0595362926715604,cycles/inst
GPU[1].SA[2].CU[2],CPIStack.ScalarMem,0.00506815798671799,cycles/inst
GPU[1].SA[2].CU[2],CPIStack.ScalarMemInst,8.73820342537517e-05,cycles/inst
GPU[1].SA[2].CU[2],CPIStack.Special,1.45636723756582e-05,cycles/inst
GPU[1].SA[2].CU[2],CPIStack.VALU,1.25879645811488,cycles/inst
GPU[1].SA[2].CU[2],CPIStack.VMem,0.414278224397065,cycles/inst
GPU[1].SA[2].CU[2],CPIStack.VMemInst,0.000218455085634478,cycles/inst
GPU[1].SA[2].CU[2],CPIStack.total,2.32648840731679,cycles/inst
GPU[1].SA[2].CU[2],SIMDCPIStack.Branch,0.000881133379405492,cycles/inst
GPU[1].SA[2].CU[2],SIMDCPIStack.Fetch,0.00970974429854859,cycles/inst
GPU[1].SA[2].CU[2],SIMDCPIStack.Idle,1.72771250864235e-05,cycles/inst
GPU[1].SA[2].CU[2],SIMDCPIStack.LDS,0.312370421561852,cycles/inst
GPU[1].SA[2].CU[2],SIMDCPIStack.ScalarInst,0.0706288873531449,cycles/inst
GPU[1].SA[2].CU[2],SIMDCPIStack.ScalarMem,0.00601243953006227,cycles/inst
GPU[1].SA[2].CU[2],SIMDCPIStack.ScalarMemInst,0.000103662750518307,cycles/inst
GPU[1].SA[2].CU[2],SIMDCPIStack.Special,1.72771250864235e-05,cycles/inst
GPU[1].SA[2].CU[2],SIMDCPIStack.VALU,1.49333102971665,cycles/inst
GPU[1].SA[2].CU[2],SIMDCPIStack.VMem,0.491465100207327,cycles/inst
GPU[1].SA[2].CU[2],SIMDCPIStack.VMemInst,0.000259156876295884,cycles/inst
GPU[1].SA[2].CU[2],SIMDCPIStack.total,2.75995162404976,cycles/inst
GPU[1].SA[2].CU[3],CPIStack.Branch,0.000655365256903236,cycles/inst
GPU[1].SA[2].CU[3],CPIStack.Fetch,0.00802458347896979,cycles/inst
GPU[1].SA[2].CU[3],CPIStack.Idle,1.45636723756582e-05,cycles/inst
GPU[1].SA[2].CU[3],CPIStack.LDS,0.268554118606549,cycles/inst
GPU[1].SA[2].CU[3],CPIStack.ScalarInst,0.0609344052196208,cycles/inst
GPU[1].SA[2].CU[3],CPIStack.ScalarMem,0.00518466736572286,cycles/inst
GPU[1].SA[2].CU[3],CPIStack.ScalarMemInst,8.73820342537517e-05,cycles/inst
GPU[1].SA[2].CU[3],CPIStack.Special,1.45636723756582e-05,cycles/inst
GPU[1].SA[2].CU[3],CPIStack.VALU,1.24796108586741,cycles/inst
GPU[1].SA[2].CU[3],CPIStack.VMem,0.418559944075498,cycles/inst
GPU[1].SA[2].CU[3],CPIStack.VMemInst,0.000233018758009939,cycles/inst
GPU[1].SA[2].CU[3],CPIStack.total,2.32648840731679,cycles/inst
GPU[1].SA[2].CU[3],SIMDCPIStack.Branch,0.000777470628887419,cycles/inst
GPU[1].SA[2].CU[3],SIMDCPIStack.Fetch,0.00951969592259816,cycles/inst
GPU[1].SA[2].CU[3],SIMDCPIStack.Idle,1.72771250864235e-05,cycles/inst
GPU[1].SA[2].CU[3],SIMDCPIStack.LDS,0.318590186592953,cycles/inst
GPU[1].SA[2].CU[3],SIMDCPIStack.ScalarInst,0.0722874913614382,cycles/inst
GPU[1].SA[2].CU[3],SIMDCPIStack.ScalarMem,0.00615065653075319,cycles/inst
GPU[1].SA[2].CU[3],SIMDCPIStack.ScalarMemInst,0.000103662750518307,cycles/inst
GPU[1].SA[2].CU[3],SIMDCPIStack.Special,1.72771250864235e-05,cycles/inst
GPU[1].SA[2].CU[3],SIMDCPIStack.VALU,1.48047684865238,cycles/inst
GPU[1].SA[2].CU[3],SIMDCPIStack.VMem,0.496544574982723,cycles/inst
GPU[1].SA[2].CU[3],SIMDCPIStack.VMemInst,0.000276434001382074,cycles/inst
GPU[1].SA[2].CU[3],SIMDCPIStack.total,2.75995162404976,cycles/inst
GPU[1].SA[3].CU[0],CPIStack.Branch,0.00117965746242575,cycles/inst
GPU[1].SA[3].CU[0],CPIStack.Fetch,0.00844692997786299,cycles/inst
GPU[1].SA[3].CU[0],CPIStack.Idle,1.45636723756582e-05,cycles/inst
GPU[1].SA[3].CU[0],CPIStack.LDS,0.220668763835493,cycles/inst
GPU[1].SA[3].CU[0],CPIStack.ScalarInst,0.0468513340323888,cycles/inst
GPU[1].SA[3].CU[0],CPIStack.ScalarMem,0.00506815798671789,cycles/inst
GPU[1].SA[3].CU[0],CPIStack.ScalarMemInst,8.73820342537517e-05,cycles/inst
GPU[1].SA[3].CU[0],CPIStack.Special,5.82546895027314e-05,cycles/inst
GPU[1].SA[3].CU[0],CPIStack.VALU,1.31185191657928,cycles/inst
GPU[1].SA[3].CU[0],CPIStack.VMem,0.415807409996504,cycles/inst
GPU[1].SA[3].CU[0],CPIStack.VMemInst,0.000174764068507503,cycles/inst
GPU[1].SA[3].CU[0],CPIStack.total,2.32648840731679,cycles/inst
GPU[1].SA[3].CU[0],SIMDCPIStack.Branch,0.00139944713199726,cycles/inst
GPU[1].SA[3].CU[0],SIMDCPIStack.Fetch,0.0100207325501034,cycles/inst
GPU[1].SA[3].CU[0],SIMDCPIStack.Idle,1.72771250864235e-05,cycles/inst
GPU[1].SA[3].CU[0],SIMDCPIStack.LDS,0.26178299930892,cycles/inst
GPU[1].SA[3].CU[0],SIMDCPIStack.ScalarInst,0.0555805114029016,cycles/inst
GPU[1].SA[3].CU[0],SIMDCPIStack.ScalarMem,0.00601243953006215,cycles/inst
GPU[1].SA[3].CU[0],SIMDCPIStack.ScalarMemInst,0.000103662750518307,cycles/inst
GPU[1].SA[3].CU[0],SIMDCPIStack.Special,6.91085003458111e-05,cycles/inst
GPU[1].SA[3].CU[0],SIMDCPIStack.VALU,1.55627159640635,cycles/inst
GPU[1].SA[3].CU[0],SIMDCPIStack.VMem,0.493279198341395,cycles/inst
GPU[1].SA[3].CU[0],SIMDCPIStack.VMemInst,0.000207325501036614,cycles/inst
GPU[1].SA[3].CU[0],SIMDCPIStack.total,2.75995162404976,cycles/inst
GPU[1].SA[3].CU[1],CPIStack.Branch,0.000859256670161858,cycles/inst
GPU[1].SA[3].CU[1],CPIStack.Fetch,0.00824303856460437,cycles/inst
GPU[1].SA[3].CU[1],CPIStack.Idle,1.45636723756582e-05,cycles/inst
GPU[1].SA[3].CU[1],CPIStack.LDS,0.24035884888734,cycles/inst
GPU[1].SA[3].CU[1],CPIStack.ScalarInst,0.0526768029826377,cycles/inst
GPU[1].SA[3].CU[1],CPIStack.ScalarMem,0.00508272165909355,cycles/inst
GPU[1].SA[3].CU[1],CPIStack.ScalarMemInst,8.73820342537517e-05,cycles/inst
GPU[1].SA[3].CU[1],CPIStack.Special,2.91273447515137e-05,cycles/inst
GPU[1].SA[3].CU[1],CPIStack.VALU,1.28164686007223,cycles/inst
GPU[1].SA[3].CU[1],CPIStack.VMem,0.421050332051729,cycles/inst
GPU[1].SA[3].CU[1],CPIStack.VMemInst,0.000189327740883161,cycles/inst
GPU[1].SA[3].CU[1],CPIStack.total,2.32648840731679,cycles/inst
GPU[1].SA[3].CU[1],SIMDCPIStack.Branch,0.00101935038009665,cycles/inst
GPU[1].SA[3].CU[1],SIMDCPIStack.Fetch,0.00977885279889416,cycles/inst
GPU[1].SA[3].CU[1],SIMDCPIStack.Idle,1.72771250864235e-05,cycles/inst
GPU[1].SA[3].CU[1],SIMDCPIStack.LDS,0.285141672425714,cycles/inst
GPU[1].SA[3].CU[1],SIMDCPIStack.ScalarInst,0.0624913614374539,cycles/inst
GPU[1].SA[3].CU[1],SIMDCPIStack.ScalarMem,0.00602971665514858,cycles/inst
GPU[1].SA[3].CU[1],SIMDCPIStack.ScalarMemInst,0.000103662750518307,cycles/inst
GPU[1].SA[3].CU[1],SIMDCPIStack.Special,3.45542501730812e-05,cycles/inst
GPU[1].SA[3].CU[1],SIMDCPIStack.VALU,1.52043883897719,cycles/inst
GPU[1].SA[3].CU[1],SIMDCPIStack.VMem,0.499498963372494,cycles/inst
GPU[1].SA[3].CU[1],SIMDCPIStack.VMemInst,0.000224602626123037,cycles/inst
GPU[1].SA[3].CU[1],SIMDCPIStack.total,2.75995162404976,cycles/inst
GPU[1].SA[3].CU[2],CPIStack.Branch,0.000640801584527677,cycles/inst
GPU[1].SA[3].CU[2],CPIStack.Fetch,0.00796632878946726,cycles/inst
GPU[1].SA[3].CU[2],CPIStack.Idle,1.45636723756582e-05,cycles/inst
GPU[1].SA[3].CU[2],CPIStack.LDS,0.268335663520908,cycles/inst
GPU[1].SA[3].CU[2],CPIStack.ScalarInst,0.0608907142024965,cycles/inst
GPU[1].SA[3].CU[2],CPIStack.ScalarMem,0.00506815798671799,cycles/inst
GPU[1].SA[3].CU[2],CPIStack.ScalarMemInst,8.73820342537517e-05,cycles/inst
GPU[1].SA[3].CU[2],CPIStack.Special,1.45636723756582e-05,cycles/inst
GPU[1].SA[3].CU[2],CPIStack.VALU,1.24673773738786,cycles/inst
GPU[1].SA[3].CU[2],CPIStack.VMem,0.420249330071073,cycles/inst
GPU[1].SA[3].CU[2],CPIStack.VMemInst,0.000218455085634478,cycles/inst
GPU[1].SA[3].CU[2],CPIStack.total,2.32648840731679,cycles/inst
GPU[1].SA[3].CU[2],SIMDCPIStack.Branch,0.000760193503801112,cycles/inst
GPU[1].SA[3].CU[2],SIMDCPIStack.Fetch,0.00945058742225259,cycles/inst
GPU[1].SA[3].CU[2],SIMDCPIStack.Idle,1.72771250864235e-05,cycles/inst
GPU[1].SA[3].CU[2],SIMDCPIStack.LDS,0.318331029716649,cycles/inst
GPU[1].SA[3].CU[2],SIMDCPIStack.ScalarInst,0.072235659986182,cycles/inst
GPU[1].SA[3].CU[2],SIMDCPIStack.ScalarMem,0.00601243953006227,cycles/inst
GPU[1].SA[3].CU[2],SIMDCPIStack.ScalarMemInst,0.000103662750518307,cycles/inst
GPU[1].SA[3].CU[2],SIMDCPIStack.Special,1.72771250864235e-05,cycles/inst
GPU[1].SA[3].CU[2],SIMDCPIStack.VALU,1.47902557014513,cycles/inst
GPU[1].SA[3].CU[2],SIMDCPIStack.VMem,0.498548721492747,cycles/inst
GPU[1].SA[3].CU[2],SIMDCPIStack.VMemInst,0.000259156876295884,cycles/inst
GPU[1].SA[3].CU[2],SIMDCPIStack.total,2.75995162404976,cycles/inst
GPU[1].SA[3].CU[3],CPIStack.Branch,0.000640801584527282,cycles/inst
GPU[1].SA[3].CU[3],CPIStack.Fetch,0.0078789467552135,cycles/inst
GPU[1].SA[3].CU[3],CPIStack.Idle,1.45636723756582e-05,cycles/inst
GPU[1].SA[3].CU[3],CPIStack.LDS,0.265961784923687,cycles/inst
GPU[1].SA[3].CU[3],CPIStack.ScalarInst,0.0593324012583037,cycles/inst
GPU[1].SA[3].CU[3],CPIStack.ScalarMem,0.00518466736572286,cycles/inst
GPU[1].SA[3].CU[3],CPIStack.ScalarMemInst,8.73820342537517e-05,cycles/inst
GPU[1].SA[3].CU[3],CPIStack.Special,1.45636723756582e-05,cycles/inst
GPU[1].SA[3].CU[3],CPIStack.VALU,1.25246126063148,cycles/inst
GPU[1].SA[3].CU[3],CPIStack.VMem,0.418428871024115,cycles/inst
GPU[1].SA[3].CU[3],CPIStack.VMemInst,0.000233018758009939,cycles/inst
GPU[1].SA[3].CU[3],CPIStack.total,2.32648840731679,cycles/inst
GPU[1].SA[3].CU[3],SIMDCPIStack.Branch,0.000760193503800644,cycles/inst
GPU[1].SA[3].CU[3],SIMDCPIStack.Fetch,0.00934692467173428,cycles/inst
GPU[1].SA[3].CU[3],SIMDCPIStack.Idle,1.72771250864235e-05,cycles/inst
GPU[1].SA[3].CU[3],SIMDCPIStack.LDS,0.315514858327575,cycles/inst
GPU[1].SA[3].CU[3],SIMDCPIStack.ScalarInst,0.0703870076019379,cycles/inst
GPU[1].SA[3].CU[3],SIMDCPIStack.ScalarMem,0.00615065653075319,cycles/inst
GPU[1].SA[3].CU[3],SIMDCPIStack.ScalarMemInst,0.000103662750518307,cycles/inst
GPU[1].SA[3].CU[3],SIMDCPIStack.Special,1.72771250864235e-05,cycles/inst
GPU[1].SA[3].CU[3],SIMDCPIStack.VALU,1.48581548030408,cycles/inst
GPU[1].SA[3].CU[3],SIMDCPIStack.VMem,0.496389080856942,cycles/inst
GPU[1].SA[3].CU[3],SIMDCPIStack.VMemInst,0.000276434001382074,cycles/inst
GPU[1].SA[3].CU[3],SIMDCPIStack.total,2.75995162404976,cycles/inst
GPU[1].SA[4].CU[0],CPIStack.Branch,0.00136898520330891,cycles/inst
GPU[1].SA[4].CU[0],CPIStack.Fetch,0.00846149365023875,cycles/inst
GPU[1].SA[4].CU[0],CPIStack.Idle,1.45636723755595e-05,cycles/inst
GPU[1].SA[4].CU[0],CPIStack.LDS,0.15039904462309,cycles/inst
GPU[1].SA[4].CU[0],CPIStack.ScalarInst,0.0286758709076099,cycles/inst
GPU[1].SA[4].CU[0],CPIStack.ScalarMem,0.00506815798671789,cycles/inst
GPU[1].SA[4].CU[0],CPIStack.ScalarMemInst,8.73820342537517e-05,cycles/inst
GPU[1].SA[4].CU[0],CPIStack.Special,0.000101945706629607,cycles/inst
GPU[1].SA[4].CU[0],CPIStack.VALU,1.38044681346848,cycles/inst
GPU[1].SA[4].CU[0],CPIStack.VMem,0.432293487125716,cycles/inst
GPU[1].SA[4].CU[0],CPIStack.VMemInst,0.000174764068507503,cycles/inst
GPU[1].SA[4].CU[0],CPIStack.total,2.32647384364441,cycles/inst
GPU[1].SA[4].CU[0],SIMDCPIStack.Branch,0.0016240497581203,cycles/inst
GPU[1].SA[4].CU[0],SIMDCPIStack.Fetch,0.0100380096751899,cycles/inst
GPU[1].SA[4].CU[0],SIMDCPIStack.Idle,1.72771250863064e-05,cycles/inst
GPU[1].SA[4].CU[0],SIMDCPIStack.LDS,0.178420870767102,cycles/inst
GPU[1].SA[4].CU[0],SIMDCPIStack.ScalarInst,0.0340186592950954,cycles/inst
GPU[1].SA[4].CU[0],SIMDCPIStack.ScalarMem,0.00601243953006215,cycles/inst
GPU[1].SA[4].CU[0],SIMDCPIStack.ScalarMemInst,0.000103662750518307,cycles/inst
GPU[1].SA[4].CU[0],SIMDCPIStack.Special,0.000120939875604965,cycles/inst
GPU[1].SA[4].CU[0],SIMDCPIStack.VALU,1.63764685556323,cycles/inst
GPU[1].SA[4].CU[0],SIMDCPIStack.VMem,0.512836903939187,cycles/inst
GPU[1].SA[4].CU[0],SIMDCPIStack.VMemInst,0.000207325501036614,cycles/inst
GPU[1].SA[4].CU[0],SIMDCPIStack.total,2.75993434692467,cycles/inst
GPU[1].SA[4].CU[1],CPIStack.Branch,0.000990329721541992,cycles/inst
GPU[1].SA[4].CU[1],CPIStack.Fetch,0.008301293254107,cycles/inst
GPU[1].SA[4].CU[1],CPIStack.Idle,1.45636723755595e-05,cycles/inst
GPU[1].SA[4].CU[1],CPIStack.LDS,0.147500873820345,cycles/inst
GPU[1].SA[4].CU[1],CPIStack.ScalarInst,0.029913783059539,cycles/inst
GPU[1].SA[4].CU[1],CPIStack.ScalarMem,0.00508272165909355,cycles/inst
GPU[1].SA[4].CU[1],CPIStack.ScalarMemInst,8.73820342537517e-05,cycles/inst
GPU[1].SA[4].CU[1],CPIStack.Special,7.28183618784882e-05,cycles/inst
GPU[1].SA[4].CU[1],CPIStack.VALU,1.3616742397763,cycles/inst
GPU[1].SA[4].CU[1],CPIStack.VMem,0.453265175346614,cycles/inst
GPU[1].SA[4].CU[1],CPIStack.VMemInst,0.000203891413259017,cycles/inst
GPU[1].SA[4].CU[1],CPIStack.total,2.32647384364441,cycles/inst
GPU[1].SA[4].CU[1],SIMDCPIStack.Branch,0.00117484450587352,cycles/inst
GPU[1].SA[4].CU[1],SIMDCPIStack.Fetch,0.00984796129923986,cycles/inst
GPU[1].SA[4].CU[1],SIMDCPIStack.Idle,1.72771250863064e-05,cycles/inst
GPU[1].SA[4].CU[1],SIMDCPIStack.LDS,0.174982722874916,cycles/inst
GPU[1].SA[4].CU[1],SIMDCPIStack.ScalarInst,0.0354872149274393,cycles/inst
GPU[1].SA[4].CU[1],SIMDCPIStack.ScalarMem,0.00602971665514858,cycles/inst
GPU[1].SA[4].CU[1],SIMDCPIStack.ScalarMemInst,0.000103662750518307,cycles/inst
GPU[1].SA[4].CU[1],SIMDCPIStack.Special,8.63856254323517e-05,cycles/inst
GPU[1].SA[4].CU[1],SIMDCPIStack.VALU,1.61537664132688,cycles/inst
GPU[1].SA[4].CU[1],SIMDCPIStack.VMem,0.537715964063579,cycles/inst
GPU[1].SA[4].CU[1],SIMDCPIStack.VMemInst,0.000241879751209695,cycles/inst
GPU[1].SA[4].CU[1],SIMDCPIStack.total,2.75993434692467,cycles/inst
GPU[1].SA[4].CU[2],CPIStack.Branch,0.0010194570662941,cycles/inst
GPU[1].SA[4].CU[2],CPIStack.Fetch,0.00853431201211654,cycles/inst
GPU[1].SA[4].CU[2],CPIStack.Idle,1.45636723755595e-05,cycles/inst
GPU[1].SA[4].CU[2],CPIStack.LDS,0.164132587673308,cycles/inst
GPU[1].SA[4].CU[2],CPIStack.ScalarInst,0.0334236281020624,cycles/inst
GPU[1].SA[4].CU[2],CPIStack.ScalarMem,0.00506815798671799,cycles/inst
GPU[1].SA[4].CU[2],CPIStack.ScalarMemInst,8.73820342537517e-05,cycles/inst
GPU[1].SA[4].CU[2],CPIStack.Special,5.82546895026327e-05,cycles/inst
GPU[1].SA[4].CU[2],CPIStack.VALU,1.32398345566818,cycles/inst
GPU[1].SA[4].CU[2],CPIStack.VMem,0.470595945473611,cycles/inst
GPU[1].SA[4].CU[2],CPIStack.VMemInst,0.000218455085634478,cycles/inst
GPU[1].SA[4].CU[2],CPIStack.total,2.32647384364441,cycles/inst
GPU[1].SA[4].CU[2],SIMDCPIStack.Branch,0.0012093987560473,cycles/inst
GPU[1].SA[4].CU[2],SIMDCPIStack.Fetch,0.0101243953006215,cycles/inst
GPU[1].SA[4].CU[2],SIMDCPIStack.Idle,1.72771250863064e-05,cycles/inst
GPU[1].SA[4].CU[2],SIMDCPIStack.LDS,0.194713199723566,cycles/inst
GPU[1].SA[4].CU[2],SIMDCPIStack.ScalarInst,0.0396510020732552,cycles/inst
GPU[1].SA[4].CU[2],SIMDCPIStack.ScalarMem,0.00601243953006227,cycles/inst
GPU[1].SA[4].CU[2],SIMDCPIStack.ScalarMemInst,0.000103662750518307,cycles/inst
GPU[1].SA[4].CU[2],SIMDCPIStack.Special,6.9108500345694e-05,cycles/inst
GPU[1].SA[4].CU[2],SIMDCPIStack.VALU,1.57066344160332,cycles/inst
GPU[1].SA[4].CU[2],SIMDCPIStack.VMem,0.558275742916379,cycles/inst
GPU[1].SA[4].CU[2],SIMDCPIStack.VMemInst,0.000259156876295884,cycles/inst
GPU[1].SA[4].CU[2],SIMDCPIStack.total,2.75993434692467,cycles/inst
GPU[1].SA[4].CU[3],CPIStack.Branch,0.000684492601654553,cycles/inst
GPU[1].SA[4].CU[3],CPIStack.Fetch,0.00822847489222871,cycles/inst
GPU[1].SA[4].CU[3],CPIStack.Idle,1.45636723755595e-05,cycles/inst
GPU[1].SA[4].CU[3],CPIStack.LDS,0.170540603518581,cycles/inst
GPU[1].SA[4].CU[3],CPIStack.ScalarInst,0.034981941046255,cycles/inst
GPU[1].SA[4].CU[3],CPIStack.ScalarMem,0.00518466736572286,cycles/inst
GPU[1].SA[4].CU[3],CPIStack.ScalarMemInst,8.73820342537517e-05,cycles/inst
GPU[1].SA[4].CU[3],CPIStack.Special,2.91273447513163e-05,cycles/inst
GPU[1].SA[4].CU[3],CPIStack.VALU,1.31796865897705,cycles/inst
GPU[1].SA[4].CU[3],CPIStack.VMem,0.469183269253177,cycles/inst
GPU[1].SA[4].CU[3],CPIStack.VMemInst,0.000233018758009939,cycles/inst
GPU[1].SA[4].CU[3],CPIStack.total,2.32647384364441,cycles/inst
GPU[1].SA[4].CU[3],SIMDCPIStack.Branch,0.000812024879060266,cycles/inst
GPU[1].SA[4].CU[3],SIMDCPIStack.Fetch,0.00976157567380774,cycles/inst
GPU[1].SA[4].CU[3],SIMDCPIStack.Idle,1.72771250863064e-05,cycles/inst
GPU[1].SA[4].CU[3],SIMDCPIStack.LDS,0.202315134761573,cycles/inst
GPU[1].SA[4].CU[3],SIMDCPIStack.ScalarInst,0.0414996544574992,cycles/inst
GPU[1].SA[4].CU[3],SIMDCPIStack.ScalarMem,0.00615065653075319,cycles/inst
GPU[1].SA[4].CU[3],SIMDCPIStack.ScalarMemInst,0.000103662750518307,cycles/inst
GPU[1].SA[4].CU[3],SIMDCPIStack.Special,3.4554250172847e-05,cycles/inst
GPU[1].SA[4].CU[3],SIMDCPIStack.VALU,1.56352798894264,cycles/inst
GPU[1].SA[4].CU[3],SIMDCPIStack.VMem,0.556599861783001,cycles/inst
GPU[1].SA[4].CU[3],SIMDCPIStack.VMemInst,0.000276434001382074,cycles/inst
GPU[1].SA[4].CU[3],SIMDCPIStack.total,2.75993434692467,cycles/inst
GPU[1].SA[5].CU[0],CPIStack.Branch,0.000742747291156988,cycles/inst
GPU[1].SA[5].CU[0],CPIStack.Fetch,0.00828672958173095,cycles/inst
GPU[1].SA[5].CU[0],CPIStack.Idle,1.45636723755595e-05,cycles/inst
GPU[1].SA[5].CU[0],CPIStack.LDS,0.169826983572174,cycles/inst
GPU[1].SA[5].CU[0],CPIStack.ScalarInst,0.0348363043224975,cycles/inst
GPU[1].SA[5].CU[0],CPIStack.ScalarMem,0.00506815798671789,cycles/inst
GPU[1].SA[5].CU[0],CPIStack.ScalarMemInst,8.73820342537517e-05,cycles/inst
GPU[1].SA[5].CU[0],CPIStack.Special,5.82546895030274e-05,cycles/inst
GPU[1].SA[5].CU[0],CPIStack.VALU,1.31850751485495,cycles/inst
GPU[1].SA[5].CU[0],CPIStack.VMem,0.46953279739019,cycles/inst
GPU[1].SA[5].CU[0],CPIStack.VMemInst,0.000174764068507503,cycles/inst
GPU[1].SA[5].CU[0],CPIStack.total,2.32647384364441,cycles/inst
GPU[1].SA[5].CU[0],SIMDCPIStack.Branch,0.000881133379405726,cycles/inst
GPU[1].SA[5].CU[0],SIMDCPIStack.Fetch,0.00983068417415297,cycles/inst
GPU[1].SA[5].CU[0],SIMDCPIStack.Idle,1.72771250863064e-05,cycles/inst
GPU[1].SA[5].CU[0],SIMDCPIStack.LDS,0.201468555632338,cycles/inst
GPU[1].SA[5].CU[0],SIMDCPIStack.ScalarInst,0.0413268832066338,cycles/inst
GPU[1].SA[5].CU[0],SIMDCPIStack.ScalarMem,0.00601243953006215,cycles/inst
GPU[1].SA[5].CU[0],SIMDCPIStack.ScalarMemInst,0.000103662750518307,cycles/inst
GPU[1].SA[5].CU[0],SIMDCPIStack.Special,6.91085003461623e-05,cycles/inst
GPU[1].SA[5].CU[0],SIMDCPIStack.VALU,1.56416724257084,cycles/inst
GPU[1].SA[5].CU[0],SIMDCPIStack.VMem,0.557014512785073,cycles/inst
GPU[1].SA[5].CU[0],SIMDCPIStack.VMemInst,0.000207325501036614,cycles/inst
GPU[1].SA[5].CU[0],SIMDCPIStack.total,2.75993434692467,cycles/inst
GPU[1].SA[5].CU[1],CPIStack.Branch,0.00078643830828337,cycles/inst
GPU[1].SA[5].CU[1],CPIStack.Fetch,0.00735465454969119,cycles/inst
GPU[1].SA[5].CU[1],CPIStack.Idle,1.45636723755595e-05,cycles/inst
GPU[1].SA[5].CU[1],CPIStack.LDS,0.173540720027962,cycles/inst
GPU[1].SA[5].CU[1],CPIStack.ScalarInst,0.0360013981125477,cycles/inst
GPU[1].SA[5].CU[1],CPIStack.ScalarMem,0.00508272165909355,cycles/inst
GPU[1].SA[5].CU[1],CPIStack.ScalarMemInst,8.73820342537517e-05,cycles/inst
GPU[1].SA[5].CU[1],CPIStack.Special,4.36910171271719e-05,cycles/inst
GPU[1].SA[5].CU[1],CPIStack.VALU,1.32054642898754,cycles/inst
GPU[1].SA[5].CU[1],CPIStack.VMem,0.463488873354304,cycles/inst
GPU[1].SA[5].CU[1],CPIStack.VMemInst,0.000189327740883161,cycles/inst
GPU[1].SA[5].CU[1],CPIStack.total,2.32647384364441,cycles/inst
GPU[1].SA[5].CU[1],SIMDCPIStack.Branch,0.000932964754664294,cycles/inst
GPU[1].SA[5].CU[1],SIMDCPIStack.Fetch,0.00872494816862467,cycles/inst
GPU[1].SA[5].CU[1],SIMDCPIStack.Idle,1.72771250863064e-05,cycles/inst
GPU[1].SA[5].CU[1],SIMDCPIStack.LDS,0.20587422252937,cycles/inst
GPU[1].SA[5].CU[1],SIMDCPIStack.ScalarInst,0.0427090532135448,cycles/inst
GPU[1].SA[5].CU[1],SIMDCPIStack.ScalarMem,0.00602971665514858,cycles/inst
GPU[1].SA[5].CU[1],SIMDCPIStack.ScalarMemInst,0.000103662750518307,cycles/inst
GPU[1].SA[5].CU[1],SIMDCPIStack.Special,5.18313752595047e-05,cycles/inst
GPU[1].SA[5].CU[1],SIMDCPIStack.VALU,1.56658604008293,cycles/inst
GPU[1].SA[5].CU[1],SIMDCPIStack.VMem,0.549844505874221,cycles/inst
GPU[1].SA[5].CU[1],SIMDCPIStack.VMemInst,0.000224602626123037,cycles/inst
GPU[1].SA[5].CU[1],SIMDCPIStack.total,2.75993434692467,cycles/inst
GPU[1].SA[5].CU[2],CPIStack.Branch,0.000597110567400801,cycles/inst
GPU[1].SA[5].CU[2],CPIStack.Fetch,0.007281836187813,cycles/inst
GPU[1].SA[5].CU[2],CPIStack.Idle,1.45636723755595e-05,cycles/inst
GPU[1].SA[5].CU[2],CPIStack.LDS,0.191963765583124,cycles/inst
GPU[1].SA[5].CU[2],CPIStack.ScalarInst,0.0400646627053505,cycles/inst
GPU[1].SA[5].CU[2],CPIStack.ScalarMem,0.00506815798671799,cycles/inst
GPU[1].SA[5].CU[2],CPIStack.ScalarMemInst,8.73820342537517e-05,cycles/inst
GPU[1].SA[5].CU[2],CPIStack.Special,1.45636723756582e-05,cycles/inst
GPU[1].SA[5].CU[2],CPIStack.VALU,1.29905044856111,cycles/inst
GPU[1].SA[5].CU[2],CPIStack.VMem,0.4627752534079,cycles/inst
GPU[1].SA[5].CU[2],CPIStack.VMemInst,0.000218455085634478,cycles/inst
GPU[1].SA[5].CU[2],CPIStack.total,2.32647384364441,cycles/inst
GPU[1].SA[5].CU[2],SIMDCPIStack.Branch,0.000708362128541959,cycles/inst
GPU[1].SA[5].CU[2],SIMDCPIStack.Fetch,0.00863856254319267,cycles/inst
GPU[1].SA[5].CU[2],SIMDCPIStack.Idle,1.72771250863064e-05,cycles/inst
GPU[1].SA[5].CU[2],SIMDCPIStack.LDS,0.227729785763643,cycles/inst
GPU[1].SA[5].CU[2],SIMDCPIStack.ScalarInst,0.04752937111265,cycles/inst
GPU[1].SA[5].CU[2],SIMDCPIStack.ScalarMem,0.00601243953006227,cycles/inst
GPU[1].SA[5].CU[2],SIMDCPIStack.ScalarMemInst,0.000103662750518307,cycles/inst
GPU[1].SA[5].CU[2],SIMDCPIStack.Special,1.72771250864235e-05,cycles/inst
GPU[1].SA[5].CU[2],SIMDCPIStack.VALU,1.54108500345543,cycles/inst
GPU[1].SA[5].CU[2],SIMDCPIStack.VMem,0.548997926744991,cycles/inst
GPU[1].SA[5].CU[2],SIMDCPIStack.VMemInst,0.000259156876295884,cycles/inst
GPU[1].SA[5].CU[2],SIMDCPIStack.total,2.75993434692467,cycles/inst
GPU[1].SA[5].CU[3],CPIStack.Branch,0.000626237912152018,cycles/inst
GPU[1].SA[5].CU[3],CPIStack.Fetch,0.00713619946405681,cycles/inst
GPU[1].SA[5].CU[3],CPIStack.Idle,1.45636723755595e-05,cycles/inst
GPU[1].SA[5].CU[3],CPIStack.LDS,0.196624140743332,cycles/inst
GPU[1].SA[5].CU[3],CPIStack.ScalarInst,0.0417394850285458,cycles/inst
GPU[1].SA[5].CU[3],CPIStack.ScalarMem,0.00518466736572286,cycles/inst
GPU[1].SA[5].CU[3],CPIStack.ScalarMemInst,8.73820342537517e-05,cycles/inst
GPU[1].SA[5].CU[3],CPIStack.Special,1.45636723756582e-05,cycles/inst
GPU[1].SA[5].CU[3],CPIStack.VALU,1.29760864499592,cycles/inst
GPU[1].SA[5].CU[3],CPIStack.VMem,0.45804205988582,cycles/inst
GPU[1].SA[5].CU[3],CPIStack.VMemInst,0.000233018758009939,cycles/inst
GPU[1].SA[5].CU[3],CPIStack.total,2.32647384364441,cycles/inst
GPU[1].SA[5].CU[3],SIMDCPIStack.Branch,0.000742916378714689,cycles/inst
GPU[1].SA[5].CU[3],SIMDCPIStack.Fetch,0.0084657912923289,cycles/inst
GPU[1].SA[5].CU[3],SIMDCPIStack.Idle,1.72771250863064e-05,cycles/inst
GPU[1].SA[5].CU[3],SIMDCPIStack.LDS,0.233258465791295,cycles/inst
GPU[1].SA[5].CU[3],SIMDCPIStack.ScalarInst,0.0495162404975824,cycles/inst
GPU[1].SA[5].CU[3],SIMDCPIStack.ScalarMem,0.00615065653075319,cycles/inst
GPU[1].SA[5].CU[3],SIMDCPIStack.ScalarMemInst,0.000103662750518307,cycles/inst
GPU[1].SA[5].CU[3],SIMDCPIStack.Special,1.72771250864235e-05,cycles/inst
GPU[1].SA[5].CU[3],SIMDCPIStack.VALU,1.53937456807187,cycles/inst
GPU[1].SA[5].CU[3],SIMDCPIStack.VMem,0.543382861091913,cycles/inst
GPU[1].SA[5].CU[3],SIMDCPIStack.VMemInst,0.000276434001382074,cycles/inst
GPU[1].SA[5].CU[3],SIMDCPIStack.total,2.75993434692467,cycles/inst
GPU[1].SA[6].CU[0],CPIStack.Branch,0.000815565653034983,cycles/inst
GPU[1].SA[6].CU[0],CPIStack.Fetch,0.00825760223697953,cycles/inst
GPU[1].SA[6].CU[0],CPIStack.Idle,1.45636723756582e-05,cycles/inst
GPU[1].SA[6].CU[0],CPIStack.LDS,0.163229639986017,cycles/inst
GPU[1].SA[6].CU[0],CPIStack.ScalarInst,0.0324187347081492,cycles/inst
GPU[1].SA[6].CU[0],CPIStack.ScalarMem,0.00506815798671789,cycles/inst
GPU[1].SA[6].CU[0],CPIStack.ScalarMemInst,8.73820342537517e-05,cycles/inst
GPU[1].SA[6].CU[0],CPIStack.Special,4.36910171273693e-05,cycles/inst
GPU[1].SA[6].CU[0],CPIStack.VALU,1.34125597110567,cycles/inst
GPU[1].SA[6].CU[0],CPIStack.VMem,0.455740999650468,cycles/inst
GPU[1].SA[6].CU[0],CPIStack.VMemInst,0.000174764068507503,cycles/inst
GPU[1].SA[6].CU[0],CPIStack.total,2.32645927997204,cycles/inst
GPU[1].SA[6].CU[0],SIMDCPIStack.Branch,0.000967519004837492,cycles/inst
GPU[1].SA[6].CU[0],SIMDCPIStack.Fetch,0.00979612992398,cycles/inst
GPU[1].SA[6].CU[0],SIMDCPIStack.Idle,1.72771250864235e-05,cycles/inst
GPU[1].SA[6].CU[0],SIMDCPIStack.LDS,0.193642017968208,cycles/inst
GPU[1].SA[6].CU[0],SIMDCPIStack.ScalarInst,0.0384588804423005,cycles/inst
GPU[1].SA[6].CU[0],SIMDCPIStack.ScalarMem,0.00601243953006215,cycles/inst
GPU[1].SA[6].CU[0],SIMDCPIStack.ScalarMemInst,0.000103662750518307,cycles/inst
GPU[1].SA[6].CU[0],SIMDCPIStack.Special,5.18313752597388e-05,cycles/inst
GPU[1].SA[6].CU[0],SIMDCPIStack.VALU,1.59115411195577,cycles/inst
GPU[1].SA[6].CU[0],SIMDCPIStack.VMem,0.54065307532826,cycles/inst
GPU[1].SA[6].CU[0],SIMDCPIStack.VMemInst,0.000207325501036614,cycles/inst
GPU[1].SA[6].CU[0],SIMDCPIStack.total,2.75991706979959,cycles/inst
GPU[1].SA[6].CU[1],CPIStack.Branch,0.000495164860771292,cycles/inst
GPU[1].SA[6].CU[1],CPIStack.Fetch,0.00798089246184321,cycles/inst
GPU[1].SA[6].CU[1],CPIStack.Idle,1.45636723756582e-05,cycles/inst
GPU[1].SA[6].CU[1],CPIStack.LDS,0.184332401258299,cycles/inst
GPU[1].SA[6].CU[1],CPIStack.ScalarInst,0.0383315856926448,cycles/inst
GPU[1].SA[6].CU[1],CPIStack.ScalarMem,0.00508272165909355,cycles/inst
GPU[1].SA[6].CU[1],CPIStack.ScalarMemInst,8.73820342537517e-05,cycles/inst
GPU[1].SA[6].CU[1],CPIStack.Special,1.45636723756582e-05,cycles/inst
GPU[1].SA[6].CU[1],CPIStack.VALU,1.32012408248864,cycles/inst
GPU[1].SA[6].CU[1],CPIStack.VMem,0.45042525923337,cycles/inst
GPU[1].SA[6].CU[1],CPIStack.VMemInst,0.000189327740883161,cycles/inst
GPU[1].SA[6].CU[1],CPIStack.total,2.32645927997204,cycles/inst
GPU[1].SA[6].CU[1],SIMDCPIStack.Branch,0.000587422252937112,cycles/inst
GPU[1].SA[6].CU[1],SIMDCPIStack.Fetch,0.00946786454733936,cycles/inst
GPU[1].SA[6].CU[1],SIMDCPIStack.Idle,1.72771250864235e-05,cycles/inst
GPU[1].SA[6].CU[1],SIMDCPIStack.LDS,0.218676572218381,cycles/inst
GPU[1].SA[6].CU[1],SIMDCPIStack.ScalarInst,0.0454733932273628,cycles/inst
GPU[1].SA[6].CU[1],SIMDCPIStack.ScalarMem,0.00602971665514858,cycles/inst
GPU[1].SA[6].CU[1],SIMDCPIStack.ScalarMemInst,0.000103662750518307,cycles/inst
GPU[1].SA[6].CU[1],SIMDCPIStack.Special,1.72771250864235e-05,cycles/inst
GPU[1].SA[6].CU[1],SIMDCPIStack.VALU,1.56608500345543,cycles/inst
GPU[1].SA[6].CU[1],SIMDCPIStack.VMem,0.534346924671736,cycles/inst
GPU[1].SA[6].CU[1],SIMDCPIStack.VMemInst,0.000224602626123037,cycles/inst
GPU[1].SA[6].CU[1],SIMDCPIStack.total,2.75991706979959,cycles/inst
GPU[1].SA[6].CU[2],CPIStack.Branch,0.000655365256903335,cycles/inst
GPU[1].SA[6].CU[2],CPIStack.Fetch,0.00713619946405681,cycles/inst
GPU[1].SA[6].CU[2],CPIStack.Idle,1.45636723756582e-05,cycles/inst
GPU[1].SA[6].CU[2],CPIStack.LDS,0.214843294885242,cycles/inst
GPU[1].SA[6].CU[2],CPIStack.ScalarInst,0.0454677851567041,cycles/inst
GPU[1].SA[6].CU[2],CPIStack.ScalarMem,0.00506815798671799,cycles/inst
GPU[1].SA[6].CU[2],CPIStack.ScalarMemInst,8.73820342537517e-05,cycles/inst
GPU[1].SA[6].CU[2],CPIStack.Special,1.45636723756582e-05,cycles/inst
GPU[1].SA[6].CU[2],CPIStack.VALU,1.28464697658161,cycles/inst
GPU[1].SA[6].CU[2],CPIStack.VMem,0.448968891995805,cycles/inst
GPU[1].SA[6].CU[2],CPIStack.VMemInst,0.000218455085634478,cycles/inst
GPU[1].SA[6].CU[2],CPIStack.total,2.32645927997204,cycles/inst
GPU[1].SA[6].CU[2],SIMDCPIStack.Branch,0.000777470628887536,cycles/inst
GPU[1].SA[6].CU[2],SIMDCPIStack.Fetch,0.0084657912923289,cycles/inst
GPU[1].SA[6].CU[2],SIMDCPIStack.Idle,1.72771250864235e-05,cycles/inst
GPU[1].SA[6].CU[2],SIMDCPIStack.LDS,0.254872149274366,cycles/inst
GPU[1].SA[6].CU[2],SIMDCPIStack.ScalarInst,0.0539391845196947,cycles/inst
GPU[1].SA[6].CU[2],SIMDCPIStack.ScalarMem,0.00601243953006227,cycles/inst
GPU[1].SA[6].CU[2],SIMDCPIStack.ScalarMemInst,0.000103662750518307,cycles/inst
GPU[1].SA[6].CU[2],SIMDCPIStack.Special,1.72771250864235e-05,cycles/inst
GPU[1].SA[6].CU[2],SIMDCPIStack.VALU,1.52399792674499,cycles/inst
GPU[1].SA[6].CU[2],SIMDCPIStack.VMem,0.532619212163095,cycles/inst
GPU[1].SA[6].CU[2],SIMDCPIStack.VMemInst,0.000259156876295884,cycles/inst
GPU[1].SA[6].CU[2],SIMDCPIStack.total,2.75991706979959,cycles/inst
GPU[1].SA[6].CU[3],CPIStack.Branch,0.000655365256903335,cycles/inst
GPU[1].SA[6].CU[3],CPIStack.Fetch,0.00704881742980267,cycles/inst
GPU[1].SA[6].CU[3],CPIStack.Idle,1.45636723756582e-05,cycles/inst
GPU[1].SA[6].CU[3],CPIStack.LDS,0.21551322381452,cycles/inst
GPU[1].SA[6].CU[3],CPIStack.ScalarInst,0.0456134218804597,cycles/inst
GPU[1].SA[6].CU[3],CPIStack.ScalarMem,0.00518466736572286,cycles/inst
GPU[1].SA[6].CU[3],CPIStack.ScalarMemInst,8.73820342537517e-05,cycles/inst
GPU[1].SA[6].CU[3],CPIStack.Special,1.45636723756582e-05,cycles/inst
GPU[1].SA[6].CU[3],CPIStack.VALU,1.2842391937551,cycles/inst
GPU[1].SA[6].CU[3],CPIStack.VMem,0.448517418152161,cycles/inst
GPU[1].SA[6].CU[3],CPIStack.VMemInst,0.000233018758009939,cycles/inst
GPU[1].SA[6].CU[3],CPIStack.total,2.32645927997204,cycles/inst
GPU[1].SA[6].CU[3],SIMDCPIStack.Branch,0.000777470628887536,cycles/inst
GPU[1].SA[6].CU[3],SIMDCPIStack.Fetch,0.00836212854181013,cycles/inst
GPU[1].SA[6].CU[3],SIMDCPIStack.Idle,1.72771250864235e-05,cycles/inst
GPU[1].SA[6].CU[3],SIMDCPIStack.LDS,0.255666897028338,cycles/inst
GPU[1].SA[6].CU[3],SIMDCPIStack.ScalarInst,0.0541119557705577,cycles/inst
GPU[1].SA[6].CU[3],SIMDCPIStack.ScalarMem,0.00615065653075319,cycles/inst
GPU[1].SA[6].CU[3],SIMDCPIStack.ScalarMemInst,0.000103662750518307,cycles/inst
GPU[1].SA[6].CU[3],SIMDCPIStack.Special,1.72771250864235e-05,cycles/inst
GPU[1].SA[6].CU[3],SIMDCPIStack.VALU,1.52351416724257,cycles/inst
GPU[1].SA[6].CU[3],SIMDCPIStack.VMem,0.532083621285417,cycles/inst
GPU[1].SA[6].CU[3],SIMDCPIStack.VMemInst,0.000276434001382074,cycles/inst
GPU[1].SA[6].CU[3],SIMDCPIStack.total,2.75991706979959,cycles/inst
GPU[1].SA[7].CU[0],CPIStack.Branch,0.00112140277292351,cycles/inst
GPU[1].SA[7].CU[0],CPIStack.Fetch,0.00838867528836055,cycles/inst
GPU[1].SA[7].CU[0],CPIStack.Idle,1.45636723756582e-05,cycles/inst
GPU[1].SA[7].CU[0],CPIStack.LDS,0.165093790050099,cycles/inst
GPU[1].SA[7].CU[0],CPIStack.ScalarInst,0.0326808808109056,cycles/inst
GPU[1].SA[7].CU[0],CPIStack.ScalarMem,0.00506815798671789,cycles/inst
GPU[1].SA[7].CU[0],CPIStack.ScalarMemInst,8.73820342537517e-05,cycles/inst
GPU[1].SA[7].CU[0],CPIStack.Special,4.36910171270732e-05,cycles/inst
GPU[1].SA[7].CU[0],CPIStack.VALU,1.35313992776418,cycles/inst
GPU[1].SA[7].CU[0],CPIStack.VMem,0.441293836653851,cycles/inst
GPU[1].SA[7].CU[0],CPIStack.VMemInst,0.000174764068507503,cycles/inst
GPU[1].SA[7].CU[0],CPIStack.total,2.32645927997204,cycles/inst
GPU[1].SA[7].CU[0],SIMDCPIStack.Branch,0.00133033863165203,cycles/inst
GPU[1].SA[7].CU[0],SIMDCPIStack.Fetch,0.00995162404975793,cycles/inst
GPU[1].SA[7].CU[0],SIMDCPIStack.Idle,1.72771250864235e-05,cycles/inst
GPU[1].SA[7].CU[0],SIMDCPIStack.LDS,0.195853489979268,cycles/inst
GPU[1].SA[7].CU[0],SIMDCPIStack.ScalarInst,0.0387698686938497,cycles/inst
GPU[1].SA[7].CU[0],SIMDCPIStack.ScalarMem,0.00601243953006215,cycles/inst
GPU[1].SA[7].CU[0],SIMDCPIStack.ScalarMemInst,0.000103662750518307,cycles/inst
GPU[1].SA[7].CU[0],SIMDCPIStack.Special,5.18313752593876e-05,cycles/inst
GPU[1].SA[7].CU[0],SIMDCPIStack.VALU,1.60525224602626,cycles/inst
GPU[1].SA[7].CU[0],SIMDCPIStack.VMem,0.523514167242571,cycles/inst
GPU[1].SA[7].CU[0],SIMDCPIStack.VMemInst,0.000207325501036614,cycles/inst
GPU[1].SA[7].CU[0],SIMDCPIStack.total,2.75991706979959,cycles/inst
GPU[1].SA[7].CU[1],CPIStack.Branch,0.000771874635907909,cycles/inst
GPU[1].SA[7].CU[1],CPIStack.Fetch,0.00821391121985325,cycles/inst
GPU[1].SA[7].CU[1],CPIStack.Idle,1.45636723756582e-05,cycles/inst
GPU[1].SA[7].CU[1],CPIStack.LDS,0.190420016311316,cycles/inst
GPU[1].SA[7].CU[1],CPIStack.ScalarInst,0.0406909006174996,cycles/inst
GPU[1].SA[7].CU[1],CPIStack.ScalarMem,0.00508272165909355,cycles/inst
GPU[1].SA[7].CU[1],CPIStack.ScalarMemInst,8.73820342537517e-05,cycles/inst
GPU[1].SA[7].CU[1],CPIStack.Special,2.91273447515137e-05,cycles/inst
GPU[1].SA[7].CU[1],CPIStack.VALU,1.32478445764884,cycles/inst
GPU[1].SA[7].CU[1],CPIStack.VMem,0.436822789234533,cycles/inst
GPU[1].SA[7].CU[1],CPIStack.VMemInst,0.000189327740883161,cycles/inst
GPU[1].SA[7].CU[1],CPIStack.total,2.32645927997204,cycles/inst
GPU[1].SA[7].CU[1],SIMDCPIStack.Branch,0.000915687629578104,cycles/inst
GPU[1].SA[7].CU[1],SIMDCPIStack.Fetch,0.00974429854872155,cycles/inst
GPU[1].SA[7].CU[1],SIMDCPIStack.Idle,1.72771250864235e-05,cycles/inst
GPU[1].SA[7].CU[1],SIMDCPIStack.LDS,0.225898410504496,cycles/inst
GPU[1].SA[7].CU[1],SIMDCPIStack.ScalarInst,0.0482722874913613,cycles/inst
GPU[1].SA[7].CU[1],SIMDCPIStack.ScalarMem,0.00602971665514858,cycles/inst
GPU[1].SA[7].CU[1],SIMDCPIStack.ScalarMemInst,0.000103662750518307,cycles/inst
GPU[1].SA[7].CU[1],SIMDCPIStack.Special,3.45542501730812e-05,cycles/inst
GPU[1].SA[7].CU[1],SIMDCPIStack.VALU,1.57161368348307,cycles/inst
GPU[1].SA[7].CU[1],SIMDCPIStack.VMem,0.518210089841049,cycles/inst
GPU[1].SA[7].CU[1],SIMDCPIStack.VMemInst,0.000224602626123037,cycles/inst
GPU[1].SA[7].CU[1],SIMDCPIStack.total,2.75991706979959,cycles/inst
GPU[1].SA[7].CU[2],CPIStack.Branch,0.000640801584527677,cycles/inst
GPU[1].SA[7].CU[2],CPIStack.Fetch,0.00790807409996502,cycles/inst
GPU[1].SA[7].CU[2],CPIStack.Idle,1.45636723756582e-05,cycles/inst
GPU[1].SA[7].CU[2],CPIStack.LDS,0.221862984970288,cycles/inst
GPU[1].SA[7].CU[2],CPIStack.ScalarInst,0.0484533379937086,cycles/inst
GPU[1].SA[7].CU[2],CPIStack.ScalarMem,0.00506815798671799,cycles/inst
GPU[1].SA[7].CU[2],CPIStack.ScalarMemInst,8.73820342537517e-05,cycles/inst
GPU[1].SA[7].CU[2],CPIStack.Special,1.45636723756582e-05,cycles/inst
GPU[1].SA[7].CU[2],CPIStack.VALU,1.28298671793079,cycles/inst
GPU[1].SA[7].CU[2],CPIStack.VMem,0.439881160433415,cycles/inst
GPU[1].SA[7].CU[2],CPIStack.VMemInst,0.000218455085634478,cycles/inst
GPU[1].SA[7].CU[2],CPIStack.total,2.32645927997204,cycles/inst
GPU[1].SA[7].CU[2],SIMDCPIStack.Branch,0.000760193503801112,cycles/inst
GPU[1].SA[7].CU[2],SIMDCPIStack.Fetch,0.00938147892190736,cycles/inst
GPU[1].SA[7].CU[2],SIMDCPIStack.Idle,1.72771250864235e-05,cycles/inst
GPU[1].SA[7].CU[2],SIMDCPIStack.LDS,0.263199723565996,cycles/inst
GPU[1].SA[7].CU[2],SIMDCPIStack.ScalarInst,0.0574809951624052,cycles/inst
GPU[1].SA[7].CU[2],SIMDCPIStack.ScalarMem,0.00601243953006227,cycles/inst
GPU[1].SA[7].CU[2],SIMDCPIStack.ScalarMemInst,0.000103662750518307,cycles/inst
GPU[1].SA[7].CU[2],SIMDCPIStack.Special,1.72771250864235e-05,cycles/inst
GPU[1].SA[7].CU[2],SIMDCPIStack.VALU,1.52202833448514,cycles/inst
GPU[1].SA[7].CU[2],SIMDCPIStack.VMem,0.521838286109191,cycles/inst
GPU[1].SA[7].CU[2],SIMDCPIStack.VMemInst,0.000259156876295884,cycles/inst
GPU[1].SA[7].CU[2],SIMDCPIStack.total,2.75991706979959,cycles/inst
GPU[1].SA[7].CU[3],CPIStack.Branch,0.000699056274029915,cycles/inst
GPU[1].SA[7].CU[3],CPIStack.Fetch,0.00784981941046229,cycles/inst
GPU[1].SA[7].CU[3],CPIStack.Idle,1.45636723756582e-05,cycles/inst
GPU[1].SA[7].CU[3],CPIStack.LDS,0.223639753000117,cycles/inst
GPU[1].SA[7].CU[3],CPIStack.ScalarInst,0.0476232086682998,cycles/inst
GPU[1].SA[7].CU[3],CPIStack.ScalarMem,0.00518466736572286,cycles/inst
GPU[1].SA[7].CU[3],CPIStack.ScalarMemInst,8.73820342537517e-05,cycles/inst
GPU[1].SA[7].CU[3],CPIStack.Special,1.45636723756582e-05,cycles/inst
GPU[1].SA[7].CU[3],CPIStack.VALU,1.28094780379821,cycles/inst
GPU[1].SA[7].CU[3],CPIStack.VMem,0.440813235465454,cycles/inst
GPU[1].SA[7].CU[3],CPIStack.VMemInst,0.000233018758009939,cycles/inst
GPU[1].SA[7].CU[3],CPIStack.total,2.32645927997204,cycles/inst
GPU[1].SA[7].CU[3],SIMDCPIStack.Branch,0.000829302004146338,cycles/inst
GPU[1].SA[7].CU[3],SIMDCPIStack.Fetch,0.00931237042156155,cycles/inst
GPU[1].SA[7].CU[3],SIMDCPIStack.Idle,1.72771250864235e-05,cycles/inst
GPU[1].SA[7].CU[3],SIMDCPIStack.LDS,0.265307532826538,cycles/inst
GPU[1].SA[7].CU[3],SIMDCPIStack.ScalarInst,0.0564961990324834,cycles/inst
GPU[1].SA[7].CU[3],SIMDCPIStack.ScalarMem,0.00615065653075319,cycles/inst
GPU[1].SA[7].CU[3],SIMDCPIStack.ScalarMemInst,0.000103662750518307,cycles/inst
GPU[1].SA[7].CU[3],SIMDCPIStack.Special,1.72771250864235e-05,cycles/inst
GPU[1].SA[7].CU[3],SIMDCPIStack.VALU,1.51960953697305,cycles/inst
GPU[1].SA[7].CU[3],SIMDCPIStack.VMem,0.522944022114719,cycles/inst
GPU[1].SA[7].CU[3],SIMDCPIStack.VMemInst,0.000276434001382074,cycles/inst
GPU[1].SA[7].CU[3],SIMDCPIStack.total,2.75991706979959,cycles/inst
GPU[1].SA[8].CU[0],CPIStack.Branch,0.00109227542817111,cycles/inst
GPU[1].SA[8].CU[0],CPIStack.Fetch,0.00811196551322374,cycles/inst
GPU[1].SA[8].CU[0],CPIStack.Idle,1.45636723756582e-05,cycles/inst
GPU[1].SA[8].CU[0],CPIStack.LDS,0.149525224280554,cycles/inst
GPU[1].SA[8].CU[0],CPIStack.ScalarInst,0.0267243388092756,cycles/inst
GPU[1].SA[8].CU[0],CPIStack.ScalarMem,0.00506815798671789,cycles/inst
GPU[1].SA[8].CU[0],CPIStack.ScalarMemInst,8.73820342537517e-05,cycles/inst
GPU[1].SA[8].CU[0],CPIStack.Special,7.28183618784882e-05,cycles/inst
GPU[1].SA[8].CU[0],CPIStack.VALU,1.38740824886403,cycles/inst
GPU[1].SA[8].CU[0],CPIStack.VMem,0.431856576954446,cycles/inst
GPU[1].SA[8].CU[0],CPIStack.VMemInst,0.000189327740883161,cycles/inst
GPU[1].SA[8].CU[0],CPIStack.total,2.32644471629966,cycles/inst
GPU[1].SA[8].CU[0],SIMDCPIStack.Branch,0.0012957843814779,cycles/inst
GPU[1].SA[8].CU[0],SIMDCPIStack.Fetch,0.00962335867311671,cycles/inst
GPU[1].SA[8].CU[0],SIMDCPIStack.Idle,1.72771250864235e-05,cycles/inst
GPU[1].SA[8].CU[0],SIMDCPIStack.LDS,0.17738424326192,cycles/inst
GPU[1].SA[8].CU[0],SIMDCPIStack.ScalarInst,0.0317035245335194,cycles/inst
GPU[1].SA[8].CU[0],SIMDCPIStack.ScalarMem,0.00601243953006215,cycles/inst
GPU[1].SA[8].CU[0],SIMDCPIStack.ScalarMemInst,0.000103662750518307,cycles/inst
GPU[1].SA[8].CU[0],SIMDCPIStack.Special,8.63856254323517e-05,cycles/inst
GPU[1].SA[8].CU[0],SIMDCPIStack.VALU,1.64590532135453,cycles/inst
GPU[1].SA[8].CU[0],SIMDCPIStack.VMem,0.512318590186594,cycles/inst
GPU[1].SA[8].CU[0],SIMDCPIStack.VMemInst,0.000224602626123037,cycles/inst
GPU[1].SA[8].CU[0],SIMDCPIStack.total,2.7598997926745,cycles/inst
GPU[1].SA[8].CU[1],CPIStack.Branch,0.000553419550273728,cycles/inst
GPU[1].SA[8].CU[1],CPIStack.Fetch,0.00802458347897009,cycles/inst
GPU[1].SA[8].CU[1],CPIStack.Idle,1.45636723756582e-05,cycles/inst
GPU[1].SA[8].CU[1],CPIStack.LDS,0.134291622975649,cycles/inst
GPU[1].SA[8].CU[1],CPIStack.ScalarInst,0.0238552953512807,cycles/inst
GPU[1].SA[8].CU[1],CPIStack.ScalarMem,0.00508272165909355,cycles/inst
GPU[1].SA[8].CU[1],CPIStack.ScalarMemInst,8.73820342537517e-05,cycles/inst
GPU[1].SA[8].CU[1],CPIStack.Special,5.82546895028301e-05,cycles/inst
GPU[1].SA[8].CU[1],CPIStack.VALU,1.3860538273331,cycles/inst
GPU[1].SA[8].CU[1],CPIStack.VMem,0.451939881160432,cycles/inst
GPU[1].SA[8].CU[1],CPIStack.VMemInst,0.000189327740883161,cycles/inst
GPU[1].SA[8].CU[1],CPIStack.total,2.32644471629966,cycles/inst
GPU[1].SA[8].CU[1],SIMDCPIStack.Branch,0.000656530753282571,cycles/inst
GPU[1].SA[8].CU[1],SIMDCPIStack.Fetch,0.00951969592259851,cycles/inst
GPU[1].SA[8].CU[1],SIMDCPIStack.Idle,1.72771250864235e-05,cycles/inst
GPU[1].SA[8].CU[1],SIMDCPIStack.LDS,0.159312370421562,cycles/inst
GPU[1].SA[8].CU[1],SIMDCPIStack.ScalarInst,0.0282999308915055,cycles/inst
GPU[1].SA[8].CU[1],SIMDCPIStack.ScalarMem,0.00602971665514858,cycles/inst
GPU[1].SA[8].CU[1],SIMDCPIStack.ScalarMemInst,0.000103662750518307,cycles/inst
GPU[1].SA[8].CU[1],SIMDCPIStack.Special,6.91085003459282e-05,cycles/inst
GPU[1].SA[8].CU[1],SIMDCPIStack.VALU,1.64429854872149,cycles/inst
GPU[1].SA[8].CU[1],SIMDCPIStack.VMem,0.536143745680718,cycles/inst
GPU[1].SA[8].CU[1],SIMDCPIStack.VMemInst,0.000224602626123037,cycles/inst
GPU[1].SA[8].CU[1],SIMDCPIStack.total,2.7598997926745,cycles/inst
GPU[1].SA[8].CU[2],CPIStack.Branch,0.00037865548176652,cycles/inst
GPU[1].SA[8].CU[2],CPIStack.Fetch,0.00761680065245225,cycles/inst
GPU[1].SA[8].CU[2],CPIStack.Idle,1.45636723756582e-05,cycles/inst
GPU[1].SA[8].CU[2],CPIStack.LDS,0.13308283816847,cycles/inst
GPU[1].SA[8].CU[2],CPIStack.ScalarInst,0.0267243388092745,cycles/inst
GPU[1].SA[8].CU[2],CPIStack.ScalarMem,0.00506815798671799,cycles/inst
GPU[1].SA[8].CU[2],CPIStack.ScalarMemInst,8.73820342537517e-05,cycles/inst
GPU[1].SA[8].CU[2],CPIStack.Special,1.45636723758555e-05,cycles/inst
GPU[1].SA[8].CU[2],CPIStack.VALU,1.34767855062332,cycles/inst
GPU[1].SA[8].CU[2],CPIStack.VMem,0.489310264476293,cycles/inst
GPU[1].SA[8].CU[2],CPIStack.VMemInst,0.000233018758009939,cycles/inst
GPU[1].SA[8].CU[2],CPIStack.total,2.32644471629966,cycles/inst
GPU[1].SA[8].CU[2],SIMDCPIStack.Branch,0.000449205252246309,cycles/inst
GPU[1].SA[8].CU[2],SIMDCPIStack.Fetch,0.00903593642017936,cycles/inst
GPU[1].SA[8].CU[2],SIMDCPIStack.Idle,1.72771250864235e-05,cycles/inst
GPU[1].SA[8].CU[2],SIMDCPIStack.LDS,0.157878369039388,cycles/inst
GPU[1].SA[8].CU[2],SIMDCPIStack.ScalarInst,0.0317035245335181,cycles/inst
GPU[1].SA[8].CU[2],SIMDCPIStack.ScalarMem,0.00601243953006227,cycles/inst
GPU[1].SA[8].CU[2],SIMDCPIStack.ScalarMemInst,0.000103662750518307,cycles/inst
GPU[1].SA[8].CU[2],SIMDCPIStack.Special,1.72771250866577e-05,cycles/inst
GPU[1].SA[8].CU[2],SIMDCPIStack.VALU,1.59877332411887,cycles/inst
GPU[1].SA[8].CU[2],SIMDCPIStack.VMem,0.580476848652387,cycles/inst
GPU[1].SA[8].CU[2],SIMDCPIStack.VMemInst,0.000276434001382074,cycles/inst
GPU[1].SA[8].CU[2],SIMDCPIStack.total,2.7598997926745,cycles/inst
GPU[1].SA[8].CU[3],CPIStack.Branch,0.000305837119888131,cycles/inst
GPU[1].SA[8].CU[3],CPIStack.Fetch,0.00742747291156909,cycles/inst
GPU[1].SA[8].CU[3],CPIStack.Idle,1.45636723756582e-05,cycles/inst
GPU[1].SA[8].CU[3],CPIStack.LDS,0.147311546079461,cycles/inst
GPU[1].SA[8].CU[3],CPIStack.ScalarInst,0.0293749271816393,cycles/inst
GPU[1].SA[8].CU[3],CPIStack.ScalarMem,0.00518466736572286,cycles/inst
GPU[1].SA[8].CU[3],CPIStack.ScalarMemInst,8.73820342537517e-05,cycles/inst
GPU[1].SA[8].CU[3],CPIStack.Special,0.0,cycles/inst
GPU[1].SA[8].CU[3],CPIStack.VALU,1.33023127111732,cycles/inst
GPU[1].SA[8].CU[3],CPIStack.VMem,0.489994757077945,cycles/inst
GPU[1].SA[8].CU[3],CPIStack.VMemInst,0.000233018758009939,cycles/inst
GPU[1].SA[8].CU[3],CPIStack.total,2.32644471629966,cycles/inst
GPU[1].SA[8].CU[3],SIMDCPIStack.Branch,0.000362819626814074,cycles/inst
GPU[1].SA[8].CU[3],SIMDCPIStack.Fetch,0.00881133379405632,cycles/inst
GPU[1].SA[8].CU[3],SIMDCPIStack.Idle,1.72771250864235e-05,cycles/inst
GPU[1].SA[8].CU[3],SIMDCPIStack.LDS,0.174758120248792,cycles/inst
GPU[1].SA[8].CU[3],SIMDCPIStack.ScalarInst,0.0348479612992412,cycles/inst
GPU[1].SA[8].CU[3],SIMDCPIStack.ScalarMem,0.00615065653075319,cycles/inst
GPU[1].SA[8].CU[3],SIMDCPIStack.ScalarMemInst,0.000103662750518307,cycles/inst
GPU[1].SA[8].CU[3],SIMDCPIStack.Special,0.0,cycles/inst
GPU[1].SA[8].CU[3],SIMDCPIStack.VALU,1.57807532826537,cycles/inst
GPU[1].SA[8].CU[3],SIMDCPIStack.VMem,0.581288873531445,cycles/inst
GPU[1].SA[8].CU[3],SIMDCPIStack.VMemInst,0.000276434001382074,cycles/inst
GPU[1].SA[8].CU[3],SIMDCPIStack.total,2.7598997926745,cycles/inst
GPU[1].SA[9].CU[0],CPIStack.Branch,0.000276709775136617,cycles/inst
GPU[1].SA[9].CU[0],CPIStack.Fetch,0.00796632878946755,cycles/inst
GPU[1].SA[9].CU[0],CPIStack.Idle,1.45636723756582e-05,cycles/inst
GPU[1].SA[9].CU[0],CPIStack.LDS,0.147034836304317,cycles/inst
GPU[1].SA[9].CU[0],CPIStack.ScalarInst,0.0285011068391022,cycles/inst
GPU[1].SA[9].CU[0],CPIStack.ScalarMem,0.00506815798671789,cycles/inst
GPU[1].SA[9].CU[0],CPIStack.ScalarMemInst,8.73820342537517e-05,cycles/inst
GPU[1].SA[9].CU[0],CPIStack.Special,0.0,cycles/inst
GPU[1].SA[9].CU[0],CPIStack.VALU,1.35334381917744,cycles/inst
GPU[1].SA[9].CU[0],CPIStack.VMem,0.467712338343239,cycles/inst
GPU[1].SA[9].CU[0],CPIStack.VMemInst,0.000174764068507503,cycles/inst
GPU[1].SA[9].CU[0],CPIStack.total,2.32644471629966,cycles/inst
GPU[1].SA[9].CU[0],SIMDCPIStack.Branch,0.000328265376640993,cycles/inst
GPU[1].SA[9].CU[0],SIMDCPIStack.Fetch,0.00945058742225294,cycles/inst
GPU[1].SA[9].CU[0],SIMDCPIStack.Idle,1.72771250864235e-05,cycles/inst
GPU[1].SA[9].CU[0],SIMDCPIStack.LDS,0.174429854872143,cycles/inst
GPU[1].SA[9].CU[0],SIMDCPIStack.ScalarInst,0.0338113337940586,cycles/inst
GPU[1].SA[9].CU[0],SIMDCPIStack.ScalarMem,0.00601243953006215,cycles/inst
GPU[1].SA[9].CU[0],SIMDCPIStack.ScalarMemInst,0.000103662750518307,cycles/inst
GPU[1].SA[9].CU[0],SIMDCPIStack.Special,0.0,cycles/inst
GPU[1].SA[9].CU[0],SIMDCPIStack.VALU,1.60549412577747,cycles/inst
GPU[1].SA[9].CU[0],SIMDCPIStack.VMem,0.554854872149277,cycles/inst
GPU[1].SA[9].CU[0],SIMDCPIStack.VMemInst,0.000207325501036614,cycles/inst
GPU[1].SA[9].CU[0],SIMDCPIStack.total,2.7598997926745,cycles/inst
GPU[1].SA[9].CU[1],CPIStack.Branch,0.000305837119887933,cycles/inst
GPU[1].SA[9].CU[1],CPIStack.Fetch,0.00786438308283824,cycles/inst
GPU[1].SA[9].CU[1],CPIStack.Idle,1.45636723756582e-05,cycles/inst
GPU[1].SA[9].CU[1],CPIStack.LDS,0.15701095188163,cycles/inst
GPU[1].SA[9].CU[1],CPIStack.ScalarInst,0.031719678434112,cycles/inst
GPU[1].SA[9].CU[1],CPIStack.ScalarMem,0.00508272165909355,cycles/inst
GPU[1].SA[9].CU[1],CPIStack.ScalarMemInst,8.73820342537517e-05,cycles/inst
GPU[1].SA[9].CU[1],CPIStack.Special,0.0,cycles/inst
GPU[1].SA[9].CU[1],CPIStack.VALU,1.34157637189794,cycles/inst
GPU[1].SA[9].CU[1],CPIStack.VMem,0.466343353139926,cycles/inst
GPU[1].SA[9].CU[1],CPIStack.VMemInst,0.000189327740883161,cycles/inst
GPU[1].SA[9].CU[1],CPIStack.total,2.32644471629966,cycles/inst
GPU[1].SA[9].CU[1],SIMDCPIStack.Branch,0.00036281962681384,cycles/inst
GPU[1].SA[9].CU[1],SIMDCPIStack.Fetch,0.00932964754664832,cycles/inst
GPU[1].SA[9].CU[1],SIMDCPIStack.Idle,1.72771250864235e-05,cycles/inst
GPU[1].SA[9].CU[1],SIMDCPIStack.LDS,0.186264685556328,cycles/inst
GPU[1].SA[9].CU[1],SIMDCPIStack.ScalarInst,0.0376295784381455,cycles/inst
GPU[1].SA[9].CU[1],SIMDCPIStack.ScalarMem,0.00602971665514858,cycles/inst
GPU[1].SA[9].CU[1],SIMDCPIStack.ScalarMemInst,0.000103662750518307,cycles/inst
GPU[1].SA[9].CU[1],SIMDCPIStack.Special,0.0,cycles/inst
GPU[1].SA[9].CU[1],SIMDCPIStack.VALU,1.59153420870767,cycles/inst
GPU[1].SA[9].CU[1],SIMDCPIStack.VMem,0.553230822391152,cycles/inst
GPU[1].SA[9].CU[1],SIMDCPIStack.VMemInst,0.000224602626123037,cycles/inst
GPU[1].SA[9].CU[1],SIMDCPIStack.total,2.7598997926745,cycles/inst
GPU[1].SA[9].CU[2],CPIStack.Branch,0.000305837119888328,cycles/inst
GPU[1].SA[9].CU[2],CPIStack.Fetch,0.00736921822206685,cycles/inst
GPU[1].SA[9].CU[2],CPIStack.Idle,1.45636723756582e-05,cycles/inst
GPU[1].SA[9].CU[2],CPIStack.LDS,0.180283700337872,cycles/inst
GPU[1].SA[9].CU[2],CPIStack.ScalarInst,0.0354771059070271,cycles/inst
GPU[1].SA[9].CU[2],CPIStack.ScalarMem,0.00506815798671799,cycles/inst
GPU[1].SA[9].CU[2],CPIStack.ScalarMemInst,8.73820342537517e-05,cycles/inst
GPU[1].SA[9].CU[2],CPIStack.Special,0.0,cycles/inst
GPU[1].SA[9].CU[2],CPIStack.VALU,1.30684201328207,cycles/inst
GPU[1].SA[9].CU[2],CPIStack.VMem,0.474542700687411,cycles/inst
GPU[1].SA[9].CU[2],CPIStack.VMemInst,0.000218455085634478,cycles/inst
GPU[1].SA[9].CU[2],CPIStack.total,2.32644471629966,cycles/inst
GPU[1].SA[9].CU[2],SIMDCPIStack.Branch,0.000362819626814308,cycles/inst
GPU[1].SA[9].CU[2],SIMDCPIStack.Fetch,0.00874222529371109,cycles/inst
GPU[1].SA[9].CU[2],SIMDCPIStack.Idle,1.72771250864235e-05,cycles/inst
GPU[1].SA[9].CU[2],SIMDCPIStack.LDS,0.213873531444361,cycles/inst
GPU[1].SA[9].CU[2],SIMDCPIStack.ScalarInst,0.0420870767104373,cycles/inst
GPU[1].SA[9].CU[2],SIMDCPIStack.ScalarMem,0.00601243953006227,cycles/inst
GPU[1].SA[9].CU[2],SIMDCPIStack.ScalarMemInst,0.000103662750518307,cycles/inst
GPU[1].SA[9].CU[2],SIMDCPIStack.Special,0.0,cycles/inst
GPU[1].SA[9].CU[2],SIMDCPIStack.VALU,1.55032826537664,cycles/inst
GPU[1].SA[9].CU[2],SIMDCPIStack.VMem,0.562957843814796,cycles/inst
GPU[1].SA[9].CU[2],SIMDCPIStack.VMemInst,0.000259156876295884,cycles/inst
GPU[1].SA[9].CU[2],SIMDCPIStack.total,2.7598997926745,cycles/inst
GPU[1].SA[9].CU[3],CPIStack.Branch,0.000276709775137012,cycles/inst
GPU[1].SA[9].CU[3],CPIStack.Fetch,0.00731096353256451,cycles/inst
GPU[1].SA[9].CU[3],CPIStack.Idle,1.45636723756582e-05,cycles/inst
GPU[1].SA[9].CU[3],CPIStack.LDS,0.18640044273564,cycles/inst
GPU[1].SA[9].CU[3],CPIStack.ScalarInst,0.0374286380053591,cycles/inst
GPU[1].SA[9].CU[3],CPIStack.ScalarMem,0.00518466736572286,cycles/inst
GPU[1].SA[9].CU[3],CPIStack.ScalarMemInst,8.73820342537517e-05,cycles/inst
GPU[1].SA[9].CU[3],CPIStack.Special,0.0,cycles/inst
GPU[1].SA[9].CU[3],CPIStack.VALU,1.30223989281137,cycles/inst
GPU[1].SA[9].CU[3],CPIStack.VMem,0.471149365023886,cycles/inst
GPU[1].SA[9].CU[3],CPIStack.VMemInst,0.000233018758009939,cycles/inst
GPU[1].SA[9].CU[3],CPIStack.total,2.32644471629966,cycles/inst
GPU[1].SA[9].CU[3],SIMDCPIStack.Branch,0.000328265376641461,cycles/inst
GPU[1].SA[9].CU[3],SIMDCPIStack.Fetch,0.00867311679336575,cycles/inst
GPU[1].SA[9].CU[3],SIMDCPIStack.Idle,1.72771250864235e-05,cycles/inst
GPU[1].SA[9].CU[3],SIMDCPIStack.LDS,0.221129923980649,cycles/inst
GPU[1].SA[9].CU[3],SIMDCPIStack.ScalarInst,0.0444022114720107,cycles/inst
GPU[1].SA[9].CU[3],SIMDCPIStack.ScalarMem,0.00615065653075319,cycles/inst
GPU[1].SA[9].CU[3],SIMDCPIStack.ScalarMemInst,0.000103662750518307,cycles/inst
GPU[1].SA[9].CU[3],SIMDCPIStack.Special,0.0,cycles/inst
GPU[1].SA[9].CU[3],SIMDCPIStack.VALU,1.54486869384934,cycles/inst
GPU[1].SA[9].CU[3],SIMDCPIStack.VMem,0.558932273669664,cycles/inst
GPU[1].SA[9].CU[3],SIMDCPIStack.VMemInst,0.000276434001382074,cycles/inst
GPU[1].SA[9].CU[3],SIMDCPIStack.total,2.7598997926745,cycles/inst
GPU[1].SA[10].CU[0],CPIStack.Branch,0.000407782826517541,cycles/inst
GPU[1].SA[10].CU[0],CPIStack.Fetch,0.00736921822206675,cycles/inst
GPU[1].SA[10].CU[0],CPIStack.Idle,1.45636723755595e-05,cycles/inst
GPU[1].SA[10].CU[0],CPIStack.LDS,0.160360596528016,cycles/inst
GPU[1].SA[10].CU[0],CPIStack.ScalarInst,0.0322730979843908,cycles/inst
GPU[1].SA[10].CU[0],CPIStack.ScalarMem,0.00506815798671789,cycles/inst
GPU[1].SA[10].CU[0],CPIStack.ScalarMemInst,8.73820342537517e-05,cycles/inst
GPU[1].SA[10].CU[0],CPIStack.Special,2.91273447517111e-05,cycles/inst
GPU[1].SA[10].CU[0],CPIStack.VALU,1.35589246184318,cycles/inst
GPU[1].SA[10].CU[0],CPIStack.VMem,0.44835721775603,cycles/inst
GPU[1].SA[10].CU[0],CPIStack.VMemInst,0.000305837119888229,cycles/inst
GPU[1].SA[10].CU[0],CPIStack.total,2.32643015262729,cycles/inst
GPU[1].SA[10].CU[0],SIMDCPIStack.Branch,0.000483759502418805,cycles/inst
GPU[1].SA[10].CU[0],SIMDCPIStack.Fetch,0.00874222529371098,cycles/inst
GPU[1].SA[10].CU[0],SIMDCPIStack.Idle,1.72771250863064e-05,cycles/inst
GPU[1].SA[10].CU[0],SIMDCPIStack.LDS,0.190238424326187,cycles/inst
GPU[1].SA[10].CU[0],SIMDCPIStack.ScalarInst,0.0382861091914342,cycles/inst
GPU[1].SA[10].CU[0],SIMDCPIStack.ScalarMem,0.00601243953006215,cycles/inst
GPU[1].SA[10].CU[0],SIMDCPIStack.ScalarMemInst,0.000103662750518307,cycles/inst
GPU[1].SA[10].CU[0],SIMDCPIStack.Special,3.45542501733153e-05,cycles/inst
GPU[1].SA[10].CU[0],SIMDCPIStack.VALU,1.60851762266759,cycles/inst
GPU[1].SA[10].CU[0],SIMDCPIStack.VMem,0.531893572909469,cycles/inst
GPU[1].SA[10].CU[0],SIMDCPIStack.VMemInst,0.000362819626814191,cycles/inst
GPU[1].SA[10].CU[0],SIMDCPIStack.total,2.75988251554941,cycles/inst
GPU[1].SA[10].CU[1],CPIStack.Branch,0.000320400792264184,cycles/inst
GPU[1].SA[10].CU[1],CPIStack.Fetch,0.00719445415355935,cycles/inst
GPU[1].SA[10].CU[1],CPIStack.Idle,1.45636723755595e-05,cycles/inst
GPU[1].SA[10].CU[1],CPIStack.LDS,0.184813002446692,cycles/inst
GPU[1].SA[10].CU[1],CPIStack.ScalarInst,0.0389141325876704,cycles/inst
GPU[1].SA[10].CU[1],CPIStack.ScalarMem,0.00508272165909355,cycles/inst
GPU[1].SA[10].CU[1],CPIStack.ScalarMemInst,8.73820342537517e-05,cycles/inst
GPU[1].SA[10].CU[1],CPIStack.Special,1.45636723758555e-05,cycles/inst
GPU[1].SA[10].CU[1],CPIStack.VALU,1.32657578935105,cycles/inst
GPU[1].SA[10].CU[1],CPIStack.VMem,0.446813468484216,cycles/inst
GPU[1].SA[10].CU[1],CPIStack.VMemInst,0.000320400792263888,cycles/inst
GPU[1].SA[10].CU[1],CPIStack.total,2.32643015262729,cycles/inst
GPU[1].SA[10].CU[1],SIMDCPIStack.Branch,0.000380096751900966,cycles/inst
GPU[1].SA[10].CU[1],SIMDCPIStack.Fetch,0.00853489979267448,cycles/inst
GPU[1].SA[10].CU[1],SIMDCPIStack.Idle,1.72771250863064e-05,cycles/inst
GPU[1].SA[10].CU[1],SIMDCPIStack.LDS,0.219246717346228,cycles/inst
GPU[1].SA[10].CU[1],SIMDCPIStack.ScalarInst,0.0461644782308189,cycles/inst
GPU[1].SA[10].CU[1],SIMDCPIStack.ScalarMem,0.00602971665514858,cycles/inst
GPU[1].SA[10].CU[1],SIMDCPIStack.ScalarMemInst,0.000103662750518307,cycles/inst
GPU[1].SA[10].CU[1],SIMDCPIStack.Special,1.72771250866577e-05,cycles/inst
GPU[1].SA[10].CU[1],SIMDCPIStack.VALU,1.5737387698687,cycles/inst
GPU[1].SA[10].CU[1],SIMDCPIStack.VMem,0.530062197650315,cycles/inst
GPU[1].SA[10].CU[1],SIMDCPIStack.VMemInst,0.000380096751900615,cycles/inst
GPU[1].SA[10].CU[1],SIMDCPIStack.total,2.75988251554941,cycles/inst
GPU[1].SA[10].CU[2],CPIStack.Branch,0.000276709775137012,cycles/inst
GPU[1].SA[10].CU[2],CPIStack.Fetch,0.0066847256204125,cycles/inst
GPU[1].SA[10].CU[2],CPIStack.Idle,1.45636723755595e-05,cycles/inst
GPU[1].SA[10].CU[2],CPIStack.LDS,0.200119422113485,cycles/inst
GPU[1].SA[10].CU[2],CPIStack.ScalarInst,0.0414336479086567,cycles/inst
GPU[1].SA[10].CU[2],CPIStack.ScalarMem,0.00506815798671799,cycles/inst
GPU[1].SA[10].CU[2],CPIStack.ScalarMemInst,8.73820342537517e-05,cycles/inst
GPU[1].SA[10].CU[2],CPIStack.Special,0.0,cycles/inst
GPU[1].SA[10].CU[2],CPIStack.VALU,1.30050681579867,cycles/inst
GPU[1].SA[10].CU[2],CPIStack.VMem,0.455755563322845,cycles/inst
GPU[1].SA[10].CU[2],CPIStack.VMemInst,0.000233018758010136,cycles/inst
GPU[1].SA[10].CU[2],CPIStack.total,2.32643015262729,cycles/inst
GPU[1].SA[10].CU[2],SIMDCPIStack.Branch,0.000328265376641461,cycles/inst
GPU[1].SA[10].CU[2],SIMDCPIStack.Fetch,0.00793020041465106,cycles/inst
GPU[1].SA[10].CU[2],SIMDCPIStack.Idle,1.72771250863064e-05,cycles/inst
GPU[1].SA[10].CU[2],SIMDCPIStack.LDS,0.237404975812031,cycles/inst
GPU[1].SA[10].CU[2],SIMDCPIStack.ScalarInst,0.0491534208707672,cycles/inst
GPU[1].SA[10].CU[2],SIMDCPIStack.ScalarMem,0.00601243953006227,cycles/inst
GPU[1].SA[10].CU[2],SIMDCPIStack.ScalarMemInst,0.000103662750518307,cycles/inst
GPU[1].SA[10].CU[2],SIMDCPIStack.Special,0.0,cycles/inst
GPU[1].SA[10].CU[2],SIMDCPIStack.VALU,1.54281271596406,cycles/inst
GPU[1].SA[10].CU[2],SIMDCPIStack.VMem,0.540670352453349,cycles/inst
GPU[1].SA[10].CU[2],SIMDCPIStack.VMemInst,0.000276434001382308,cycles/inst
GPU[1].SA[10].CU[2],SIMDCPIStack.total,2.75988251554941,cycles/inst
GPU[1].SA[10].CU[3],CPIStack.Branch,0.000276709775137012,cycles/inst
GPU[1].SA[10].CU[3],CPIStack.Fetch,0.00656821624140713,cycles/inst
GPU[1].SA[10].CU[3],CPIStack.Idle,1.45636723755595e-05,cycles/inst
GPU[1].SA[10].CU[3],CPIStack.LDS,0.201473843644412,cycles/inst
GPU[1].SA[10].CU[3],CPIStack.ScalarInst,0.0413608295467773,cycles/inst
GPU[1].SA[10].CU[3],CPIStack.ScalarMem,0.00518466736572286,cycles/inst
GPU[1].SA[10].CU[3],CPIStack.ScalarMemInst,8.73820342537517e-05,cycles/inst
GPU[1].SA[10].CU[3],CPIStack.Special,0.0,cycles/inst
GPU[1].SA[10].CU[3],CPIStack.VALU,1.29836595595946,cycles/inst
GPU[1].SA[10].CU[3],CPIStack.VMem,0.456614819993011,cycles/inst
GPU[1].SA[10].CU[3],CPIStack.VMemInst,0.000233018758009939,cycles/inst
GPU[1].SA[10].CU[3],CPIStack.total,2.32643015262729,cycles/inst
GPU[1].SA[10].CU[3],SIMDCPIStack.Branch,0.000328265376641461,cycles/inst
GPU[1].SA[10].CU[3],SIMDCPIStack.Fetch,0.00779198341395956,cycles/inst
GPU[1].SA[10].CU[3],SIMDCPIStack.Idle,1.72771250863064e-05,cycles/inst
GPU[1].SA[10].CU[3],SIMDCPIStack.LDS,0.239011748445057,cycles/inst
GPU[1].SA[10].CU[3],SIMDCPIStack.ScalarInst,0.0490670352453338,cycles/inst
GPU[1].SA[10].CU[3],SIMDCPIStack.ScalarMem,0.00615065653075319,cycles/inst
GPU[1].SA[10].CU[3],SIMDCPIStack.ScalarMemInst,0.000103662750518307,cycles/inst
GPU[1].SA[10].CU[3],SIMDCPIStack.Special,0.0,cycles/inst
GPU[1].SA[10].CU[3],SIMDCPIStack.VALU,1.54027297857637,cycles/inst
GPU[1].SA[10].CU[3],SIMDCPIStack.VMem,0.54168970283345,cycles/inst
GPU[1].SA[10].CU[3],SIMDCPIStack.VMemInst,0.000276434001382074,cycles/inst
GPU[1].SA[10].CU[3],SIMDCPIStack.total,2.75988251554941,cycles/inst
GPU[1].SA[11].CU[0],CPIStack.Branch,0.000888384014913274,cycles/inst
GPU[1].SA[11].CU[0],CPIStack.Fetch,0.00869451240824878,cycles/inst
GPU[1].SA[11].CU[0],CPIStack.Idle,1.45636723755595e-05,cycles/inst
GPU[1].SA[11].CU[0],CPIStack.LDS,0.146219270651285,cycles/inst
GPU[1].SA[11].CU[0],CPIStack.ScalarInst,0.0279185599440735,cycles/inst
GPU[1].SA[11].CU[0],CPIStack.ScalarMem,0.00506815798671789,cycles/inst
GPU[1].SA[11].CU[0],CPIStack.ScalarMemInst,8.73820342537517e-05,cycles/inst
GPU[1].SA[11].CU[0],CPIStack.Special,4.36910171271719e-05,cycles/inst
GPU[1].SA[11].CU[0],CPIStack.VALU,1.37183968309449,cycles/inst
GPU[1].SA[11].CU[0],CPIStack.VMem,0.449187347081442,cycles/inst
GPU[1].SA[11].CU[0],CPIStack.VMemInst,0.000174764068507503,cycles/inst
GPU[1].SA[11].CU[0],CPIStack.total,2.32643015262729,cycles/inst
GPU[1].SA[11].CU[0],SIMDCPIStack.Branch,0.00105390463026961,cycles/inst
GPU[1].SA[11].CU[0],SIMDCPIStack.Fetch,0.0103144436765721,cycles/inst
GPU[1].SA[11].CU[0],SIMDCPIStack.Idle,1.72771250863064e-05,cycles/inst
GPU[1].SA[11].CU[0],SIMDCPIStack.LDS,0.173462335867309,cycles/inst
GPU[1].SA[11].CU[0],SIMDCPIStack.ScalarInst,0.0331202487905988,cycles/inst
GPU[1].SA[11].CU[0],SIMDCPIStack.ScalarMem,0.00601243953006215,cycles/inst
GPU[1].SA[11].CU[0],SIMDCPIStack.ScalarMemInst,0.000103662750518307,cycles/inst
GPU[1].SA[11].CU[0],SIMDCPIStack.Special,5.18313752595047e-05,cycles/inst
GPU[1].SA[11].CU[0],SIMDCPIStack.VALU,1.62743607463718,cycles/inst
GPU[1].SA[11].CU[0],SIMDCPIStack.VMem,0.532878369039395,cycles/inst
GPU[1].SA[11].CU[0],SIMDCPIStack.VMemInst,0.000207325501036614,cycles/inst
GPU[1].SA[11].CU[0],SIMDCPIStack.total,2.75988251554941,cycles/inst
GPU[1].SA[11].CU[1],CPIStack.Branch,0.000742747291157185,cycles/inst
GPU[1].SA[11].CU[1],CPIStack.Fetch,0.00798089246184311,cycles/inst
GPU[1].SA[11].CU[1],CPIStack.Idle,1.45636723755595e-05,cycles/inst
GPU[1].SA[11].CU[1],CPIStack.LDS,0.174807759524642,cycles/inst
GPU[1].SA[11].CU[1],CPIStack.ScalarInst,0.0354334148898979,cycles/inst
GPU[1].SA[11].CU[1],CPIStack.ScalarMem,0.00508272165909355,cycles/inst
GPU[1].SA[11].CU[1],CPIStack.ScalarMemInst,8.73820342537517e-05,cycles/inst
GPU[1].SA[11].CU[1],CPIStack.Special,2.91273447515137e-05,cycles/inst
GPU[1].SA[11].CU[1],CPIStack.VALU,1.33548875684493,cycles/inst
GPU[1].SA[11].CU[1],CPIStack.VMem,0.450294186181987,cycles/inst
GPU[1].SA[11].CU[1],CPIStack.VMemInst,0.00020389141325882,cycles/inst
GPU[1].SA[11].CU[1],CPIStack.total,2.32643015262729,cycles/inst
GPU[1].SA[11].CU[1],SIMDCPIStack.Branch,0.00088113337940596,cycles/inst
GPU[1].SA[11].CU[1],SIMDCPIStack.Fetch,0.00946786454733924,cycles/inst
GPU[1].SA[11].CU[1],SIMDCPIStack.Idle,1.72771250863064e-05,cycles/inst
GPU[1].SA[11].CU[1],SIMDCPIStack.LDS,0.207377332411887,cycles/inst
GPU[1].SA[11].CU[1],SIMDCPIStack.ScalarInst,0.0420352453351753,cycles/inst
GPU[1].SA[11].CU[1],SIMDCPIStack.ScalarMem,0.00602971665514858,cycles/inst
GPU[1].SA[11].CU[1],SIMDCPIStack.ScalarMemInst,0.000103662750518307,cycles/inst
GPU[1].SA[11].CU[1],SIMDCPIStack.Special,3.45542501730812e-05,cycles/inst
GPU[1].SA[11].CU[1],SIMDCPIStack.VALU,1.58431237042156,cycles/inst
GPU[1].SA[11].CU[1],SIMDCPIStack.VMem,0.534191430545957,cycles/inst
GPU[1].SA[11].CU[1],SIMDCPIStack.VMemInst,0.000241879751209461,cycles/inst
GPU[1].SA[11].CU[1],SIMDCPIStack.total,2.75988251554941,cycles/inst
GPU[1].SA[11].CU[2],CPIStack.Branch,0.000247582430385794,cycles/inst
GPU[1].SA[11].CU[2],CPIStack.Fetch,0.00776243737620873,cycles/inst
GPU[1].SA[11].CU[2],CPIStack.Idle,1.45636723755595e-05,cycles/inst
GPU[1].SA[11].CU[2],CPIStack.LDS,0.214828731212859,cycles/inst
GPU[1].SA[11].CU[2],CPIStack.ScalarInst,0.0438657811953837,cycles/inst
GPU[1].SA[11].CU[2],CPIStack.ScalarMem,0.00506815798671799,cycles/inst
GPU[1].SA[11].CU[2],CPIStack.ScalarMemInst,8.73820342537517e-05,cycles/inst
GPU[1].SA[11].CU[2],CPIStack.Special,0.0,cycles/inst
GPU[1].SA[11].CU[2],CPIStack.VALU,1.28451590353024,cycles/inst
GPU[1].SA[11].CU[2],CPIStack.VMem,0.453541885121755,cycles/inst
GPU[1].SA[11].CU[2],CPIStack.VMemInst,0.000218455085634478,cycles/inst
GPU[1].SA[11].CU[2],CPIStack.total,2.32643015262729,cycles/inst
GPU[1].SA[11].CU[2],SIMDCPIStack.Branch,0.000293711126468731,cycles/inst
GPU[1].SA[11].CU[2],SIMDCPIStack.Fetch,0.00920870767104348,cycles/inst
GPU[1].SA[11].CU[2],SIMDCPIStack.Idle,1.72771250863064e-05,cycles/inst
GPU[1].SA[11].CU[2],SIMDCPIStack.LDS,0.25485487214927,cycles/inst
GPU[1].SA[11].CU[2],SIMDCPIStack.ScalarInst,0.0520387007601905,cycles/inst
GPU[1].SA[11].CU[2],SIMDCPIStack.ScalarMem,0.00601243953006227,cycles/inst
GPU[1].SA[11].CU[2],SIMDCPIStack.ScalarMemInst,0.000103662750518307,cycles/inst
GPU[1].SA[11].CU[2],SIMDCPIStack.Special,0.0,cycles/inst
GPU[1].SA[11].CU[2],SIMDCPIStack.VALU,1.52384243261922,cycles/inst
GPU[1].SA[11].CU[2],SIMDCPIStack.VMem,0.538044229440225,cycles/inst
GPU[1].SA[11].CU[2],SIMDCPIStack.VMemInst,0.000259156876295884,cycles/inst
GPU[1].SA[11].CU[2],SIMDCPIStack.total,2.75988251554941,cycles/inst
GPU[1].SA[11].CU[3],CPIStack.Branch,0.00055341955027353,cycles/inst
GPU[1].SA[11].CU[3],CPIStack.Fetch,0.00763136432482791,cycles/inst
GPU[1].SA[11].CU[3],CPIStack.Idle,1.45636723755595e-05,cycles/inst
GPU[1].SA[11].CU[3],CPIStack.LDS,0.214333566352092,cycles/inst
GPU[1].SA[11].CU[3],CPIStack.ScalarInst,0.0426861237329592,cycles/inst
GPU[1].SA[11].CU[3],CPIStack.ScalarMem,0.00518466736572286,cycles/inst
GPU[1].SA[11].CU[3],CPIStack.ScalarMemInst,8.73820342537517e-05,cycles/inst
GPU[1].SA[11].CU[3],CPIStack.Special,1.45636723756582e-05,cycles/inst
GPU[1].SA[11].CU[3],CPIStack.VALU,1.28104974950483,cycles/inst
GPU[1].SA[11].CU[3],CPIStack.VMem,0.458377024350462,cycles/inst
GPU[1].SA[11].CU[3],CPIStack.VMemInst,0.000233018758009939,cycles/inst
GPU[1].SA[11].CU[3],CPIStack.total,2.32643015262729,cycles/inst
GPU[1].SA[11].CU[3],SIMDCPIStack.Branch,0.000656530753282337,cycles/inst
GPU[1].SA[11].CU[3],SIMDCPIStack.Fetch,0.00905321354526578,cycles/inst
GPU[1].SA[11].CU[3],SIMDCPIStack.Idle,1.72771250863064e-05,cycles/inst
GPU[1].SA[11].CU[3],SIMDCPIStack.LDS,0.254267449896338,cycles/inst
GPU[1].SA[11].CU[3],SIMDCPIStack.ScalarInst,0.0506392536281947,cycles/inst
GPU[1].SA[11].CU[3],SIMDCPIStack.ScalarMem,0.00615065653075319,cycles/inst
GPU[1].SA[11].CU[3],SIMDCPIStack.ScalarMemInst,0.000103662750518307,cycles/inst
GPU[1].SA[11].CU[3],SIMDCPIStack.Special,1.72771250864235e-05,cycles/inst
GPU[1].SA[11].CU[3],SIMDCPIStack.VALU,1.51973047684865,cycles/inst
GPU[1].SA[11].CU[3],SIMDCPIStack.VMem,0.543780234968903,cycles/inst
GPU[1].SA[11].CU[3],SIMDCPIStack.VMemInst,0.000276434001382074,cycles/inst
GPU[1].SA[11].CU[3],SIMDCPIStack.total,2.75988251554941,cycles/inst
GPU[1].SA[12].CU[0],CPIStack.Branch,0.000961202376791268,cycles/inst
GPU[1].SA[12].CU[0],CPIStack.Fetch,0.00828672958173144,cycles/inst
GPU[1].SA[12].CU[0],CPIStack.Idle,1.45636723756582e-05,cycles/inst
GPU[1].SA[12].CU[0],CPIStack.LDS,0.127912734475124,cycles/inst
GPU[1].SA[12].CU[0],CPIStack.ScalarInst,0.0214522894093008,cycles/inst
GPU[1].SA[12].CU[0],CPIStack.ScalarMem,0.00506815798671789,cycles/inst
GPU[1].SA[12].CU[0],CPIStack.ScalarMemInst,8.73820342537517e-05,cycles/inst
GPU[1].SA[12].CU[0],CPIStack.Special,0.000101945706629607,cycles/inst
GPU[1].SA[12].CU[0],CPIStack.VALU,1.40609344052196,cycles/inst
GPU[1].SA[12].CU[0],CPIStack.VMem,0.439939415122916,cycles/inst
GPU[1].SA[12].CU[0],CPIStack.VMemInst,0.000174764068507503,cycles/inst
GPU[1].SA[12].CU[0],CPIStack.total,2.32641558895491,cycles/inst
GPU[1].SA[12].CU[0],SIMDCPIStack.Branch,0.00114029025570138,cycles/inst
GPU[1].SA[12].CU[0],SIMDCPIStack.Fetch,0.00983068417415355,cycles/inst
GPU[1].SA[12].CU[0],SIMDCPIStack.Idle,1.72771250864235e-05,cycles/inst
GPU[1].SA[12].CU[0],SIMDCPIStack.LDS,0.151744989633724,cycles/inst
GPU[1].SA[12].CU[0],SIMDCPIStack.ScalarInst,0.02544920525225,cycles/inst
GPU[1].SA[12].CU[0],SIMDCPIStack.ScalarMem,0.00601243953006215,cycles/inst
GPU[1].SA[12].CU[0],SIMDCPIStack.ScalarMemInst,0.000103662750518307,cycles/inst
GPU[1].SA[12].CU[0],SIMDCPIStack.Special,0.000120939875604965,cycles/inst
GPU[1].SA[12].CU[0],SIMDCPIStack.VALU,1.66807187284036,cycles/inst
GPU[1].SA[12].CU[0],SIMDCPIStack.VMem,0.521907394609536,cycles/inst
GPU[1].SA[12].CU[0],SIMDCPIStack.VMemInst,0.000207325501036614,cycles/inst
GPU[1].SA[12].CU[0],SIMDCPIStack.total,2.75986523842433,cycles/inst
GPU[1].SA[12].CU[1],CPIStack.Branch,0.000495164860771292,cycles/inst
GPU[1].SA[12].CU[1],CPIStack.Fetch,0.00786438308283814,cycles/inst
GPU[1].SA[12].CU[1],CPIStack.Idle,1.45636723756582e-05,cycles/inst
GPU[1].SA[12].CU[1],CPIStack.LDS,0.113014097634858,cycles/inst
GPU[1].SA[12].CU[1],CPIStack.ScalarInst,0.018160899452409,cycles/inst
GPU[1].SA[12].CU[1],CPIStack.ScalarMem,0.00508272165909355,cycles/inst
GPU[1].SA[12].CU[1],CPIStack.ScalarMemInst,8.73820342537517e-05,cycles/inst
GPU[1].SA[12].CU[1],CPIStack.Special,4.36910171269745e-05,cycles/inst
GPU[1].SA[12].CU[1],CPIStack.VALU,1.40578760340208,cycles/inst
GPU[1].SA[12].CU[1],CPIStack.VMem,0.459338226727249,cycles/inst
GPU[1].SA[12].CU[1],CPIStack.VMemInst,0.000203891413258622,cycles/inst
GPU[1].SA[12].CU[1],CPIStack.total,2.32641558895491,cycles/inst
GPU[1].SA[12].CU[1],SIMDCPIStack.Branch,0.000587422252937112,cycles/inst
GPU[1].SA[12].CU[1],SIMDCPIStack.Fetch,0.00932964754664821,cycles/inst
GPU[1].SA[12].CU[1],SIMDCPIStack.Idle,1.72771250864235e-05,cycles/inst
GPU[1].SA[12].CU[1],SIMDCPIStack.LDS,0.13407049067035,cycles/inst
GPU[1].SA[12].CU[1],SIMDCPIStack.ScalarInst,0.0215445749827266,cycles/inst
GPU[1].SA[12].CU[1],SIMDCPIStack.ScalarMem,0.00602971665514858,cycles/inst
GPU[1].SA[12].CU[1],SIMDCPIStack.ScalarMemInst,0.000103662750518307,cycles/inst
GPU[1].SA[12].CU[1],SIMDCPIStack.Special,5.18313752592705e-05,cycles/inst
GPU[1].SA[12].CU[1],SIMDCPIStack.VALU,1.66770905321355,cycles/inst
GPU[1].SA[12].CU[1],SIMDCPIStack.VMem,0.544920525224599,cycles/inst
GPU[1].SA[12].CU[1],SIMDCPIStack.VMemInst,0.000241879751209227,cycles/inst
GPU[1].SA[12].CU[1],SIMDCPIStack.total,2.75986523842433,cycles/inst
GPU[1].SA[12].CU[2],CPIStack.Branch,0.000553419550274024,cycles/inst
GPU[1].SA[12].CU[2],CPIStack.Fetch,0.0077041826867063,cycles/inst
GPU[1].SA[12].CU[2],CPIStack.Idle,1.45636723756582e-05,cycles/inst
GPU[1].SA[12].CU[2],CPIStack.LDS,0.126383548875685,cycles/inst
GPU[1].SA[12].CU[2],CPIStack.ScalarInst,0.0233018758010017,cycles/inst
GPU[1].SA[12].CU[2],CPIStack.ScalarMem,0.00506815798671799,cycles/inst
GPU[1].SA[12].CU[2],CPIStack.ScalarMemInst,8.73820342537517e-05,cycles/inst
GPU[1].SA[12].CU[2],CPIStack.Special,1.45636723756582e-05,cycles/inst
GPU[1].SA[12].CU[2],CPIStack.VALU,1.35816439473378,cycles/inst
GPU[1].SA[12].CU[2],CPIStack.VMem,0.488640335547011,cycles/inst
GPU[1].SA[12].CU[2],CPIStack.VMemInst,0.000218455085634478,cycles/inst
GPU[1].SA[12].CU[2],CPIStack.total,2.32641558895491,cycles/inst
GPU[1].SA[12].CU[2],SIMDCPIStack.Branch,0.000656530753282923,cycles/inst
GPU[1].SA[12].CU[2],SIMDCPIStack.Fetch,0.00913959917069802,cycles/inst
GPU[1].SA[12].CU[2],SIMDCPIStack.Idle,1.72771250864235e-05,cycles/inst
GPU[1].SA[12].CU[2],SIMDCPIStack.LDS,0.149930891499655,cycles/inst
GPU[1].SA[12].CU[2],SIMDCPIStack.ScalarInst,0.0276434001382166,cycles/inst
GPU[1].SA[12].CU[2],SIMDCPIStack.ScalarMem,0.00601243953006227,cycles/inst
GPU[1].SA[12].CU[2],SIMDCPIStack.ScalarMemInst,0.000103662750518307,cycles/inst
GPU[1].SA[12].CU[2],SIMDCPIStack.Special,1.72771250864235e-05,cycles/inst
GPU[1].SA[12].CU[2],SIMDCPIStack.VALU,1.61121285418106,cycles/inst
GPU[1].SA[12].CU[2],SIMDCPIStack.VMem,0.57968210089841,cycles/inst
GPU[1].SA[12].CU[2],SIMDCPIStack.VMemInst,0.000259156876295884,cycles/inst
GPU[1].SA[12].CU[2],SIMDCPIStack.total,2.75986523842433,cycles/inst
GPU[1].SA[12].CU[3],CPIStack.Branch,0.000247582430385794,cycles/inst
GPU[1].SA[12].CU[3],CPIStack.Fetch,0.00760223698007659,cycles/inst
GPU[1].SA[12].CU[3],CPIStack.Idle,1.45636723756582e-05,cycles/inst
GPU[1].SA[12].CU[3],CPIStack.LDS,0.14027729232203,cycles/inst
GPU[1].SA[12].CU[3],CPIStack.ScalarInst,0.02634568332751,cycles/inst
GPU[1].SA[12].CU[3],CPIStack.ScalarMem,0.00518466736572286,cycles/inst
GPU[1].SA[12].CU[3],CPIStack.ScalarMemInst,8.73820342537517e-05,cycles/inst
GPU[1].SA[12].CU[3],CPIStack.Special,0.0,cycles/inst
GPU[1].SA[12].CU[3],CPIStack.VALU,1.34166375393219,cycles/inst
GPU[1].SA[12].CU[3],CPIStack.VMem,0.488465571478505,cycles/inst
GPU[1].SA[12].CU[3],CPIStack.VMemInst,0.000233018758009939,cycles/inst
GPU[1].SA[12].CU[3],CPIStack.total,2.32641558895491,cycles/inst
GPU[1].SA[12].CU[3],SIMDCPIStack.Branch,0.000293711126468731,cycles/inst
GPU[1].SA[12].CU[3],SIMDCPIStack.Fetch,0.00901865929509293,cycles/inst
GPU[1].SA[12].CU[3],SIMDCPIStack.Idle,1.72771250864235e-05,cycles/inst
GPU[1].SA[12].CU[3],SIMDCPIStack.LDS,0.166413268832064,cycles/inst
GPU[1].SA[12].CU[3],SIMDCPIStack.ScalarInst,0.0312543192812741,cycles/inst
GPU[1].SA[12].CU[3],SIMDCPIStack.ScalarMem,0.00615065653075319,cycles/inst
GPU[1].SA[12].CU[3],SIMDCPIStack.ScalarMemInst,0.000103662750518307,cycles/inst
GPU[1].SA[12].CU[3],SIMDCPIStack.Special,0.0,cycles/inst
GPU[1].SA[12].CU[3],SIMDCPIStack.VALU,1.59163787145819,cycles/inst
GPU[1].SA[12].CU[3],SIMDCPIStack.VMem,0.579474775397375,cycles/inst
GPU[1].SA[12].CU[3],SIMDCPIStack.VMemInst,0.000276434001382074,cycles/inst
GPU[1].SA[12].CU[3],SIMDCPIStack.total,2.75986523842433,cycles/inst
GPU[1].SA[13].CU[0],CPIStack.Branch,0.000830129325410542,cycles/inst
GPU[1].SA[13].CU[0],CPIStack.Fetch,0.00815565653035052,cycles/inst
GPU[1].SA[13].CU[0],CPIStack.Idle,1.45636723756582e-05,cycles/inst
GPU[1].SA[13].CU[0],CPIStack.LDS,0.138311196551318,cycles/inst
GPU[1].SA[13].CU[0],CPIStack.ScalarInst,0.0273942677385567,cycles/inst
GPU[1].SA[13].CU[0],CPIStack.ScalarMem,0.00506815798671789,cycles/inst
GPU[1].SA[13].CU[0],CPIStack.ScalarMemInst,8.73820342537517e-05,cycles/inst
GPU[1].SA[13].CU[0],CPIStack.Special,5.82546895027314e-05,cycles/inst
GPU[1].SA[13].CU[0],CPIStack.VALU,1.36381509961552,cycles/inst
GPU[1].SA[13].CU[0],CPIStack.VMem,0.4662414074333,cycles/inst
GPU[1].SA[13].CU[0],CPIStack.VMemInst,0.000174764068507503,cycles/inst
GPU[1].SA[13].CU[0],CPIStack.total,2.32641558895491,cycles/inst
GPU[1].SA[13].CU[0],SIMDCPIStack.Branch,0.000984796129923799,cycles/inst
GPU[1].SA[13].CU[0],SIMDCPIStack.Fetch,0.00967519004837574,cycles/inst
GPU[1].SA[13].CU[0],SIMDCPIStack.Idle,1.72771250864235e-05,cycles/inst
GPU[1].SA[13].CU[0],SIMDCPIStack.LDS,0.1640808569454,cycles/inst
GPU[1].SA[13].CU[0],SIMDCPIStack.ScalarInst,0.0324982722874958,cycles/inst
GPU[1].SA[13].CU[0],SIMDCPIStack.ScalarMem,0.00601243953006215,cycles/inst
GPU[1].SA[13].CU[0],SIMDCPIStack.ScalarMemInst,0.000103662750518307,cycles/inst
GPU[1].SA[13].CU[0],SIMDCPIStack.Special,6.91085003458111e-05,cycles/inst
GPU[1].SA[13].CU[0],SIMDCPIStack.VALU,1.61791637871458,cycles/inst
GPU[1].SA[13].CU[0],SIMDCPIStack.VMem,0.553109882515551,cycles/inst
GPU[1].SA[13].CU[0],SIMDCPIStack.VMemInst,0.000207325501036614,cycles/inst
GPU[1].SA[13].CU[0],SIMDCPIStack.total,2.75986523842433,cycles/inst
GPU[1].SA[13].CU[1],CPIStack.Branch,0.000567983222649484,cycles/inst
GPU[1].SA[13].CU[1],CPIStack.Fetch,0.00789351042758926,cycles/inst
GPU[1].SA[13].CU[1],CPIStack.Idle,1.45636723756582e-05,cycles/inst
GPU[1].SA[13].CU[1],CPIStack.LDS,0.145651287428641,cycles/inst
GPU[1].SA[13].CU[1],CPIStack.ScalarInst,0.0286030525457275,cycles/inst
GPU[1].SA[13].CU[1],CPIStack.ScalarMem,0.00508272165909355,cycles/inst
GPU[1].SA[13].CU[1],CPIStack.ScalarMemInst,8.73820342537517e-05,cycles/inst
GPU[1].SA[13].CU[1],CPIStack.Special,2.91273447515137e-05,cycles/inst
GPU[1].SA[13].CU[1],CPIStack.VALU,1.35472736805313,cycles/inst
GPU[1].SA[13].CU[1],CPIStack.VMem,0.467275428171968,cycles/inst
GPU[1].SA[13].CU[1],CPIStack.VMemInst,0.000189327740883161,cycles/inst
GPU[1].SA[13].CU[1],CPIStack.total,2.32641558895491,cycles/inst
GPU[1].SA[13].CU[1],SIMDCPIStack.Branch,0.000673807878369112,cycles/inst
GPU[1].SA[13].CU[1],SIMDCPIStack.Fetch,0.00936420179682082,cycles/inst
GPU[1].SA[13].CU[1],SIMDCPIStack.Idle,1.72771250864235e-05,cycles/inst
GPU[1].SA[13].CU[1],SIMDCPIStack.LDS,0.172788527988946,cycles/inst
GPU[1].SA[13].CU[1],SIMDCPIStack.ScalarInst,0.0339322736696585,cycles/inst
GPU[1].SA[13].CU[1],SIMDCPIStack.ScalarMem,0.00602971665514858,cycles/inst
GPU[1].SA[13].CU[1],SIMDCPIStack.ScalarMemInst,0.000103662750518307,cycles/inst
GPU[1].SA[13].CU[1],SIMDCPIStack.Special,3.45542501730812e-05,cycles/inst
GPU[1].SA[13].CU[1],SIMDCPIStack.VALU,1.60713545266068,cycles/inst
GPU[1].SA[13].CU[1],SIMDCPIStack.VMem,0.554336558396683,cycles/inst
GPU[1].SA[13].CU[1],SIMDCPIStack.VMemInst,0.000224602626123037,cycles/inst
GPU[1].SA[13].CU[1],SIMDCPIStack.total,2.75986523842433,cycles/inst
GPU[1].SA[13].CU[2],CPIStack.Branch,0.000524292205522707,cycles/inst
GPU[1].SA[13].CU[2],CPIStack.Fetch,0.00726727251543744,cycles/inst
GPU[1].SA[13].CU[2],CPIStack.Idle,1.45636723756582e-05,cycles/inst
GPU[1].SA[13].CU[2],CPIStack.LDS,0.171472678550621,cycles/inst
GPU[1].SA[13].CU[2],CPIStack.ScalarInst,0.0316468600722373,cycles/inst
GPU[1].SA[13].CU[2],CPIStack.ScalarMem,0.00506815798671799,cycles/inst
GPU[1].SA[13].CU[2],CPIStack.ScalarMemInst,8.73820342537517e-05,cycles/inst
GPU[1].SA[13].CU[2],CPIStack.Special,1.45636723756582e-05,cycles/inst
GPU[1].SA[13].CU[2],CPIStack.VALU,1.31391995805662,cycles/inst
GPU[1].SA[13].CU[2],CPIStack.VMem,0.479931259466389,cycles/inst
GPU[1].SA[13].CU[2],CPIStack.VMemInst,0.000218455085634478,cycles/inst
GPU[1].SA[13].CU[2],CPIStack.total,2.32641558895491,cycles/inst
GPU[1].SA[13].CU[2],SIMDCPIStack.Branch,0.000621976503110076,cycles/inst
GPU[1].SA[13].CU[2],SIMDCPIStack.Fetch,0.00862128541810636,cycles/inst
GPU[1].SA[13].CU[2],SIMDCPIStack.Idle,1.72771250864235e-05,cycles/inst
GPU[1].SA[13].CU[2],SIMDCPIStack.LDS,0.203420870767101,cycles/inst
GPU[1].SA[13].CU[2],SIMDCPIStack.ScalarInst,0.0375431928127177,cycles/inst
GPU[1].SA[13].CU[2],SIMDCPIStack.ScalarMem,0.00601243953006227,cycles/inst
GPU[1].SA[13].CU[2],SIMDCPIStack.ScalarMemInst,0.000103662750518307,cycles/inst
GPU[1].SA[13].CU[2],SIMDCPIStack.Special,1.72771250864235e-05,cycles/inst
GPU[1].SA[13].CU[2],SIMDCPIStack.VALU,1.55872494816862,cycles/inst
GPU[1].SA[13].CU[2],SIMDCPIStack.VMem,0.569350380096754,cycles/inst
GPU[1].SA[13].CU[2],SIMDCPIStack.VMemInst,0.000259156876295884,cycles/inst
GPU[1].SA[13].CU[2],SIMDCPIStack.total,2.75986523842433,cycles/inst
GPU[1].SA[13].CU[3],CPIStack.Branch,0.000553419550273925,cycles/inst
GPU[1].SA[13].CU[3],CPIStack.Fetch,0.00716532680880833,cycles/inst
GPU[1].SA[13].CU[3],CPIStack.Idle,1.45636723756582e-05,cycles/inst
GPU[1].SA[13].CU[3],CPIStack.LDS,0.182744960969356,cycles/inst
GPU[1].SA[13].CU[3],CPIStack.ScalarInst,0.0335110101363187,cycles/inst
GPU[1].SA[13].CU[3],CPIStack.ScalarMem,0.00518466736572286,cycles/inst
GPU[1].SA[13].CU[3],CPIStack.ScalarMemInst,8.73820342537517e-05,cycles/inst
GPU[1].SA[13].CU[3],CPIStack.Special,1.45636723756582e-05,cycles/inst
GPU[1].SA[13].CU[3],CPIStack.VALU,1.30363800535943,cycles/inst
GPU[1].SA[13].CU[3],CPIStack.VMem,0.47701852499126,cycles/inst
GPU[1].SA[13].CU[3],CPIStack.VMemInst,0.000233018758009939,cycles/inst
GPU[1].SA[13].CU[3],CPIStack.total,2.32641558895491,cycles/inst
GPU[1].SA[13].CU[3],SIMDCPIStack.Branch,0.000656530753282805,cycles/inst
GPU[1].SA[13].CU[3],SIMDCPIStack.Fetch,0.00850034554250199,cycles/inst
GPU[1].SA[13].CU[3],SIMDCPIStack.Idle,1.72771250864235e-05,cycles/inst
GPU[1].SA[13].CU[3],SIMDCPIStack.LDS,0.216793365583964,cycles/inst
GPU[1].SA[13].CU[3],SIMDCPIStack.ScalarInst,0.0397546648237766,cycles/inst
GPU[1].SA[13].CU[3],SIMDCPIStack.ScalarMem,0.00615065653075319,cycles/inst
GPU[1].SA[13].CU[3],SIMDCPIStack.ScalarMemInst,0.000103662750518307,cycles/inst
GPU[1].SA[13].CU[3],SIMDCPIStack.Special,1.72771250864235e-05,cycles/inst
GPU[1].SA[13].CU[3],SIMDCPIStack.VALU,1.54652729785764,cycles/inst
GPU[1].SA[13].CU[3],SIMDCPIStack.VMem,0.565894955079472,cycles/inst
GPU[1].SA[13].CU[3],SIMDCPIStack.VMemInst,0.000276434001382074,cycles/inst
GPU[1].SA[13].CU[3],SIMDCPIStack.total,2.75986523842433,cycles/inst
GPU[1].SA[14].CU[0],CPIStack.Branch,0.000567983222649781,cycles/inst
GPU[1].SA[14].CU[0],CPIStack.Fetch,0.00803914715134545,cycles/inst
GPU[1].SA[14].CU[0],CPIStack.Idle,1.45636723756582e-05,cycles/inst
GPU[1].SA[14].CU[0],CPIStack.LDS,0.13794710474193,cycles/inst
GPU[1].SA[14].CU[0],CPIStack.ScalarInst,0.0242922055225492,cycles/inst
GPU[1].SA[14].CU[0],CPIStack.ScalarMem,0.00506815798671789,cycles/inst
GPU[1].SA[14].CU[0],CPIStack.ScalarMemInst,8.73820342537517e-05,cycles/inst
GPU[1].SA[14].CU[0],CPIStack.Special,2.91273447515137e-05,cycles/inst
GPU[1].SA[14].CU[0],CPIStack.VALU,1.38301001980659,cycles/inst
GPU[1].SA[14].CU[0],CPIStack.VMem,0.450731096353255,cycles/inst
GPU[1].SA[14].CU[0],CPIStack.VMemInst,0.000305837119888229,cycles/inst
GPU[1].SA[14].CU[0],CPIStack.total,2.32640102528254,cycles/inst
GPU[1].SA[14].CU[0],SIMDCPIStack.Branch,0.000673807878369463,cycles/inst
GPU[1].SA[14].CU[0],SIMDCPIStack.Fetch,0.00953697304768459,cycles/inst
GPU[1].SA[14].CU[0],SIMDCPIStack.Idle,1.72771250864235e-05,cycles/inst
GPU[1].SA[14].CU[0],SIMDCPIStack.LDS,0.163648928818243,cycles/inst
GPU[1].SA[14].CU[0],SIMDCPIStack.ScalarInst,0.0288182446440967,cycles/inst
GPU[1].SA[14].CU[0],SIMDCPIStack.ScalarMem,0.00601243953006215,cycles/inst
GPU[1].SA[14].CU[0],SIMDCPIStack.ScalarMemInst,0.000103662750518307,cycles/inst
GPU[1].SA[14].CU[0],SIMDCPIStack.Special,3.45542501730812e-05,cycles/inst
GPU[1].SA[14].CU[0],SIMDCPIStack.VALU,1.64068762957844,cycles/inst
GPU[1].SA[14].CU[0],SIMDCPIStack.VMem,0.534709744298547,cycles/inst
GPU[1].SA[14].CU[0],SIMDCPIStack.VMemInst,0.000362819626814191,cycles/inst
GPU[1].SA[14].CU[0],SIMDCPIStack.total,2.75984796129924,cycles/inst
GPU[1].SA[14].CU[1],CPIStack.Branch,0.00055341955027353,cycles/inst
GPU[1].SA[14].CU[1],CPIStack.Fetch,0.0079517651170918,cycles/inst
GPU[1].SA[14].CU[1],CPIStack.Idle,1.45636723756582e-05,cycles/inst
GPU[1].SA[14].CU[1],CPIStack.LDS,0.151695211464524,cycles/inst
GPU[1].SA[14].CU[1],CPIStack.ScalarInst,0.029593382267273,cycles/inst
GPU[1].SA[14].CU[1],CPIStack.ScalarMem,0.00508272165909355,cycles/inst
GPU[1].SA[14].CU[1],CPIStack.ScalarMemInst,8.73820342537517e-05,cycles/inst
GPU[1].SA[14].CU[1],CPIStack.Special,2.91273447515137e-05,cycles/inst
GPU[1].SA[14].CU[1],CPIStack.VALU,1.35281952697192,cycles/inst
GPU[1].SA[14].CU[1],CPIStack.VMem,0.461930560410111,cycles/inst
GPU[1].SA[14].CU[1],CPIStack.VMemInst,0.000334964464639743,cycles/inst
GPU[1].SA[14].CU[1],CPIStack.total,2.32640102528254,cycles/inst
GPU[1].SA[14].CU[1],SIMDCPIStack.Branch,0.000656530753282337,cycles/inst
GPU[1].SA[14].CU[1],SIMDCPIStack.Fetch,0.0094333102971664,cycles/inst
GPU[1].SA[14].CU[1],SIMDCPIStack.Idle,1.72771250864235e-05,cycles/inst
GPU[1].SA[14].CU[1],SIMDCPIStack.LDS,0.179958534899794,cycles/inst
GPU[1].SA[14].CU[1],SIMDCPIStack.ScalarInst,0.0351071181755361,cycles/inst
GPU[1].SA[14].CU[1],SIMDCPIStack.ScalarMem,0.00602971665514858,cycles/inst
GPU[1].SA[14].CU[1],SIMDCPIStack.ScalarMemInst,0.000103662750518307,cycles/inst
GPU[1].SA[14].CU[1],SIMDCPIStack.Special,3.45542501730812e-05,cycles/inst
GPU[1].SA[14].CU[1],SIMDCPIStack.VALU,1.60487214927436,cycles/inst
GPU[1].SA[14].CU[1],SIMDCPIStack.VMem,0.547995853489977,cycles/inst
GPU[1].SA[14].CU[1],SIMDCPIStack.VMemInst,0.000397373876987272,cycles/inst
GPU[1].SA[14].CU[1],SIMDCPIStack.total,2.75984796129924,cycles/inst
GPU[1].SA[14].CU[2],CPIStack.Branch,0.000611674239776558,cycles/inst
GPU[1].SA[14].CU[2],CPIStack.Fetch,0.00773331003145752,cycles/inst
GPU[1].SA[14].CU[2],CPIStack.Idle,1.45636723756582e-05,cycles/inst
GPU[1].SA[14].CU[2],CPIStack.LDS,0.188075265058841,cycles/inst
GPU[1].SA[14].CU[2],CPIStack.ScalarInst,0.0360450891296767,cycles/inst
GPU[1].SA[14].CU[2],CPIStack.ScalarMem,0.00506815798671799,cycles/inst
GPU[1].SA[14].CU[2],CPIStack.ScalarMemInst,8.73820342537517e-05,cycles/inst
GPU[1].SA[14].CU[2],CPIStack.Special,1.45636723756582e-05,cycles/inst
GPU[1].SA[14].CU[2],CPIStack.VALU,1.30318653151578,cycles/inst
GPU[1].SA[14].CU[2],CPIStack.VMem,0.469066759874167,cycles/inst
GPU[1].SA[14].CU[2],CPIStack.VMemInst,0.000218455085634478,cycles/inst
GPU[1].SA[14].CU[2],CPIStack.total,2.32640102528254,cycles/inst
GPU[1].SA[14].CU[2],SIMDCPIStack.Branch,0.0007256392536285,cycles/inst
GPU[1].SA[14].CU[2],SIMDCPIStack.Fetch,0.00917415342087075,cycles/inst
GPU[1].SA[14].CU[2],SIMDCPIStack.Idle,1.72771250864235e-05,cycles/inst
GPU[1].SA[14].CU[2],SIMDCPIStack.LDS,0.223116793365589,cycles/inst
GPU[1].SA[14].CU[2],SIMDCPIStack.ScalarInst,0.0427608845888065,cycles/inst
GPU[1].SA[14].CU[2],SIMDCPIStack.ScalarMem,0.00601243953006227,cycles/inst
GPU[1].SA[14].CU[2],SIMDCPIStack.ScalarMemInst,0.000103662750518307,cycles/inst
GPU[1].SA[14].CU[2],SIMDCPIStack.Special,1.72771250864235e-05,cycles/inst
GPU[1].SA[14].CU[2],SIMDCPIStack.VALU,1.54599170697995,cycles/inst
GPU[1].SA[14].CU[2],SIMDCPIStack.VMem,0.556461644782305,cycles/inst
GPU[1].SA[14].CU[2],SIMDCPIStack.VMemInst,0.000259156876295884,cycles/inst
GPU[1].SA[14].CU[2],SIMDCPIStack.total,2.75984796129924,cycles/inst
GPU[1].SA[14].CU[3],CPIStack.Branch,0.000553419550273925,cycles/inst
GPU[1].SA[14].CU[3],CPIStack.Fetch,0.00757310963532537,cycles/inst
GPU[1].SA[14].CU[3],CPIStack.Idle,1.45636723756582e-05,cycles/inst
GPU[1].SA[14].CU[3],CPIStack.LDS,0.198896073633924,cycles/inst
GPU[1].SA[14].CU[3],CPIStack.ScalarInst,0.0362926715600591,cycles/inst
GPU[1].SA[14].CU[3],CPIStack.ScalarMem,0.00518466736572286,cycles/inst
GPU[1].SA[14].CU[3],CPIStack.ScalarMemInst,8.73820342537517e-05,cycles/inst
GPU[1].SA[14].CU[3],CPIStack.Special,1.45636723756582e-05,cycles/inst
GPU[1].SA[14].CU[3],CPIStack.VALU,1.29098217406501,cycles/inst
GPU[1].SA[14].CU[3],CPIStack.VMem,0.470290108353728,cycles/inst
GPU[1].SA[14].CU[3],CPIStack.VMemInst,0.000233018758009939,cycles/inst
GPU[1].SA[14].CU[3],CPIStack.total,2.32640102528254,cycles/inst
GPU[1].SA[14].CU[3],SIMDCPIStack.Branch,0.000656530753282805,cycles/inst
GPU[1].SA[14].CU[3],SIMDCPIStack.Fetch,0.00898410504492021,cycles/inst
GPU[1].SA[14].CU[3],SIMDCPIStack.Idle,1.72771250864235e-05,cycles/inst
GPU[1].SA[14].CU[3],SIMDCPIStack.LDS,0.235953697304765,cycles/inst
GPU[1].SA[14].CU[3],SIMDCPIStack.ScalarInst,0.0430545957152713,cycles/inst
GPU[1].SA[14].CU[3],SIMDCPIStack.ScalarMem,0.00615065653075319,cycles/inst
GPU[1].SA[14].CU[3],SIMDCPIStack.ScalarMemInst,0.000103662750518307,cycles/inst
GPU[1].SA[14].CU[3],SIMDCPIStack.Special,1.72771250864235e-05,cycles/inst
GPU[1].SA[14].CU[3],SIMDCPIStack.VALU,1.53151347615757,cycles/inst
GPU[1].SA[14].CU[3],SIMDCPIStack.VMem,0.557912923289571,cycles/inst
GPU[1].SA[14].CU[3],SIMDCPIStack.VMemInst,0.000276434001382074,cycles/inst
GPU[1].SA[14].CU[3],SIMDCPIStack.total,2.75984796129924,cycles/inst
GPU[1].SA[15].CU[0],CPIStack.Branch,0.000699056274030013,cycles/inst
GPU[1].SA[15].CU[0],CPIStack.Fetch,0.00776243737620883,cycles/inst
GPU[1].SA[15].CU[0],CPIStack.Idle,1.45636723756582e-05,cycles/inst
GPU[1].SA[15].CU[0],CPIStack.LDS,0.137655831294423,cycles/inst
GPU[1].SA[15].CU[0],CPIStack.ScalarInst,0.0251660258650819,cycles/inst
GPU[1].SA[15].CU[0],CPIStack.ScalarMem,0.00506815798671789,cycles/inst
GPU[1].SA[15].CU[0],CPIStack.ScalarMemInst,8.73820342537517e-05,cycles/inst
GPU[1].SA[15].CU[0],CPIStack.Special,2.91273447512177e-05,cycles/inst
GPU[1].SA[15].CU[0],CPIStack.VALU,1.38226727251543,cycles/inst
GPU[1].SA[15].CU[0],CPIStack.VMem,0.451313643248283,cycles/inst
GPU[1].SA[15].CU[0],CPIStack.VMemInst,0.000174764068507503,cycles/inst
GPU[1].SA[15].CU[0],CPIStack.total,2.32640102528254,cycles/inst
GPU[1].SA[15].CU[0],SIMDCPIStack.Branch,0.000829302004146455,cycles/inst
GPU[1].SA[15].CU[0],SIMDCPIStack.Fetch,0.00920870767104359,cycles/inst
GPU[1].SA[15].CU[0],SIMDCPIStack.Idle,1.72771250864235e-05,cycles/inst
GPU[1].SA[15].CU[0],SIMDCPIStack.LDS,0.163303386316521,cycles/inst
GPU[1].SA[15].CU[0],SIMDCPIStack.ScalarInst,0.029854872149274,cycles/inst
GPU[1].SA[15].CU[0],SIMDCPIStack.ScalarMem,0.00601243953006215,cycles/inst
GPU[1].SA[15].CU[0],SIMDCPIStack.ScalarMemInst,0.000103662750518307,cycles/inst
GPU[1].SA[15].CU[0],SIMDCPIStack.Special,3.45542501727299e-05,cycles/inst
GPU[1].SA[15].CU[0],SIMDCPIStack.VALU,1.63980649619903,cycles/inst
GPU[1].SA[15].CU[0],SIMDCPIStack.VMem,0.535400829302006,cycles/inst
GPU[1].SA[15].CU[0],SIMDCPIStack.VMemInst,0.000207325501036614,cycles/inst
GPU[1].SA[15].CU[0],SIMDCPIStack.total,2.75984796129924,cycles/inst
GPU[1].SA[15].CU[1],CPIStack.Branch,0.00055341955027353,cycles/inst
GPU[1].SA[15].CU[1],CPIStack.Fetch,0.0074566002563207,cycles/inst
GPU[1].SA[15].CU[1],CPIStack.Idle,1.45636723756582e-05,cycles/inst
GPU[1].SA[15].CU[1],CPIStack.LDS,0.162210182919722,cycles/inst
GPU[1].SA[15].CU[1],CPIStack.ScalarInst,0.0310060584877097,cycles/inst
GPU[1].SA[15].CU[1],CPIStack.ScalarMem,0.00508272165909355,cycles/inst
GPU[1].SA[15].CU[1],CPIStack.ScalarMemInst,8.73820342537517e-05,cycles/inst
GPU[1].SA[15].CU[1],CPIStack.Special,1.45636723756582e-05,cycles/inst
GPU[1].SA[15].CU[1],CPIStack.VALU,1.34881451706863,cycles/inst
GPU[1].SA[15].CU[1],CPIStack.VMem,0.454692415239426,cycles/inst
GPU[1].SA[15].CU[1],CPIStack.VMemInst,0.000189327740883161,cycles/inst
GPU[1].SA[15].CU[1],CPIStack.total,2.32640102528254,cycles/inst
GPU[1].SA[15].CU[1],SIMDCPIStack.Branch,0.000656530753282337,cycles/inst
GPU[1].SA[15].CU[1],SIMDCPIStack.Fetch,0.00884588804422952,cycles/inst
GPU[1].SA[15].CU[1],SIMDCPIStack.Idle,1.72771250864235e-05,cycles/inst
GPU[1].SA[15].CU[1],SIMDCPIStack.LDS,0.192432619212159,cycles/inst
GPU[1].SA[15].CU[1],SIMDCPIStack.ScalarInst,0.0367829993089167,cycles/inst
GPU[1].SA[15].CU[1],SIMDCPIStack.ScalarMem,0.00602971665514858,cycles/inst
GPU[1].SA[15].CU[1],SIMDCPIStack.ScalarMemInst,0.000103662750518307,cycles/inst
GPU[1].SA[15].CU[1],SIMDCPIStack.Special,1.72771250864235e-05,cycles/inst
GPU[1].SA[15].CU[1],SIMDCPIStack.VALU,1.60012093987561,cycles/inst
GPU[1].SA[15].CU[1],SIMDCPIStack.VMem,0.539409122322045,cycles/inst
GPU[1].SA[15].CU[1],SIMDCPIStack.VMemInst,0.000224602626123037,cycles/inst
GPU[1].SA[15].CU[1],SIMDCPIStack.total,2.75984796129924,cycles/inst
GPU[1].SA[15].CU[2],CPIStack.Branch,0.000582546895025241,cycles/inst
GPU[1].SA[15].CU[2],CPIStack.Fetch,0.00699056274030053,cycles/inst
GPU[1].SA[15].CU[2],CPIStack.Idle,1.45636723756582e-05,cycles/inst
GPU[1].SA[15].CU[2],CPIStack.LDS,0.206993475474777,cycles/inst
GPU[1].SA[15].CU[2],CPIStack.ScalarInst,0.0394529884655692,cycles/inst
GPU[1].SA[15].CU[2],CPIStack.ScalarMem,0.00506815798671799,cycles/inst
GPU[1].SA[15].CU[2],CPIStack.ScalarMemInst,8.73820342537517e-05,cycles/inst
GPU[1].SA[15].CU[2],CPIStack.Special,1.45636723756582e-05,cycles/inst
GPU[1].SA[15].CU[2],CPIStack.VALU,1.29168123033904,cycles/inst
GPU[1].SA[15].CU[2],CPIStack.VMem,0.459017825934987,cycles/inst
GPU[1].SA[15].CU[2],CPIStack.VMemInst,0.000233018758009939,cycles/inst
GPU[1].SA[15].CU[2],CPIStack.total,2.32640102528254,cycles/inst
GPU[1].SA[15].CU[2],SIMDCPIStack.Branch,0.000691085003455652,cycles/inst
GPU[1].SA[15].CU[2],SIMDCPIStack.Fetch,0.00829302004146502,cycles/inst
GPU[1].SA[15].CU[2],SIMDCPIStack.Idle,1.72771250864235e-05,cycles/inst
GPU[1].SA[15].CU[2],SIMDCPIStack.LDS,0.2455597788528,cycles/inst
GPU[1].SA[15].CU[2],SIMDCPIStack.ScalarInst,0.0468037318590159,cycles/inst
GPU[1].SA[15].CU[2],SIMDCPIStack.ScalarMem,0.00601243953006227,cycles/inst
GPU[1].SA[15].CU[2],SIMDCPIStack.ScalarMemInst,0.000103662750518307,cycles/inst
GPU[1].SA[15].CU[2],SIMDCPIStack.Special,1.72771250864235e-05,cycles/inst
GPU[1].SA[15].CU[2],SIMDCPIStack.VALU,1.53234277816172,cycles/inst
GPU[1].SA[15].CU[2],SIMDCPIStack.VMem,0.544540428472701,cycles/inst
GPU[1].SA[15].CU[2],SIMDCPIStack.VMemInst,0.000276434001382074,cycles/inst
GPU[1].SA[15].CU[2],SIMDCPIStack.total,2.75984796129924,cycles/inst
GPU[1].SA[15].CU[3],CPIStack.Branch,0.000553419550273925,cycles/inst
GPU[1].SA[15].CU[3],CPIStack.Fetch,0.00688861703367072,cycles/inst
GPU[1].SA[15].CU[3],CPIStack.Idle,1.45636723756582e-05,cycles/inst
GPU[1].SA[15].CU[3],CPIStack.LDS,0.208537224746589,cycles/inst
GPU[1].SA[15].CU[3],CPIStack.ScalarInst,0.0391325876733113,cycles/inst
GPU[1].SA[15].CU[3],CPIStack.ScalarMem,0.00518466736572286,cycles/inst
GPU[1].SA[15].CU[3],CPIStack.ScalarMemInst,8.73820342537517e-05,cycles/inst
GPU[1].SA[15].CU[3],CPIStack.Special,1.45636723756582e-05,cycles/inst
GPU[1].SA[15].CU[3],CPIStack.VALU,1.28828789467552,cycles/inst
GPU[1].SA[15].CU[3],CPIStack.VMem,0.461202376791332,cycles/inst
GPU[1].SA[15].CU[3],CPIStack.VMemInst,0.000233018758009939,cycles/inst
GPU[1].SA[15].CU[3],CPIStack.total,2.32640102528254,cycles/inst
GPU[1].SA[15].CU[3],SIMDCPIStack.Branch,0.000656530753282805,cycles/inst
GPU[1].SA[15].CU[3],SIMDCPIStack.Fetch,0.00817208016585982,cycles/inst
GPU[1].SA[15].CU[3],SIMDCPIStack.Idle,1.72771250864235e-05,cycles/inst
GPU[1].SA[15].CU[3],SIMDCPIStack.LDS,0.247391154111952,cycles/inst
GPU[1].SA[15].CU[3],SIMDCPIStack.ScalarInst,0.0464236351071224,cycles/inst
GPU[1].SA[15].CU[3],SIMDCPIStack.ScalarMem,0.00615065653075319,cycles/inst
GPU[1].SA[15].CU[3],SIMDCPIStack.ScalarMemInst,0.000103662750518307,cycles/inst
GPU[1].SA[15].CU[3],SIMDCPIStack.Special,1.72771250864235e-05,cycles/inst
GPU[1].SA[15].CU[3],SIMDCPIStack.VALU,1.52831720801659,cycles/inst
GPU[1].SA[15].CU[3],SIMDCPIStack.VMem,0.54713199723566,cycles/inst
GPU[1].SA[15].CU[3],SIMDCPIStack.VMemInst,0.000276434001382074,cycles/inst
GPU[1].SA[15].CU[3],SIMDCPIStack.total,2.75984796129924,cycles/inst
GPU[1].SA[0].CU[0].SIMD0,busy_time,5.788e-05,second
GPU[1].SA[0].CU[0].SIMD1,busy_time,5.788e-05,second
GPU[1].SA[0].CU[0].SIMD2,busy_time,5.788e-05,second
GPU[1].SA[0].CU[0].SIMD3,busy_time,5.788e-05,second
GPU[1].SA[0].CU[1].SIMD0,busy_time,5.788e-05,second
GPU[1].SA[0].CU[1].SIMD1,busy_time,5.788e-05,second
GPU[1].SA[0].CU[1].SIMD2,busy_time,5.788e-05,second
GPU[1].SA[0].CU[1].SIMD3,busy_time,5.788e-05,second
GPU[1].SA[0].CU[2].SIMD0,busy_time,5.788e-05,second
GPU[1].SA[0].CU[2].SIMD1,busy_time,5.788e-05,second
GPU[1].SA[0].CU[2].SIMD2,busy_time,5.788e-05,second
GPU[1].SA[0].CU[2].SIMD3,busy_time,5.788e-05,second
GPU[1].SA[0].CU[3].SIMD0,busy_time,5.788e-05,second
GPU[1].SA[0].CU[3].SIMD1,busy_time,5.788e-05,second
GPU[1].SA[0].CU[3].SIMD2,busy_time,5.788e-05,second
GPU[1].SA[0].CU[3].SIMD3,busy_time,5.788e-05,second
GPU[1].SA[1].CU[0].SIMD0,busy_time,5.788e-05,second
GPU[1].SA[1].CU[0].SIMD1,busy_time,5.788e-05,second
GPU[1].SA[1].CU[0].SIMD2,busy_time,5.788e-05,second
GPU[1].SA[1].CU[0].SIMD3,busy_time,5.788e-05,second
GPU[1].SA[1].CU[1].SIMD0,busy_time,5.788e-05,second
GPU[1].SA[1].CU[1].SIMD1,busy_time,5.788e-05,second
GPU[1].SA[1].CU[1].SIMD2,busy_time,5.788e-05,second
GPU[1].SA[1].CU[1].SIMD3,busy_time,5.788e-05,second
GPU[1].SA[1].CU[2].SIMD0,busy_time,5.788e-05,second
GPU[1].SA[1].CU[2].SIMD1,busy_time,5.788e-05,second
GPU[1].SA[1].CU[2].SIMD2,busy_time,5.788e-05,second
GPU[1].SA[1].CU[2].SIMD3,busy_time,5.788e-05,second
GPU[1].SA[1].CU[3].SIMD0,busy_time,5.788e-05,second
GPU[1].SA[1].CU[3].SIMD1,busy_time,5.788e-05,second
GPU[1].SA[1].CU[3].SIMD2,busy_time,5.788e-05,second
GPU[1].SA[1].CU[3].SIMD3,busy_time,5.788e-05,second
GPU[1].SA[2].CU[0].SIMD0,busy_time,5.788e-05,second
GPU[1].SA[2].CU[0].SIMD1,busy_time,5.788e-05,second
GPU[1].SA[2].CU[0].SIMD2,busy_time,5.788e-05,second
GPU[1].SA[2].CU[0].SIMD3,busy_time,5.788e-05,second
GPU[1].SA[2].CU[1].SIMD0,busy_time,5.788e-05,second
GPU[1].SA[2].CU[1].SIMD1,busy_time,5.788e-05,second
GPU[1].SA[2].CU[1].SIMD2,busy_time,5.788e-05,second
GPU[1].SA[2].CU[1].SIMD3,busy_time,5.788e-05,second
GPU[1].SA[2].CU[2].SIMD0,busy_time,5.788e-05,second
GPU[1].SA[2].CU[2].SIMD1,busy_time,5.788e-05,second
GPU[1].SA[2].CU[2].SIMD2,busy_time,5.788e-05,second
GPU[1].SA[2].CU[2].SIMD3,busy_time,5.788e-05,second
GPU[1].SA[2].CU[3].SIMD0,busy_time,5.788e-05,second
GPU[1].SA[2].CU[3].SIMD1,busy_time,5.788e-05,second
GPU[1].SA[2].CU[3].SIMD2,busy_time,5.788e-05,second
GPU[1].SA[2].CU[3].SIMD3,busy_time,5.788e-05,second
GPU[1].SA[3].CU[0].SIMD0,busy_time,5.788e-05,second
GPU[1].SA[3].CU[0].SIMD1,busy_time,5.788e-05,second
GPU[1].SA[3].CU[0].SIMD2,busy_time,5.788e-05,second
GPU[1].SA[3].CU[0].SIMD3,busy_time,5.788e-05,second
GPU[1].SA[3].CU[1].SIMD0,busy_time,5.788e-05,second
GPU[1].SA[3].CU[1].SIMD1,busy_time,5.788e-05,second
GPU[1].SA[3].CU[1].SIMD2,busy_time,5.788e-05,second
GPU[1].SA[3].CU[1].SIMD3,busy_time,5.788e-05,second
GPU[1].SA[3].CU[2].SIMD0,busy_time,5.788e-05,second
GPU[1].SA[3].CU[2].SIMD1,busy_time,5.788e-05,second
GPU[1].SA[3].CU[2].SIMD2,busy_time,5.788e-05,second
GPU[1].SA[3].CU[2].SIMD3,busy_time,5.788e-05,second
GPU[1].SA[3].CU[3].SIMD0,busy_time,5.788e-05,second
GPU[1].SA[3].CU[3].SIMD1,busy_time,5.788e-05,second
GPU[1].SA[3].CU[3].SIMD2,busy_time,5.788e-05,second
GPU[1].SA[3].CU[3].SIMD3,busy_time,5.788e-05,second
GPU[1].SA[4].CU[0].SIMD0,busy_time,5.788e-05,second
GPU[1].SA[4].CU[0].SIMD1,busy_time,5.788e-05,second
GPU[1].SA[4].CU[0].SIMD2,busy_time,5.788e-05,second
GPU[1].SA[4].CU[0].SIMD3,busy_time,5.788e-05,second
GPU[1].SA[4].CU[1].SIMD0,busy_time,5.788e-05,second
GPU[1].SA[4].CU[1].SIMD1,busy_time,5.788e-05,second
GPU[1].SA[4].CU[1].SIMD2,busy_time,5.788e-05,second
GPU[1].SA[4].CU[1].SIMD3,busy_time,5.788e-05,second
GPU[1].SA[4].CU[2].SIMD0,busy_time,5.788e-05,second
GPU[1].SA[4].CU[2].SIMD1,busy_time,5.788e-05,second
GPU[1].SA[4].CU[2].SIMD2,busy_time,5.788e-05,second
GPU[1].SA[4].CU[2].SIMD3,busy_time,5.788e-05,second
GPU[1].SA[4].CU[3].SIMD0,busy_time,5.788e-05,second
GPU[1].SA[4].CU[3].SIMD1,busy_time,5.788e-05,second
GPU[1].SA[4].CU[3].SIMD2,busy_time,5.788e-05,second
GPU[1].SA[4].CU[3].SIMD3,busy_time,5.788e-05,second
GPU[1].SA[5].CU[0].SIMD0,busy_time,5.788e-05,second
GPU[1].SA[5].CU[0].SIMD1,busy_time,5.788e-05,second
GPU[1].SA[5].CU[0].SIMD2,busy_time,5.788e-05,second
GPU[1].SA[5].CU[0].SIMD3,busy_time,5.788e-05,second
GPU[1].SA[5].CU[1].SIMD0,busy_time,5.788e-05,second
GPU[1].SA[5].CU[1].SIMD1,busy_time,5.788e-05,second
GPU[1].SA[5].CU[1].SIMD2,busy_time,5.788e-05,second
GPU[1].SA[5].CU[1].SIMD3,busy_time,5.788e-05,second
GPU[1].SA[5].CU[2].SIMD0,busy_time,5.788e-05,second
GPU[1].SA[5].CU[2].SIMD1,busy_time,5.788e-05,second
GPU[1].SA[5].CU[2].SIMD2,busy_time,5.788e-05,second
GPU[1].SA[5].CU[2].SIMD3,busy_time,5.788e-05,second
GPU[1].SA[5].CU[3].SIMD0,busy_time,5.788e-05,second
GPU[1].SA[5].CU[3].SIMD1,busy_time,5.788e-05,second
GPU[1].SA[5].CU[3].SIMD2,busy_time,5.788e-05,second
GPU[1].SA[5].CU[3].SIMD3,busy_time,5.788e-05,second
GPU[1].SA[6].CU[0].SIMD0,busy_time,5.788e-05,second
GPU[1].SA[6].CU[0].SIMD1,busy_time,5.788e-05,second
GPU[1].SA[6].CU[0].SIMD2,busy_time,5.788e-05,second
GPU[1].SA[6].CU[0].SIMD3,busy_time,5.788e-05,second
GPU[1].SA[6].CU[1].SIMD0,busy_time,5.788e-05,second
GPU[1].SA[6].CU[1].SIMD1,busy_time,5.788e-05,second
GPU[1].SA[6].CU[1].SIMD2,busy_time,5.788e-05,second
GPU[1].SA[6].CU[1].SIMD3,busy_time,5.788e-05,second
GPU[1].SA[6].CU[2].SIMD0,busy_time,5.788e-05,second
GPU[1].SA[6].CU[2].SIMD1,busy_time,5.788e-05,second
GPU[1].SA[6].CU[2].SIMD2,busy_time,5.788e-05,second
GPU[1].SA[6].CU[2].SIMD3,busy_time,5.788e-05,second
GPU[1].SA[6].CU[3].SIMD0,busy_time,5.788e-05,second
GPU[1].SA[6].CU[3].SIMD1,busy_time,5.788e-05,second
GPU[1].SA[6].CU[3].SIMD2,busy_time,5.788e-05,second
GPU[1].SA[6].CU[3].SIMD3,busy_time,5.788e-05,second
GPU[1].SA[7].CU[0].SIMD0,busy_time,5.788e-05,second
GPU[1].SA[7].CU[0].SIMD1,busy_time,5.788e-05,second
GPU[1].SA[7].CU[0].SIMD2,busy_time,5.788e-05,second
GPU[1].SA[7].CU[0].SIMD3,busy_time,5.788e-05,second
GPU[1].SA[7].CU[1].SIMD0,busy_time,5.788e-05,second
GPU[1].SA[7].CU[1].SIMD1,busy_time,5.788e-05,second
GPU[1].SA[7].CU[1].SIMD2,busy_time,5.788e-05,second
GPU[1].SA[7].CU[1].SIMD3,busy_time,5.788e-05,second
GPU[1].SA[7].CU[2].SIMD0,busy_time,5.788e-05,second
GPU[1].SA[7].CU[2].SIMD1,busy_time,5.788e-05,second
GPU[1].SA[7].CU[2].SIMD2,busy_time,5.788e-05,second
GPU[1].SA[7].CU[2].SIMD3,busy_time,5.788e-05,second
GPU[1].SA[7].CU[3].SIMD0,busy_time,5.788e-05,second
GPU[1].SA[7].CU[3].SIMD1,busy_time,5.788e-05,second
GPU[1].SA[7].CU[3].SIMD2,busy_time,5.788e-05,second
GPU[1].SA[7].CU[3].SIMD3,busy_time,5.788e-05,second
GPU[1].SA[8].CU[0].SIMD0,busy_time,5.788e-05,second
GPU[1].SA[8].CU[0].SIMD1,busy_time,5.788e-05,second
GPU[1].SA[8].CU[0].SIMD2,busy_time,5.788e-05,second
GPU[1].SA[8].CU[0].SIMD3,busy_time,5.788e-05,second
GPU[1].SA[8].CU[1].SIMD0,busy_time,5.788e-05,second
GPU[1].SA[8].CU[1].SIMD1,busy_time,5.788e-05,second
GPU[1].SA[8].CU[1].SIMD2,busy_time,5.788e-05,second
GPU[1].SA[8].CU[1].SIMD3,busy_time,5.788e-05,second
GPU[1].SA[8].CU[2].SIMD0,busy_time,5.788e-05,second
GPU[1].SA[8].CU[2].SIMD1,busy_time,5.788e-05,second
GPU[1].SA[8].CU[2].SIMD2,busy_time,5.788e-05,second
GPU[1].SA[8].CU[2].SIMD3,busy_time,5.788e-05,second
GPU[1].SA[8].CU[3].SIMD0,busy_time,5.788e-05,second
GPU[1].SA[8].CU[3].SIMD1,busy_time,5.788e-05,second
GPU[1].SA[8].CU[3].SIMD2,busy_time,5.788e-05,second
GPU[1].SA[8].CU[3].SIMD3,busy_time,5.788e-05,second
GPU[1].SA[9].CU[0].SIMD0,busy_time,5.788e-05,second
GPU[1].SA[9].CU[0].SIMD1,busy_time,5.788e-05,second
GPU[1].SA[9].CU[0].SIMD2,busy_time,5.788e-05,second
GPU[1].SA[9].CU[0].SIMD3,busy_time,5.788e-05,second
GPU[1].SA[9].CU[1].SIMD0,busy_time,5.788e-05,second
GPU[1].SA[9].CU[1].SIMD1,busy_time,5.788e-05,second
GPU[1].SA[9].CU[1].SIMD2,busy_time,5.788e-05,second
GPU[1].SA[9].CU[1].SIMD3,busy_time,5.788e-05,second
GPU[1].SA[9].CU[2].SIMD0,busy_time,5.788e-05,second
GPU[1].SA[9].CU[2].SIMD1,busy_time,5.788e-05,second
GPU[1].SA[9].CU[2].SIMD2,busy_time,5.788e-05,second
GPU[1].SA[9].CU[2].SIMD3,busy_time,5.788e-05,second
GPU[1].SA[9].CU[3].SIMD0,busy_time,5.788e-05,second
GPU[1].SA[9].CU[3].SIMD1,busy_time,5.788e-05,second
GPU[1].SA[9].CU[3].SIMD2,busy_time,5.788e-05,second
GPU[1].SA[9].CU[3].SIMD3,busy_time,5.788e-05,second
GPU[1].SA[10].CU[0].SIMD0,busy_time,5.788e-05,second
GPU[1].SA[10].CU[0].SIMD1,busy_time,5.788e-05,second
GPU[1].SA[10].CU[0].SIMD2,busy_time,5.788e-05,second
GPU[1].SA[10].CU[0].SIMD3,busy_time,5.788e-05,second
GPU[1].SA[10].CU[1].SIMD0,busy_time,5.788e-05,second
GPU[1].SA[10].CU[1].SIMD1,busy_time,5.788e-05,second
GPU[1].SA[10].CU[1].SIMD2,busy_time,5.788e-05,second
GPU[1].SA[10].CU[1].SIMD3,busy_time,5.788e-05,second
GPU[1].SA[10].CU[2].SIMD0,busy_time,5.788e-05,second
GPU[1].SA[10].CU[2].SIMD1,busy_time,5.788e-05,second
GPU[1].SA[10].CU[2].SIMD2,busy_time,5.788e-05,second
GPU[1].SA[10].CU[2].SIMD3,busy_time,5.788e-05,second
GPU[1].SA[10].CU[3].SIMD0,busy_time,5.788e-05,second
GPU[1].SA[10].CU[3].SIMD1,busy_time,5.788e-05,second
GPU[1].SA[10].CU[3].SIMD2,busy_time,5.788e-05,second
GPU[1].SA[10].CU[3].SIMD3,busy_time,5.788e-05,second
GPU[1].SA[11].CU[0].SIMD0,busy_time,5.788e-05,second
GPU[1].SA[11].CU[0].SIMD1,busy_time,5.788e-05,second
GPU[1].SA[11].CU[0].SIMD2,busy_time,5.788e-05,second
GPU[1].SA[11].CU[0].SIMD3,busy_time,5.788e-05,second
GPU[1].SA[11].CU[1].SIMD0,busy_time,5.788e-05,second
GPU[1].SA[11].CU[1].SIMD1,busy_time,5.788e-05,second
GPU[1].SA[11].CU[1].SIMD2,busy_time,5.788e-05,second
GPU[1].SA[11].CU[1].SIMD3,busy_time,5.788e-05,second
GPU[1].SA[11].CU[2].SIMD0,busy_time,5.788e-05,second
GPU[1].SA[11].CU[2].SIMD1,busy_time,5.788e-05,second
GPU[1].SA[11].CU[2].SIMD2,busy_time,5.788e-05,second
GPU[1].SA[11].CU[2].SIMD3,busy_time,5.788e-05,second
GPU[1].SA[11].CU[3].SIMD0,busy_time,5.788e-05,second
GPU[1].SA[11].CU[3].SIMD1,busy_time,5.788e-05,second
GPU[1].SA[11].CU[3].SIMD2,busy_time,5.788e-05,second
GPU[1].SA[11].CU[3].SIMD3,busy_time,5.788e-05,second
GPU[1].SA[12].CU[0].SIMD0,busy_time,5.788e-05,second
GPU[1].SA[12].CU[0].SIMD1,busy_time,5.788e-05,second
GPU[1].SA[12].CU[0].SIMD2,busy_time,5.788e-05,second
GPU[1].SA[12].CU[0].SIMD3,busy_time,5.788e-05,second
GPU[1].SA[12].CU[1].SIMD0,busy_time,5.788e-05,second
GPU[1].SA[12].CU[1].SIMD1,busy_time,5.788e-05,second
GPU[1].SA[12].CU[1].SIMD2,busy_time,5.788e-05,second
GPU[1].SA[12].CU[1].SIMD3,busy_time,5.788e-05,second
GPU[1].SA[12].CU[2].SIMD0,busy_time,5.788e-05,second
GPU[1].SA[12].CU[2].SIMD1,busy_time,5.788e-05,second
GPU[1].SA[12].CU[2].SIMD2,busy_time,5.788e-05,second
GPU[1].SA[12].CU[2].SIMD3,busy_time,5.788e-05,second
GPU[1].SA[12].CU[3].SIMD0,busy_time,5.788e-05,second
GPU[1].SA[12].CU[3].SIMD1,busy_time,5.788e-05,second
GPU[1].SA[12].CU[3].SIMD2,busy_time,5.788e-05,second
GPU[1].SA[12].CU[3].SIMD3,busy_time,5.788e-05,second
GPU[1].SA[13].CU[0].SIMD0,busy_time,5.788e-05,second
GPU[1].SA[13].CU[0].SIMD1,busy_time,5.788e-05,second
GPU[1].SA[13].CU[0].SIMD2,busy_time,5.788e-05,second
GPU[1].SA[13].CU[0].SIMD3,busy_time,5.788e-05,second
GPU[1].SA[13].CU[1].SIMD0,busy_time,5.788e-05,second
GPU[1].SA[13].CU[1].SIMD1,busy_time,5.788e-05,second
GPU[1].SA[13].CU[1].SIMD2,busy_time,5.788e-05,second
GPU[1].SA[13].CU[1].SIMD3,busy_time,5.788e-05,second
GPU[1].SA[13].CU[2].SIMD0,busy_time,5.788e-05,second
GPU[1].SA[13].CU[2].SIMD1,busy_time,5.788e-05,second
GPU[1].SA[13].CU[2].SIMD2,busy_time,5.788e-05,second
GPU[1].SA[13].CU[2].SIMD3,busy_time,5.788e-05,second
GPU[1].SA[13].CU[3].SIMD0,busy_time,5.788e-05,second
GPU[1].SA[13].CU[3].SIMD1,busy_time,5.788e-05,second
GPU[1].SA[13].CU[3].SIMD2,busy_time,5.788e-05,second
GPU[1].SA[13].CU[3].SIMD3,busy_time,5.788e-05,second
GPU[1].SA[14].CU[0].SIMD0,busy_time,5.788e-05,second
GPU[1].SA[14].CU[0].SIMD1,busy_time,5.788e-05,second
GPU[1].SA[14].CU[0].SIMD2,busy_time,5.788e-05,second
GPU[1].SA[14].CU[0].SIMD3,busy_time,5.788e-05,second
GPU[1].SA[14].CU[1].SIMD0,busy_time,5.788e-05,second
GPU[1].SA[14].CU[1].SIMD1,busy_time,5.788e-05,second
GPU[1].SA[14].CU[1].SIMD2,busy_time,5.788e-05,second
GPU[1].SA[14].CU[1].SIMD3,busy_time,5.788e-05,second
GPU[1].SA[14].CU[2].SIMD0,busy_time,5.788e-05,second
GPU[1].SA[14].CU[2].SIMD1,busy_time,5.788e-05,second
GPU[1].SA[14].CU[2].SIMD2,busy_time,5.788e-05,second
GPU[1].SA[14].CU[2].SIMD3,busy_time,5.788e-05,second
GPU[1].SA[14].CU[3].SIMD0,busy_time,5.788e-05,second
GPU[1].SA[14].CU[3].SIMD1,busy_time,5.788e-05,second
GPU[1].SA[14].CU[3].SIMD2,busy_time,5.788e-05,second
GPU[1].SA[14].CU[3].SIMD3,busy_time,5.788e-05,second
GPU[1].SA[15].CU[0].SIMD0,busy_time,5.788e-05,second
GPU[1].SA[15].CU[0].SIMD1,busy_time,5.788e-05,second
GPU[1].SA[15].CU[0].SIMD2,busy_time,5.788e-05,second
GPU[1].SA[15].CU[0].SIMD3,busy_time,5.788e-05,second
GPU[1].SA[15].CU[1].SIMD0,busy_time,5.788e-05,second
GPU[1].SA[15].CU[1].SIMD1,busy_time,5.788e-05,second
GPU[1].SA[15].CU[1].SIMD2,busy_time,5.788e-05,second
GPU[1].SA[15].CU[1].SIMD3,busy_time,5.788e-05,second
GPU[1].SA[15].CU[2].SIMD0,busy_time,5.788e-05,second
GPU[1].SA[15].CU[2].SIMD1,busy_time,5.788e-05,second
GPU[1].SA[15].CU[2].SIMD2,busy_time,5.788e-05,second
GPU[1].SA[15].CU[2].SIMD3,busy_time,5.788e-05,second
GPU[1].SA[15].CU[3].SIMD0,busy_time,5.788e-05,second
GPU[1].SA[15].CU[3].SIMD1,busy_time,5.788e-05,second
GPU[1].SA[15].CU[3].SIMD2,busy_time,5.788e-05,second
GPU[1].SA[15].CU[3].SIMD3,busy_time,5.788e-05,second
GPU[1].L2Cache[0],req_average_latency,5.224e-08,second
GPU[1].L2Cache[1],req_average_latency,3.2686e-08,second
GPU[1].L2Cache[2],req_average_latency,2.8674e-08,second
GPU[1].L2Cache[3],req_average_latency,2.9152e-08,second
GPU[1].L2Cache[4],req_average_latency,3.1595e-08,second
GPU[1].L2Cache[5],req_average_latency,3.0754e-08,second
GPU[1].L2Cache[6],req_average_latency,2.9983e-08,second
GPU[1].L2Cache[7],req_average_latency,2.9825e-08,second
GPU[1].L2Cache[8],req_average_latency,3.0498e-08,second
GPU[1].L2Cache[9],req_average_latency,3.0308e-08,second
GPU[1].L2Cache[10],req_average_latency,3.1546e-08,second
GPU[1].L2Cache[11],req_average_latency,3.1528e-08,second
GPU[1].L2Cache[12],req_average_latency,3.255e-08,second
GPU[1].L2Cache[13],req_average_latency,3.1882e-08,second
GPU[1].L2Cache[14],req_average_latency,3.2212e-08,second
GPU[1].L2Cache[15],req_average_latency,3.1531e-08,second
GPU[1].SA[0].L1VCache[0],req_average_latency,2.01237e-07,second
GPU[1].SA[0].L1VCache[1],req_average_latency,1.72664e-07,second
GPU[1].SA[0].L1VCache[2],req_average_latency,1.57051e-07,second
GPU[1].SA[0].L1VCache[3],req_average_latency,1.56574e-07,second
GPU[1].SA[0].L1SCache,req_average_latency,6.1266e-08,second
GPU[1].SA[0].L1ICache,req_average_latency,5.0e-09,second
GPU[1].SA[1].L1VCache[0],req_average_latency,1.59703e-07,second
GPU[1].SA[1].L1VCache[1],req_average_latency,1.55047e-07,second
GPU[1].SA[1].L1VCache[2],req_average_latency,1.53684e-07,second
GPU[1].SA[1].L1VCache[3],req_average_latency,1.5478e-07,second
GPU[1].SA[1].L1SCache,req_average_latency,6.1266e-08,second
GPU[1].SA[1].L1ICache,req_average_latency,5.0e-09,second
GPU[1].SA[2].L1VCache[0],req_average_latency,1.65683e-07,second
GPU[1].SA[2].L1VCache[1],req_average_latency,1.57061e-07,second
GPU[1].SA[2].L1VCache[2],req_average_latency,1.5421e-07,second
GPU[1].SA[2].L1VCache[3],req_average_latency,1.54249e-07,second
GPU[1].SA[2].L1SCache,req_average_latency,6.1266e-08,second
GPU[1].SA[2].L1ICache,req_average_latency,5.0e-09,second
GPU[1].SA[3].L1VCache[0],req_average_latency,1.74674e-07,second
GPU[1].SA[3].L1VCache[1],req_average_latency,1.63718e-07,second
GPU[1].SA[3].L1VCache[2],req_average_latency,1.55384e-07,second
GPU[1].SA[3].L1VCache[3],req_average_latency,1.56233e-07,second
GPU[1].SA[3].L1SCache,req_average_latency,6.1266e-08,second
GPU[1].SA[3].L1ICache,req_average_latency,5.0e-09,second
GPU[1].SA[4].L1VCache[0],req_average_latency,2.15769e-07,second
GPU[1].SA[4].L1VCache[1],req_average_latency,1.99988e-07,second
GPU[1].SA[4].L1VCache[2],req_average_latency,1.87825e-07,second
GPU[1].SA[4].L1VCache[3],req_average_latency,1.83678e-07,second
GPU[1].SA[4].L1SCache,req_average_latency,6.1266e-08,second
GPU[1].SA[4].L1ICache,req_average_latency,5.0e-09,second
GPU[1].SA[5].L1VCache[0],req_average_latency,1.89694e-07,second
GPU[1].SA[5].L1VCache[1],req_average_latency,1.81403e-07,second
GPU[1].SA[5].L1VCache[2],req_average_latency,1.76601e-07,second
GPU[1].SA[5].L1VCache[3],req_average_latency,1.74928e-07,second
GPU[1].SA[5].L1SCache,req_average_latency,6.1266e-08,second
GPU[1].SA[5].L1ICache,req_average_latency,5.0e-09,second
GPU[1].SA[6].L1VCache[0],req_average_latency,1.92253e-07,second
GPU[1].SA[6].L1VCache[1],req_average_latency,1.77455e-07,second
GPU[1].SA[6].L1VCache[2],req_average_latency,1.71744e-07,second
GPU[1].SA[6].L1VCache[3],req_average_latency,1.70867e-07,second
GPU[1].SA[6].L1SCache,req_average_latency,6.1266e-08,second
GPU[1].SA[6].L1ICache,req_average_latency,5.0e-09,second
GPU[1].SA[7].L1VCache[0],req_average_latency,2.02101e-07,second
GPU[1].SA[7].L1VCache[1],req_average_latency,1.81211e-07,second
GPU[1].SA[7].L1VCache[2],req_average_latency,1.67576e-07,second
GPU[1].SA[7].L1VCache[3],req_average_latency,1.68308e-07,second
GPU[1].SA[7].L1SCache,req_average_latency,6.1266e-08,second
GPU[1].SA[7].L1ICache,req_average_latency,5.0e-09,second
GPU[1].SA[8].L1VCache[0],req_average_latency,2.16111e-07,second
GPU[1].SA[8].L1VCache[1],req_average_latency,2.04807e-07,second
GPU[1].SA[8].L1VCache[2],req_average_latency,1.98738e-07,second
GPU[1].SA[8].L1VCache[3],req_average_latency,1.93828e-07,second
GPU[1].SA[8].L1SCache,req_average_latency,6.1266e-08,second
GPU[1].SA[8].L1ICache,req_average_latency,5.0e-09,second
GPU[1].SA[9].L1VCache[0],req_average_latency,1.96806e-07,second
GPU[1].SA[9].L1VCache[1],req_average_latency,1.89388e-07,second
GPU[1].SA[9].L1VCache[2],req_average_latency,1.85309e-07,second
GPU[1].SA[9].L1VCache[3],req_average_latency,1.83476e-07,second
GPU[1].SA[9].L1SCache,req_average_latency,6.1266e-08,second
GPU[1].SA[9].L1ICache,req_average_latency,5.0e-09,second
GPU[1].SA[10].L1VCache[0],req_average_latency,1.97634e-07,second
GPU[1].SA[10].L1VCache[1],req_average_latency,1.82478e-07,second
GPU[1].SA[10].L1VCache[2],req_average_latency,1.7793e-07,second
GPU[1].SA[10].L1VCache[3],req_average_latency,1.76551e-07,second
GPU[1].SA[10].L1SCache,req_average_latency,6.1266e-08,second
GPU[1].SA[10].L1ICache,req_average_latency,5.0e-09,second
GPU[1].SA[11].L1VCache[0],req_average_latency,2.01719e-07,second
GPU[1].SA[11].L1VCache[1],req_average_latency,1.89289e-07,second
GPU[1].SA[11].L1VCache[2],req_average_latency,1.74323e-07,second
GPU[1].SA[11].L1VCache[3],req_average_latency,1.75503e-07,second
GPU[1].SA[11].L1SCache,req_average_latency,6.1266e-08,second
GPU[1].SA[11].L1ICache,req_average_latency,5.0e-09,second
GPU[1].SA[12].L1VCache[0],req_average_latency,2.23175e-07,second
GPU[1].SA[12].L1VCache[1],req_average_latency,2.10752e-07,second
GPU[1].SA[12].L1VCache[2],req_average_latency,2.03387e-07,second
GPU[1].SA[12].L1VCache[3],req_average_latency,1.98858e-07,second
GPU[1].SA[12].L1SCache,req_average_latency,6.1266e-08,second
GPU[1].SA[12].L1ICache,req_average_latency,5.0e-09,second
GPU[1].SA[13].L1VCache[0],req_average_latency,2.01771e-07,second
GPU[1].SA[13].L1VCache[1],req_average_latency,1.94593e-07,second
GPU[1].SA[13].L1VCache[2],req_average_latency,1.90364e-07,second
GPU[1].SA[13].L1VCache[3],req_average_latency,1.87383e-07,second
GPU[1].SA[13].L1SCache,req_average_latency,6.1266e-08,second
GPU[1].SA[13].L1ICache,req_average_latency,5.0e-09,second
GPU[1].SA[14].L1VCache[0],req_average_latency,2.06411e-07,second
GPU[1].SA[14].L1VCache[1],req_average_latency,1.90522e-07,second
GPU[1].SA[14].L1VCache[2],req_average_latency,1.82089e-07,second
GPU[1].SA[14].L1VCache[3],req_average_latency,1.80508e-07,second
GPU[1].SA[14].L1SCache,req_average_latency,6.1266e-08,second
GPU[1].SA[14].L1ICache,req_average_latency,5.0e-09,second
GPU[1].SA[15].L1VCache[0],req_average_latency,2.10491e-07,second
GPU[1].SA[15].L1VCache[1],req_average_latency,1.92073e-07,second
GPU[1].SA[15].L1VCache[2],req_average_latency,1.79005e-07,second
GPU[1].SA[15].L1VCache[3],req_average_latency,1.78843e-07,second
GPU[1].SA[15].L1SCache,req_average_latency,6.1266e-08,second
GPU[1].SA[15].L1ICache,req_average_latency,5.0e-09,second
GPU[1].L2Cache[0],read-hit,107867.0,count
GPU[1].L2Cache[0],read-miss,2052.0,count
GPU[1].L2Cache[0],read-mshr-hit,7876.0,count
GPU[1].L2Cache[0],write-hit,0.0,count
GPU[1].L2Cache[0],write-miss,1024.0,count
GPU[1].L2Cache[0],write-mshr-hit,0.0,count
GPU[1].L2Cache[1],read-hit,221037.0,count
GPU[1].L2Cache[1],read-miss,2050.0,count
GPU[1].L2Cache[1],read-mshr-hit,2404.0,count
GPU[1].L2Cache[1],write-hit,0.0,count
GPU[1].L2Cache[1],write-miss,1024.0,count
GPU[1].L2Cache[1],write-mshr-hit,0.0,count
GPU[1].L2Cache[2],read-hit,228433.0,count
GPU[1].L2Cache[2],read-miss,2050.0,count
GPU[1].L2Cache[2],read-mshr-hit,1676.0,count
GPU[1].L2Cache[2],write-hit,0.0,count
GPU[1].L2Cache[2],write-miss,1024.0,count
GPU[1].L2Cache[2],write-mshr-hit,0.0,count
GPU[1].L2Cache[3],read-hit,221054.0,count
GPU[1].L2Cache[3],read-miss,2052.0,count
GPU[1].L2Cache[3],read-mshr-hit,1900.0,count
GPU[1].L2Cache[3],write-hit,0.0,count
GPU[1].L2Cache[3],write-miss,1024.0,count
GPU[1].L2Cache[3],write-mshr-hit,0.0,count
GPU[1].L2Cache[4],read-hit,200400.0,count
GPU[1].L2Cache[4],read-miss,2050.0,count
GPU[1].L2Cache[4],read-mshr-hit,2626.0,count
GPU[1].L2Cache[4],write-hit,0.0,count
GPU[1].L2Cache[4],write-miss,1024.0,count
GPU[1].L2Cache[4],write-mshr-hit,0.0,count
GPU[1].L2Cache[5],read-hit,218918.0,count
GPU[1].L2Cache[5],read-miss,2050.0,count
GPU[1].L2Cache[5],read-mshr-hit,2351.0,count
GPU[1].L2Cache[5],write-hit,0.0,count
GPU[1].L2Cache[5],write-miss,1024.0,count
GPU[1].L2Cache[5],write-mshr-hit,0.0,count
GPU[1].L2Cache[6],read-hit,229928.0,count
GPU[1].L2Cache[6],read-miss,2055.0,count
GPU[1].L2Cache[6],read-mshr-hit,2052.0,count
GPU[1].L2Cache[6],write-hit,0.0,count
GPU[1].L2Cache[6],write-miss,1024.0,count
GPU[1].L2Cache[6],write-mshr-hit,0.0,count
GPU[1].L2Cache[7],read-hit,224917.0,count
GPU[1].L2Cache[7],read-miss,2050.0,count
GPU[1].L2Cache[7],read-mshr-hit,2022.0,count
GPU[1].L2Cache[7],write-hit,0.0,count
GPU[1].L2Cache[7],write-miss,1024.0,count
GPU[1].L2Cache[7],write-mshr-hit,0.0,count
GPU[1].L2Cache[8],read-hit,227809.0,count
GPU[1].L2Cache[8],read-miss,2079.0,count
GPU[1].L2Cache[8],read-mshr-hit,2286.0,count
GPU[1].L2Cache[8],write-hit,0.0,count
GPU[1].L2Cache[8],write-miss,1024.0,count
GPU[1].L2Cache[8],write-mshr-hit,0.0,count
GPU[1].L2Cache[9],read-hit,232987.0,count
GPU[1].L2Cache[9],read-miss,2050.0,count
GPU[1].L2Cache[9],read-mshr-hit,2248.0,count
GPU[1].L2Cache[9],write-hit,0.0,count
GPU[1].L2Cache[9],write-miss,1024.0,count
GPU[1].L2Cache[9],write-mshr-hit,0.0,count
GPU[1].L2Cache[10],read-hit,206218.0,count
GPU[1].L2Cache[10],read-miss,2051.0,count
GPU[1].L2Cache[10],read-mshr-hit,2506.0,count
GPU[1].L2Cache[10],write-hit,0.0,count
GPU[1].L2Cache[10],write-miss,1024.0,count
GPU[1].L2Cache[10],write-mshr-hit,0.0,count
GPU[1].L2Cache[11],read-hit,222116.0,count
GPU[1].L2Cache[11],read-miss,2050.0,count
GPU[1].L2Cache[11],read-mshr-hit,2565.0,count
GPU[1].L2Cache[11],write-hit,0.0,count
GPU[1].L2Cache[11],write-miss,1024.0,count
GPU[1].L2Cache[11],write-mshr-hit,0.0,count
GPU[1].L2Cache[12],read-hit,204867.0,count
GPU[1].L2Cache[12],read-miss,2054.0,count
GPU[1].L2Cache[12],read-mshr-hit,2906.0,count
GPU[1].L2Cache[12],write-hit,0.0,count
GPU[1].L2Cache[12],write-miss,1024.0,count
GPU[1].L2Cache[12],write-mshr-hit,0.0,count
GPU[1].L2Cache[13],read-hit,227236.0,count
GPU[1].L2Cache[13],read-miss,2048.0,count
GPU[1].L2Cache[13],read-mshr-hit,2667.0,count
GPU[1].L2Cache[13],write-hit,0.0,count
GPU[1].L2Cache[13],write-miss,1024.0,count
GPU[1].L2Cache[13],write-mshr-hit,0.0,count
GPU[1].L2Cache[14],read-hit,233028.0,count
GPU[1].L2Cache[14],read-miss,2061.0,count
GPU[1].L2Cache[14],read-mshr-hit,2654.0,count
GPU[1].L2Cache[14],write-hit,0.0,count
GPU[1].L2Cache[14],write-miss,1024.0,count
GPU[1].L2Cache[14],write-mshr-hit,0.0,count
GPU[1].L2Cache[15],read-hit,233078.0,count
GPU[1].L2Cache[15],read-miss,2048.0,count
GPU[1].L2Cache[15],read-mshr-hit,2516.0,count
GPU[1].L2Cache[15],write-hit,0.0,count
GPU[1].L2Cache[15],write-miss,1024.0,count
GPU[1].L2Cache[15],write-mshr-hit,0.0,count
GPU[1].SA[0].L1VCache[0],read-hit,266.0,count
GPU[1].SA[0].L1VCache[0],read-miss,5121.0,count
GPU[1].SA[0].L1VCache[0],read-mshr-hit,2809.0,count
GPU[1].SA[0].L1VCache[0],write-hit,0.0,count
GPU[1].SA[0].L1VCache[0],write-miss,256.0,count
GPU[1].SA[0].L1VCache[0],write-mshr-hit,0.0,count
GPU[1].SA[0].L1VCache[1],read-hit,420.0,count
GPU[1].SA[0].L1VCache[1],read-miss,5121.0,count
GPU[1].SA[0].L1VCache[1],read-mshr-hit,2655.0,count
GPU[1].SA[0].L1VCache[1],write-hit,0.0,count
GPU[1].SA[0].L1VCache[1],write-miss,256.0,count
GPU[1].SA[0].L1VCache[1],write-mshr-hit,0.0,count
GPU[1].SA[0].L1VCache[2],read-hit,510.0,count
GPU[1].SA[0].L1VCache[2],read-miss,5121.0,count
GPU[1].SA[0].L1VCache[2],read-mshr-hit,2565.0,count
GPU[1].SA[0].L1VCache[2],write-hit,0.0,count
GPU[1].SA[0].L1VCache[2],write-miss,256.0,count
GPU[1].SA[0].L1VCache[2],write-mshr-hit,0.0,count
GPU[1].SA[0].L1VCache[3],read-hit,512.0,count
GPU[1].SA[0].L1VCache[3],read-miss,5121.0,count
GPU[1].SA[0].L1VCache[3],read-mshr-hit,2563.0,count
GPU[1].SA[0].L1VCache[3],write-hit,0.0,count
GPU[1].SA[0].L1VCache[3],write-miss,256.0,count
GPU[1].SA[0].L1VCache[3],write-mshr-hit,0.0,count
GPU[1].SA[0].L1SCache,read-hit,32.0,count
GPU[1].SA[0].L1SCache,read-miss,2.0,count
GPU[1].SA[0].L1SCache,read-mshr-hit,30.0,count
GPU[1].SA[0].L1SCache,write-hit,0.0,count
GPU[1].SA[0].L1SCache,write-miss,0.0,count
GPU[1].SA[0].L1SCache,write-mshr-hit,0.0,count
GPU[1].SA[0].L1ICache,read-hit,28254.0,count
GPU[1].SA[0].L1ICache,read-miss,24.0,count
GPU[1].SA[0].L1ICache,read-mshr-hit,330.0,count
GPU[1].SA[0].L1ICache,write-hit,0.0,count
GPU[1].SA[0].L1ICache,write-miss,0.0,count
GPU[1].SA[0].L1ICache,write-mshr-hit,0.0,count
GPU[1].SA[1].L1VCache[0],read-hit,739.0,count
GPU[1].SA[1].L1VCache[0],read-miss,5121.0,count
GPU[1].SA[1].L1VCache[0],read-mshr-hit,2336.0,count
GPU[1].SA[1].L1VCache[0],write-hit,0.0,count
GPU[1].SA[1].L1VCache[0],write-miss,256.0,count
GPU[1].SA[1].L1VCache[0],write-mshr-hit,0.0,count
GPU[1].SA[1].L1VCache[1],read-hit,628.0,count
GPU[1].SA[1].L1VCache[1],read-miss,5121.0,count
GPU[1].SA[1].L1VCache[1],read-mshr-hit,2447.0,count
GPU[1].SA[1].L1VCache[1],write-hit,0.0,count
GPU[1].SA[1].L1VCache[1],write-miss,256.0,count
GPU[1].SA[1].L1VCache[1],write-mshr-hit,0.0,count
GPU[1].SA[1].L1VCache[2],read-hit,424.0,count
GPU[1].SA[1].L1VCache[2],read-miss,5121.0,count
GPU[1].SA[1].L1VCache[2],read-mshr-hit,2651.0,count
GPU[1].SA[1].L1VCache[2],write-hit,0.0,count
GPU[1].SA[1].L1VCache[2],write-miss,256.0,count
GPU[1].SA[1].L1VCache[2],write-mshr-hit,0.0,count
GPU[1].SA[1].L1VCache[3],read-hit,488.0,count
GPU[1].SA[1].L1VCache[3],read-miss,5121.0,count
GPU[1].SA[1].L1VCache[3],read-mshr-hit,2587.0,count
GPU[1].SA[1].L1VCache[3],write-hit,0.0,count
GPU[1].SA[1].L1VCache[3],write-miss,256.0,count
GPU[1].SA[1].L1VCache[3],write-mshr-hit,0.0,count
GPU[1].SA[1].L1SCache,read-hit,32.0,count
GPU[1].SA[1].L1SCache,read-miss,2.0,count
GPU[1].SA[1].L1SCache,read-mshr-hit,30.0,count
GPU[1].SA[1].L1SCache,write-hit,0.0,count
GPU[1].SA[1].L1SCache,write-miss,0.0,count
GPU[1].SA[1].L1SCache,write-mshr-hit,0.0,count
GPU[1].SA[1].L1ICache,read-hit,28263.0,count
GPU[1].SA[1].L1ICache,read-miss,24.0,count
GPU[1].SA[1].L1ICache,read-mshr-hit,321.0,count
GPU[1].SA[1].L1ICache,write-hit,0.0,count
GPU[1].SA[1].L1ICache,write-miss,0.0,count
GPU[1].SA[1].L1ICache,write-mshr-hit,0.0,count
GPU[1].SA[2].L1VCache[0],read-hit,1052.0,count
GPU[1].SA[2].L1VCache[0],read-miss,5121.0,count
GPU[1].SA[2].L1VCache[0],read-mshr-hit,2023.0,count
GPU[1].SA[2].L1VCache[0],write-hit,0.0,count
GPU[1].SA[2].L1VCache[0],write-miss,256.0,count
GPU[1].SA[2].L1VCache[0],write-mshr-hit,0.0,count
GPU[1].SA[2].L1VCache[1],read-hit,760.0,count
GPU[1].SA[2].L1VCache[1],read-miss,5121.0,count
GPU[1].SA[2].L1VCache[1],read-mshr-hit,2315.0,count
GPU[1].SA[2].L1VCache[1],write-hit,0.0,count
GPU[1].SA[2].L1VCache[1],write-miss,256.0,count
GPU[1].SA[2].L1VCache[1],write-mshr-hit,0.0,count
GPU[1].SA[2].L1VCache[2],read-hit,420.0,count
GPU[1].SA[2].L1VCache[2],read-miss,5121.0,count
GPU[1].SA[2].L1VCache[2],read-mshr-hit,2655.0,count
GPU[1].SA[2].L1VCache[2],write-hit,0.0,count
GPU[1].SA[2].L1VCache[2],write-miss,256.0,count
GPU[1].SA[2].L1VCache[2],write-mshr-hit,0.0,count
GPU[1].SA[2].L1VCache[3],read-hit,428.0,count
GPU[1].SA[2].L1VCache[3],read-miss,5121.0,count
GPU[1].SA[2].L1VCache[3],read-mshr-hit,2647.0,count
GPU[1].SA[2].L1VCache[3],write-hit,0.0,count
GPU[1].SA[2].L1VCache[3],write-miss,256.0,count
GPU[1].SA[2].L1VCache[3],write-mshr-hit,0.0,count
GPU[1].SA[2].L1SCache,read-hit,32.0,count
GPU[1].SA[2].L1SCache,read-miss,2.0,count
GPU[1].SA[2].L1SCache,read-mshr-hit,30.0,count
GPU[1].SA[2].L1SCache,write-hit,0.0,count
GPU[1].SA[2].L1SCache,write-miss,0.0,count
GPU[1].SA[2].L1SCache,write-mshr-hit,0.0,count
GPU[1].SA[2].L1ICache,read-hit,28267.0,count
GPU[1].SA[2].L1ICache,read-miss,24.0,count
GPU[1].SA[2].L1ICache,read-mshr-hit,317.0,count
GPU[1].SA[2].L1ICache,write-hit,0.0,count
GPU[1].SA[2].L1ICache,write-miss,0.0,count
GPU[1].SA[2].L1ICache,write-mshr-hit,0.0,count
GPU[1].SA[3].L1VCache[0],read-hit,1245.0,count
GPU[1].SA[3].L1VCache[0],read-miss,5121.0,count
GPU[1].SA[3].L1VCache[0],read-mshr-hit,1830.0,count
GPU[1].SA[3].L1VCache[0],write-hit,0.0,count
GPU[1].SA[3].L1VCache[0],write-miss,256.0,count
GPU[1].SA[3].L1VCache[0],write-mshr-hit,0.0,count
GPU[1].SA[3].L1VCache[1],read-hit,858.0,count
GPU[1].SA[3].L1VCache[1],read-miss,5121.0,count
GPU[1].SA[3].L1VCache[1],read-mshr-hit,2217.0,count
GPU[1].SA[3].L1VCache[1],write-hit,0.0,count
GPU[1].SA[3].L1VCache[1],write-miss,256.0,count
GPU[1].SA[3].L1VCache[1],write-mshr-hit,0.0,count
GPU[1].SA[3].L1VCache[2],read-hit,454.0,count
GPU[1].SA[3].L1VCache[2],read-miss,5121.0,count
GPU[1].SA[3].L1VCache[2],read-mshr-hit,2621.0,count
GPU[1].SA[3].L1VCache[2],write-hit,0.0,count
GPU[1].SA[3].L1VCache[2],write-miss,256.0,count
GPU[1].SA[3].L1VCache[2],write-mshr-hit,0.0,count
GPU[1].SA[3].L1VCache[3],read-hit,491.0,count
GPU[1].SA[3].L1VCache[3],read-miss,5121.0,count
GPU[1].SA[3].L1VCache[3],read-mshr-hit,2584.0,count
GPU[1].SA[3].L1VCache[3],write-hit,0.0,count
GPU[1].SA[3].L1VCache[3],write-miss,256.0,count
GPU[1].SA[3].L1VCache[3],write-mshr-hit,0.0,count
GPU[1].SA[3].L1SCache,read-hit,32.0,count
GPU[1].SA[3].L1SCache,read-miss,2.0,count
GPU[1].SA[3].L1SCache,read-mshr-hit,30.0,count
GPU[1].SA[3].L1SCache,write-hit,0.0,count
GPU[1].SA[3].L1SCache,write-miss,0.0,count
GPU[1].SA[3].L1SCache,write-mshr-hit,0.0,count
GPU[1].SA[3].L1ICache,read-hit,28275.0,count
GPU[1].SA[3].L1ICache,read-miss,24.0,count
GPU[1].SA[3].L1ICache,read-mshr-hit,309.0,count
GPU[1].SA[3].L1ICache,write-hit,0.0,count
GPU[1].SA[3].L1ICache,write-miss,0.0,count
GPU[1].SA[3].L1ICache,write-mshr-hit,0.0,count
GPU[1].SA[4].L1VCache[0],read-hit,1656.0,count
GPU[1].SA[4].L1VCache[0],read-miss,5121.0,count
GPU[1].SA[4].L1VCache[0],read-mshr-hit,1419.0,count
GPU[1].SA[4].L1VCache[0],write-hit,0.0,count
GPU[1].SA[4].L1VCache[0],write-miss,256.0,count
GPU[1].SA[4].L1VCache[0],write-mshr-hit,0.0,count
GPU[1].SA[4].L1VCache[1],read-hit,1772.0,count
GPU[1].SA[4].L1VCache[1],read-miss,5121.0,count
GPU[1].SA[4].L1VCache[1],read-mshr-hit,1303.0,count
GPU[1].SA[4].L1VCache[1],write-hit,0.0,count
GPU[1].SA[4].L1VCache[1],write-miss,256.0,count
GPU[1].SA[4].L1VCache[1],write-mshr-hit,0.0,count
GPU[1].SA[4].L1VCache[2],read-hit,1832.0,count
GPU[1].SA[4].L1VCache[2],read-miss,5121.0,count
GPU[1].SA[4].L1VCache[2],read-mshr-hit,1243.0,count
GPU[1].SA[4].L1VCache[2],write-hit,0.0,count
GPU[1].SA[4].L1VCache[2],write-miss,256.0,count
GPU[1].SA[4].L1VCache[2],write-mshr-hit,0.0,count
GPU[1].SA[4].L1VCache[3],read-hit,1695.0,count
GPU[1].SA[4].L1VCache[3],read-miss,5121.0,count
GPU[1].SA[4].L1VCache[3],read-mshr-hit,1380.0,count
GPU[1].SA[4].L1VCache[3],write-hit,0.0,count
GPU[1].SA[4].L1VCache[3],write-miss,256.0,count
GPU[1].SA[4].L1VCache[3],write-mshr-hit,0.0,count
GPU[1].SA[4].L1SCache,read-hit,32.0,count
GPU[1].SA[4].L1SCache,read-miss,2.0,count
GPU[1].SA[4].L1SCache,read-mshr-hit,30.0,count
GPU[1].SA[4].L1SCache,write-hit,0.0,count
GPU[1].SA[4].L1SCache,write-miss,0.0,count
GPU[1].SA[4].L1SCache,write-mshr-hit,0.0,count
GPU[1].SA[4].L1ICache,read-hit,28268.0,count
GPU[1].SA[4].L1ICache,read-miss,24.0,count
GPU[1].SA[4].L1ICache,read-mshr-hit,316.0,count
GPU[1].SA[4].L1ICache,write-hit,0.0,count
GPU[1].SA[4].L1ICache,write-miss,0.0,count
GPU[1].SA[4].L1ICache,write-mshr-hit,0.0,count
GPU[1].SA[5].L1VCache[0],read-hit,1839.0,count
GPU[1].SA[5].L1VCache[0],read-miss,5121.0,count
GPU[1].SA[5].L1VCache[0],read-mshr-hit,1236.0,count
GPU[1].SA[5].L1VCache[0],write-hit,0.0,count
GPU[1].SA[5].L1VCache[0],write-miss,256.0,count
GPU[1].SA[5].L1VCache[0],write-mshr-hit,0.0,count
GPU[1].SA[5].L1VCache[1],read-hit,1650.0,count
GPU[1].SA[5].L1VCache[1],read-miss,5121.0,count
GPU[1].SA[5].L1VCache[1],read-mshr-hit,1425.0,count
GPU[1].SA[5].L1VCache[1],write-hit,0.0,count
GPU[1].SA[5].L1VCache[1],write-miss,256.0,count
GPU[1].SA[5].L1VCache[1],write-mshr-hit,0.0,count
GPU[1].SA[5].L1VCache[2],read-hit,1443.0,count
GPU[1].SA[5].L1VCache[2],read-miss,5121.0,count
GPU[1].SA[5].L1VCache[2],read-mshr-hit,1632.0,count
GPU[1].SA[5].L1VCache[2],write-hit,0.0,count
GPU[1].SA[5].L1VCache[2],write-miss,256.0,count
GPU[1].SA[5].L1VCache[2],write-mshr-hit,0.0,count
GPU[1].SA[5].L1VCache[3],read-hit,1293.0,count
GPU[1].SA[5].L1VCache[3],read-miss,5121.0,count
GPU[1].SA[5].L1VCache[3],read-mshr-hit,1782.0,count
GPU[1].SA[5].L1VCache[3],write-hit,0.0,count
GPU[1].SA[5].L1VCache[3],write-miss,256.0,count
GPU[1].SA[5].L1VCache[3],write-mshr-hit,0.0,count
GPU[1].SA[5].L1SCache,read-hit,32.0,count
GPU[1].SA[5].L1SCache,read-miss,2.0,count
GPU[1].SA[5].L1SCache,read-mshr-hit,30.0,count
GPU[1].SA[5].L1SCache,write-hit,0.0,count
GPU[1].SA[5].L1SCache,write-miss,0.0,count
GPU[1].SA[5].L1SCache,write-mshr-hit,0.0,count
GPU[1].SA[5].L1ICache,read-hit,28304.0,count
GPU[1].SA[5].L1ICache,read-miss,24.0,count
GPU[1].SA[5].L1ICache,read-mshr-hit,280.0,count
GPU[1].SA[5].L1ICache,write-hit,0.0,count
GPU[1].SA[5].L1ICache,write-miss,0.0,count
GPU[1].SA[5].L1ICache,write-mshr-hit,0.0,count
GPU[1].SA[6].L1VCache[0],read-hit,1830.0,count
GPU[1].SA[6].L1VCache[0],read-miss,5121.0,count
GPU[1].SA[6].L1VCache[0],read-mshr-hit,1245.0,count
GPU[1].SA[6].L1VCache[0],write-hit,0.0,count
GPU[1].SA[6].L1VCache[0],write-miss,256.0,count
GPU[1].SA[6].L1VCache[0],write-mshr-hit,0.0,count
GPU[1].SA[6].L1VCache[1],read-hit,1536.0,count
GPU[1].SA[6].L1VCache[1],read-miss,5121.0,count
GPU[1].SA[6].L1VCache[1],read-mshr-hit,1539.0,count
GPU[1].SA[6].L1VCache[1],write-hit,0.0,count
GPU[1].SA[6].L1VCache[1],write-miss,256.0,count
GPU[1].SA[6].L1VCache[1],write-mshr-hit,0.0,count
GPU[1].SA[6].L1VCache[2],read-hit,1138.0,count
GPU[1].SA[6].L1VCache[2],read-miss,5121.0,count
GPU[1].SA[6].L1VCache[2],read-mshr-hit,1937.0,count
GPU[1].SA[6].L1VCache[2],write-hit,0.0,count
GPU[1].SA[6].L1VCache[2],write-miss,256.0,count
GPU[1].SA[6].L1VCache[2],write-mshr-hit,0.0,count
GPU[1].SA[6].L1VCache[3],read-hit,1072.0,count
GPU[1].SA[6].L1VCache[3],read-miss,5121.0,count
GPU[1].SA[6].L1VCache[3],read-mshr-hit,2003.0,count
GPU[1].SA[6].L1VCache[3],write-hit,0.0,count
GPU[1].SA[6].L1VCache[3],write-miss,256.0,count
GPU[1].SA[6].L1VCache[3],write-mshr-hit,0.0,count
GPU[1].SA[6].L1SCache,read-hit,32.0,count
GPU[1].SA[6].L1SCache,read-miss,2.0,count
GPU[1].SA[6].L1SCache,read-mshr-hit,30.0,count
GPU[1].SA[6].L1SCache,write-hit,0.0,count
GPU[1].SA[6].L1SCache,write-miss,0.0,count
GPU[1].SA[6].L1SCache,write-mshr-hit,0.0,count
GPU[1].SA[6].L1ICache,read-hit,28302.0,count
GPU[1].SA[6].L1ICache,read-miss,24.0,count
GPU[1].SA[6].L1ICache,read-mshr-hit,282.0,count
GPU[1].SA[6].L1ICache,write-hit,0.0,count
GPU[1].SA[6].L1ICache,write-miss,0.0,count
GPU[1].SA[6].L1ICache,write-mshr-hit,0.0,count
GPU[1].SA[7].L1VCache[0],read-hit,1722.0,count
GPU[1].SA[7].L1VCache[0],read-miss,5121.0,count
GPU[1].SA[7].L1VCache[0],read-mshr-hit,1353.0,count
GPU[1].SA[7].L1VCache[0],write-hit,0.0,count
GPU[1].SA[7].L1VCache[0],write-miss,256.0,count
GPU[1].SA[7].L1VCache[0],write-mshr-hit,0.0,count
GPU[1].SA[7].L1VCache[1],read-hit,1338.0,count
GPU[1].SA[7].L1VCache[1],read-miss,5121.0,count
GPU[1].SA[7].L1VCache[1],read-mshr-hit,1737.0,count
GPU[1].SA[7].L1VCache[1],write-hit,0.0,count
GPU[1].SA[7].L1VCache[1],write-miss,256.0,count
GPU[1].SA[7].L1VCache[1],write-mshr-hit,0.0,count
GPU[1].SA[7].L1VCache[2],read-hit,958.0,count
GPU[1].SA[7].L1VCache[2],read-miss,5121.0,count
GPU[1].SA[7].L1VCache[2],read-mshr-hit,2117.0,count
GPU[1].SA[7].L1VCache[2],write-hit,0.0,count
GPU[1].SA[7].L1VCache[2],write-miss,256.0,count
GPU[1].SA[7].L1VCache[2],write-mshr-hit,0.0,count
GPU[1].SA[7].L1VCache[3],read-hit,1014.0,count
GPU[1].SA[7].L1VCache[3],read-miss,5121.0,count
GPU[1].SA[7].L1VCache[3],read-mshr-hit,2061.0,count
GPU[1].SA[7].L1VCache[3],write-hit,0.0,count
GPU[1].SA[7].L1VCache[3],write-miss,256.0,count
GPU[1].SA[7].L1VCache[3],write-mshr-hit,0.0,count
GPU[1].SA[7].L1SCache,read-hit,32.0,count
GPU[1].SA[7].L1SCache,read-miss,2.0,count
GPU[1].SA[7].L1SCache,read-mshr-hit,30.0,count
GPU[1].SA[7].L1SCache,write-hit,0.0,count
GPU[1].SA[7].L1SCache,write-miss,0.0,count
GPU[1].SA[7].L1SCache,write-mshr-hit,0.0,count
GPU[1].SA[7].L1ICache,read-hit,28289.0,count
GPU[1].SA[7].L1ICache,read-miss,24.0,count
GPU[1].SA[7].L1ICache,read-mshr-hit,295.0,count
GPU[1].SA[7].L1ICache,write-hit,0.0,count
GPU[1].SA[7].L1ICache,write-miss,0.0,count
GPU[1].SA[7].L1ICache,write-mshr-hit,0.0,count
GPU[1].SA[8].L1VCache[0],read-hit,1731.0,count
GPU[1].SA[8].L1VCache[0],read-miss,5121.0,count
GPU[1].SA[8].L1VCache[0],read-mshr-hit,1344.0,count
GPU[1].SA[8].L1VCache[0],write-hit,0.0,count
GPU[1].SA[8].L1VCache[0],write-miss,256.0,count
GPU[1].SA[8].L1VCache[0],write-mshr-hit,0.0,count
GPU[1].SA[8].L1VCache[1],read-hit,1981.0,count
GPU[1].SA[8].L1VCache[1],read-miss,5121.0,count
GPU[1].SA[8].L1VCache[1],read-mshr-hit,1094.0,count
GPU[1].SA[8].L1VCache[1],write-hit,0.0,count
GPU[1].SA[8].L1VCache[1],write-miss,256.0,count
GPU[1].SA[8].L1VCache[1],write-mshr-hit,0.0,count
GPU[1].SA[8].L1VCache[2],read-hit,2277.0,count
GPU[1].SA[8].L1VCache[2],read-miss,5121.0,count
GPU[1].SA[8].L1VCache[2],read-mshr-hit,798.0,count
GPU[1].SA[8].L1VCache[2],write-hit,0.0,count
GPU[1].SA[8].L1VCache[2],write-miss,256.0,count
GPU[1].SA[8].L1VCache[2],write-mshr-hit,0.0,count
GPU[1].SA[8].L1VCache[3],read-hit,2151.0,count
GPU[1].SA[8].L1VCache[3],read-miss,5121.0,count
GPU[1].SA[8].L1VCache[3],read-mshr-hit,924.0,count
GPU[1].SA[8].L1VCache[3],write-hit,0.0,count
GPU[1].SA[8].L1VCache[3],write-miss,256.0,count
GPU[1].SA[8].L1VCache[3],write-mshr-hit,0.0,count
GPU[1].SA[8].L1SCache,read-hit,32.0,count
GPU[1].SA[8].L1SCache,read-miss,2.0,count
GPU[1].SA[8].L1SCache,read-mshr-hit,30.0,count
GPU[1].SA[8].L1SCache,write-hit,0.0,count
GPU[1].SA[8].L1SCache,write-miss,0.0,count
GPU[1].SA[8].L1SCache,write-mshr-hit,0.0,count
GPU[1].SA[8].L1ICache,read-hit,28325.0,count
GPU[1].SA[8].L1ICache,read-miss,24.0,count
GPU[1].SA[8].L1ICache,read-mshr-hit,272.0,count
GPU[1].SA[8].L1ICache,write-hit,0.0,count
GPU[1].SA[8].L1ICache,write-miss,0.0,count
GPU[1].SA[8].L1ICache,write-mshr-hit,0.0,count
GPU[1].SA[9].L1VCache[0],read-hit,2053.0,count
GPU[1].SA[9].L1VCache[0],read-miss,5121.0,count
GPU[1].SA[9].L1VCache[0],read-mshr-hit,1022.0,count
GPU[1].SA[9].L1VCache[0],write-hit,0.0,count
GPU[1].SA[9].L1VCache[0],write-miss,256.0,count
GPU[1].SA[9].L1VCache[0],write-mshr-hit,0.0,count
GPU[1].SA[9].L1VCache[1],read-hit,1852.0,count
GPU[1].SA[9].L1VCache[1],read-miss,5121.0,count
GPU[1].SA[9].L1VCache[1],read-mshr-hit,1223.0,count
GPU[1].SA[9].L1VCache[1],write-hit,0.0,count
GPU[1].SA[9].L1VCache[1],write-miss,256.0,count
GPU[1].SA[9].L1VCache[1],write-mshr-hit,0.0,count
GPU[1].SA[9].L1VCache[2],read-hit,1812.0,count
GPU[1].SA[9].L1VCache[2],read-miss,5121.0,count
GPU[1].SA[9].L1VCache[2],read-mshr-hit,1263.0,count
GPU[1].SA[9].L1VCache[2],write-hit,0.0,count
GPU[1].SA[9].L1VCache[2],write-miss,256.0,count
GPU[1].SA[9].L1VCache[2],write-mshr-hit,0.0,count
GPU[1].SA[9].L1VCache[3],read-hit,1652.0,count
GPU[1].SA[9].L1VCache[3],read-miss,5121.0,count
GPU[1].SA[9].L1VCache[3],read-mshr-hit,1423.0,count
GPU[1].SA[9].L1VCache[3],write-hit,0.0,count
GPU[1].SA[9].L1VCache[3],write-miss,256.0,count
GPU[1].SA[9].L1VCache[3],write-mshr-hit,0.0,count
GPU[1].SA[9].L1SCache,read-hit,32.0,count
GPU[1].SA[9].L1SCache,read-miss,2.0,count
GPU[1].SA[9].L1SCache,read-mshr-hit,30.0,count
GPU[1].SA[9].L1SCache,write-hit,0.0,count
GPU[1].SA[9].L1SCache,write-miss,0.0,count
GPU[1].SA[9].L1SCache,write-mshr-hit,0.0,count
GPU[1].SA[9].L1ICache,read-hit,28335.0,count
GPU[1].SA[9].L1ICache,read-miss,24.0,count
GPU[1].SA[9].L1ICache,read-mshr-hit,261.0,count
GPU[1].SA[9].L1ICache,write-hit,0.0,count
GPU[1].SA[9].L1ICache,write-miss,0.0,count
GPU[1].SA[9].L1ICache,write-mshr-hit,0.0,count
GPU[1].SA[10].L1VCache[0],read-hit,1845.0,count
GPU[1].SA[10].L1VCache[0],read-miss,5121.0,count
GPU[1].SA[10].L1VCache[0],read-mshr-hit,1230.0,count
GPU[1].SA[10].L1VCache[0],write-hit,0.0,count
GPU[1].SA[10].L1VCache[0],write-miss,256.0,count
GPU[1].SA[10].L1VCache[0],write-mshr-hit,0.0,count
GPU[1].SA[10].L1VCache[1],read-hit,1551.0,count
GPU[1].SA[10].L1VCache[1],read-miss,5121.0,count
GPU[1].SA[10].L1VCache[1],read-mshr-hit,1524.0,count
GPU[1].SA[10].L1VCache[1],write-hit,0.0,count
GPU[1].SA[10].L1VCache[1],write-miss,256.0,count
GPU[1].SA[10].L1VCache[1],write-mshr-hit,0.0,count
GPU[1].SA[10].L1VCache[2],read-hit,1297.0,count
GPU[1].SA[10].L1VCache[2],read-miss,5121.0,count
GPU[1].SA[10].L1VCache[2],read-mshr-hit,1778.0,count
GPU[1].SA[10].L1VCache[2],write-hit,0.0,count
GPU[1].SA[10].L1VCache[2],write-miss,256.0,count
GPU[1].SA[10].L1VCache[2],write-mshr-hit,0.0,count
GPU[1].SA[10].L1VCache[3],read-hit,1299.0,count
GPU[1].SA[10].L1VCache[3],read-miss,5121.0,count
GPU[1].SA[10].L1VCache[3],read-mshr-hit,1776.0,count
GPU[1].SA[10].L1VCache[3],write-hit,0.0,count
GPU[1].SA[10].L1VCache[3],write-miss,256.0,count
GPU[1].SA[10].L1VCache[3],write-mshr-hit,0.0,count
GPU[1].SA[10].L1SCache,read-hit,32.0,count
GPU[1].SA[10].L1SCache,read-miss,2.0,count
GPU[1].SA[10].L1SCache,read-mshr-hit,30.0,count
GPU[1].SA[10].L1SCache,write-hit,0.0,count
GPU[1].SA[10].L1SCache,write-miss,0.0,count
GPU[1].SA[10].L1SCache,write-mshr-hit,0.0,count
GPU[1].SA[10].L1ICache,read-hit,28334.0,count
GPU[1].SA[10].L1ICache,read-miss,24.0,count
GPU[1].SA[10].L1ICache,read-mshr-hit,262.0,count
GPU[1].SA[10].L1ICache,write-hit,0.0,count
GPU[1].SA[10].L1ICache,write-miss,0.0,count
GPU[1].SA[10].L1ICache,write-mshr-hit,0.0,count
GPU[1].SA[11].L1VCache[0],read-hit,1970.0,count
GPU[1].SA[11].L1VCache[0],read-miss,5121.0,count
GPU[1].SA[11].L1VCache[0],read-mshr-hit,1105.0,count
GPU[1].SA[11].L1VCache[0],write-hit,0.0,count
GPU[1].SA[11].L1VCache[0],write-miss,256.0,count
GPU[1].SA[11].L1VCache[0],write-mshr-hit,0.0,count
GPU[1].SA[11].L1VCache[1],read-hit,1635.0,count
GPU[1].SA[11].L1VCache[1],read-miss,5121.0,count
GPU[1].SA[11].L1VCache[1],read-mshr-hit,1440.0,count
GPU[1].SA[11].L1VCache[1],write-hit,0.0,count
GPU[1].SA[11].L1VCache[1],write-miss,256.0,count
GPU[1].SA[11].L1VCache[1],write-mshr-hit,0.0,count
GPU[1].SA[11].L1VCache[2],read-hit,1296.0,count
GPU[1].SA[11].L1VCache[2],read-miss,5121.0,count
GPU[1].SA[11].L1VCache[2],read-mshr-hit,1779.0,count
GPU[1].SA[11].L1VCache[2],write-hit,0.0,count
GPU[1].SA[11].L1VCache[2],write-miss,256.0,count
GPU[1].SA[11].L1VCache[2],write-mshr-hit,0.0,count
GPU[1].SA[11].L1VCache[3],read-hit,1325.0,count
GPU[1].SA[11].L1VCache[3],read-miss,5121.0,count
GPU[1].SA[11].L1VCache[3],read-mshr-hit,1750.0,count
GPU[1].SA[11].L1VCache[3],write-hit,0.0,count
GPU[1].SA[11].L1VCache[3],write-miss,256.0,count
GPU[1].SA[11].L1VCache[3],write-mshr-hit,0.0,count
GPU[1].SA[11].L1SCache,read-hit,32.0,count
GPU[1].SA[11].L1SCache,read-miss,2.0,count
GPU[1].SA[11].L1SCache,read-mshr-hit,30.0,count
GPU[1].SA[11].L1SCache,write-hit,0.0,count
GPU[1].SA[11].L1SCache,write-miss,0.0,count
GPU[1].SA[11].L1SCache,write-mshr-hit,0.0,count
GPU[1].SA[11].L1ICache,read-hit,28383.0,count
GPU[1].SA[11].L1ICache,read-miss,24.0,count
GPU[1].SA[11].L1ICache,read-mshr-hit,224.0,count
GPU[1].SA[11].L1ICache,write-hit,0.0,count
GPU[1].SA[11].L1ICache,write-miss,0.0,count
GPU[1].SA[11].L1ICache,write-mshr-hit,0.0,count
GPU[1].SA[12].L1VCache[0],read-hit,2047.0,count
GPU[1].SA[12].L1VCache[0],read-miss,5121.0,count
GPU[1].SA[12].L1VCache[0],read-mshr-hit,1028.0,count
GPU[1].SA[12].L1VCache[0],write-hit,0.0,count
GPU[1].SA[12].L1VCache[0],write-miss,256.0,count
GPU[1].SA[12].L1VCache[0],write-mshr-hit,0.0,count
GPU[1].SA[12].L1VCache[1],read-hit,2226.0,count
GPU[1].SA[12].L1VCache[1],read-miss,5121.0,count
GPU[1].SA[12].L1VCache[1],read-mshr-hit,849.0,count
GPU[1].SA[12].L1VCache[1],write-hit,0.0,count
GPU[1].SA[12].L1VCache[1],write-miss,256.0,count
GPU[1].SA[12].L1VCache[1],write-mshr-hit,0.0,count
GPU[1].SA[12].L1VCache[2],read-hit,2439.0,count
GPU[1].SA[12].L1VCache[2],read-miss,5121.0,count
GPU[1].SA[12].L1VCache[2],read-mshr-hit,636.0,count
GPU[1].SA[12].L1VCache[2],write-hit,0.0,count
GPU[1].SA[12].L1VCache[2],write-miss,256.0,count
GPU[1].SA[12].L1VCache[2],write-mshr-hit,0.0,count
GPU[1].SA[12].L1VCache[3],read-hit,2339.0,count
GPU[1].SA[12].L1VCache[3],read-miss,5121.0,count
GPU[1].SA[12].L1VCache[3],read-mshr-hit,736.0,count
GPU[1].SA[12].L1VCache[3],write-hit,0.0,count
GPU[1].SA[12].L1VCache[3],write-miss,256.0,count
GPU[1].SA[12].L1VCache[3],write-mshr-hit,0.0,count
GPU[1].SA[12].L1SCache,read-hit,32.0,count
GPU[1].SA[12].L1SCache,read-miss,2.0,count
GPU[1].SA[12].L1SCache,read-mshr-hit,30.0,count
GPU[1].SA[12].L1SCache,write-hit,0.0,count
GPU[1].SA[12].L1SCache,write-miss,0.0,count
GPU[1].SA[12].L1SCache,write-mshr-hit,0.0,count
GPU[1].SA[12].L1ICache,read-hit,28379.0,count
GPU[1].SA[12].L1ICache,read-miss,24.0,count
GPU[1].SA[12].L1ICache,read-mshr-hit,231.0,count
GPU[1].SA[12].L1ICache,write-hit,0.0,count
GPU[1].SA[12].L1ICache,write-miss,0.0,count
GPU[1].SA[12].L1ICache,write-mshr-hit,0.0,count
GPU[1].SA[13].L1VCache[0],read-hit,2124.0,count
GPU[1].SA[13].L1VCache[0],read-miss,5121.0,count
GPU[1].SA[13].L1VCache[0],read-mshr-hit,951.0,count
GPU[1].SA[13].L1VCache[0],write-hit,0.0,count
GPU[1].SA[13].L1VCache[0],write-miss,256.0,count
GPU[1].SA[13].L1VCache[0],write-mshr-hit,0.0,count
GPU[1].SA[13].L1VCache[1],read-hit,2032.0,count
GPU[1].SA[13].L1VCache[1],read-miss,5121.0,count
GPU[1].SA[13].L1VCache[1],read-mshr-hit,1043.0,count
GPU[1].SA[13].L1VCache[1],write-hit,0.0,count
GPU[1].SA[13].L1VCache[1],write-miss,256.0,count
GPU[1].SA[13].L1VCache[1],write-mshr-hit,0.0,count
GPU[1].SA[13].L1VCache[2],read-hit,2057.0,count
GPU[1].SA[13].L1VCache[2],read-miss,5121.0,count
GPU[1].SA[13].L1VCache[2],read-mshr-hit,1018.0,count
GPU[1].SA[13].L1VCache[2],write-hit,0.0,count
GPU[1].SA[13].L1VCache[2],write-miss,256.0,count
GPU[1].SA[13].L1VCache[2],write-mshr-hit,0.0,count
GPU[1].SA[13].L1VCache[3],read-hit,1937.0,count
GPU[1].SA[13].L1VCache[3],read-miss,5121.0,count
GPU[1].SA[13].L1VCache[3],read-mshr-hit,1138.0,count
GPU[1].SA[13].L1VCache[3],write-hit,0.0,count
GPU[1].SA[13].L1VCache[3],write-miss,256.0,count
GPU[1].SA[13].L1VCache[3],write-mshr-hit,0.0,count
GPU[1].SA[13].L1SCache,read-hit,32.0,count
GPU[1].SA[13].L1SCache,read-miss,2.0,count
GPU[1].SA[13].L1SCache,read-mshr-hit,30.0,count
GPU[1].SA[13].L1SCache,write-hit,0.0,count
GPU[1].SA[13].L1SCache,write-miss,0.0,count
GPU[1].SA[13].L1SCache,write-mshr-hit,0.0,count
GPU[1].SA[13].L1ICache,read-hit,28376.0,count
GPU[1].SA[13].L1ICache,read-miss,24.0,count
GPU[1].SA[13].L1ICache,read-mshr-hit,231.0,count
GPU[1].SA[13].L1ICache,write-hit,0.0,count
GPU[1].SA[13].L1ICache,write-miss,0.0,count
GPU[1].SA[13].L1ICache,write-mshr-hit,0.0,count
GPU[1].SA[14].L1VCache[0],read-hit,2027.0,count
GPU[1].SA[14].L1VCache[0],read-miss,5121.0,count
GPU[1].SA[14].L1VCache[0],read-mshr-hit,1048.0,count
GPU[1].SA[14].L1VCache[0],write-hit,0.0,count
GPU[1].SA[14].L1VCache[0],write-miss,256.0,count
GPU[1].SA[14].L1VCache[0],write-mshr-hit,0.0,count
GPU[1].SA[14].L1VCache[1],read-hit,1932.0,count
GPU[1].SA[14].L1VCache[1],read-miss,5121.0,count
GPU[1].SA[14].L1VCache[1],read-mshr-hit,1143.0,count
GPU[1].SA[14].L1VCache[1],write-hit,0.0,count
GPU[1].SA[14].L1VCache[1],write-miss,256.0,count
GPU[1].SA[14].L1VCache[1],write-mshr-hit,0.0,count
GPU[1].SA[14].L1VCache[2],read-hit,1736.0,count
GPU[1].SA[14].L1VCache[2],read-miss,5121.0,count
GPU[1].SA[14].L1VCache[2],read-mshr-hit,1339.0,count
GPU[1].SA[14].L1VCache[2],write-hit,0.0,count
GPU[1].SA[14].L1VCache[2],write-miss,256.0,count
GPU[1].SA[14].L1VCache[2],write-mshr-hit,0.0,count
GPU[1].SA[14].L1VCache[3],read-hit,1698.0,count
GPU[1].SA[14].L1VCache[3],read-miss,5121.0,count
GPU[1].SA[14].L1VCache[3],read-mshr-hit,1377.0,count
GPU[1].SA[14].L1VCache[3],write-hit,0.0,count
GPU[1].SA[14].L1VCache[3],write-miss,256.0,count
GPU[1].SA[14].L1VCache[3],write-mshr-hit,0.0,count
GPU[1].SA[14].L1SCache,read-hit,32.0,count
GPU[1].SA[14].L1SCache,read-miss,2.0,count
GPU[1].SA[14].L1SCache,read-mshr-hit,30.0,count
GPU[1].SA[14].L1SCache,write-hit,0.0,count
GPU[1].SA[14].L1SCache,write-miss,0.0,count
GPU[1].SA[14].L1SCache,write-mshr-hit,0.0,count
GPU[1].SA[14].L1ICache,read-hit,28369.0,count
GPU[1].SA[14].L1ICache,read-miss,24.0,count
GPU[1].SA[14].L1ICache,read-mshr-hit,239.0,count
GPU[1].SA[14].L1ICache,write-hit,0.0,count
GPU[1].SA[14].L1ICache,write-miss,0.0,count
GPU[1].SA[14].L1ICache,write-mshr-hit,0.0,count
GPU[1].SA[15].L1VCache[0],read-hit,1994.0,count
GPU[1].SA[15].L1VCache[0],read-miss,5121.0,count
GPU[1].SA[15].L1VCache[0],read-mshr-hit,1081.0,count
GPU[1].SA[15].L1VCache[0],write-hit,0.0,count
GPU[1].SA[15].L1VCache[0],write-miss,256.0,count
GPU[1].SA[15].L1VCache[0],write-mshr-hit,0.0,count
GPU[1].SA[15].L1VCache[1],read-hit,1855.0,count
GPU[1].SA[15].L1VCache[1],read-miss,5121.0,count
GPU[1].SA[15].L1VCache[1],read-mshr-hit,1220.0,count
GPU[1].SA[15].L1VCache[1],write-hit,0.0,count
GPU[1].SA[15].L1VCache[1],write-miss,256.0,count
GPU[1].SA[15].L1VCache[1],write-mshr-hit,0.0,count
GPU[1].SA[15].L1VCache[2],read-hit,1537.0,count
GPU[1].SA[15].L1VCache[2],read-miss,5121.0,count
GPU[1].SA[15].L1VCache[2],read-mshr-hit,1538.0,count
GPU[1].SA[15].L1VCache[2],write-hit,0.0,count
GPU[1].SA[15].L1VCache[2],write-miss,256.0,count
GPU[1].SA[15].L1VCache[2],write-mshr-hit,0.0,count
GPU[1].SA[15].L1VCache[3],read-hit,1584.0,count
GPU[1].SA[15].L1VCache[3],read-miss,5121.0,count
GPU[1].SA[15].L1VCache[3],read-mshr-hit,1491.0,count
GPU[1].SA[15].L1VCache[3],write-hit,0.0,count
GPU[1].SA[15].L1VCache[3],write-miss,256.0,count
GPU[1].SA[15].L1VCache[3],write-mshr-hit,0.0,count
GPU[1].SA[15].L1SCache,read-hit,32.0,count
GPU[1].SA[15].L1SCache,read-miss,2.0,count
GPU[1].SA[15].L1SCache,read-mshr-hit,30.0,count
GPU[1].SA[15].L1SCache,write-hit,0.0,count
GPU[1].SA[15].L1SCache,write-miss,0.0,count
GPU[1].SA[15].L1SCache,write-mshr-hit,0.0,count
GPU[1].SA[15].L1ICache,read-hit,28378.0,count
GPU[1].SA[15].L1ICache,read-miss,24.0,count
GPU[1].SA[15].L1ICache,read-mshr-hit,234.0,count
GPU[1].SA[15].L1ICache,write-hit,0.0,count
GPU[1].SA[15].L1ICache,write-miss,0.0,count
GPU[1].SA[15].L1ICache,write-mshr-hit,0.0,count
GPU[1].L2Cache[0],prefetch_requests,0.0,count
GPU[1].L2Cache[0],prefetch_hits,0.0,count
GPU[1].L2Cache[0],cache_pollution,0.0,count
GPU[1].L2Cache[0],mshr_hits,7876.0,count
GPU[1].L2Cache[0],mshr_misses,2052.0,count
GPU[1].L2Cache[1],prefetch_requests,0.0,count
GPU[1].L2Cache[1],prefetch_hits,0.0,count
GPU[1].L2Cache[1],cache_pollution,0.0,count
GPU[1].L2Cache[1],mshr_hits,2404.0,count
GPU[1].L2Cache[1],mshr_misses,2050.0,count
GPU[1].L2Cache[2],prefetch_requests,0.0,count
GPU[1].L2Cache[2],prefetch_hits,0.0,count
GPU[1].L2Cache[2],cache_pollution,0.0,count
GPU[1].L2Cache[2],mshr_hits,1676.0,count
GPU[1].L2Cache[2],mshr_misses,2050.0,count
GPU[1].L2Cache[3],prefetch_requests,0.0,count
GPU[1].L2Cache[3],prefetch_hits,0.0,count
GPU[1].L2Cache[3],cache_pollution,0.0,count
GPU[1].L2Cache[3],mshr_hits,1900.0,count
GPU[1].L2Cache[3],mshr_misses,2052.0,count
GPU[1].L2Cache[4],prefetch_requests,0.0,count
GPU[1].L2Cache[4],prefetch_hits,0.0,count
GPU[1].L2Cache[4],cache_pollution,0.0,count
GPU[1].L2Cache[4],mshr_hits,2626.0,count
GPU[1].L2Cache[4],mshr_misses,2050.0,count
GPU[1].L2Cache[5],prefetch_requests,0.0,count
GPU[1].L2Cache[5],prefetch_hits,0.0,count
GPU[1].L2Cache[5],cache_pollution,0.0,count
GPU[1].L2Cache[5],mshr_hits,2351.0,count
GPU[1].L2Cache[5],mshr_misses,2050.0,count
GPU[1].L2Cache[6],prefetch_requests,0.0,count
GPU[1].L2Cache[6],prefetch_hits,0.0,count
GPU[1].L2Cache[6],cache_pollution,0.0,count
GPU[1].L2Cache[6],mshr_hits,2052.0,count
GPU[1].L2Cache[6],mshr_misses,2055.0,count
GPU[1].L2Cache[7],prefetch_requests,0.0,count
GPU[1].L2Cache[7],prefetch_hits,0.0,count
GPU[1].L2Cache[7],cache_pollution,0.0,count
GPU[1].L2Cache[7],mshr_hits,2022.0,count
GPU[1].L2Cache[7],mshr_misses,2050.0,count
GPU[1].L2Cache[8],prefetch_requests,0.0,count
GPU[1].L2Cache[8],prefetch_hits,0.0,count
GPU[1].L2Cache[8],cache_pollution,0.0,count
GPU[1].L2Cache[8],mshr_hits,2286.0,count
GPU[1].L2Cache[8],mshr_misses,2079.0,count
GPU[1].L2Cache[9],prefetch_requests,0.0,count
GPU[1].L2Cache[9],prefetch_hits,0.0,count
GPU[1].L2Cache[9],cache_pollution,0.0,count
GPU[1].L2Cache[9],mshr_hits,2248.0,count
GPU[1].L2Cache[9],mshr_misses,2050.0,count
GPU[1].L2Cache[10],prefetch_requests,0.0,count
GPU[1].L2Cache[10],prefetch_hits,0.0,count
GPU[1].L2Cache[10],cache_pollution,0.0,count
GPU[1].L2Cache[10],mshr_hits,2506.0,count
GPU[1].L2Cache[10],mshr_misses,2051.0,count
GPU[1].L2Cache[11],prefetch_requests,0.0,count
GPU[1].L2Cache[11],prefetch_hits,0.0,count
GPU[1].L2Cache[11],cache_pollution,0.0,count
GPU[1].L2Cache[11],mshr_hits,2565.0,count
GPU[1].L2Cache[11],mshr_misses,2050.0,count
GPU[1].L2Cache[12],prefetch_requests,0.0,count
GPU[1].L2Cache[12],prefetch_hits,0.0,count
GPU[1].L2Cache[12],cache_pollution,0.0,count
GPU[1].L2Cache[12],mshr_hits,2906.0,count
GPU[1].L2Cache[12],mshr_misses,2054.0,count
GPU[1].L2Cache[13],prefetch_requests,0.0,count
GPU[1].L2Cache[13],prefetch_hits,0.0,count
GPU[1].L2Cache[13],cache_pollution,0.0,count
GPU[1].L2Cache[13],mshr_hits,2667.0,count
GPU[1].L2Cache[13],mshr_misses,2048.0,count
GPU[1].L2Cache[14],prefetch_requests,0.0,count
GPU[1].L2Cache[14],prefetch_hits,0.0,count
GPU[1].L2Cache[14],cache_pollution,0.0,count
GPU[1].L2Cache[14],mshr_hits,2654.0,count
GPU[1].L2Cache[14],mshr_misses,2061.0,count
GPU[1].L2Cache[15],prefetch_requests,0.0,count
GPU[1].L2Cache[15],prefetch_hits,0.0,count
GPU[1].L2Cache[15],cache_pollution,0.0,count
GPU[1].L2Cache[15],mshr_hits,2516.0,count
GPU[1].L2Cache[15],mshr_misses,2048.0,count
GPU[1].L2TLB,hit,16517.0,count
GPU[1].L2TLB,miss,770.0,count
GPU[1].L2TLB,mshr-hit,7385.0,count
GPU[1].SA[0].L1VTLB[0],hit,5956.0,count
GPU[1].SA[0].L1VTLB[0],miss,385.0,count
GPU[1].SA[0].L1VTLB[0],mshr-hit,2111.0,count
GPU[1].SA[0].L1VTLB[1],hit,6212.0,count
GPU[1].SA[0].L1VTLB[1],miss,385.0,count
GPU[1].SA[0].L1VTLB[1],mshr-hit,1855.0,count
GPU[1].SA[0].L1VTLB[2],hit,7255.0,count
GPU[1].SA[0].L1VTLB[2],miss,385.0,count
GPU[1].SA[0].L1VTLB[2],mshr-hit,812.0,count
GPU[1].SA[0].L1VTLB[3],hit,7280.0,count
GPU[1].SA[0].L1VTLB[3],miss,385.0,count
GPU[1].SA[0].L1VTLB[3],mshr-hit,787.0,count
GPU[1].SA[0].L1STLB,hit,16.0,count
GPU[1].SA[0].L1STLB,miss,1.0,count
GPU[1].SA[0].L1STLB,mshr-hit,47.0,count
GPU[1].SA[0].L1ITLB,hit,23.0,count
GPU[1].SA[0].L1ITLB,miss,1.0,count
GPU[1].SA[0].L1ITLB,mshr-hit,0.0,count
GPU[1].SA[1].L1VTLB[0],hit,7211.0,count
GPU[1].SA[1].L1VTLB[0],miss,385.0,count
GPU[1].SA[1].L1VTLB[0],mshr-hit,856.0,count
GPU[1].SA[1].L1VTLB[1],hit,7264.0,count
GPU[1].SA[1].L1VTLB[1],miss,385.0,count
GPU[1].SA[1].L1VTLB[1],mshr-hit,803.0,count
GPU[1].SA[1].L1VTLB[2],hit,7335.0,count
GPU[1].SA[1].L1VTLB[2],miss,385.0,count
GPU[1].SA[1].L1VTLB[2],mshr-hit,732.0,count
GPU[1].SA[1].L1VTLB[3],hit,7339.0,count
GPU[1].SA[1].L1VTLB[3],miss,385.0,count
GPU[1].SA[1].L1VTLB[3],mshr-hit,728.0,count
GPU[1].SA[1].L1STLB,hit,16.0,count
GPU[1].SA[1].L1STLB,miss,1.0,count
GPU[1].SA[1].L1STLB,mshr-hit,47.0,count
GPU[1].SA[1].L1ITLB,hit,23.0,count
GPU[1].SA[1].L1ITLB,miss,1.0,count
GPU[1].SA[1].L1ITLB,mshr-hit,0.0,count
GPU[1].SA[2].L1VTLB[0],hit,7263.0,count
GPU[1].SA[2].L1VTLB[0],miss,385.0,count
GPU[1].SA[2].L1VTLB[0],mshr-hit,804.0,count
GPU[1].SA[2].L1VTLB[1],hit,7291.0,count
GPU[1].SA[2].L1VTLB[1],miss,385.0,count
GPU[1].SA[2].L1VTLB[1],mshr-hit,776.0,count
GPU[1].SA[2].L1VTLB[2],hit,7340.0,count
GPU[1].SA[2].L1VTLB[2],miss,385.0,count
GPU[1].SA[2].L1VTLB[2],mshr-hit,727.0,count
GPU[1].SA[2].L1VTLB[3],hit,7339.0,count
GPU[1].SA[2].L1VTLB[3],miss,385.0,count
GPU[1].SA[2].L1VTLB[3],mshr-hit,728.0,count
GPU[1].SA[2].L1STLB,hit,16.0,count
GPU[1].SA[2].L1STLB,miss,1.0,count
GPU[1].SA[2].L1STLB,mshr-hit,47.0,count
GPU[1].SA[2].L1ITLB,hit,23.0,count
GPU[1].SA[2].L1ITLB,miss,1.0,count
GPU[1].SA[2].L1ITLB,mshr-hit,0.0,count
GPU[1].SA[3].L1VTLB[0],hit,7171.0,count
GPU[1].SA[3].L1VTLB[0],miss,385.0,count
GPU[1].SA[3].L1VTLB[0],mshr-hit,896.0,count
GPU[1].SA[3].L1VTLB[1],hit,7307.0,count
GPU[1].SA[3].L1VTLB[1],miss,385.0,count
GPU[1].SA[3].L1VTLB[1],mshr-hit,760.0,count
GPU[1].SA[3].L1VTLB[2],hit,7335.0,count
GPU[1].SA[3].L1VTLB[2],miss,385.0,count
GPU[1].SA[3].L1VTLB[2],mshr-hit,732.0,count
GPU[1].SA[3].L1VTLB[3],hit,7336.0,count
GPU[1].SA[3].L1VTLB[3],miss,385.0,count
GPU[1].SA[3].L1VTLB[3],mshr-hit,731.0,count
GPU[1].SA[3].L1STLB,hit,16.0,count
GPU[1].SA[3].L1STLB,miss,1.0,count
GPU[1].SA[3].L1STLB,mshr-hit,47.0,count
GPU[1].SA[3].L1ITLB,hit,23.0,count
GPU[1].SA[3].L1ITLB,miss,1.0,count
GPU[1].SA[3].L1ITLB,mshr-hit,0.0,count
GPU[1].SA[4].L1VTLB[0],hit,6631.0,count
GPU[1].SA[4].L1VTLB[0],miss,385.0,count
GPU[1].SA[4].L1VTLB[0],mshr-hit,1436.0,count
GPU[1].SA[4].L1VTLB[1],hit,6792.0,count
GPU[1].SA[4].L1VTLB[1],miss,385.0,count
GPU[1].SA[4].L1VTLB[1],mshr-hit,1275.0,count
GPU[1].SA[4].L1VTLB[2],hit,7280.0,count
GPU[1].SA[4].L1VTLB[2],miss,385.0,count
GPU[1].SA[4].L1VTLB[2],mshr-hit,787.0,count
GPU[1].SA[4].L1VTLB[3],hit,7305.0,count
GPU[1].SA[4].L1VTLB[3],miss,385.0,count
GPU[1].SA[4].L1VTLB[3],mshr-hit,762.0,count
GPU[1].SA[4].L1STLB,hit,16.0,count
GPU[1].SA[4].L1STLB,miss,1.0,count
GPU[1].SA[4].L1STLB,mshr-hit,47.0,count
GPU[1].SA[4].L1ITLB,hit,23.0,count
GPU[1].SA[4].L1ITLB,miss,1.0,count
GPU[1].SA[4].L1ITLB,mshr-hit,0.0,count
GPU[1].SA[5].L1VTLB[0],hit,7223.0,count
GPU[1].SA[5].L1VTLB[0],miss,385.0,count
GPU[1].SA[5].L1VTLB[0],mshr-hit,844.0,count
GPU[1].SA[5].L1VTLB[1],hit,7303.0,count
GPU[1].SA[5].L1VTLB[1],miss,385.0,count
GPU[1].SA[5].L1VTLB[1],mshr-hit,764.0,count
GPU[1].SA[5].L1VTLB[2],hit,7335.0,count
GPU[1].SA[5].L1VTLB[2],miss,385.0,count
GPU[1].SA[5].L1VTLB[2],mshr-hit,732.0,count
GPU[1].SA[5].L1VTLB[3],hit,7340.0,count
GPU[1].SA[5].L1VTLB[3],miss,385.0,count
GPU[1].SA[5].L1VTLB[3],mshr-hit,727.0,count
GPU[1].SA[5].L1STLB,hit,16.0,count
GPU[1].SA[5].L1STLB,miss,1.0,count
GPU[1].SA[5].L1STLB,mshr-hit,47.0,count
GPU[1].SA[5].L1ITLB,hit,23.0,count
GPU[1].SA[5].L1ITLB,miss,1.0,count
GPU[1].SA[5].L1ITLB,mshr-hit,0.0,count
GPU[1].SA[6].L1VTLB[0],hit,7303.0,count
GPU[1].SA[6].L1VTLB[0],miss,385.0,count
GPU[1].SA[6].L1VTLB[0],mshr-hit,764.0,count
GPU[1].SA[6].L1VTLB[1],hit,7331.0,count
GPU[1].SA[6].L1VTLB[1],miss,385.0,count
GPU[1].SA[6].L1VTLB[1],mshr-hit,736.0,count
GPU[1].SA[6].L1VTLB[2],hit,7339.0,count
GPU[1].SA[6].L1VTLB[2],miss,385.0,count
GPU[1].SA[6].L1VTLB[2],mshr-hit,728.0,count
GPU[1].SA[6].L1VTLB[3],hit,7340.0,count
GPU[1].SA[6].L1VTLB[3],miss,385.0,count
GPU[1].SA[6].L1VTLB[3],mshr-hit,727.0,count
GPU[1].SA[6].L1STLB,hit,16.0,count
GPU[1].SA[6].L1STLB,miss,1.0,count
GPU[1].SA[6].L1STLB,mshr-hit,47.0,count
GPU[1].SA[6].L1ITLB,hit,23.0,count
GPU[1].SA[6].L1ITLB,miss,1.0,count
GPU[1].SA[6].L1ITLB,mshr-hit,0.0,count
GPU[1].SA[7].L1VTLB[0],hit,7152.0,count
GPU[1].SA[7].L1VTLB[0],miss,385.0,count
GPU[1].SA[7].L1VTLB[0],mshr-hit,915.0,count
GPU[1].SA[7].L1VTLB[1],hit,7295.0,count
GPU[1].SA[7].L1VTLB[1],miss,385.0,count
GPU[1].SA[7].L1VTLB[1],mshr-hit,772.0,count
GPU[1].SA[7].L1VTLB[2],hit,7335.0,count
GPU[1].SA[7].L1VTLB[2],miss,385.0,count
GPU[1].SA[7].L1VTLB[2],mshr-hit,732.0,count
GPU[1].SA[7].L1VTLB[3],hit,7335.0,count
GPU[1].SA[7].L1VTLB[3],miss,385.0,count
GPU[1].SA[7].L1VTLB[3],mshr-hit,732.0,count
GPU[1].SA[7].L1STLB,hit,16.0,count
GPU[1].SA[7].L1STLB,miss,1.0,count
GPU[1].SA[7].L1STLB,mshr-hit,47.0,count
GPU[1].SA[7].L1ITLB,hit,23.0,count
GPU[1].SA[7].L1ITLB,miss,1.0,count
GPU[1].SA[7].L1ITLB,mshr-hit,0.0,count
GPU[1].SA[8].L1VTLB[0],hit,6696.0,count
GPU[1].SA[8].L1VTLB[0],miss,385.0,count
GPU[1].SA[8].L1VTLB[0],mshr-hit,1371.0,count
GPU[1].SA[8].L1VTLB[1],hit,6836.0,count
GPU[1].SA[8].L1VTLB[1],miss,385.0,count
GPU[1].SA[8].L1VTLB[1],mshr-hit,1231.0,count
GPU[1].SA[8].L1VTLB[2],hit,7304.0,count
GPU[1].SA[8].L1VTLB[2],miss,385.0,count
GPU[1].SA[8].L1VTLB[2],mshr-hit,763.0,count
GPU[1].SA[8].L1VTLB[3],hit,7344.0,count
GPU[1].SA[8].L1VTLB[3],miss,385.0,count
GPU[1].SA[8].L1VTLB[3],mshr-hit,723.0,count
GPU[1].SA[8].L1STLB,hit,16.0,count
GPU[1].SA[8].L1STLB,miss,1.0,count
GPU[1].SA[8].L1STLB,mshr-hit,47.0,count
GPU[1].SA[8].L1ITLB,hit,23.0,count
GPU[1].SA[8].L1ITLB,miss,1.0,count
GPU[1].SA[8].L1ITLB,mshr-hit,0.0,count
GPU[1].SA[9].L1VTLB[0],hit,7268.0,count
GPU[1].SA[9].L1VTLB[0],miss,385.0,count
GPU[1].SA[9].L1VTLB[0],mshr-hit,799.0,count
GPU[1].SA[9].L1VTLB[1],hit,7304.0,count
GPU[1].SA[9].L1VTLB[1],miss,385.0,count
GPU[1].SA[9].L1VTLB[1],mshr-hit,763.0,count
GPU[1].SA[9].L1VTLB[2],hit,7352.0,count
GPU[1].SA[9].L1VTLB[2],miss,385.0,count
GPU[1].SA[9].L1VTLB[2],mshr-hit,715.0,count
GPU[1].SA[9].L1VTLB[3],hit,7352.0,count
GPU[1].SA[9].L1VTLB[3],miss,385.0,count
GPU[1].SA[9].L1VTLB[3],mshr-hit,715.0,count
GPU[1].SA[9].L1STLB,hit,16.0,count
GPU[1].SA[9].L1STLB,miss,1.0,count
GPU[1].SA[9].L1STLB,mshr-hit,47.0,count
GPU[1].SA[9].L1ITLB,hit,23.0,count
GPU[1].SA[9].L1ITLB,miss,1.0,count
GPU[1].SA[9].L1ITLB,mshr-hit,0.0,count
GPU[1].SA[10].L1VTLB[0],hit,7296.0,count
GPU[1].SA[10].L1VTLB[0],miss,385.0,count
GPU[1].SA[10].L1VTLB[0],mshr-hit,771.0,count
GPU[1].SA[10].L1VTLB[1],hit,7332.0,count
GPU[1].SA[10].L1VTLB[1],miss,385.0,count
GPU[1].SA[10].L1VTLB[1],mshr-hit,735.0,count
GPU[1].SA[10].L1VTLB[2],hit,7352.0,count
GPU[1].SA[10].L1VTLB[2],miss,385.0,count
GPU[1].SA[10].L1VTLB[2],mshr-hit,715.0,count
GPU[1].SA[10].L1VTLB[3],hit,7352.0,count
GPU[1].SA[10].L1VTLB[3],miss,385.0,count
GPU[1].SA[10].L1VTLB[3],mshr-hit,715.0,count
GPU[1].SA[10].L1STLB,hit,16.0,count
GPU[1].SA[10].L1STLB,miss,1.0,count
GPU[1].SA[10].L1STLB,mshr-hit,47.0,count
GPU[1].SA[10].L1ITLB,hit,23.0,count
GPU[1].SA[10].L1ITLB,miss,1.0,count
GPU[1].SA[10].L1ITLB,mshr-hit,0.0,count
GPU[1].SA[11].L1VTLB[0],hit,7218.0,count
GPU[1].SA[11].L1VTLB[0],miss,385.0,count
GPU[1].SA[11].L1VTLB[0],mshr-hit,849.0,count
GPU[1].SA[11].L1VTLB[1],hit,7352.0,count
GPU[1].SA[11].L1VTLB[1],miss,385.0,count
GPU[1].SA[11].L1VTLB[1],mshr-hit,715.0,count
GPU[1].SA[11].L1VTLB[2],hit,7352.0,count
GPU[1].SA[11].L1VTLB[2],miss,385.0,count
GPU[1].SA[11].L1VTLB[2],mshr-hit,715.0,count
GPU[1].SA[11].L1VTLB[3],hit,7380.0,count
GPU[1].SA[11].L1VTLB[3],miss,385.0,count
GPU[1].SA[11].L1VTLB[3],mshr-hit,687.0,count
GPU[1].SA[11].L1STLB,hit,16.0,count
GPU[1].SA[11].L1STLB,miss,1.0,count
GPU[1].SA[11].L1STLB,mshr-hit,47.0,count
GPU[1].SA[11].L1ITLB,hit,23.0,count
GPU[1].SA[11].L1ITLB,miss,1.0,count
GPU[1].SA[11].L1ITLB,mshr-hit,0.0,count
GPU[1].SA[12].L1VTLB[0],hit,6868.0,count
GPU[1].SA[12].L1VTLB[0],miss,385.0,count
GPU[1].SA[12].L1VTLB[0],mshr-hit,1199.0,count
GPU[1].SA[12].L1VTLB[1],hit,6952.0,count
GPU[1].SA[12].L1VTLB[1],miss,385.0,count
GPU[1].SA[12].L1VTLB[1],mshr-hit,1115.0,count
GPU[1].SA[12].L1VTLB[2],hit,7344.0,count
GPU[1].SA[12].L1VTLB[2],miss,385.0,count
GPU[1].SA[12].L1VTLB[2],mshr-hit,723.0,count
GPU[1].SA[12].L1VTLB[3],hit,7334.0,count
GPU[1].SA[12].L1VTLB[3],miss,385.0,count
GPU[1].SA[12].L1VTLB[3],mshr-hit,733.0,count
GPU[1].SA[12].L1STLB,hit,16.0,count
GPU[1].SA[12].L1STLB,miss,1.0,count
GPU[1].SA[12].L1STLB,mshr-hit,47.0,count
GPU[1].SA[12].L1ITLB,hit,23.0,count
GPU[1].SA[12].L1ITLB,miss,1.0,count
GPU[1].SA[12].L1ITLB,mshr-hit,0.0,count
GPU[1].SA[13].L1VTLB[0],hit,7276.0,count
GPU[1].SA[13].L1VTLB[0],miss,385.0,count
GPU[1].SA[13].L1VTLB[0],mshr-hit,791.0,count
GPU[1].SA[13].L1VTLB[1],hit,7364.0,count
GPU[1].SA[13].L1VTLB[1],miss,385.0,count
GPU[1].SA[13].L1VTLB[1],mshr-hit,703.0,count
GPU[1].SA[13].L1VTLB[2],hit,7376.0,count
GPU[1].SA[13].L1VTLB[2],miss,385.0,count
GPU[1].SA[13].L1VTLB[2],mshr-hit,691.0,count
GPU[1].SA[13].L1VTLB[3],hit,7380.0,count
GPU[1].SA[13].L1VTLB[3],miss,385.0,count
GPU[1].SA[13].L1VTLB[3],mshr-hit,687.0,count
GPU[1].SA[13].L1STLB,hit,16.0,count
GPU[1].SA[13].L1STLB,miss,1.0,count
GPU[1].SA[13].L1STLB,mshr-hit,47.0,count
GPU[1].SA[13].L1ITLB,hit,23.0,count
GPU[1].SA[13].L1ITLB,miss,1.0,count
GPU[1].SA[13].L1ITLB,mshr-hit,0.0,count
GPU[1].SA[14].L1VTLB[0],hit,7296.0,count
GPU[1].SA[14].L1VTLB[0],miss,385.0,count
GPU[1].SA[14].L1VTLB[0],mshr-hit,771.0,count
GPU[1].SA[14].L1VTLB[1],hit,7364.0,count
GPU[1].SA[14].L1VTLB[1],miss,385.0,count
GPU[1].SA[14].L1VTLB[1],mshr-hit,703.0,count
GPU[1].SA[14].L1VTLB[2],hit,7380.0,count
GPU[1].SA[14].L1VTLB[2],miss,385.0,count
GPU[1].SA[14].L1VTLB[2],mshr-hit,687.0,count
GPU[1].SA[14].L1VTLB[3],hit,7380.0,count
GPU[1].SA[14].L1VTLB[3],miss,385.0,count
GPU[1].SA[14].L1VTLB[3],mshr-hit,687.0,count
GPU[1].SA[14].L1STLB,hit,16.0,count
GPU[1].SA[14].L1STLB,miss,1.0,count
GPU[1].SA[14].L1STLB,mshr-hit,47.0,count
GPU[1].SA[14].L1ITLB,hit,23.0,count
GPU[1].SA[14].L1ITLB,miss,1.0,count
GPU[1].SA[14].L1ITLB,mshr-hit,0.0,count
GPU[1].SA[15].L1VTLB[0],hit,7236.0,count
GPU[1].SA[15].L1VTLB[0],miss,385.0,count
GPU[1].SA[15].L1VTLB[0],mshr-hit,831.0,count
GPU[1].SA[15].L1VTLB[1],hit,7352.0,count
GPU[1].SA[15].L1VTLB[1],miss,385.0,count
GPU[1].SA[15].L1VTLB[1],mshr-hit,715.0,count
GPU[1].SA[15].L1VTLB[2],hit,7380.0,count
GPU[1].SA[15].L1VTLB[2],miss,385.0,count
GPU[1].SA[15].L1VTLB[2],mshr-hit,687.0,count
GPU[1].SA[15].L1VTLB[3],hit,7380.0,count
GPU[1].SA[15].L1VTLB[3],miss,385.0,count
GPU[1].SA[15].L1VTLB[3],mshr-hit,687.0,count
GPU[1].SA[15].L1STLB,hit,16.0,count
GPU[1].SA[15].L1STLB,miss,1.0,count
GPU[1].SA[15].L1STLB,mshr-hit,47.0,count
GPU[1].SA[15].L1ITLB,hit,23.0,count
GPU[1].SA[15].L1ITLB,miss,1.0,count
GPU[1].SA[15].L1ITLB,mshr-hit,0.0,count
GPU[1].RDMA,outgoing_trans_count,0.0,count
GPU[1].RDMA,incoming_trans_count,0.0,count
GPU[1].DRAM[0],read_trans_count,3076.0,count
GPU[1].DRAM[0],write_trans_count,3077.0,count
GPU[1].DRAM[0],read_avg_latency,9.89999999999921e-08,second
GPU[1].DRAM[0],write_avg_latency,9.89999999999921e-08,second
GPU[1].DRAM[0],read_size,196864.0,bytes
GPU[1].DRAM[0],write_size,196898.0,bytes
GPU[1].DRAM[1],read_trans_count,3074.0,count
GPU[1].DRAM[1],write_trans_count,3074.0,count
GPU[1].DRAM[1],read_avg_latency,9.89999999999921e-08,second
GPU[1].DRAM[1],write_avg_latency,9.89999999999921e-08,second
GPU[1].DRAM[1],read_size,196736.0,bytes
GPU[1].DRAM[1],write_size,196736.0,bytes
GPU[1].DRAM[2],read_trans_count,3074.0,count
GPU[1].DRAM[2],write_trans_count,3074.0,count
GPU[1].DRAM[2],read_avg_latency,9.89999999999921e-08,second
GPU[1].DRAM[2],write_avg_latency,9.89999999999921e-08,second
GPU[1].DRAM[2],read_size,196736.0,bytes
GPU[1].DRAM[2],write_size,196736.0,bytes
GPU[1].DRAM[3],read_trans_count,3076.0,count
GPU[1].DRAM[3],write_trans_count,3074.0,count
GPU[1].DRAM[3],read_avg_latency,9.89999999999921e-08,second
GPU[1].DRAM[3],write_avg_latency,9.89999999999921e-08,second
GPU[1].DRAM[3],read_size,196864.0,bytes
GPU[1].DRAM[3],write_size,196736.0,bytes
GPU[1].DRAM[4],read_trans_count,3074.0,count
GPU[1].DRAM[4],write_trans_count,3074.0,count
GPU[1].DRAM[4],read_avg_latency,9.89999999999921e-08,second
GPU[1].DRAM[4],write_avg_latency,9.89999999999921e-08,second
GPU[1].DRAM[4],read_size,196736.0,bytes
GPU[1].DRAM[4],write_size,196736.0,bytes
GPU[1].DRAM[5],read_trans_count,3074.0,count
GPU[1].DRAM[5],write_trans_count,3074.0,count
GPU[1].DRAM[5],read_avg_latency,9.89999999999921e-08,second
GPU[1].DRAM[5],write_avg_latency,9.89999999999921e-08,second
GPU[1].DRAM[5],read_size,196736.0,bytes
GPU[1].DRAM[5],write_size,196736.0,bytes
GPU[1].DRAM[6],read_trans_count,3079.0,count
GPU[1].DRAM[6],write_trans_count,3074.0,count
GPU[1].DRAM[6],read_avg_latency,9.89999999999921e-08,second
GPU[1].DRAM[6],write_avg_latency,9.89999999999921e-08,second
GPU[1].DRAM[6],read_size,197056.0,bytes
GPU[1].DRAM[6],write_size,196736.0,bytes
GPU[1].DRAM[7],read_trans_count,3074.0,count
GPU[1].DRAM[7],write_trans_count,3074.0,count
GPU[1].DRAM[7],read_avg_latency,9.89999999999921e-08,second
GPU[1].DRAM[7],write_avg_latency,9.89999999999921e-08,second
GPU[1].DRAM[7],read_size,196736.0,bytes
GPU[1].DRAM[7],write_size,196736.0,bytes
GPU[1].DRAM[8],read_trans_count,3103.0,count
GPU[1].DRAM[8],write_trans_count,3074.0,count
GPU[1].DRAM[8],read_avg_latency,9.89999999999921e-08,second
GPU[1].DRAM[8],write_avg_latency,9.89999999999921e-08,second
GPU[1].DRAM[8],read_size,198592.0,bytes
GPU[1].DRAM[8],write_size,196736.0,bytes
GPU[1].DRAM[9],read_trans_count,3074.0,count
GPU[1].DRAM[9],write_trans_count,3074.0,count
GPU[1].DRAM[9],read_avg_latency,9.89999999999921e-08,second
GPU[1].DRAM[9],write_avg_latency,9.89999999999921e-08,second
GPU[1].DRAM[9],read_size,196736.0,bytes
GPU[1].DRAM[9],write_size,196736.0,bytes
GPU[1].DRAM[10],read_trans_count,3075.0,count
GPU[1].DRAM[10],write_trans_count,3074.0,count
GPU[1].DRAM[10],read_avg_latency,9.89999999999921e-08,second
GPU[1].DRAM[10],write_avg_latency,9.89999999999921e-08,second
GPU[1].DRAM[10],read_size,196800.0,bytes
GPU[1].DRAM[10],write_size,196736.0,bytes
GPU[1].DRAM[11],read_trans_count,3074.0,count
GPU[1].DRAM[11],write_trans_count,3074.0,count
GPU[1].DRAM[11],read_avg_latency,9.89999999999921e-08,second
GPU[1].DRAM[11],write_avg_latency,9.89999999999921e-08,second
GPU[1].DRAM[11],read_size,196736.0,bytes
GPU[1].DRAM[11],write_size,196700.0,bytes
GPU[1].DRAM[12],read_trans_count,3078.0,count
GPU[1].DRAM[12],write_trans_count,3072.0,count
GPU[1].DRAM[12],read_avg_latency,9.89999999999921e-08,second
GPU[1].DRAM[12],write_avg_latency,9.89999999999921e-08,second
GPU[1].DRAM[12],read_size,196992.0,bytes
GPU[1].DRAM[12],write_size,196608.0,bytes
GPU[1].DRAM[13],read_trans_count,3072.0,count
GPU[1].DRAM[13],write_trans_count,3072.0,count
GPU[1].DRAM[13],read_avg_latency,9.89999999999921e-08,second
GPU[1].DRAM[13],write_avg_latency,9.89999999999921e-08,second
GPU[1].DRAM[13],read_size,196608.0,bytes
GPU[1].DRAM[13],write_size,196608.0,bytes
GPU[1].DRAM[14],read_trans_count,3085.0,count
GPU[1].DRAM[14],write_trans_count,3072.0,count
GPU[1].DRAM[14],read_avg_latency,9.89999999999921e-08,second
GPU[1].DRAM[14],write_avg_latency,9.89999999999921e-08,second
GPU[1].DRAM[14],read_size,197440.0,bytes
GPU[1].DRAM[14],write_size,196608.0,bytes
GPU[1].DRAM[15],read_trans_count,3072.0,count
GPU[1].DRAM[15],write_trans_count,3072.0,count
GPU[1].DRAM[15],read_avg_latency,9.89999999999921e-08,second
GPU[1].DRAM[15],write_avg_latency,9.89999999999921e-08,second
GPU[1].DRAM[15],read_size,196608.0,bytes
GPU[1].DRAM[15],write_size,196608.0,bytes
