Component,Port,Connection
MMU,MMU.Top,InterDeviceConn
MMU,MMU.Control,
Driver,Driver.GPU,InterDeviceConn
GPU[1].DRAM[0],GPU[1].DRAM[0].Top,GPU[1].L2ToDRAM
GPU[1].DRAM[0],GPU[1].DRAM[0].Control,GPU[1].InternalConn
GPU[1].DRAM[1],GPU[1].DRAM[1].Top,GPU[1].L2ToDRAM
GPU[1].DRAM[1],GPU[1].DRAM[1].Control,GPU[1].InternalConn
GPU[1].DRAM[2],GPU[1].DRAM[2].Top,GPU[1].L2ToDRAM
GPU[1].DRAM[2],GPU[1].DRAM[2].Control,GPU[1].InternalConn
GPU[1].DRAM[3],GPU[1].DRAM[3].Top,GPU[1].L2ToDRAM
GPU[1].DRAM[3],GPU[1].DRAM[3].Control,GPU[1].InternalConn
GPU[1].DRAM[4],GPU[1].DRAM[4].Top,GPU[1].L2ToDRAM
GPU[1].DRAM[4],GPU[1].DRAM[4].Control,GPU[1].InternalConn
GPU[1].DRAM[5],GPU[1].DRAM[5].Top,GPU[1].L2ToDRAM
GPU[1].DRAM[5],GPU[1].DRAM[5].Control,GPU[1].InternalConn
GPU[1].DRAM[6],GPU[1].DRAM[6].Top,GPU[1].L2ToDRAM
GPU[1].DRAM[6],GPU[1].DRAM[6].Control,GPU[1].InternalConn
GPU[1].DRAM[7],GPU[1].DRAM[7].Top,GPU[1].L2ToDRAM
GPU[1].DRAM[7],GPU[1].DRAM[7].Control,GPU[1].InternalConn
GPU[1].DRAM[8],GPU[1].DRAM[8].Top,GPU[1].L2ToDRAM
GPU[1].DRAM[8],GPU[1].DRAM[8].Control,GPU[1].InternalConn
GPU[1].DRAM[9],GPU[1].DRAM[9].Top,GPU[1].L2ToDRAM
GPU[1].DRAM[9],GPU[1].DRAM[9].Control,GPU[1].InternalConn
GPU[1].DRAM[10],GPU[1].DRAM[10].Top,GPU[1].L2ToDRAM
GPU[1].DRAM[10],GPU[1].DRAM[10].Control,GPU[1].InternalConn
GPU[1].DRAM[11],GPU[1].DRAM[11].Top,GPU[1].L2ToDRAM
GPU[1].DRAM[11],GPU[1].DRAM[11].Control,GPU[1].InternalConn
GPU[1].DRAM[12],GPU[1].DRAM[12].Top,GPU[1].L2ToDRAM
GPU[1].DRAM[12],GPU[1].DRAM[12].Control,GPU[1].InternalConn
GPU[1].DRAM[13],GPU[1].DRAM[13].Top,GPU[1].L2ToDRAM
GPU[1].DRAM[13],GPU[1].DRAM[13].Control,GPU[1].InternalConn
GPU[1].DRAM[14],GPU[1].DRAM[14].Top,GPU[1].L2ToDRAM
GPU[1].DRAM[14],GPU[1].DRAM[14].Control,GPU[1].InternalConn
GPU[1].DRAM[15],GPU[1].DRAM[15].Top,GPU[1].L2ToDRAM
GPU[1].DRAM[15],GPU[1].DRAM[15].Control,GPU[1].InternalConn
GPU[1].L2Cache[0],GPU[1].L2Cache[0].Top,GPU[1].L1ToL2
GPU[1].L2Cache[0],GPU[1].L2Cache[0].Bottom,GPU[1].L2ToDRAM
GPU[1].L2Cache[0],GPU[1].L2Cache[0].Control,GPU[1].InternalConn
GPU[1].L2Cache[1],GPU[1].L2Cache[1].Top,GPU[1].L1ToL2
GPU[1].L2Cache[1],GPU[1].L2Cache[1].Bottom,GPU[1].L2ToDRAM
GPU[1].L2Cache[1],GPU[1].L2Cache[1].Control,GPU[1].InternalConn
GPU[1].L2Cache[2],GPU[1].L2Cache[2].Top,GPU[1].L1ToL2
GPU[1].L2Cache[2],GPU[1].L2Cache[2].Bottom,GPU[1].L2ToDRAM
GPU[1].L2Cache[2],GPU[1].L2Cache[2].Control,GPU[1].InternalConn
GPU[1].L2Cache[3],GPU[1].L2Cache[3].Top,GPU[1].L1ToL2
GPU[1].L2Cache[3],GPU[1].L2Cache[3].Bottom,GPU[1].L2ToDRAM
GPU[1].L2Cache[3],GPU[1].L2Cache[3].Control,GPU[1].InternalConn
GPU[1].L2Cache[4],GPU[1].L2Cache[4].Top,GPU[1].L1ToL2
GPU[1].L2Cache[4],GPU[1].L2Cache[4].Bottom,GPU[1].L2ToDRAM
GPU[1].L2Cache[4],GPU[1].L2Cache[4].Control,GPU[1].InternalConn
GPU[1].L2Cache[5],GPU[1].L2Cache[5].Top,GPU[1].L1ToL2
GPU[1].L2Cache[5],GPU[1].L2Cache[5].Bottom,GPU[1].L2ToDRAM
GPU[1].L2Cache[5],GPU[1].L2Cache[5].Control,GPU[1].InternalConn
GPU[1].L2Cache[6],GPU[1].L2Cache[6].Top,GPU[1].L1ToL2
GPU[1].L2Cache[6],GPU[1].L2Cache[6].Bottom,GPU[1].L2ToDRAM
GPU[1].L2Cache[6],GPU[1].L2Cache[6].Control,GPU[1].InternalConn
GPU[1].L2Cache[7],GPU[1].L2Cache[7].Top,GPU[1].L1ToL2
GPU[1].L2Cache[7],GPU[1].L2Cache[7].Bottom,GPU[1].L2ToDRAM
GPU[1].L2Cache[7],GPU[1].L2Cache[7].Control,GPU[1].InternalConn
GPU[1].L2Cache[8],GPU[1].L2Cache[8].Top,GPU[1].L1ToL2
GPU[1].L2Cache[8],GPU[1].L2Cache[8].Bottom,GPU[1].L2ToDRAM
GPU[1].L2Cache[8],GPU[1].L2Cache[8].Control,GPU[1].InternalConn
GPU[1].L2Cache[9],GPU[1].L2Cache[9].Top,GPU[1].L1ToL2
GPU[1].L2Cache[9],GPU[1].L2Cache[9].Bottom,GPU[1].L2ToDRAM
GPU[1].L2Cache[9],GPU[1].L2Cache[9].Control,GPU[1].InternalConn
GPU[1].L2Cache[10],GPU[1].L2Cache[10].Top,GPU[1].L1ToL2
GPU[1].L2Cache[10],GPU[1].L2Cache[10].Bottom,GPU[1].L2ToDRAM
GPU[1].L2Cache[10],GPU[1].L2Cache[10].Control,GPU[1].InternalConn
GPU[1].L2Cache[11],GPU[1].L2Cache[11].Top,GPU[1].L1ToL2
GPU[1].L2Cache[11],GPU[1].L2Cache[11].Bottom,GPU[1].L2ToDRAM
GPU[1].L2Cache[11],GPU[1].L2Cache[11].Control,GPU[1].InternalConn
GPU[1].L2Cache[12],GPU[1].L2Cache[12].Top,GPU[1].L1ToL2
GPU[1].L2Cache[12],GPU[1].L2Cache[12].Bottom,GPU[1].L2ToDRAM
GPU[1].L2Cache[12],GPU[1].L2Cache[12].Control,GPU[1].InternalConn
GPU[1].L2Cache[13],GPU[1].L2Cache[13].Top,GPU[1].L1ToL2
GPU[1].L2Cache[13],GPU[1].L2Cache[13].Bottom,GPU[1].L2ToDRAM
GPU[1].L2Cache[13],GPU[1].L2Cache[13].Control,GPU[1].InternalConn
GPU[1].L2Cache[14],GPU[1].L2Cache[14].Top,GPU[1].L1ToL2
GPU[1].L2Cache[14],GPU[1].L2Cache[14].Bottom,GPU[1].L2ToDRAM
GPU[1].L2Cache[14],GPU[1].L2Cache[14].Control,GPU[1].InternalConn
GPU[1].L2Cache[15],GPU[1].L2Cache[15].Top,GPU[1].L1ToL2
GPU[1].L2Cache[15],GPU[1].L2Cache[15].Bottom,GPU[1].L2ToDRAM
GPU[1].L2Cache[15],GPU[1].L2Cache[15].Control,GPU[1].InternalConn
GPU[1].CommandProcessor,GPU[1].CommandProcessor.ToDriver,InterDeviceConn
GPU[1].CommandProcessor,GPU[1].CommandProcessor.ToDMA,GPU[1].InternalConn
GPU[1].CommandProcessor,GPU[1].CommandProcessor.ToCUs,GPU[1].InternalConn
GPU[1].CommandProcessor,GPU[1].CommandProcessor.ToTLBs,GPU[1].InternalConn
GPU[1].CommandProcessor,GPU[1].CommandProcessor.ToAddressTranslators,GPU[1].InternalConn
GPU[1].CommandProcessor,GPU[1].CommandProcessor.ToCaches,GPU[1].InternalConn
GPU[1].CommandProcessor,GPU[1].CommandProcessor.ToRDMA,GPU[1].InternalConn
GPU[1].DMA,GPU[1].DMA.ToCP,GPU[1].InternalConn
GPU[1].DMA,GPU[1].DMA.ToMem,GPU[1].L2ToDRAM
GPU[1].RDMA,GPU[1].RDMA.RDMARequestInside,GPU[1].L1ToL2
GPU[1].RDMA,GPU[1].RDMA.RDMARequestOutside,InterDeviceConn
GPU[1].RDMA,GPU[1].RDMA.RDMADataInside,GPU[1].L1ToL2
GPU[1].RDMA,GPU[1].RDMA.RDMADataOutside,InterDeviceConn
GPU[1].RDMA,GPU[1].RDMA.Ctrl,GPU[1].InternalConn
GPU[1].L2TLB,GPU[1].L2TLB.Top,GPU[1].L1TLBToL2TLB
GPU[1].L2TLB,GPU[1].L2TLB.Bottom,InterDeviceConn
GPU[1].L2TLB,GPU[1].L2TLB.Control,GPU[1].InternalConn
GPU[1].SA[0].L1VCache[0],GPU[1].SA[0].L1VCache[0].Top,GPU[1].SA[0].Conn[3]
GPU[1].SA[0].L1VCache[0],GPU[1].SA[0].L1VCache[0].Bottom,GPU[1].L1ToL2
GPU[1].SA[0].L1VCache[0],GPU[1].SA[0].L1VCache[0].Control,GPU[1].InternalConn
GPU[1].SA[0].L1VCache[1],GPU[1].SA[0].L1VCache[1].Top,GPU[1].SA[0].Conn[7]
GPU[1].SA[0].L1VCache[1],GPU[1].SA[0].L1VCache[1].Bottom,GPU[1].L1ToL2
GPU[1].SA[0].L1VCache[1],GPU[1].SA[0].L1VCache[1].Control,GPU[1].InternalConn
GPU[1].SA[0].L1VCache[2],GPU[1].SA[0].L1VCache[2].Top,GPU[1].SA[0].Conn[11]
GPU[1].SA[0].L1VCache[2],GPU[1].SA[0].L1VCache[2].Bottom,GPU[1].L1ToL2
GPU[1].SA[0].L1VCache[2],GPU[1].SA[0].L1VCache[2].Control,GPU[1].InternalConn
GPU[1].SA[0].L1VCache[3],GPU[1].SA[0].L1VCache[3].Top,GPU[1].SA[0].Conn[15]
GPU[1].SA[0].L1VCache[3],GPU[1].SA[0].L1VCache[3].Bottom,GPU[1].L1ToL2
GPU[1].SA[0].L1VCache[3],GPU[1].SA[0].L1VCache[3].Control,GPU[1].InternalConn
GPU[1].SA[0].L1VTLB[0],GPU[1].SA[0].L1VTLB[0].Top,GPU[1].SA[0].Conn[2]
GPU[1].SA[0].L1VTLB[0],GPU[1].SA[0].L1VTLB[0].Bottom,GPU[1].L1TLBToL2TLB
GPU[1].SA[0].L1VTLB[0],GPU[1].SA[0].L1VTLB[0].Control,GPU[1].InternalConn
GPU[1].SA[0].L1VTLB[1],GPU[1].SA[0].L1VTLB[1].Top,GPU[1].SA[0].Conn[6]
GPU[1].SA[0].L1VTLB[1],GPU[1].SA[0].L1VTLB[1].Bottom,GPU[1].L1TLBToL2TLB
GPU[1].SA[0].L1VTLB[1],GPU[1].SA[0].L1VTLB[1].Control,GPU[1].InternalConn
GPU[1].SA[0].L1VTLB[2],GPU[1].SA[0].L1VTLB[2].Top,GPU[1].SA[0].Conn[10]
GPU[1].SA[0].L1VTLB[2],GPU[1].SA[0].L1VTLB[2].Bottom,GPU[1].L1TLBToL2TLB
GPU[1].SA[0].L1VTLB[2],GPU[1].SA[0].L1VTLB[2].Control,GPU[1].InternalConn
GPU[1].SA[0].L1VTLB[3],GPU[1].SA[0].L1VTLB[3].Top,GPU[1].SA[0].Conn[14]
GPU[1].SA[0].L1VTLB[3],GPU[1].SA[0].L1VTLB[3].Bottom,GPU[1].L1TLBToL2TLB
GPU[1].SA[0].L1VTLB[3],GPU[1].SA[0].L1VTLB[3].Control,GPU[1].InternalConn
GPU[1].SA[0].L1VAddrTrans[0],GPU[1].SA[0].L1VAddrTrans[0].Top,GPU[1].SA[0].Conn[1]
GPU[1].SA[0].L1VAddrTrans[0],GPU[1].SA[0].L1VAddrTrans[0].Bottom,GPU[1].SA[0].Conn[3]
GPU[1].SA[0].L1VAddrTrans[0],GPU[1].SA[0].L1VAddrTrans[0].Translation,GPU[1].SA[0].Conn[2]
GPU[1].SA[0].L1VAddrTrans[0],GPU[1].SA[0].L1VAddrTrans[0].Control,GPU[1].InternalConn
GPU[1].SA[0].L1VAddrTrans[1],GPU[1].SA[0].L1VAddrTrans[1].Top,GPU[1].SA[0].Conn[5]
GPU[1].SA[0].L1VAddrTrans[1],GPU[1].SA[0].L1VAddrTrans[1].Bottom,GPU[1].SA[0].Conn[7]
GPU[1].SA[0].L1VAddrTrans[1],GPU[1].SA[0].L1VAddrTrans[1].Translation,GPU[1].SA[0].Conn[6]
GPU[1].SA[0].L1VAddrTrans[1],GPU[1].SA[0].L1VAddrTrans[1].Control,GPU[1].InternalConn
GPU[1].SA[0].L1VAddrTrans[2],GPU[1].SA[0].L1VAddrTrans[2].Top,GPU[1].SA[0].Conn[9]
GPU[1].SA[0].L1VAddrTrans[2],GPU[1].SA[0].L1VAddrTrans[2].Bottom,GPU[1].SA[0].Conn[11]
GPU[1].SA[0].L1VAddrTrans[2],GPU[1].SA[0].L1VAddrTrans[2].Translation,GPU[1].SA[0].Conn[10]
GPU[1].SA[0].L1VAddrTrans[2],GPU[1].SA[0].L1VAddrTrans[2].Control,GPU[1].InternalConn
GPU[1].SA[0].L1VAddrTrans[3],GPU[1].SA[0].L1VAddrTrans[3].Top,GPU[1].SA[0].Conn[13]
GPU[1].SA[0].L1VAddrTrans[3],GPU[1].SA[0].L1VAddrTrans[3].Bottom,GPU[1].SA[0].Conn[15]
GPU[1].SA[0].L1VAddrTrans[3],GPU[1].SA[0].L1VAddrTrans[3].Translation,GPU[1].SA[0].Conn[14]
GPU[1].SA[0].L1VAddrTrans[3],GPU[1].SA[0].L1VAddrTrans[3].Control,GPU[1].InternalConn
GPU[1].SA[0].L1VROB[0],GPU[1].SA[0].L1VROB[0].Top,GPU[1].SA[0].Conn[0]
GPU[1].SA[0].L1VROB[0],GPU[1].SA[0].L1VROB[0].Bottom,GPU[1].SA[0].Conn[1]
GPU[1].SA[0].L1VROB[0],GPU[1].SA[0].L1VROB[0].Control,GPU[1].InternalConn
GPU[1].SA[0].L1VROB[1],GPU[1].SA[0].L1VROB[1].Top,GPU[1].SA[0].Conn[4]
GPU[1].SA[0].L1VROB[1],GPU[1].SA[0].L1VROB[1].Bottom,GPU[1].SA[0].Conn[5]
GPU[1].SA[0].L1VROB[1],GPU[1].SA[0].L1VROB[1].Control,GPU[1].InternalConn
GPU[1].SA[0].L1VROB[2],GPU[1].SA[0].L1VROB[2].Top,GPU[1].SA[0].Conn[8]
GPU[1].SA[0].L1VROB[2],GPU[1].SA[0].L1VROB[2].Bottom,GPU[1].SA[0].Conn[9]
GPU[1].SA[0].L1VROB[2],GPU[1].SA[0].L1VROB[2].Control,GPU[1].InternalConn
GPU[1].SA[0].L1VROB[3],GPU[1].SA[0].L1VROB[3].Top,GPU[1].SA[0].Conn[12]
GPU[1].SA[0].L1VROB[3],GPU[1].SA[0].L1VROB[3].Bottom,GPU[1].SA[0].Conn[13]
GPU[1].SA[0].L1VROB[3],GPU[1].SA[0].L1VROB[3].Control,GPU[1].InternalConn
GPU[1].SA[0].L1SCache,GPU[1].SA[0].L1SCache.Top,GPU[1].SA[0].Conn[18]
GPU[1].SA[0].L1SCache,GPU[1].SA[0].L1SCache.Bottom,GPU[1].L1ToL2
GPU[1].SA[0].L1SCache,GPU[1].SA[0].L1SCache.Control,GPU[1].InternalConn
GPU[1].SA[0].L1STLB,GPU[1].SA[0].L1STLB.Top,GPU[1].SA[0].Conn[17]
GPU[1].SA[0].L1STLB,GPU[1].SA[0].L1STLB.Bottom,GPU[1].L1TLBToL2TLB
GPU[1].SA[0].L1STLB,GPU[1].SA[0].L1STLB.Control,GPU[1].InternalConn
GPU[1].SA[0].L1SAddrTrans,GPU[1].SA[0].L1SAddrTrans.Top,GPU[1].SA[0].Conn[16]
GPU[1].SA[0].L1SAddrTrans,GPU[1].SA[0].L1SAddrTrans.Bottom,GPU[1].SA[0].Conn[18]
GPU[1].SA[0].L1SAddrTrans,GPU[1].SA[0].L1SAddrTrans.Translation,GPU[1].SA[0].Conn[17]
GPU[1].SA[0].L1SAddrTrans,GPU[1].SA[0].L1SAddrTrans.Control,GPU[1].InternalConn
GPU[1].SA[0].L1SROB,GPU[1].SA[0].L1SROB.Top,GPU[1].SA[0].ScalarMemConn
GPU[1].SA[0].L1SROB,GPU[1].SA[0].L1SROB.Bottom,GPU[1].SA[0].Conn[16]
GPU[1].SA[0].L1SROB,GPU[1].SA[0].L1SROB.Control,GPU[1].InternalConn
GPU[1].SA[0].L1ITLB,GPU[1].SA[0].L1ITLB.Top,GPU[1].SA[0].Conn[21]
GPU[1].SA[0].L1ITLB,GPU[1].SA[0].L1ITLB.Bottom,GPU[1].L1TLBToL2TLB
GPU[1].SA[0].L1ITLB,GPU[1].SA[0].L1ITLB.Control,GPU[1].InternalConn
GPU[1].SA[0].L1IAddrTrans,GPU[1].SA[0].L1IAddrTrans.Top,GPU[1].SA[0].Conn[20]
GPU[1].SA[0].L1IAddrTrans,GPU[1].SA[0].L1IAddrTrans.Bottom,GPU[1].L1ToL2
GPU[1].SA[0].L1IAddrTrans,GPU[1].SA[0].L1IAddrTrans.Translation,GPU[1].SA[0].Conn[21]
GPU[1].SA[0].L1IAddrTrans,GPU[1].SA[0].L1IAddrTrans.Control,GPU[1].InternalConn
GPU[1].SA[0].L1ICache,GPU[1].SA[0].L1ICache.Top,GPU[1].SA[0].Conn[19]
GPU[1].SA[0].L1ICache,GPU[1].SA[0].L1ICache.Bottom,GPU[1].SA[0].Conn[20]
GPU[1].SA[0].L1ICache,GPU[1].SA[0].L1ICache.Control,GPU[1].InternalConn
GPU[1].SA[0].L1IROB,GPU[1].SA[0].L1IROB.Top,GPU[1].SA[0].InstMemConn
GPU[1].SA[0].L1IROB,GPU[1].SA[0].L1IROB.Bottom,GPU[1].SA[0].Conn[19]
GPU[1].SA[0].L1IROB,GPU[1].SA[0].L1IROB.Control,GPU[1].InternalConn
GPU[1].SA[0].CU[0],GPU[1].SA[0].CU[0].Top,GPU[1].InternalConn
GPU[1].SA[0].CU[0],GPU[1].SA[0].CU[0].Ctrl,GPU[1].InternalConn
GPU[1].SA[0].CU[0],GPU[1].SA[0].CU[0].InstMem,GPU[1].SA[0].InstMemConn
GPU[1].SA[0].CU[0],GPU[1].SA[0].CU[0].ScalarMem,GPU[1].SA[0].ScalarMemConn
GPU[1].SA[0].CU[0],GPU[1].SA[0].CU[0].VectorMem,GPU[1].SA[0].Conn[0]
GPU[1].SA[0].CU[1],GPU[1].SA[0].CU[1].Top,GPU[1].InternalConn
GPU[1].SA[0].CU[1],GPU[1].SA[0].CU[1].Ctrl,GPU[1].InternalConn
GPU[1].SA[0].CU[1],GPU[1].SA[0].CU[1].InstMem,GPU[1].SA[0].InstMemConn
GPU[1].SA[0].CU[1],GPU[1].SA[0].CU[1].ScalarMem,GPU[1].SA[0].ScalarMemConn
GPU[1].SA[0].CU[1],GPU[1].SA[0].CU[1].VectorMem,GPU[1].SA[0].Conn[4]
GPU[1].SA[0].CU[2],GPU[1].SA[0].CU[2].Top,GPU[1].InternalConn
GPU[1].SA[0].CU[2],GPU[1].SA[0].CU[2].Ctrl,GPU[1].InternalConn
GPU[1].SA[0].CU[2],GPU[1].SA[0].CU[2].InstMem,GPU[1].SA[0].InstMemConn
GPU[1].SA[0].CU[2],GPU[1].SA[0].CU[2].ScalarMem,GPU[1].SA[0].ScalarMemConn
GPU[1].SA[0].CU[2],GPU[1].SA[0].CU[2].VectorMem,GPU[1].SA[0].Conn[8]
GPU[1].SA[0].CU[3],GPU[1].SA[0].CU[3].Top,GPU[1].InternalConn
GPU[1].SA[0].CU[3],GPU[1].SA[0].CU[3].Ctrl,GPU[1].InternalConn
GPU[1].SA[0].CU[3],GPU[1].SA[0].CU[3].InstMem,GPU[1].SA[0].InstMemConn
GPU[1].SA[0].CU[3],GPU[1].SA[0].CU[3].ScalarMem,GPU[1].SA[0].ScalarMemConn
GPU[1].SA[0].CU[3],GPU[1].SA[0].CU[3].VectorMem,GPU[1].SA[0].Conn[12]
GPU[1].SA[1].L1VCache[0],GPU[1].SA[1].L1VCache[0].Top,GPU[1].SA[1].Conn[3]
GPU[1].SA[1].L1VCache[0],GPU[1].SA[1].L1VCache[0].Bottom,GPU[1].L1ToL2
GPU[1].SA[1].L1VCache[0],GPU[1].SA[1].L1VCache[0].Control,GPU[1].InternalConn
GPU[1].SA[1].L1VCache[1],GPU[1].SA[1].L1VCache[1].Top,GPU[1].SA[1].Conn[7]
GPU[1].SA[1].L1VCache[1],GPU[1].SA[1].L1VCache[1].Bottom,GPU[1].L1ToL2
GPU[1].SA[1].L1VCache[1],GPU[1].SA[1].L1VCache[1].Control,GPU[1].InternalConn
GPU[1].SA[1].L1VCache[2],GPU[1].SA[1].L1VCache[2].Top,GPU[1].SA[1].Conn[11]
GPU[1].SA[1].L1VCache[2],GPU[1].SA[1].L1VCache[2].Bottom,GPU[1].L1ToL2
GPU[1].SA[1].L1VCache[2],GPU[1].SA[1].L1VCache[2].Control,GPU[1].InternalConn
GPU[1].SA[1].L1VCache[3],GPU[1].SA[1].L1VCache[3].Top,GPU[1].SA[1].Conn[15]
GPU[1].SA[1].L1VCache[3],GPU[1].SA[1].L1VCache[3].Bottom,GPU[1].L1ToL2
GPU[1].SA[1].L1VCache[3],GPU[1].SA[1].L1VCache[3].Control,GPU[1].InternalConn
GPU[1].SA[1].L1VTLB[0],GPU[1].SA[1].L1VTLB[0].Top,GPU[1].SA[1].Conn[2]
GPU[1].SA[1].L1VTLB[0],GPU[1].SA[1].L1VTLB[0].Bottom,GPU[1].L1TLBToL2TLB
GPU[1].SA[1].L1VTLB[0],GPU[1].SA[1].L1VTLB[0].Control,GPU[1].InternalConn
GPU[1].SA[1].L1VTLB[1],GPU[1].SA[1].L1VTLB[1].Top,GPU[1].SA[1].Conn[6]
GPU[1].SA[1].L1VTLB[1],GPU[1].SA[1].L1VTLB[1].Bottom,GPU[1].L1TLBToL2TLB
GPU[1].SA[1].L1VTLB[1],GPU[1].SA[1].L1VTLB[1].Control,GPU[1].InternalConn
GPU[1].SA[1].L1VTLB[2],GPU[1].SA[1].L1VTLB[2].Top,GPU[1].SA[1].Conn[10]
GPU[1].SA[1].L1VTLB[2],GPU[1].SA[1].L1VTLB[2].Bottom,GPU[1].L1TLBToL2TLB
GPU[1].SA[1].L1VTLB[2],GPU[1].SA[1].L1VTLB[2].Control,GPU[1].InternalConn
GPU[1].SA[1].L1VTLB[3],GPU[1].SA[1].L1VTLB[3].Top,GPU[1].SA[1].Conn[14]
GPU[1].SA[1].L1VTLB[3],GPU[1].SA[1].L1VTLB[3].Bottom,GPU[1].L1TLBToL2TLB
GPU[1].SA[1].L1VTLB[3],GPU[1].SA[1].L1VTLB[3].Control,GPU[1].InternalConn
GPU[1].SA[1].L1VAddrTrans[0],GPU[1].SA[1].L1VAddrTrans[0].Top,GPU[1].SA[1].Conn[1]
GPU[1].SA[1].L1VAddrTrans[0],GPU[1].SA[1].L1VAddrTrans[0].Bottom,GPU[1].SA[1].Conn[3]
GPU[1].SA[1].L1VAddrTrans[0],GPU[1].SA[1].L1VAddrTrans[0].Translation,GPU[1].SA[1].Conn[2]
GPU[1].SA[1].L1VAddrTrans[0],GPU[1].SA[1].L1VAddrTrans[0].Control,GPU[1].InternalConn
GPU[1].SA[1].L1VAddrTrans[1],GPU[1].SA[1].L1VAddrTrans[1].Top,GPU[1].SA[1].Conn[5]
GPU[1].SA[1].L1VAddrTrans[1],GPU[1].SA[1].L1VAddrTrans[1].Bottom,GPU[1].SA[1].Conn[7]
GPU[1].SA[1].L1VAddrTrans[1],GPU[1].SA[1].L1VAddrTrans[1].Translation,GPU[1].SA[1].Conn[6]
GPU[1].SA[1].L1VAddrTrans[1],GPU[1].SA[1].L1VAddrTrans[1].Control,GPU[1].InternalConn
GPU[1].SA[1].L1VAddrTrans[2],GPU[1].SA[1].L1VAddrTrans[2].Top,GPU[1].SA[1].Conn[9]
GPU[1].SA[1].L1VAddrTrans[2],GPU[1].SA[1].L1VAddrTrans[2].Bottom,GPU[1].SA[1].Conn[11]
GPU[1].SA[1].L1VAddrTrans[2],GPU[1].SA[1].L1VAddrTrans[2].Translation,GPU[1].SA[1].Conn[10]
GPU[1].SA[1].L1VAddrTrans[2],GPU[1].SA[1].L1VAddrTrans[2].Control,GPU[1].InternalConn
GPU[1].SA[1].L1VAddrTrans[3],GPU[1].SA[1].L1VAddrTrans[3].Top,GPU[1].SA[1].Conn[13]
GPU[1].SA[1].L1VAddrTrans[3],GPU[1].SA[1].L1VAddrTrans[3].Bottom,GPU[1].SA[1].Conn[15]
GPU[1].SA[1].L1VAddrTrans[3],GPU[1].SA[1].L1VAddrTrans[3].Translation,GPU[1].SA[1].Conn[14]
GPU[1].SA[1].L1VAddrTrans[3],GPU[1].SA[1].L1VAddrTrans[3].Control,GPU[1].InternalConn
GPU[1].SA[1].L1VROB[0],GPU[1].SA[1].L1VROB[0].Top,GPU[1].SA[1].Conn[0]
GPU[1].SA[1].L1VROB[0],GPU[1].SA[1].L1VROB[0].Bottom,GPU[1].SA[1].Conn[1]
GPU[1].SA[1].L1VROB[0],GPU[1].SA[1].L1VROB[0].Control,GPU[1].InternalConn
GPU[1].SA[1].L1VROB[1],GPU[1].SA[1].L1VROB[1].Top,GPU[1].SA[1].Conn[4]
GPU[1].SA[1].L1VROB[1],GPU[1].SA[1].L1VROB[1].Bottom,GPU[1].SA[1].Conn[5]
GPU[1].SA[1].L1VROB[1],GPU[1].SA[1].L1VROB[1].Control,GPU[1].InternalConn
GPU[1].SA[1].L1VROB[2],GPU[1].SA[1].L1VROB[2].Top,GPU[1].SA[1].Conn[8]
GPU[1].SA[1].L1VROB[2],GPU[1].SA[1].L1VROB[2].Bottom,GPU[1].SA[1].Conn[9]
GPU[1].SA[1].L1VROB[2],GPU[1].SA[1].L1VROB[2].Control,GPU[1].InternalConn
GPU[1].SA[1].L1VROB[3],GPU[1].SA[1].L1VROB[3].Top,GPU[1].SA[1].Conn[12]
GPU[1].SA[1].L1VROB[3],GPU[1].SA[1].L1VROB[3].Bottom,GPU[1].SA[1].Conn[13]
GPU[1].SA[1].L1VROB[3],GPU[1].SA[1].L1VROB[3].Control,GPU[1].InternalConn
GPU[1].SA[1].L1SCache,GPU[1].SA[1].L1SCache.Top,GPU[1].SA[1].Conn[18]
GPU[1].SA[1].L1SCache,GPU[1].SA[1].L1SCache.Bottom,GPU[1].L1ToL2
GPU[1].SA[1].L1SCache,GPU[1].SA[1].L1SCache.Control,GPU[1].InternalConn
GPU[1].SA[1].L1STLB,GPU[1].SA[1].L1STLB.Top,GPU[1].SA[1].Conn[17]
GPU[1].SA[1].L1STLB,GPU[1].SA[1].L1STLB.Bottom,GPU[1].L1TLBToL2TLB
GPU[1].SA[1].L1STLB,GPU[1].SA[1].L1STLB.Control,GPU[1].InternalConn
GPU[1].SA[1].L1SAddrTrans,GPU[1].SA[1].L1SAddrTrans.Top,GPU[1].SA[1].Conn[16]
GPU[1].SA[1].L1SAddrTrans,GPU[1].SA[1].L1SAddrTrans.Bottom,GPU[1].SA[1].Conn[18]
GPU[1].SA[1].L1SAddrTrans,GPU[1].SA[1].L1SAddrTrans.Translation,GPU[1].SA[1].Conn[17]
GPU[1].SA[1].L1SAddrTrans,GPU[1].SA[1].L1SAddrTrans.Control,GPU[1].InternalConn
GPU[1].SA[1].L1SROB,GPU[1].SA[1].L1SROB.Top,GPU[1].SA[1].ScalarMemConn
GPU[1].SA[1].L1SROB,GPU[1].SA[1].L1SROB.Bottom,GPU[1].SA[1].Conn[16]
GPU[1].SA[1].L1SROB,GPU[1].SA[1].L1SROB.Control,GPU[1].InternalConn
GPU[1].SA[1].L1ITLB,GPU[1].SA[1].L1ITLB.Top,GPU[1].SA[1].Conn[21]
GPU[1].SA[1].L1ITLB,GPU[1].SA[1].L1ITLB.Bottom,GPU[1].L1TLBToL2TLB
GPU[1].SA[1].L1ITLB,GPU[1].SA[1].L1ITLB.Control,GPU[1].InternalConn
GPU[1].SA[1].L1IAddrTrans,GPU[1].SA[1].L1IAddrTrans.Top,GPU[1].SA[1].Conn[20]
GPU[1].SA[1].L1IAddrTrans,GPU[1].SA[1].L1IAddrTrans.Bottom,GPU[1].L1ToL2
GPU[1].SA[1].L1IAddrTrans,GPU[1].SA[1].L1IAddrTrans.Translation,GPU[1].SA[1].Conn[21]
GPU[1].SA[1].L1IAddrTrans,GPU[1].SA[1].L1IAddrTrans.Control,GPU[1].InternalConn
GPU[1].SA[1].L1ICache,GPU[1].SA[1].L1ICache.Top,GPU[1].SA[1].Conn[19]
GPU[1].SA[1].L1ICache,GPU[1].SA[1].L1ICache.Bottom,GPU[1].SA[1].Conn[20]
GPU[1].SA[1].L1ICache,GPU[1].SA[1].L1ICache.Control,GPU[1].InternalConn
GPU[1].SA[1].L1IROB,GPU[1].SA[1].L1IROB.Top,GPU[1].SA[1].InstMemConn
GPU[1].SA[1].L1IROB,GPU[1].SA[1].L1IROB.Bottom,GPU[1].SA[1].Conn[19]
GPU[1].SA[1].L1IROB,GPU[1].SA[1].L1IROB.Control,GPU[1].InternalConn
GPU[1].SA[1].CU[0],GPU[1].SA[1].CU[0].Top,GPU[1].InternalConn
GPU[1].SA[1].CU[0],GPU[1].SA[1].CU[0].Ctrl,GPU[1].InternalConn
GPU[1].SA[1].CU[0],GPU[1].SA[1].CU[0].InstMem,GPU[1].SA[1].InstMemConn
GPU[1].SA[1].CU[0],GPU[1].SA[1].CU[0].ScalarMem,GPU[1].SA[1].ScalarMemConn
GPU[1].SA[1].CU[0],GPU[1].SA[1].CU[0].VectorMem,GPU[1].SA[1].Conn[0]
GPU[1].SA[1].CU[1],GPU[1].SA[1].CU[1].Top,GPU[1].InternalConn
GPU[1].SA[1].CU[1],GPU[1].SA[1].CU[1].Ctrl,GPU[1].InternalConn
GPU[1].SA[1].CU[1],GPU[1].SA[1].CU[1].InstMem,GPU[1].SA[1].InstMemConn
GPU[1].SA[1].CU[1],GPU[1].SA[1].CU[1].ScalarMem,GPU[1].SA[1].ScalarMemConn
GPU[1].SA[1].CU[1],GPU[1].SA[1].CU[1].VectorMem,GPU[1].SA[1].Conn[4]
GPU[1].SA[1].CU[2],GPU[1].SA[1].CU[2].Top,GPU[1].InternalConn
GPU[1].SA[1].CU[2],GPU[1].SA[1].CU[2].Ctrl,GPU[1].InternalConn
GPU[1].SA[1].CU[2],GPU[1].SA[1].CU[2].InstMem,GPU[1].SA[1].InstMemConn
GPU[1].SA[1].CU[2],GPU[1].SA[1].CU[2].ScalarMem,GPU[1].SA[1].ScalarMemConn
GPU[1].SA[1].CU[2],GPU[1].SA[1].CU[2].VectorMem,GPU[1].SA[1].Conn[8]
GPU[1].SA[1].CU[3],GPU[1].SA[1].CU[3].Top,GPU[1].InternalConn
GPU[1].SA[1].CU[3],GPU[1].SA[1].CU[3].Ctrl,GPU[1].InternalConn
GPU[1].SA[1].CU[3],GPU[1].SA[1].CU[3].InstMem,GPU[1].SA[1].InstMemConn
GPU[1].SA[1].CU[3],GPU[1].SA[1].CU[3].ScalarMem,GPU[1].SA[1].ScalarMemConn
GPU[1].SA[1].CU[3],GPU[1].SA[1].CU[3].VectorMem,GPU[1].SA[1].Conn[12]
GPU[1].SA[2].L1VCache[0],GPU[1].SA[2].L1VCache[0].Top,GPU[1].SA[2].Conn[3]
GPU[1].SA[2].L1VCache[0],GPU[1].SA[2].L1VCache[0].Bottom,GPU[1].L1ToL2
GPU[1].SA[2].L1VCache[0],GPU[1].SA[2].L1VCache[0].Control,GPU[1].InternalConn
GPU[1].SA[2].L1VCache[1],GPU[1].SA[2].L1VCache[1].Top,GPU[1].SA[2].Conn[7]
GPU[1].SA[2].L1VCache[1],GPU[1].SA[2].L1VCache[1].Bottom,GPU[1].L1ToL2
GPU[1].SA[2].L1VCache[1],GPU[1].SA[2].L1VCache[1].Control,GPU[1].InternalConn
GPU[1].SA[2].L1VCache[2],GPU[1].SA[2].L1VCache[2].Top,GPU[1].SA[2].Conn[11]
GPU[1].SA[2].L1VCache[2],GPU[1].SA[2].L1VCache[2].Bottom,GPU[1].L1ToL2
GPU[1].SA[2].L1VCache[2],GPU[1].SA[2].L1VCache[2].Control,GPU[1].InternalConn
GPU[1].SA[2].L1VCache[3],GPU[1].SA[2].L1VCache[3].Top,GPU[1].SA[2].Conn[15]
GPU[1].SA[2].L1VCache[3],GPU[1].SA[2].L1VCache[3].Bottom,GPU[1].L1ToL2
GPU[1].SA[2].L1VCache[3],GPU[1].SA[2].L1VCache[3].Control,GPU[1].InternalConn
GPU[1].SA[2].L1VTLB[0],GPU[1].SA[2].L1VTLB[0].Top,GPU[1].SA[2].Conn[2]
GPU[1].SA[2].L1VTLB[0],GPU[1].SA[2].L1VTLB[0].Bottom,GPU[1].L1TLBToL2TLB
GPU[1].SA[2].L1VTLB[0],GPU[1].SA[2].L1VTLB[0].Control,GPU[1].InternalConn
GPU[1].SA[2].L1VTLB[1],GPU[1].SA[2].L1VTLB[1].Top,GPU[1].SA[2].Conn[6]
GPU[1].SA[2].L1VTLB[1],GPU[1].SA[2].L1VTLB[1].Bottom,GPU[1].L1TLBToL2TLB
GPU[1].SA[2].L1VTLB[1],GPU[1].SA[2].L1VTLB[1].Control,GPU[1].InternalConn
GPU[1].SA[2].L1VTLB[2],GPU[1].SA[2].L1VTLB[2].Top,GPU[1].SA[2].Conn[10]
GPU[1].SA[2].L1VTLB[2],GPU[1].SA[2].L1VTLB[2].Bottom,GPU[1].L1TLBToL2TLB
GPU[1].SA[2].L1VTLB[2],GPU[1].SA[2].L1VTLB[2].Control,GPU[1].InternalConn
GPU[1].SA[2].L1VTLB[3],GPU[1].SA[2].L1VTLB[3].Top,GPU[1].SA[2].Conn[14]
GPU[1].SA[2].L1VTLB[3],GPU[1].SA[2].L1VTLB[3].Bottom,GPU[1].L1TLBToL2TLB
GPU[1].SA[2].L1VTLB[3],GPU[1].SA[2].L1VTLB[3].Control,GPU[1].InternalConn
GPU[1].SA[2].L1VAddrTrans[0],GPU[1].SA[2].L1VAddrTrans[0].Top,GPU[1].SA[2].Conn[1]
GPU[1].SA[2].L1VAddrTrans[0],GPU[1].SA[2].L1VAddrTrans[0].Bottom,GPU[1].SA[2].Conn[3]
GPU[1].SA[2].L1VAddrTrans[0],GPU[1].SA[2].L1VAddrTrans[0].Translation,GPU[1].SA[2].Conn[2]
GPU[1].SA[2].L1VAddrTrans[0],GPU[1].SA[2].L1VAddrTrans[0].Control,GPU[1].InternalConn
GPU[1].SA[2].L1VAddrTrans[1],GPU[1].SA[2].L1VAddrTrans[1].Top,GPU[1].SA[2].Conn[5]
GPU[1].SA[2].L1VAddrTrans[1],GPU[1].SA[2].L1VAddrTrans[1].Bottom,GPU[1].SA[2].Conn[7]
GPU[1].SA[2].L1VAddrTrans[1],GPU[1].SA[2].L1VAddrTrans[1].Translation,GPU[1].SA[2].Conn[6]
GPU[1].SA[2].L1VAddrTrans[1],GPU[1].SA[2].L1VAddrTrans[1].Control,GPU[1].InternalConn
GPU[1].SA[2].L1VAddrTrans[2],GPU[1].SA[2].L1VAddrTrans[2].Top,GPU[1].SA[2].Conn[9]
GPU[1].SA[2].L1VAddrTrans[2],GPU[1].SA[2].L1VAddrTrans[2].Bottom,GPU[1].SA[2].Conn[11]
GPU[1].SA[2].L1VAddrTrans[2],GPU[1].SA[2].L1VAddrTrans[2].Translation,GPU[1].SA[2].Conn[10]
GPU[1].SA[2].L1VAddrTrans[2],GPU[1].SA[2].L1VAddrTrans[2].Control,GPU[1].InternalConn
GPU[1].SA[2].L1VAddrTrans[3],GPU[1].SA[2].L1VAddrTrans[3].Top,GPU[1].SA[2].Conn[13]
GPU[1].SA[2].L1VAddrTrans[3],GPU[1].SA[2].L1VAddrTrans[3].Bottom,GPU[1].SA[2].Conn[15]
GPU[1].SA[2].L1VAddrTrans[3],GPU[1].SA[2].L1VAddrTrans[3].Translation,GPU[1].SA[2].Conn[14]
GPU[1].SA[2].L1VAddrTrans[3],GPU[1].SA[2].L1VAddrTrans[3].Control,GPU[1].InternalConn
GPU[1].SA[2].L1VROB[0],GPU[1].SA[2].L1VROB[0].Top,GPU[1].SA[2].Conn[0]
GPU[1].SA[2].L1VROB[0],GPU[1].SA[2].L1VROB[0].Bottom,GPU[1].SA[2].Conn[1]
GPU[1].SA[2].L1VROB[0],GPU[1].SA[2].L1VROB[0].Control,GPU[1].InternalConn
GPU[1].SA[2].L1VROB[1],GPU[1].SA[2].L1VROB[1].Top,GPU[1].SA[2].Conn[4]
GPU[1].SA[2].L1VROB[1],GPU[1].SA[2].L1VROB[1].Bottom,GPU[1].SA[2].Conn[5]
GPU[1].SA[2].L1VROB[1],GPU[1].SA[2].L1VROB[1].Control,GPU[1].InternalConn
GPU[1].SA[2].L1VROB[2],GPU[1].SA[2].L1VROB[2].Top,GPU[1].SA[2].Conn[8]
GPU[1].SA[2].L1VROB[2],GPU[1].SA[2].L1VROB[2].Bottom,GPU[1].SA[2].Conn[9]
GPU[1].SA[2].L1VROB[2],GPU[1].SA[2].L1VROB[2].Control,GPU[1].InternalConn
GPU[1].SA[2].L1VROB[3],GPU[1].SA[2].L1VROB[3].Top,GPU[1].SA[2].Conn[12]
GPU[1].SA[2].L1VROB[3],GPU[1].SA[2].L1VROB[3].Bottom,GPU[1].SA[2].Conn[13]
GPU[1].SA[2].L1VROB[3],GPU[1].SA[2].L1VROB[3].Control,GPU[1].InternalConn
GPU[1].SA[2].L1SCache,GPU[1].SA[2].L1SCache.Top,GPU[1].SA[2].Conn[18]
GPU[1].SA[2].L1SCache,GPU[1].SA[2].L1SCache.Bottom,GPU[1].L1ToL2
GPU[1].SA[2].L1SCache,GPU[1].SA[2].L1SCache.Control,GPU[1].InternalConn
GPU[1].SA[2].L1STLB,GPU[1].SA[2].L1STLB.Top,GPU[1].SA[2].Conn[17]
GPU[1].SA[2].L1STLB,GPU[1].SA[2].L1STLB.Bottom,GPU[1].L1TLBToL2TLB
GPU[1].SA[2].L1STLB,GPU[1].SA[2].L1STLB.Control,GPU[1].InternalConn
GPU[1].SA[2].L1SAddrTrans,GPU[1].SA[2].L1SAddrTrans.Top,GPU[1].SA[2].Conn[16]
GPU[1].SA[2].L1SAddrTrans,GPU[1].SA[2].L1SAddrTrans.Bottom,GPU[1].SA[2].Conn[18]
GPU[1].SA[2].L1SAddrTrans,GPU[1].SA[2].L1SAddrTrans.Translation,GPU[1].SA[2].Conn[17]
GPU[1].SA[2].L1SAddrTrans,GPU[1].SA[2].L1SAddrTrans.Control,GPU[1].InternalConn
GPU[1].SA[2].L1SROB,GPU[1].SA[2].L1SROB.Top,GPU[1].SA[2].ScalarMemConn
GPU[1].SA[2].L1SROB,GPU[1].SA[2].L1SROB.Bottom,GPU[1].SA[2].Conn[16]
GPU[1].SA[2].L1SROB,GPU[1].SA[2].L1SROB.Control,GPU[1].InternalConn
GPU[1].SA[2].L1ITLB,GPU[1].SA[2].L1ITLB.Top,GPU[1].SA[2].Conn[21]
GPU[1].SA[2].L1ITLB,GPU[1].SA[2].L1ITLB.Bottom,GPU[1].L1TLBToL2TLB
GPU[1].SA[2].L1ITLB,GPU[1].SA[2].L1ITLB.Control,GPU[1].InternalConn
GPU[1].SA[2].L1IAddrTrans,GPU[1].SA[2].L1IAddrTrans.Top,GPU[1].SA[2].Conn[20]
GPU[1].SA[2].L1IAddrTrans,GPU[1].SA[2].L1IAddrTrans.Bottom,GPU[1].L1ToL2
GPU[1].SA[2].L1IAddrTrans,GPU[1].SA[2].L1IAddrTrans.Translation,GPU[1].SA[2].Conn[21]
GPU[1].SA[2].L1IAddrTrans,GPU[1].SA[2].L1IAddrTrans.Control,GPU[1].InternalConn
GPU[1].SA[2].L1ICache,GPU[1].SA[2].L1ICache.Top,GPU[1].SA[2].Conn[19]
GPU[1].SA[2].L1ICache,GPU[1].SA[2].L1ICache.Bottom,GPU[1].SA[2].Conn[20]
GPU[1].SA[2].L1ICache,GPU[1].SA[2].L1ICache.Control,GPU[1].InternalConn
GPU[1].SA[2].L1IROB,GPU[1].SA[2].L1IROB.Top,GPU[1].SA[2].InstMemConn
GPU[1].SA[2].L1IROB,GPU[1].SA[2].L1IROB.Bottom,GPU[1].SA[2].Conn[19]
GPU[1].SA[2].L1IROB,GPU[1].SA[2].L1IROB.Control,GPU[1].InternalConn
GPU[1].SA[2].CU[0],GPU[1].SA[2].CU[0].Top,GPU[1].InternalConn
GPU[1].SA[2].CU[0],GPU[1].SA[2].CU[0].Ctrl,GPU[1].InternalConn
GPU[1].SA[2].CU[0],GPU[1].SA[2].CU[0].InstMem,GPU[1].SA[2].InstMemConn
GPU[1].SA[2].CU[0],GPU[1].SA[2].CU[0].ScalarMem,GPU[1].SA[2].ScalarMemConn
GPU[1].SA[2].CU[0],GPU[1].SA[2].CU[0].VectorMem,GPU[1].SA[2].Conn[0]
GPU[1].SA[2].CU[1],GPU[1].SA[2].CU[1].Top,GPU[1].InternalConn
GPU[1].SA[2].CU[1],GPU[1].SA[2].CU[1].Ctrl,GPU[1].InternalConn
GPU[1].SA[2].CU[1],GPU[1].SA[2].CU[1].InstMem,GPU[1].SA[2].InstMemConn
GPU[1].SA[2].CU[1],GPU[1].SA[2].CU[1].ScalarMem,GPU[1].SA[2].ScalarMemConn
GPU[1].SA[2].CU[1],GPU[1].SA[2].CU[1].VectorMem,GPU[1].SA[2].Conn[4]
GPU[1].SA[2].CU[2],GPU[1].SA[2].CU[2].Top,GPU[1].InternalConn
GPU[1].SA[2].CU[2],GPU[1].SA[2].CU[2].Ctrl,GPU[1].InternalConn
GPU[1].SA[2].CU[2],GPU[1].SA[2].CU[2].InstMem,GPU[1].SA[2].InstMemConn
GPU[1].SA[2].CU[2],GPU[1].SA[2].CU[2].ScalarMem,GPU[1].SA[2].ScalarMemConn
GPU[1].SA[2].CU[2],GPU[1].SA[2].CU[2].VectorMem,GPU[1].SA[2].Conn[8]
GPU[1].SA[2].CU[3],GPU[1].SA[2].CU[3].Top,GPU[1].InternalConn
GPU[1].SA[2].CU[3],GPU[1].SA[2].CU[3].Ctrl,GPU[1].InternalConn
GPU[1].SA[2].CU[3],GPU[1].SA[2].CU[3].InstMem,GPU[1].SA[2].InstMemConn
GPU[1].SA[2].CU[3],GPU[1].SA[2].CU[3].ScalarMem,GPU[1].SA[2].ScalarMemConn
GPU[1].SA[2].CU[3],GPU[1].SA[2].CU[3].VectorMem,GPU[1].SA[2].Conn[12]
GPU[1].SA[3].L1VCache[0],GPU[1].SA[3].L1VCache[0].Top,GPU[1].SA[3].Conn[3]
GPU[1].SA[3].L1VCache[0],GPU[1].SA[3].L1VCache[0].Bottom,GPU[1].L1ToL2
GPU[1].SA[3].L1VCache[0],GPU[1].SA[3].L1VCache[0].Control,GPU[1].InternalConn
GPU[1].SA[3].L1VCache[1],GPU[1].SA[3].L1VCache[1].Top,GPU[1].SA[3].Conn[7]
GPU[1].SA[3].L1VCache[1],GPU[1].SA[3].L1VCache[1].Bottom,GPU[1].L1ToL2
GPU[1].SA[3].L1VCache[1],GPU[1].SA[3].L1VCache[1].Control,GPU[1].InternalConn
GPU[1].SA[3].L1VCache[2],GPU[1].SA[3].L1VCache[2].Top,GPU[1].SA[3].Conn[11]
GPU[1].SA[3].L1VCache[2],GPU[1].SA[3].L1VCache[2].Bottom,GPU[1].L1ToL2
GPU[1].SA[3].L1VCache[2],GPU[1].SA[3].L1VCache[2].Control,GPU[1].InternalConn
GPU[1].SA[3].L1VCache[3],GPU[1].SA[3].L1VCache[3].Top,GPU[1].SA[3].Conn[15]
GPU[1].SA[3].L1VCache[3],GPU[1].SA[3].L1VCache[3].Bottom,GPU[1].L1ToL2
GPU[1].SA[3].L1VCache[3],GPU[1].SA[3].L1VCache[3].Control,GPU[1].InternalConn
GPU[1].SA[3].L1VTLB[0],GPU[1].SA[3].L1VTLB[0].Top,GPU[1].SA[3].Conn[2]
GPU[1].SA[3].L1VTLB[0],GPU[1].SA[3].L1VTLB[0].Bottom,GPU[1].L1TLBToL2TLB
GPU[1].SA[3].L1VTLB[0],GPU[1].SA[3].L1VTLB[0].Control,GPU[1].InternalConn
GPU[1].SA[3].L1VTLB[1],GPU[1].SA[3].L1VTLB[1].Top,GPU[1].SA[3].Conn[6]
GPU[1].SA[3].L1VTLB[1],GPU[1].SA[3].L1VTLB[1].Bottom,GPU[1].L1TLBToL2TLB
GPU[1].SA[3].L1VTLB[1],GPU[1].SA[3].L1VTLB[1].Control,GPU[1].InternalConn
GPU[1].SA[3].L1VTLB[2],GPU[1].SA[3].L1VTLB[2].Top,GPU[1].SA[3].Conn[10]
GPU[1].SA[3].L1VTLB[2],GPU[1].SA[3].L1VTLB[2].Bottom,GPU[1].L1TLBToL2TLB
GPU[1].SA[3].L1VTLB[2],GPU[1].SA[3].L1VTLB[2].Control,GPU[1].InternalConn
GPU[1].SA[3].L1VTLB[3],GPU[1].SA[3].L1VTLB[3].Top,GPU[1].SA[3].Conn[14]
GPU[1].SA[3].L1VTLB[3],GPU[1].SA[3].L1VTLB[3].Bottom,GPU[1].L1TLBToL2TLB
GPU[1].SA[3].L1VTLB[3],GPU[1].SA[3].L1VTLB[3].Control,GPU[1].InternalConn
GPU[1].SA[3].L1VAddrTrans[0],GPU[1].SA[3].L1VAddrTrans[0].Top,GPU[1].SA[3].Conn[1]
GPU[1].SA[3].L1VAddrTrans[0],GPU[1].SA[3].L1VAddrTrans[0].Bottom,GPU[1].SA[3].Conn[3]
GPU[1].SA[3].L1VAddrTrans[0],GPU[1].SA[3].L1VAddrTrans[0].Translation,GPU[1].SA[3].Conn[2]
GPU[1].SA[3].L1VAddrTrans[0],GPU[1].SA[3].L1VAddrTrans[0].Control,GPU[1].InternalConn
GPU[1].SA[3].L1VAddrTrans[1],GPU[1].SA[3].L1VAddrTrans[1].Top,GPU[1].SA[3].Conn[5]
GPU[1].SA[3].L1VAddrTrans[1],GPU[1].SA[3].L1VAddrTrans[1].Bottom,GPU[1].SA[3].Conn[7]
GPU[1].SA[3].L1VAddrTrans[1],GPU[1].SA[3].L1VAddrTrans[1].Translation,GPU[1].SA[3].Conn[6]
GPU[1].SA[3].L1VAddrTrans[1],GPU[1].SA[3].L1VAddrTrans[1].Control,GPU[1].InternalConn
GPU[1].SA[3].L1VAddrTrans[2],GPU[1].SA[3].L1VAddrTrans[2].Top,GPU[1].SA[3].Conn[9]
GPU[1].SA[3].L1VAddrTrans[2],GPU[1].SA[3].L1VAddrTrans[2].Bottom,GPU[1].SA[3].Conn[11]
GPU[1].SA[3].L1VAddrTrans[2],GPU[1].SA[3].L1VAddrTrans[2].Translation,GPU[1].SA[3].Conn[10]
GPU[1].SA[3].L1VAddrTrans[2],GPU[1].SA[3].L1VAddrTrans[2].Control,GPU[1].InternalConn
GPU[1].SA[3].L1VAddrTrans[3],GPU[1].SA[3].L1VAddrTrans[3].Top,GPU[1].SA[3].Conn[13]
GPU[1].SA[3].L1VAddrTrans[3],GPU[1].SA[3].L1VAddrTrans[3].Bottom,GPU[1].SA[3].Conn[15]
GPU[1].SA[3].L1VAddrTrans[3],GPU[1].SA[3].L1VAddrTrans[3].Translation,GPU[1].SA[3].Conn[14]
GPU[1].SA[3].L1VAddrTrans[3],GPU[1].SA[3].L1VAddrTrans[3].Control,GPU[1].InternalConn
GPU[1].SA[3].L1VROB[0],GPU[1].SA[3].L1VROB[0].Top,GPU[1].SA[3].Conn[0]
GPU[1].SA[3].L1VROB[0],GPU[1].SA[3].L1VROB[0].Bottom,GPU[1].SA[3].Conn[1]
GPU[1].SA[3].L1VROB[0],GPU[1].SA[3].L1VROB[0].Control,GPU[1].InternalConn
GPU[1].SA[3].L1VROB[1],GPU[1].SA[3].L1VROB[1].Top,GPU[1].SA[3].Conn[4]
GPU[1].SA[3].L1VROB[1],GPU[1].SA[3].L1VROB[1].Bottom,GPU[1].SA[3].Conn[5]
GPU[1].SA[3].L1VROB[1],GPU[1].SA[3].L1VROB[1].Control,GPU[1].InternalConn
GPU[1].SA[3].L1VROB[2],GPU[1].SA[3].L1VROB[2].Top,GPU[1].SA[3].Conn[8]
GPU[1].SA[3].L1VROB[2],GPU[1].SA[3].L1VROB[2].Bottom,GPU[1].SA[3].Conn[9]
GPU[1].SA[3].L1VROB[2],GPU[1].SA[3].L1VROB[2].Control,GPU[1].InternalConn
GPU[1].SA[3].L1VROB[3],GPU[1].SA[3].L1VROB[3].Top,GPU[1].SA[3].Conn[12]
GPU[1].SA[3].L1VROB[3],GPU[1].SA[3].L1VROB[3].Bottom,GPU[1].SA[3].Conn[13]
GPU[1].SA[3].L1VROB[3],GPU[1].SA[3].L1VROB[3].Control,GPU[1].InternalConn
GPU[1].SA[3].L1SCache,GPU[1].SA[3].L1SCache.Top,GPU[1].SA[3].Conn[18]
GPU[1].SA[3].L1SCache,GPU[1].SA[3].L1SCache.Bottom,GPU[1].L1ToL2
GPU[1].SA[3].L1SCache,GPU[1].SA[3].L1SCache.Control,GPU[1].InternalConn
GPU[1].SA[3].L1STLB,GPU[1].SA[3].L1STLB.Top,GPU[1].SA[3].Conn[17]
GPU[1].SA[3].L1STLB,GPU[1].SA[3].L1STLB.Bottom,GPU[1].L1TLBToL2TLB
GPU[1].SA[3].L1STLB,GPU[1].SA[3].L1STLB.Control,GPU[1].InternalConn
GPU[1].SA[3].L1SAddrTrans,GPU[1].SA[3].L1SAddrTrans.Top,GPU[1].SA[3].Conn[16]
GPU[1].SA[3].L1SAddrTrans,GPU[1].SA[3].L1SAddrTrans.Bottom,GPU[1].SA[3].Conn[18]
GPU[1].SA[3].L1SAddrTrans,GPU[1].SA[3].L1SAddrTrans.Translation,GPU[1].SA[3].Conn[17]
GPU[1].SA[3].L1SAddrTrans,GPU[1].SA[3].L1SAddrTrans.Control,GPU[1].InternalConn
GPU[1].SA[3].L1SROB,GPU[1].SA[3].L1SROB.Top,GPU[1].SA[3].ScalarMemConn
GPU[1].SA[3].L1SROB,GPU[1].SA[3].L1SROB.Bottom,GPU[1].SA[3].Conn[16]
GPU[1].SA[3].L1SROB,GPU[1].SA[3].L1SROB.Control,GPU[1].InternalConn
GPU[1].SA[3].L1ITLB,GPU[1].SA[3].L1ITLB.Top,GPU[1].SA[3].Conn[21]
GPU[1].SA[3].L1ITLB,GPU[1].SA[3].L1ITLB.Bottom,GPU[1].L1TLBToL2TLB
GPU[1].SA[3].L1ITLB,GPU[1].SA[3].L1ITLB.Control,GPU[1].InternalConn
GPU[1].SA[3].L1IAddrTrans,GPU[1].SA[3].L1IAddrTrans.Top,GPU[1].SA[3].Conn[20]
GPU[1].SA[3].L1IAddrTrans,GPU[1].SA[3].L1IAddrTrans.Bottom,GPU[1].L1ToL2
GPU[1].SA[3].L1IAddrTrans,GPU[1].SA[3].L1IAddrTrans.Translation,GPU[1].SA[3].Conn[21]
GPU[1].SA[3].L1IAddrTrans,GPU[1].SA[3].L1IAddrTrans.Control,GPU[1].InternalConn
GPU[1].SA[3].L1ICache,GPU[1].SA[3].L1ICache.Top,GPU[1].SA[3].Conn[19]
GPU[1].SA[3].L1ICache,GPU[1].SA[3].L1ICache.Bottom,GPU[1].SA[3].Conn[20]
GPU[1].SA[3].L1ICache,GPU[1].SA[3].L1ICache.Control,GPU[1].InternalConn
GPU[1].SA[3].L1IROB,GPU[1].SA[3].L1IROB.Top,GPU[1].SA[3].InstMemConn
GPU[1].SA[3].L1IROB,GPU[1].SA[3].L1IROB.Bottom,GPU[1].SA[3].Conn[19]
GPU[1].SA[3].L1IROB,GPU[1].SA[3].L1IROB.Control,GPU[1].InternalConn
GPU[1].SA[3].CU[0],GPU[1].SA[3].CU[0].Top,GPU[1].InternalConn
GPU[1].SA[3].CU[0],GPU[1].SA[3].CU[0].Ctrl,GPU[1].InternalConn
GPU[1].SA[3].CU[0],GPU[1].SA[3].CU[0].InstMem,GPU[1].SA[3].InstMemConn
GPU[1].SA[3].CU[0],GPU[1].SA[3].CU[0].ScalarMem,GPU[1].SA[3].ScalarMemConn
GPU[1].SA[3].CU[0],GPU[1].SA[3].CU[0].VectorMem,GPU[1].SA[3].Conn[0]
GPU[1].SA[3].CU[1],GPU[1].SA[3].CU[1].Top,GPU[1].InternalConn
GPU[1].SA[3].CU[1],GPU[1].SA[3].CU[1].Ctrl,GPU[1].InternalConn
GPU[1].SA[3].CU[1],GPU[1].SA[3].CU[1].InstMem,GPU[1].SA[3].InstMemConn
GPU[1].SA[3].CU[1],GPU[1].SA[3].CU[1].ScalarMem,GPU[1].SA[3].ScalarMemConn
GPU[1].SA[3].CU[1],GPU[1].SA[3].CU[1].VectorMem,GPU[1].SA[3].Conn[4]
GPU[1].SA[3].CU[2],GPU[1].SA[3].CU[2].Top,GPU[1].InternalConn
GPU[1].SA[3].CU[2],GPU[1].SA[3].CU[2].Ctrl,GPU[1].InternalConn
GPU[1].SA[3].CU[2],GPU[1].SA[3].CU[2].InstMem,GPU[1].SA[3].InstMemConn
GPU[1].SA[3].CU[2],GPU[1].SA[3].CU[2].ScalarMem,GPU[1].SA[3].ScalarMemConn
GPU[1].SA[3].CU[2],GPU[1].SA[3].CU[2].VectorMem,GPU[1].SA[3].Conn[8]
GPU[1].SA[3].CU[3],GPU[1].SA[3].CU[3].Top,GPU[1].InternalConn
GPU[1].SA[3].CU[3],GPU[1].SA[3].CU[3].Ctrl,GPU[1].InternalConn
GPU[1].SA[3].CU[3],GPU[1].SA[3].CU[3].InstMem,GPU[1].SA[3].InstMemConn
GPU[1].SA[3].CU[3],GPU[1].SA[3].CU[3].ScalarMem,GPU[1].SA[3].ScalarMemConn
GPU[1].SA[3].CU[3],GPU[1].SA[3].CU[3].VectorMem,GPU[1].SA[3].Conn[12]
GPU[1].SA[4].L1VCache[0],GPU[1].SA[4].L1VCache[0].Top,GPU[1].SA[4].Conn[3]
GPU[1].SA[4].L1VCache[0],GPU[1].SA[4].L1VCache[0].Bottom,GPU[1].L1ToL2
GPU[1].SA[4].L1VCache[0],GPU[1].SA[4].L1VCache[0].Control,GPU[1].InternalConn
GPU[1].SA[4].L1VCache[1],GPU[1].SA[4].L1VCache[1].Top,GPU[1].SA[4].Conn[7]
GPU[1].SA[4].L1VCache[1],GPU[1].SA[4].L1VCache[1].Bottom,GPU[1].L1ToL2
GPU[1].SA[4].L1VCache[1],GPU[1].SA[4].L1VCache[1].Control,GPU[1].InternalConn
GPU[1].SA[4].L1VCache[2],GPU[1].SA[4].L1VCache[2].Top,GPU[1].SA[4].Conn[11]
GPU[1].SA[4].L1VCache[2],GPU[1].SA[4].L1VCache[2].Bottom,GPU[1].L1ToL2
GPU[1].SA[4].L1VCache[2],GPU[1].SA[4].L1VCache[2].Control,GPU[1].InternalConn
GPU[1].SA[4].L1VCache[3],GPU[1].SA[4].L1VCache[3].Top,GPU[1].SA[4].Conn[15]
GPU[1].SA[4].L1VCache[3],GPU[1].SA[4].L1VCache[3].Bottom,GPU[1].L1ToL2
GPU[1].SA[4].L1VCache[3],GPU[1].SA[4].L1VCache[3].Control,GPU[1].InternalConn
GPU[1].SA[4].L1VTLB[0],GPU[1].SA[4].L1VTLB[0].Top,GPU[1].SA[4].Conn[2]
GPU[1].SA[4].L1VTLB[0],GPU[1].SA[4].L1VTLB[0].Bottom,GPU[1].L1TLBToL2TLB
GPU[1].SA[4].L1VTLB[0],GPU[1].SA[4].L1VTLB[0].Control,GPU[1].InternalConn
GPU[1].SA[4].L1VTLB[1],GPU[1].SA[4].L1VTLB[1].Top,GPU[1].SA[4].Conn[6]
GPU[1].SA[4].L1VTLB[1],GPU[1].SA[4].L1VTLB[1].Bottom,GPU[1].L1TLBToL2TLB
GPU[1].SA[4].L1VTLB[1],GPU[1].SA[4].L1VTLB[1].Control,GPU[1].InternalConn
GPU[1].SA[4].L1VTLB[2],GPU[1].SA[4].L1VTLB[2].Top,GPU[1].SA[4].Conn[10]
GPU[1].SA[4].L1VTLB[2],GPU[1].SA[4].L1VTLB[2].Bottom,GPU[1].L1TLBToL2TLB
GPU[1].SA[4].L1VTLB[2],GPU[1].SA[4].L1VTLB[2].Control,GPU[1].InternalConn
GPU[1].SA[4].L1VTLB[3],GPU[1].SA[4].L1VTLB[3].Top,GPU[1].SA[4].Conn[14]
GPU[1].SA[4].L1VTLB[3],GPU[1].SA[4].L1VTLB[3].Bottom,GPU[1].L1TLBToL2TLB
GPU[1].SA[4].L1VTLB[3],GPU[1].SA[4].L1VTLB[3].Control,GPU[1].InternalConn
GPU[1].SA[4].L1VAddrTrans[0],GPU[1].SA[4].L1VAddrTrans[0].Top,GPU[1].SA[4].Conn[1]
GPU[1].SA[4].L1VAddrTrans[0],GPU[1].SA[4].L1VAddrTrans[0].Bottom,GPU[1].SA[4].Conn[3]
GPU[1].SA[4].L1VAddrTrans[0],GPU[1].SA[4].L1VAddrTrans[0].Translation,GPU[1].SA[4].Conn[2]
GPU[1].SA[4].L1VAddrTrans[0],GPU[1].SA[4].L1VAddrTrans[0].Control,GPU[1].InternalConn
GPU[1].SA[4].L1VAddrTrans[1],GPU[1].SA[4].L1VAddrTrans[1].Top,GPU[1].SA[4].Conn[5]
GPU[1].SA[4].L1VAddrTrans[1],GPU[1].SA[4].L1VAddrTrans[1].Bottom,GPU[1].SA[4].Conn[7]
GPU[1].SA[4].L1VAddrTrans[1],GPU[1].SA[4].L1VAddrTrans[1].Translation,GPU[1].SA[4].Conn[6]
GPU[1].SA[4].L1VAddrTrans[1],GPU[1].SA[4].L1VAddrTrans[1].Control,GPU[1].InternalConn
GPU[1].SA[4].L1VAddrTrans[2],GPU[1].SA[4].L1VAddrTrans[2].Top,GPU[1].SA[4].Conn[9]
GPU[1].SA[4].L1VAddrTrans[2],GPU[1].SA[4].L1VAddrTrans[2].Bottom,GPU[1].SA[4].Conn[11]
GPU[1].SA[4].L1VAddrTrans[2],GPU[1].SA[4].L1VAddrTrans[2].Translation,GPU[1].SA[4].Conn[10]
GPU[1].SA[4].L1VAddrTrans[2],GPU[1].SA[4].L1VAddrTrans[2].Control,GPU[1].InternalConn
GPU[1].SA[4].L1VAddrTrans[3],GPU[1].SA[4].L1VAddrTrans[3].Top,GPU[1].SA[4].Conn[13]
GPU[1].SA[4].L1VAddrTrans[3],GPU[1].SA[4].L1VAddrTrans[3].Bottom,GPU[1].SA[4].Conn[15]
GPU[1].SA[4].L1VAddrTrans[3],GPU[1].SA[4].L1VAddrTrans[3].Translation,GPU[1].SA[4].Conn[14]
GPU[1].SA[4].L1VAddrTrans[3],GPU[1].SA[4].L1VAddrTrans[3].Control,GPU[1].InternalConn
GPU[1].SA[4].L1VROB[0],GPU[1].SA[4].L1VROB[0].Top,GPU[1].SA[4].Conn[0]
GPU[1].SA[4].L1VROB[0],GPU[1].SA[4].L1VROB[0].Bottom,GPU[1].SA[4].Conn[1]
GPU[1].SA[4].L1VROB[0],GPU[1].SA[4].L1VROB[0].Control,GPU[1].InternalConn
GPU[1].SA[4].L1VROB[1],GPU[1].SA[4].L1VROB[1].Top,GPU[1].SA[4].Conn[4]
GPU[1].SA[4].L1VROB[1],GPU[1].SA[4].L1VROB[1].Bottom,GPU[1].SA[4].Conn[5]
GPU[1].SA[4].L1VROB[1],GPU[1].SA[4].L1VROB[1].Control,GPU[1].InternalConn
GPU[1].SA[4].L1VROB[2],GPU[1].SA[4].L1VROB[2].Top,GPU[1].SA[4].Conn[8]
GPU[1].SA[4].L1VROB[2],GPU[1].SA[4].L1VROB[2].Bottom,GPU[1].SA[4].Conn[9]
GPU[1].SA[4].L1VROB[2],GPU[1].SA[4].L1VROB[2].Control,GPU[1].InternalConn
GPU[1].SA[4].L1VROB[3],GPU[1].SA[4].L1VROB[3].Top,GPU[1].SA[4].Conn[12]
GPU[1].SA[4].L1VROB[3],GPU[1].SA[4].L1VROB[3].Bottom,GPU[1].SA[4].Conn[13]
GPU[1].SA[4].L1VROB[3],GPU[1].SA[4].L1VROB[3].Control,GPU[1].InternalConn
GPU[1].SA[4].L1SCache,GPU[1].SA[4].L1SCache.Top,GPU[1].SA[4].Conn[18]
GPU[1].SA[4].L1SCache,GPU[1].SA[4].L1SCache.Bottom,GPU[1].L1ToL2
GPU[1].SA[4].L1SCache,GPU[1].SA[4].L1SCache.Control,GPU[1].InternalConn
GPU[1].SA[4].L1STLB,GPU[1].SA[4].L1STLB.Top,GPU[1].SA[4].Conn[17]
GPU[1].SA[4].L1STLB,GPU[1].SA[4].L1STLB.Bottom,GPU[1].L1TLBToL2TLB
GPU[1].SA[4].L1STLB,GPU[1].SA[4].L1STLB.Control,GPU[1].InternalConn
GPU[1].SA[4].L1SAddrTrans,GPU[1].SA[4].L1SAddrTrans.Top,GPU[1].SA[4].Conn[16]
GPU[1].SA[4].L1SAddrTrans,GPU[1].SA[4].L1SAddrTrans.Bottom,GPU[1].SA[4].Conn[18]
GPU[1].SA[4].L1SAddrTrans,GPU[1].SA[4].L1SAddrTrans.Translation,GPU[1].SA[4].Conn[17]
GPU[1].SA[4].L1SAddrTrans,GPU[1].SA[4].L1SAddrTrans.Control,GPU[1].InternalConn
GPU[1].SA[4].L1SROB,GPU[1].SA[4].L1SROB.Top,GPU[1].SA[4].ScalarMemConn
GPU[1].SA[4].L1SROB,GPU[1].SA[4].L1SROB.Bottom,GPU[1].SA[4].Conn[16]
GPU[1].SA[4].L1SROB,GPU[1].SA[4].L1SROB.Control,GPU[1].InternalConn
GPU[1].SA[4].L1ITLB,GPU[1].SA[4].L1ITLB.Top,GPU[1].SA[4].Conn[21]
GPU[1].SA[4].L1ITLB,GPU[1].SA[4].L1ITLB.Bottom,GPU[1].L1TLBToL2TLB
GPU[1].SA[4].L1ITLB,GPU[1].SA[4].L1ITLB.Control,GPU[1].InternalConn
GPU[1].SA[4].L1IAddrTrans,GPU[1].SA[4].L1IAddrTrans.Top,GPU[1].SA[4].Conn[20]
GPU[1].SA[4].L1IAddrTrans,GPU[1].SA[4].L1IAddrTrans.Bottom,GPU[1].L1ToL2
GPU[1].SA[4].L1IAddrTrans,GPU[1].SA[4].L1IAddrTrans.Translation,GPU[1].SA[4].Conn[21]
GPU[1].SA[4].L1IAddrTrans,GPU[1].SA[4].L1IAddrTrans.Control,GPU[1].InternalConn
GPU[1].SA[4].L1ICache,GPU[1].SA[4].L1ICache.Top,GPU[1].SA[4].Conn[19]
GPU[1].SA[4].L1ICache,GPU[1].SA[4].L1ICache.Bottom,GPU[1].SA[4].Conn[20]
GPU[1].SA[4].L1ICache,GPU[1].SA[4].L1ICache.Control,GPU[1].InternalConn
GPU[1].SA[4].L1IROB,GPU[1].SA[4].L1IROB.Top,GPU[1].SA[4].InstMemConn
GPU[1].SA[4].L1IROB,GPU[1].SA[4].L1IROB.Bottom,GPU[1].SA[4].Conn[19]
GPU[1].SA[4].L1IROB,GPU[1].SA[4].L1IROB.Control,GPU[1].InternalConn
GPU[1].SA[4].CU[0],GPU[1].SA[4].CU[0].Top,GPU[1].InternalConn
GPU[1].SA[4].CU[0],GPU[1].SA[4].CU[0].Ctrl,GPU[1].InternalConn
GPU[1].SA[4].CU[0],GPU[1].SA[4].CU[0].InstMem,GPU[1].SA[4].InstMemConn
GPU[1].SA[4].CU[0],GPU[1].SA[4].CU[0].ScalarMem,GPU[1].SA[4].ScalarMemConn
GPU[1].SA[4].CU[0],GPU[1].SA[4].CU[0].VectorMem,GPU[1].SA[4].Conn[0]
GPU[1].SA[4].CU[1],GPU[1].SA[4].CU[1].Top,GPU[1].InternalConn
GPU[1].SA[4].CU[1],GPU[1].SA[4].CU[1].Ctrl,GPU[1].InternalConn
GPU[1].SA[4].CU[1],GPU[1].SA[4].CU[1].InstMem,GPU[1].SA[4].InstMemConn
GPU[1].SA[4].CU[1],GPU[1].SA[4].CU[1].ScalarMem,GPU[1].SA[4].ScalarMemConn
GPU[1].SA[4].CU[1],GPU[1].SA[4].CU[1].VectorMem,GPU[1].SA[4].Conn[4]
GPU[1].SA[4].CU[2],GPU[1].SA[4].CU[2].Top,GPU[1].InternalConn
GPU[1].SA[4].CU[2],GPU[1].SA[4].CU[2].Ctrl,GPU[1].InternalConn
GPU[1].SA[4].CU[2],GPU[1].SA[4].CU[2].InstMem,GPU[1].SA[4].InstMemConn
GPU[1].SA[4].CU[2],GPU[1].SA[4].CU[2].ScalarMem,GPU[1].SA[4].ScalarMemConn
GPU[1].SA[4].CU[2],GPU[1].SA[4].CU[2].VectorMem,GPU[1].SA[4].Conn[8]
GPU[1].SA[4].CU[3],GPU[1].SA[4].CU[3].Top,GPU[1].InternalConn
GPU[1].SA[4].CU[3],GPU[1].SA[4].CU[3].Ctrl,GPU[1].InternalConn
GPU[1].SA[4].CU[3],GPU[1].SA[4].CU[3].InstMem,GPU[1].SA[4].InstMemConn
GPU[1].SA[4].CU[3],GPU[1].SA[4].CU[3].ScalarMem,GPU[1].SA[4].ScalarMemConn
GPU[1].SA[4].CU[3],GPU[1].SA[4].CU[3].VectorMem,GPU[1].SA[4].Conn[12]
GPU[1].SA[5].L1VCache[0],GPU[1].SA[5].L1VCache[0].Top,GPU[1].SA[5].Conn[3]
GPU[1].SA[5].L1VCache[0],GPU[1].SA[5].L1VCache[0].Bottom,GPU[1].L1ToL2
GPU[1].SA[5].L1VCache[0],GPU[1].SA[5].L1VCache[0].Control,GPU[1].InternalConn
GPU[1].SA[5].L1VCache[1],GPU[1].SA[5].L1VCache[1].Top,GPU[1].SA[5].Conn[7]
GPU[1].SA[5].L1VCache[1],GPU[1].SA[5].L1VCache[1].Bottom,GPU[1].L1ToL2
GPU[1].SA[5].L1VCache[1],GPU[1].SA[5].L1VCache[1].Control,GPU[1].InternalConn
GPU[1].SA[5].L1VCache[2],GPU[1].SA[5].L1VCache[2].Top,GPU[1].SA[5].Conn[11]
GPU[1].SA[5].L1VCache[2],GPU[1].SA[5].L1VCache[2].Bottom,GPU[1].L1ToL2
GPU[1].SA[5].L1VCache[2],GPU[1].SA[5].L1VCache[2].Control,GPU[1].InternalConn
GPU[1].SA[5].L1VCache[3],GPU[1].SA[5].L1VCache[3].Top,GPU[1].SA[5].Conn[15]
GPU[1].SA[5].L1VCache[3],GPU[1].SA[5].L1VCache[3].Bottom,GPU[1].L1ToL2
GPU[1].SA[5].L1VCache[3],GPU[1].SA[5].L1VCache[3].Control,GPU[1].InternalConn
GPU[1].SA[5].L1VTLB[0],GPU[1].SA[5].L1VTLB[0].Top,GPU[1].SA[5].Conn[2]
GPU[1].SA[5].L1VTLB[0],GPU[1].SA[5].L1VTLB[0].Bottom,GPU[1].L1TLBToL2TLB
GPU[1].SA[5].L1VTLB[0],GPU[1].SA[5].L1VTLB[0].Control,GPU[1].InternalConn
GPU[1].SA[5].L1VTLB[1],GPU[1].SA[5].L1VTLB[1].Top,GPU[1].SA[5].Conn[6]
GPU[1].SA[5].L1VTLB[1],GPU[1].SA[5].L1VTLB[1].Bottom,GPU[1].L1TLBToL2TLB
GPU[1].SA[5].L1VTLB[1],GPU[1].SA[5].L1VTLB[1].Control,GPU[1].InternalConn
GPU[1].SA[5].L1VTLB[2],GPU[1].SA[5].L1VTLB[2].Top,GPU[1].SA[5].Conn[10]
GPU[1].SA[5].L1VTLB[2],GPU[1].SA[5].L1VTLB[2].Bottom,GPU[1].L1TLBToL2TLB
GPU[1].SA[5].L1VTLB[2],GPU[1].SA[5].L1VTLB[2].Control,GPU[1].InternalConn
GPU[1].SA[5].L1VTLB[3],GPU[1].SA[5].L1VTLB[3].Top,GPU[1].SA[5].Conn[14]
GPU[1].SA[5].L1VTLB[3],GPU[1].SA[5].L1VTLB[3].Bottom,GPU[1].L1TLBToL2TLB
GPU[1].SA[5].L1VTLB[3],GPU[1].SA[5].L1VTLB[3].Control,GPU[1].InternalConn
GPU[1].SA[5].L1VAddrTrans[0],GPU[1].SA[5].L1VAddrTrans[0].Top,GPU[1].SA[5].Conn[1]
GPU[1].SA[5].L1VAddrTrans[0],GPU[1].SA[5].L1VAddrTrans[0].Bottom,GPU[1].SA[5].Conn[3]
GPU[1].SA[5].L1VAddrTrans[0],GPU[1].SA[5].L1VAddrTrans[0].Translation,GPU[1].SA[5].Conn[2]
GPU[1].SA[5].L1VAddrTrans[0],GPU[1].SA[5].L1VAddrTrans[0].Control,GPU[1].InternalConn
GPU[1].SA[5].L1VAddrTrans[1],GPU[1].SA[5].L1VAddrTrans[1].Top,GPU[1].SA[5].Conn[5]
GPU[1].SA[5].L1VAddrTrans[1],GPU[1].SA[5].L1VAddrTrans[1].Bottom,GPU[1].SA[5].Conn[7]
GPU[1].SA[5].L1VAddrTrans[1],GPU[1].SA[5].L1VAddrTrans[1].Translation,GPU[1].SA[5].Conn[6]
GPU[1].SA[5].L1VAddrTrans[1],GPU[1].SA[5].L1VAddrTrans[1].Control,GPU[1].InternalConn
GPU[1].SA[5].L1VAddrTrans[2],GPU[1].SA[5].L1VAddrTrans[2].Top,GPU[1].SA[5].Conn[9]
GPU[1].SA[5].L1VAddrTrans[2],GPU[1].SA[5].L1VAddrTrans[2].Bottom,GPU[1].SA[5].Conn[11]
GPU[1].SA[5].L1VAddrTrans[2],GPU[1].SA[5].L1VAddrTrans[2].Translation,GPU[1].SA[5].Conn[10]
GPU[1].SA[5].L1VAddrTrans[2],GPU[1].SA[5].L1VAddrTrans[2].Control,GPU[1].InternalConn
GPU[1].SA[5].L1VAddrTrans[3],GPU[1].SA[5].L1VAddrTrans[3].Top,GPU[1].SA[5].Conn[13]
GPU[1].SA[5].L1VAddrTrans[3],GPU[1].SA[5].L1VAddrTrans[3].Bottom,GPU[1].SA[5].Conn[15]
GPU[1].SA[5].L1VAddrTrans[3],GPU[1].SA[5].L1VAddrTrans[3].Translation,GPU[1].SA[5].Conn[14]
GPU[1].SA[5].L1VAddrTrans[3],GPU[1].SA[5].L1VAddrTrans[3].Control,GPU[1].InternalConn
GPU[1].SA[5].L1VROB[0],GPU[1].SA[5].L1VROB[0].Top,GPU[1].SA[5].Conn[0]
GPU[1].SA[5].L1VROB[0],GPU[1].SA[5].L1VROB[0].Bottom,GPU[1].SA[5].Conn[1]
GPU[1].SA[5].L1VROB[0],GPU[1].SA[5].L1VROB[0].Control,GPU[1].InternalConn
GPU[1].SA[5].L1VROB[1],GPU[1].SA[5].L1VROB[1].Top,GPU[1].SA[5].Conn[4]
GPU[1].SA[5].L1VROB[1],GPU[1].SA[5].L1VROB[1].Bottom,GPU[1].SA[5].Conn[5]
GPU[1].SA[5].L1VROB[1],GPU[1].SA[5].L1VROB[1].Control,GPU[1].InternalConn
GPU[1].SA[5].L1VROB[2],GPU[1].SA[5].L1VROB[2].Top,GPU[1].SA[5].Conn[8]
GPU[1].SA[5].L1VROB[2],GPU[1].SA[5].L1VROB[2].Bottom,GPU[1].SA[5].Conn[9]
GPU[1].SA[5].L1VROB[2],GPU[1].SA[5].L1VROB[2].Control,GPU[1].InternalConn
GPU[1].SA[5].L1VROB[3],GPU[1].SA[5].L1VROB[3].Top,GPU[1].SA[5].Conn[12]
GPU[1].SA[5].L1VROB[3],GPU[1].SA[5].L1VROB[3].Bottom,GPU[1].SA[5].Conn[13]
GPU[1].SA[5].L1VROB[3],GPU[1].SA[5].L1VROB[3].Control,GPU[1].InternalConn
GPU[1].SA[5].L1SCache,GPU[1].SA[5].L1SCache.Top,GPU[1].SA[5].Conn[18]
GPU[1].SA[5].L1SCache,GPU[1].SA[5].L1SCache.Bottom,GPU[1].L1ToL2
GPU[1].SA[5].L1SCache,GPU[1].SA[5].L1SCache.Control,GPU[1].InternalConn
GPU[1].SA[5].L1STLB,GPU[1].SA[5].L1STLB.Top,GPU[1].SA[5].Conn[17]
GPU[1].SA[5].L1STLB,GPU[1].SA[5].L1STLB.Bottom,GPU[1].L1TLBToL2TLB
GPU[1].SA[5].L1STLB,GPU[1].SA[5].L1STLB.Control,GPU[1].InternalConn
GPU[1].SA[5].L1SAddrTrans,GPU[1].SA[5].L1SAddrTrans.Top,GPU[1].SA[5].Conn[16]
GPU[1].SA[5].L1SAddrTrans,GPU[1].SA[5].L1SAddrTrans.Bottom,GPU[1].SA[5].Conn[18]
GPU[1].SA[5].L1SAddrTrans,GPU[1].SA[5].L1SAddrTrans.Translation,GPU[1].SA[5].Conn[17]
GPU[1].SA[5].L1SAddrTrans,GPU[1].SA[5].L1SAddrTrans.Control,GPU[1].InternalConn
GPU[1].SA[5].L1SROB,GPU[1].SA[5].L1SROB.Top,GPU[1].SA[5].ScalarMemConn
GPU[1].SA[5].L1SROB,GPU[1].SA[5].L1SROB.Bottom,GPU[1].SA[5].Conn[16]
GPU[1].SA[5].L1SROB,GPU[1].SA[5].L1SROB.Control,GPU[1].InternalConn
GPU[1].SA[5].L1ITLB,GPU[1].SA[5].L1ITLB.Top,GPU[1].SA[5].Conn[21]
GPU[1].SA[5].L1ITLB,GPU[1].SA[5].L1ITLB.Bottom,GPU[1].L1TLBToL2TLB
GPU[1].SA[5].L1ITLB,GPU[1].SA[5].L1ITLB.Control,GPU[1].InternalConn
GPU[1].SA[5].L1IAddrTrans,GPU[1].SA[5].L1IAddrTrans.Top,GPU[1].SA[5].Conn[20]
GPU[1].SA[5].L1IAddrTrans,GPU[1].SA[5].L1IAddrTrans.Bottom,GPU[1].L1ToL2
GPU[1].SA[5].L1IAddrTrans,GPU[1].SA[5].L1IAddrTrans.Translation,GPU[1].SA[5].Conn[21]
GPU[1].SA[5].L1IAddrTrans,GPU[1].SA[5].L1IAddrTrans.Control,GPU[1].InternalConn
GPU[1].SA[5].L1ICache,GPU[1].SA[5].L1ICache.Top,GPU[1].SA[5].Conn[19]
GPU[1].SA[5].L1ICache,GPU[1].SA[5].L1ICache.Bottom,GPU[1].SA[5].Conn[20]
GPU[1].SA[5].L1ICache,GPU[1].SA[5].L1ICache.Control,GPU[1].InternalConn
GPU[1].SA[5].L1IROB,GPU[1].SA[5].L1IROB.Top,GPU[1].SA[5].InstMemConn
GPU[1].SA[5].L1IROB,GPU[1].SA[5].L1IROB.Bottom,GPU[1].SA[5].Conn[19]
GPU[1].SA[5].L1IROB,GPU[1].SA[5].L1IROB.Control,GPU[1].InternalConn
GPU[1].SA[5].CU[0],GPU[1].SA[5].CU[0].Top,GPU[1].InternalConn
GPU[1].SA[5].CU[0],GPU[1].SA[5].CU[0].Ctrl,GPU[1].InternalConn
GPU[1].SA[5].CU[0],GPU[1].SA[5].CU[0].InstMem,GPU[1].SA[5].InstMemConn
GPU[1].SA[5].CU[0],GPU[1].SA[5].CU[0].ScalarMem,GPU[1].SA[5].ScalarMemConn
GPU[1].SA[5].CU[0],GPU[1].SA[5].CU[0].VectorMem,GPU[1].SA[5].Conn[0]
GPU[1].SA[5].CU[1],GPU[1].SA[5].CU[1].Top,GPU[1].InternalConn
GPU[1].SA[5].CU[1],GPU[1].SA[5].CU[1].Ctrl,GPU[1].InternalConn
GPU[1].SA[5].CU[1],GPU[1].SA[5].CU[1].InstMem,GPU[1].SA[5].InstMemConn
GPU[1].SA[5].CU[1],GPU[1].SA[5].CU[1].ScalarMem,GPU[1].SA[5].ScalarMemConn
GPU[1].SA[5].CU[1],GPU[1].SA[5].CU[1].VectorMem,GPU[1].SA[5].Conn[4]
GPU[1].SA[5].CU[2],GPU[1].SA[5].CU[2].Top,GPU[1].InternalConn
GPU[1].SA[5].CU[2],GPU[1].SA[5].CU[2].Ctrl,GPU[1].InternalConn
GPU[1].SA[5].CU[2],GPU[1].SA[5].CU[2].InstMem,GPU[1].SA[5].InstMemConn
GPU[1].SA[5].CU[2],GPU[1].SA[5].CU[2].ScalarMem,GPU[1].SA[5].ScalarMemConn
GPU[1].SA[5].CU[2],GPU[1].SA[5].CU[2].VectorMem,GPU[1].SA[5].Conn[8]
GPU[1].SA[5].CU[3],GPU[1].SA[5].CU[3].Top,GPU[1].InternalConn
GPU[1].SA[5].CU[3],GPU[1].SA[5].CU[3].Ctrl,GPU[1].InternalConn
GPU[1].SA[5].CU[3],GPU[1].SA[5].CU[3].InstMem,GPU[1].SA[5].InstMemConn
GPU[1].SA[5].CU[3],GPU[1].SA[5].CU[3].ScalarMem,GPU[1].SA[5].ScalarMemConn
GPU[1].SA[5].CU[3],GPU[1].SA[5].CU[3].VectorMem,GPU[1].SA[5].Conn[12]
GPU[1].SA[6].L1VCache[0],GPU[1].SA[6].L1VCache[0].Top,GPU[1].SA[6].Conn[3]
GPU[1].SA[6].L1VCache[0],GPU[1].SA[6].L1VCache[0].Bottom,GPU[1].L1ToL2
GPU[1].SA[6].L1VCache[0],GPU[1].SA[6].L1VCache[0].Control,GPU[1].InternalConn
GPU[1].SA[6].L1VCache[1],GPU[1].SA[6].L1VCache[1].Top,GPU[1].SA[6].Conn[7]
GPU[1].SA[6].L1VCache[1],GPU[1].SA[6].L1VCache[1].Bottom,GPU[1].L1ToL2
GPU[1].SA[6].L1VCache[1],GPU[1].SA[6].L1VCache[1].Control,GPU[1].InternalConn
GPU[1].SA[6].L1VCache[2],GPU[1].SA[6].L1VCache[2].Top,GPU[1].SA[6].Conn[11]
GPU[1].SA[6].L1VCache[2],GPU[1].SA[6].L1VCache[2].Bottom,GPU[1].L1ToL2
GPU[1].SA[6].L1VCache[2],GPU[1].SA[6].L1VCache[2].Control,GPU[1].InternalConn
GPU[1].SA[6].L1VCache[3],GPU[1].SA[6].L1VCache[3].Top,GPU[1].SA[6].Conn[15]
GPU[1].SA[6].L1VCache[3],GPU[1].SA[6].L1VCache[3].Bottom,GPU[1].L1ToL2
GPU[1].SA[6].L1VCache[3],GPU[1].SA[6].L1VCache[3].Control,GPU[1].InternalConn
GPU[1].SA[6].L1VTLB[0],GPU[1].SA[6].L1VTLB[0].Top,GPU[1].SA[6].Conn[2]
GPU[1].SA[6].L1VTLB[0],GPU[1].SA[6].L1VTLB[0].Bottom,GPU[1].L1TLBToL2TLB
GPU[1].SA[6].L1VTLB[0],GPU[1].SA[6].L1VTLB[0].Control,GPU[1].InternalConn
GPU[1].SA[6].L1VTLB[1],GPU[1].SA[6].L1VTLB[1].Top,GPU[1].SA[6].Conn[6]
GPU[1].SA[6].L1VTLB[1],GPU[1].SA[6].L1VTLB[1].Bottom,GPU[1].L1TLBToL2TLB
GPU[1].SA[6].L1VTLB[1],GPU[1].SA[6].L1VTLB[1].Control,GPU[1].InternalConn
GPU[1].SA[6].L1VTLB[2],GPU[1].SA[6].L1VTLB[2].Top,GPU[1].SA[6].Conn[10]
GPU[1].SA[6].L1VTLB[2],GPU[1].SA[6].L1VTLB[2].Bottom,GPU[1].L1TLBToL2TLB
GPU[1].SA[6].L1VTLB[2],GPU[1].SA[6].L1VTLB[2].Control,GPU[1].InternalConn
GPU[1].SA[6].L1VTLB[3],GPU[1].SA[6].L1VTLB[3].Top,GPU[1].SA[6].Conn[14]
GPU[1].SA[6].L1VTLB[3],GPU[1].SA[6].L1VTLB[3].Bottom,GPU[1].L1TLBToL2TLB
GPU[1].SA[6].L1VTLB[3],GPU[1].SA[6].L1VTLB[3].Control,GPU[1].InternalConn
GPU[1].SA[6].L1VAddrTrans[0],GPU[1].SA[6].L1VAddrTrans[0].Top,GPU[1].SA[6].Conn[1]
GPU[1].SA[6].L1VAddrTrans[0],GPU[1].SA[6].L1VAddrTrans[0].Bottom,GPU[1].SA[6].Conn[3]
GPU[1].SA[6].L1VAddrTrans[0],GPU[1].SA[6].L1VAddrTrans[0].Translation,GPU[1].SA[6].Conn[2]
GPU[1].SA[6].L1VAddrTrans[0],GPU[1].SA[6].L1VAddrTrans[0].Control,GPU[1].InternalConn
GPU[1].SA[6].L1VAddrTrans[1],GPU[1].SA[6].L1VAddrTrans[1].Top,GPU[1].SA[6].Conn[5]
GPU[1].SA[6].L1VAddrTrans[1],GPU[1].SA[6].L1VAddrTrans[1].Bottom,GPU[1].SA[6].Conn[7]
GPU[1].SA[6].L1VAddrTrans[1],GPU[1].SA[6].L1VAddrTrans[1].Translation,GPU[1].SA[6].Conn[6]
GPU[1].SA[6].L1VAddrTrans[1],GPU[1].SA[6].L1VAddrTrans[1].Control,GPU[1].InternalConn
GPU[1].SA[6].L1VAddrTrans[2],GPU[1].SA[6].L1VAddrTrans[2].Top,GPU[1].SA[6].Conn[9]
GPU[1].SA[6].L1VAddrTrans[2],GPU[1].SA[6].L1VAddrTrans[2].Bottom,GPU[1].SA[6].Conn[11]
GPU[1].SA[6].L1VAddrTrans[2],GPU[1].SA[6].L1VAddrTrans[2].Translation,GPU[1].SA[6].Conn[10]
GPU[1].SA[6].L1VAddrTrans[2],GPU[1].SA[6].L1VAddrTrans[2].Control,GPU[1].InternalConn
GPU[1].SA[6].L1VAddrTrans[3],GPU[1].SA[6].L1VAddrTrans[3].Top,GPU[1].SA[6].Conn[13]
GPU[1].SA[6].L1VAddrTrans[3],GPU[1].SA[6].L1VAddrTrans[3].Bottom,GPU[1].SA[6].Conn[15]
GPU[1].SA[6].L1VAddrTrans[3],GPU[1].SA[6].L1VAddrTrans[3].Translation,GPU[1].SA[6].Conn[14]
GPU[1].SA[6].L1VAddrTrans[3],GPU[1].SA[6].L1VAddrTrans[3].Control,GPU[1].InternalConn
GPU[1].SA[6].L1VROB[0],GPU[1].SA[6].L1VROB[0].Top,GPU[1].SA[6].Conn[0]
GPU[1].SA[6].L1VROB[0],GPU[1].SA[6].L1VROB[0].Bottom,GPU[1].SA[6].Conn[1]
GPU[1].SA[6].L1VROB[0],GPU[1].SA[6].L1VROB[0].Control,GPU[1].InternalConn
GPU[1].SA[6].L1VROB[1],GPU[1].SA[6].L1VROB[1].Top,GPU[1].SA[6].Conn[4]
GPU[1].SA[6].L1VROB[1],GPU[1].SA[6].L1VROB[1].Bottom,GPU[1].SA[6].Conn[5]
GPU[1].SA[6].L1VROB[1],GPU[1].SA[6].L1VROB[1].Control,GPU[1].InternalConn
GPU[1].SA[6].L1VROB[2],GPU[1].SA[6].L1VROB[2].Top,GPU[1].SA[6].Conn[8]
GPU[1].SA[6].L1VROB[2],GPU[1].SA[6].L1VROB[2].Bottom,GPU[1].SA[6].Conn[9]
GPU[1].SA[6].L1VROB[2],GPU[1].SA[6].L1VROB[2].Control,GPU[1].InternalConn
GPU[1].SA[6].L1VROB[3],GPU[1].SA[6].L1VROB[3].Top,GPU[1].SA[6].Conn[12]
GPU[1].SA[6].L1VROB[3],GPU[1].SA[6].L1VROB[3].Bottom,GPU[1].SA[6].Conn[13]
GPU[1].SA[6].L1VROB[3],GPU[1].SA[6].L1VROB[3].Control,GPU[1].InternalConn
GPU[1].SA[6].L1SCache,GPU[1].SA[6].L1SCache.Top,GPU[1].SA[6].Conn[18]
GPU[1].SA[6].L1SCache,GPU[1].SA[6].L1SCache.Bottom,GPU[1].L1ToL2
GPU[1].SA[6].L1SCache,GPU[1].SA[6].L1SCache.Control,GPU[1].InternalConn
GPU[1].SA[6].L1STLB,GPU[1].SA[6].L1STLB.Top,GPU[1].SA[6].Conn[17]
GPU[1].SA[6].L1STLB,GPU[1].SA[6].L1STLB.Bottom,GPU[1].L1TLBToL2TLB
GPU[1].SA[6].L1STLB,GPU[1].SA[6].L1STLB.Control,GPU[1].InternalConn
GPU[1].SA[6].L1SAddrTrans,GPU[1].SA[6].L1SAddrTrans.Top,GPU[1].SA[6].Conn[16]
GPU[1].SA[6].L1SAddrTrans,GPU[1].SA[6].L1SAddrTrans.Bottom,GPU[1].SA[6].Conn[18]
GPU[1].SA[6].L1SAddrTrans,GPU[1].SA[6].L1SAddrTrans.Translation,GPU[1].SA[6].Conn[17]
GPU[1].SA[6].L1SAddrTrans,GPU[1].SA[6].L1SAddrTrans.Control,GPU[1].InternalConn
GPU[1].SA[6].L1SROB,GPU[1].SA[6].L1SROB.Top,GPU[1].SA[6].ScalarMemConn
GPU[1].SA[6].L1SROB,GPU[1].SA[6].L1SROB.Bottom,GPU[1].SA[6].Conn[16]
GPU[1].SA[6].L1SROB,GPU[1].SA[6].L1SROB.Control,GPU[1].InternalConn
GPU[1].SA[6].L1ITLB,GPU[1].SA[6].L1ITLB.Top,GPU[1].SA[6].Conn[21]
GPU[1].SA[6].L1ITLB,GPU[1].SA[6].L1ITLB.Bottom,GPU[1].L1TLBToL2TLB
GPU[1].SA[6].L1ITLB,GPU[1].SA[6].L1ITLB.Control,GPU[1].InternalConn
GPU[1].SA[6].L1IAddrTrans,GPU[1].SA[6].L1IAddrTrans.Top,GPU[1].SA[6].Conn[20]
GPU[1].SA[6].L1IAddrTrans,GPU[1].SA[6].L1IAddrTrans.Bottom,GPU[1].L1ToL2
GPU[1].SA[6].L1IAddrTrans,GPU[1].SA[6].L1IAddrTrans.Translation,GPU[1].SA[6].Conn[21]
GPU[1].SA[6].L1IAddrTrans,GPU[1].SA[6].L1IAddrTrans.Control,GPU[1].InternalConn
GPU[1].SA[6].L1ICache,GPU[1].SA[6].L1ICache.Top,GPU[1].SA[6].Conn[19]
GPU[1].SA[6].L1ICache,GPU[1].SA[6].L1ICache.Bottom,GPU[1].SA[6].Conn[20]
GPU[1].SA[6].L1ICache,GPU[1].SA[6].L1ICache.Control,GPU[1].InternalConn
GPU[1].SA[6].L1IROB,GPU[1].SA[6].L1IROB.Top,GPU[1].SA[6].InstMemConn
GPU[1].SA[6].L1IROB,GPU[1].SA[6].L1IROB.Bottom,GPU[1].SA[6].Conn[19]
GPU[1].SA[6].L1IROB,GPU[1].SA[6].L1IROB.Control,GPU[1].InternalConn
GPU[1].SA[6].CU[0],GPU[1].SA[6].CU[0].Top,GPU[1].InternalConn
GPU[1].SA[6].CU[0],GPU[1].SA[6].CU[0].Ctrl,GPU[1].InternalConn
GPU[1].SA[6].CU[0],GPU[1].SA[6].CU[0].InstMem,GPU[1].SA[6].InstMemConn
GPU[1].SA[6].CU[0],GPU[1].SA[6].CU[0].ScalarMem,GPU[1].SA[6].ScalarMemConn
GPU[1].SA[6].CU[0],GPU[1].SA[6].CU[0].VectorMem,GPU[1].SA[6].Conn[0]
GPU[1].SA[6].CU[1],GPU[1].SA[6].CU[1].Top,GPU[1].InternalConn
GPU[1].SA[6].CU[1],GPU[1].SA[6].CU[1].Ctrl,GPU[1].InternalConn
GPU[1].SA[6].CU[1],GPU[1].SA[6].CU[1].InstMem,GPU[1].SA[6].InstMemConn
GPU[1].SA[6].CU[1],GPU[1].SA[6].CU[1].ScalarMem,GPU[1].SA[6].ScalarMemConn
GPU[1].SA[6].CU[1],GPU[1].SA[6].CU[1].VectorMem,GPU[1].SA[6].Conn[4]
GPU[1].SA[6].CU[2],GPU[1].SA[6].CU[2].Top,GPU[1].InternalConn
GPU[1].SA[6].CU[2],GPU[1].SA[6].CU[2].Ctrl,GPU[1].InternalConn
GPU[1].SA[6].CU[2],GPU[1].SA[6].CU[2].InstMem,GPU[1].SA[6].InstMemConn
GPU[1].SA[6].CU[2],GPU[1].SA[6].CU[2].ScalarMem,GPU[1].SA[6].ScalarMemConn
GPU[1].SA[6].CU[2],GPU[1].SA[6].CU[2].VectorMem,GPU[1].SA[6].Conn[8]
GPU[1].SA[6].CU[3],GPU[1].SA[6].CU[3].Top,GPU[1].InternalConn
GPU[1].SA[6].CU[3],GPU[1].SA[6].CU[3].Ctrl,GPU[1].InternalConn
GPU[1].SA[6].CU[3],GPU[1].SA[6].CU[3].InstMem,GPU[1].SA[6].InstMemConn
GPU[1].SA[6].CU[3],GPU[1].SA[6].CU[3].ScalarMem,GPU[1].SA[6].ScalarMemConn
GPU[1].SA[6].CU[3],GPU[1].SA[6].CU[3].VectorMem,GPU[1].SA[6].Conn[12]
GPU[1].SA[7].L1VCache[0],GPU[1].SA[7].L1VCache[0].Top,GPU[1].SA[7].Conn[3]
GPU[1].SA[7].L1VCache[0],GPU[1].SA[7].L1VCache[0].Bottom,GPU[1].L1ToL2
GPU[1].SA[7].L1VCache[0],GPU[1].SA[7].L1VCache[0].Control,GPU[1].InternalConn
GPU[1].SA[7].L1VCache[1],GPU[1].SA[7].L1VCache[1].Top,GPU[1].SA[7].Conn[7]
GPU[1].SA[7].L1VCache[1],GPU[1].SA[7].L1VCache[1].Bottom,GPU[1].L1ToL2
GPU[1].SA[7].L1VCache[1],GPU[1].SA[7].L1VCache[1].Control,GPU[1].InternalConn
GPU[1].SA[7].L1VCache[2],GPU[1].SA[7].L1VCache[2].Top,GPU[1].SA[7].Conn[11]
GPU[1].SA[7].L1VCache[2],GPU[1].SA[7].L1VCache[2].Bottom,GPU[1].L1ToL2
GPU[1].SA[7].L1VCache[2],GPU[1].SA[7].L1VCache[2].Control,GPU[1].InternalConn
GPU[1].SA[7].L1VCache[3],GPU[1].SA[7].L1VCache[3].Top,GPU[1].SA[7].Conn[15]
GPU[1].SA[7].L1VCache[3],GPU[1].SA[7].L1VCache[3].Bottom,GPU[1].L1ToL2
GPU[1].SA[7].L1VCache[3],GPU[1].SA[7].L1VCache[3].Control,GPU[1].InternalConn
GPU[1].SA[7].L1VTLB[0],GPU[1].SA[7].L1VTLB[0].Top,GPU[1].SA[7].Conn[2]
GPU[1].SA[7].L1VTLB[0],GPU[1].SA[7].L1VTLB[0].Bottom,GPU[1].L1TLBToL2TLB
GPU[1].SA[7].L1VTLB[0],GPU[1].SA[7].L1VTLB[0].Control,GPU[1].InternalConn
GPU[1].SA[7].L1VTLB[1],GPU[1].SA[7].L1VTLB[1].Top,GPU[1].SA[7].Conn[6]
GPU[1].SA[7].L1VTLB[1],GPU[1].SA[7].L1VTLB[1].Bottom,GPU[1].L1TLBToL2TLB
GPU[1].SA[7].L1VTLB[1],GPU[1].SA[7].L1VTLB[1].Control,GPU[1].InternalConn
GPU[1].SA[7].L1VTLB[2],GPU[1].SA[7].L1VTLB[2].Top,GPU[1].SA[7].Conn[10]
GPU[1].SA[7].L1VTLB[2],GPU[1].SA[7].L1VTLB[2].Bottom,GPU[1].L1TLBToL2TLB
GPU[1].SA[7].L1VTLB[2],GPU[1].SA[7].L1VTLB[2].Control,GPU[1].InternalConn
GPU[1].SA[7].L1VTLB[3],GPU[1].SA[7].L1VTLB[3].Top,GPU[1].SA[7].Conn[14]
GPU[1].SA[7].L1VTLB[3],GPU[1].SA[7].L1VTLB[3].Bottom,GPU[1].L1TLBToL2TLB
GPU[1].SA[7].L1VTLB[3],GPU[1].SA[7].L1VTLB[3].Control,GPU[1].InternalConn
GPU[1].SA[7].L1VAddrTrans[0],GPU[1].SA[7].L1VAddrTrans[0].Top,GPU[1].SA[7].Conn[1]
GPU[1].SA[7].L1VAddrTrans[0],GPU[1].SA[7].L1VAddrTrans[0].Bottom,GPU[1].SA[7].Conn[3]
GPU[1].SA[7].L1VAddrTrans[0],GPU[1].SA[7].L1VAddrTrans[0].Translation,GPU[1].SA[7].Conn[2]
GPU[1].SA[7].L1VAddrTrans[0],GPU[1].SA[7].L1VAddrTrans[0].Control,GPU[1].InternalConn
GPU[1].SA[7].L1VAddrTrans[1],GPU[1].SA[7].L1VAddrTrans[1].Top,GPU[1].SA[7].Conn[5]
GPU[1].SA[7].L1VAddrTrans[1],GPU[1].SA[7].L1VAddrTrans[1].Bottom,GPU[1].SA[7].Conn[7]
GPU[1].SA[7].L1VAddrTrans[1],GPU[1].SA[7].L1VAddrTrans[1].Translation,GPU[1].SA[7].Conn[6]
GPU[1].SA[7].L1VAddrTrans[1],GPU[1].SA[7].L1VAddrTrans[1].Control,GPU[1].InternalConn
GPU[1].SA[7].L1VAddrTrans[2],GPU[1].SA[7].L1VAddrTrans[2].Top,GPU[1].SA[7].Conn[9]
GPU[1].SA[7].L1VAddrTrans[2],GPU[1].SA[7].L1VAddrTrans[2].Bottom,GPU[1].SA[7].Conn[11]
GPU[1].SA[7].L1VAddrTrans[2],GPU[1].SA[7].L1VAddrTrans[2].Translation,GPU[1].SA[7].Conn[10]
GPU[1].SA[7].L1VAddrTrans[2],GPU[1].SA[7].L1VAddrTrans[2].Control,GPU[1].InternalConn
GPU[1].SA[7].L1VAddrTrans[3],GPU[1].SA[7].L1VAddrTrans[3].Top,GPU[1].SA[7].Conn[13]
GPU[1].SA[7].L1VAddrTrans[3],GPU[1].SA[7].L1VAddrTrans[3].Bottom,GPU[1].SA[7].Conn[15]
GPU[1].SA[7].L1VAddrTrans[3],GPU[1].SA[7].L1VAddrTrans[3].Translation,GPU[1].SA[7].Conn[14]
GPU[1].SA[7].L1VAddrTrans[3],GPU[1].SA[7].L1VAddrTrans[3].Control,GPU[1].InternalConn
GPU[1].SA[7].L1VROB[0],GPU[1].SA[7].L1VROB[0].Top,GPU[1].SA[7].Conn[0]
GPU[1].SA[7].L1VROB[0],GPU[1].SA[7].L1VROB[0].Bottom,GPU[1].SA[7].Conn[1]
GPU[1].SA[7].L1VROB[0],GPU[1].SA[7].L1VROB[0].Control,GPU[1].InternalConn
GPU[1].SA[7].L1VROB[1],GPU[1].SA[7].L1VROB[1].Top,GPU[1].SA[7].Conn[4]
GPU[1].SA[7].L1VROB[1],GPU[1].SA[7].L1VROB[1].Bottom,GPU[1].SA[7].Conn[5]
GPU[1].SA[7].L1VROB[1],GPU[1].SA[7].L1VROB[1].Control,GPU[1].InternalConn
GPU[1].SA[7].L1VROB[2],GPU[1].SA[7].L1VROB[2].Top,GPU[1].SA[7].Conn[8]
GPU[1].SA[7].L1VROB[2],GPU[1].SA[7].L1VROB[2].Bottom,GPU[1].SA[7].Conn[9]
GPU[1].SA[7].L1VROB[2],GPU[1].SA[7].L1VROB[2].Control,GPU[1].InternalConn
GPU[1].SA[7].L1VROB[3],GPU[1].SA[7].L1VROB[3].Top,GPU[1].SA[7].Conn[12]
GPU[1].SA[7].L1VROB[3],GPU[1].SA[7].L1VROB[3].Bottom,GPU[1].SA[7].Conn[13]
GPU[1].SA[7].L1VROB[3],GPU[1].SA[7].L1VROB[3].Control,GPU[1].InternalConn
GPU[1].SA[7].L1SCache,GPU[1].SA[7].L1SCache.Top,GPU[1].SA[7].Conn[18]
GPU[1].SA[7].L1SCache,GPU[1].SA[7].L1SCache.Bottom,GPU[1].L1ToL2
GPU[1].SA[7].L1SCache,GPU[1].SA[7].L1SCache.Control,GPU[1].InternalConn
GPU[1].SA[7].L1STLB,GPU[1].SA[7].L1STLB.Top,GPU[1].SA[7].Conn[17]
GPU[1].SA[7].L1STLB,GPU[1].SA[7].L1STLB.Bottom,GPU[1].L1TLBToL2TLB
GPU[1].SA[7].L1STLB,GPU[1].SA[7].L1STLB.Control,GPU[1].InternalConn
GPU[1].SA[7].L1SAddrTrans,GPU[1].SA[7].L1SAddrTrans.Top,GPU[1].SA[7].Conn[16]
GPU[1].SA[7].L1SAddrTrans,GPU[1].SA[7].L1SAddrTrans.Bottom,GPU[1].SA[7].Conn[18]
GPU[1].SA[7].L1SAddrTrans,GPU[1].SA[7].L1SAddrTrans.Translation,GPU[1].SA[7].Conn[17]
GPU[1].SA[7].L1SAddrTrans,GPU[1].SA[7].L1SAddrTrans.Control,GPU[1].InternalConn
GPU[1].SA[7].L1SROB,GPU[1].SA[7].L1SROB.Top,GPU[1].SA[7].ScalarMemConn
GPU[1].SA[7].L1SROB,GPU[1].SA[7].L1SROB.Bottom,GPU[1].SA[7].Conn[16]
GPU[1].SA[7].L1SROB,GPU[1].SA[7].L1SROB.Control,GPU[1].InternalConn
GPU[1].SA[7].L1ITLB,GPU[1].SA[7].L1ITLB.Top,GPU[1].SA[7].Conn[21]
GPU[1].SA[7].L1ITLB,GPU[1].SA[7].L1ITLB.Bottom,GPU[1].L1TLBToL2TLB
GPU[1].SA[7].L1ITLB,GPU[1].SA[7].L1ITLB.Control,GPU[1].InternalConn
GPU[1].SA[7].L1IAddrTrans,GPU[1].SA[7].L1IAddrTrans.Top,GPU[1].SA[7].Conn[20]
GPU[1].SA[7].L1IAddrTrans,GPU[1].SA[7].L1IAddrTrans.Bottom,GPU[1].L1ToL2
GPU[1].SA[7].L1IAddrTrans,GPU[1].SA[7].L1IAddrTrans.Translation,GPU[1].SA[7].Conn[21]
GPU[1].SA[7].L1IAddrTrans,GPU[1].SA[7].L1IAddrTrans.Control,GPU[1].InternalConn
GPU[1].SA[7].L1ICache,GPU[1].SA[7].L1ICache.Top,GPU[1].SA[7].Conn[19]
GPU[1].SA[7].L1ICache,GPU[1].SA[7].L1ICache.Bottom,GPU[1].SA[7].Conn[20]
GPU[1].SA[7].L1ICache,GPU[1].SA[7].L1ICache.Control,GPU[1].InternalConn
GPU[1].SA[7].L1IROB,GPU[1].SA[7].L1IROB.Top,GPU[1].SA[7].InstMemConn
GPU[1].SA[7].L1IROB,GPU[1].SA[7].L1IROB.Bottom,GPU[1].SA[7].Conn[19]
GPU[1].SA[7].L1IROB,GPU[1].SA[7].L1IROB.Control,GPU[1].InternalConn
GPU[1].SA[7].CU[0],GPU[1].SA[7].CU[0].Top,GPU[1].InternalConn
GPU[1].SA[7].CU[0],GPU[1].SA[7].CU[0].Ctrl,GPU[1].InternalConn
GPU[1].SA[7].CU[0],GPU[1].SA[7].CU[0].InstMem,GPU[1].SA[7].InstMemConn
GPU[1].SA[7].CU[0],GPU[1].SA[7].CU[0].ScalarMem,GPU[1].SA[7].ScalarMemConn
GPU[1].SA[7].CU[0],GPU[1].SA[7].CU[0].VectorMem,GPU[1].SA[7].Conn[0]
GPU[1].SA[7].CU[1],GPU[1].SA[7].CU[1].Top,GPU[1].InternalConn
GPU[1].SA[7].CU[1],GPU[1].SA[7].CU[1].Ctrl,GPU[1].InternalConn
GPU[1].SA[7].CU[1],GPU[1].SA[7].CU[1].InstMem,GPU[1].SA[7].InstMemConn
GPU[1].SA[7].CU[1],GPU[1].SA[7].CU[1].ScalarMem,GPU[1].SA[7].ScalarMemConn
GPU[1].SA[7].CU[1],GPU[1].SA[7].CU[1].VectorMem,GPU[1].SA[7].Conn[4]
GPU[1].SA[7].CU[2],GPU[1].SA[7].CU[2].Top,GPU[1].InternalConn
GPU[1].SA[7].CU[2],GPU[1].SA[7].CU[2].Ctrl,GPU[1].InternalConn
GPU[1].SA[7].CU[2],GPU[1].SA[7].CU[2].InstMem,GPU[1].SA[7].InstMemConn
GPU[1].SA[7].CU[2],GPU[1].SA[7].CU[2].ScalarMem,GPU[1].SA[7].ScalarMemConn
GPU[1].SA[7].CU[2],GPU[1].SA[7].CU[2].VectorMem,GPU[1].SA[7].Conn[8]
GPU[1].SA[7].CU[3],GPU[1].SA[7].CU[3].Top,GPU[1].InternalConn
GPU[1].SA[7].CU[3],GPU[1].SA[7].CU[3].Ctrl,GPU[1].InternalConn
GPU[1].SA[7].CU[3],GPU[1].SA[7].CU[3].InstMem,GPU[1].SA[7].InstMemConn
GPU[1].SA[7].CU[3],GPU[1].SA[7].CU[3].ScalarMem,GPU[1].SA[7].ScalarMemConn
GPU[1].SA[7].CU[3],GPU[1].SA[7].CU[3].VectorMem,GPU[1].SA[7].Conn[12]
GPU[1].SA[8].L1VCache[0],GPU[1].SA[8].L1VCache[0].Top,GPU[1].SA[8].Conn[3]
GPU[1].SA[8].L1VCache[0],GPU[1].SA[8].L1VCache[0].Bottom,GPU[1].L1ToL2
GPU[1].SA[8].L1VCache[0],GPU[1].SA[8].L1VCache[0].Control,GPU[1].InternalConn
GPU[1].SA[8].L1VCache[1],GPU[1].SA[8].L1VCache[1].Top,GPU[1].SA[8].Conn[7]
GPU[1].SA[8].L1VCache[1],GPU[1].SA[8].L1VCache[1].Bottom,GPU[1].L1ToL2
GPU[1].SA[8].L1VCache[1],GPU[1].SA[8].L1VCache[1].Control,GPU[1].InternalConn
GPU[1].SA[8].L1VCache[2],GPU[1].SA[8].L1VCache[2].Top,GPU[1].SA[8].Conn[11]
GPU[1].SA[8].L1VCache[2],GPU[1].SA[8].L1VCache[2].Bottom,GPU[1].L1ToL2
GPU[1].SA[8].L1VCache[2],GPU[1].SA[8].L1VCache[2].Control,GPU[1].InternalConn
GPU[1].SA[8].L1VCache[3],GPU[1].SA[8].L1VCache[3].Top,GPU[1].SA[8].Conn[15]
GPU[1].SA[8].L1VCache[3],GPU[1].SA[8].L1VCache[3].Bottom,GPU[1].L1ToL2
GPU[1].SA[8].L1VCache[3],GPU[1].SA[8].L1VCache[3].Control,GPU[1].InternalConn
GPU[1].SA[8].L1VTLB[0],GPU[1].SA[8].L1VTLB[0].Top,GPU[1].SA[8].Conn[2]
GPU[1].SA[8].L1VTLB[0],GPU[1].SA[8].L1VTLB[0].Bottom,GPU[1].L1TLBToL2TLB
GPU[1].SA[8].L1VTLB[0],GPU[1].SA[8].L1VTLB[0].Control,GPU[1].InternalConn
GPU[1].SA[8].L1VTLB[1],GPU[1].SA[8].L1VTLB[1].Top,GPU[1].SA[8].Conn[6]
GPU[1].SA[8].L1VTLB[1],GPU[1].SA[8].L1VTLB[1].Bottom,GPU[1].L1TLBToL2TLB
GPU[1].SA[8].L1VTLB[1],GPU[1].SA[8].L1VTLB[1].Control,GPU[1].InternalConn
GPU[1].SA[8].L1VTLB[2],GPU[1].SA[8].L1VTLB[2].Top,GPU[1].SA[8].Conn[10]
GPU[1].SA[8].L1VTLB[2],GPU[1].SA[8].L1VTLB[2].Bottom,GPU[1].L1TLBToL2TLB
GPU[1].SA[8].L1VTLB[2],GPU[1].SA[8].L1VTLB[2].Control,GPU[1].InternalConn
GPU[1].SA[8].L1VTLB[3],GPU[1].SA[8].L1VTLB[3].Top,GPU[1].SA[8].Conn[14]
GPU[1].SA[8].L1VTLB[3],GPU[1].SA[8].L1VTLB[3].Bottom,GPU[1].L1TLBToL2TLB
GPU[1].SA[8].L1VTLB[3],GPU[1].SA[8].L1VTLB[3].Control,GPU[1].InternalConn
GPU[1].SA[8].L1VAddrTrans[0],GPU[1].SA[8].L1VAddrTrans[0].Top,GPU[1].SA[8].Conn[1]
GPU[1].SA[8].L1VAddrTrans[0],GPU[1].SA[8].L1VAddrTrans[0].Bottom,GPU[1].SA[8].Conn[3]
GPU[1].SA[8].L1VAddrTrans[0],GPU[1].SA[8].L1VAddrTrans[0].Translation,GPU[1].SA[8].Conn[2]
GPU[1].SA[8].L1VAddrTrans[0],GPU[1].SA[8].L1VAddrTrans[0].Control,GPU[1].InternalConn
GPU[1].SA[8].L1VAddrTrans[1],GPU[1].SA[8].L1VAddrTrans[1].Top,GPU[1].SA[8].Conn[5]
GPU[1].SA[8].L1VAddrTrans[1],GPU[1].SA[8].L1VAddrTrans[1].Bottom,GPU[1].SA[8].Conn[7]
GPU[1].SA[8].L1VAddrTrans[1],GPU[1].SA[8].L1VAddrTrans[1].Translation,GPU[1].SA[8].Conn[6]
GPU[1].SA[8].L1VAddrTrans[1],GPU[1].SA[8].L1VAddrTrans[1].Control,GPU[1].InternalConn
GPU[1].SA[8].L1VAddrTrans[2],GPU[1].SA[8].L1VAddrTrans[2].Top,GPU[1].SA[8].Conn[9]
GPU[1].SA[8].L1VAddrTrans[2],GPU[1].SA[8].L1VAddrTrans[2].Bottom,GPU[1].SA[8].Conn[11]
GPU[1].SA[8].L1VAddrTrans[2],GPU[1].SA[8].L1VAddrTrans[2].Translation,GPU[1].SA[8].Conn[10]
GPU[1].SA[8].L1VAddrTrans[2],GPU[1].SA[8].L1VAddrTrans[2].Control,GPU[1].InternalConn
GPU[1].SA[8].L1VAddrTrans[3],GPU[1].SA[8].L1VAddrTrans[3].Top,GPU[1].SA[8].Conn[13]
GPU[1].SA[8].L1VAddrTrans[3],GPU[1].SA[8].L1VAddrTrans[3].Bottom,GPU[1].SA[8].Conn[15]
GPU[1].SA[8].L1VAddrTrans[3],GPU[1].SA[8].L1VAddrTrans[3].Translation,GPU[1].SA[8].Conn[14]
GPU[1].SA[8].L1VAddrTrans[3],GPU[1].SA[8].L1VAddrTrans[3].Control,GPU[1].InternalConn
GPU[1].SA[8].L1VROB[0],GPU[1].SA[8].L1VROB[0].Top,GPU[1].SA[8].Conn[0]
GPU[1].SA[8].L1VROB[0],GPU[1].SA[8].L1VROB[0].Bottom,GPU[1].SA[8].Conn[1]
GPU[1].SA[8].L1VROB[0],GPU[1].SA[8].L1VROB[0].Control,GPU[1].InternalConn
GPU[1].SA[8].L1VROB[1],GPU[1].SA[8].L1VROB[1].Top,GPU[1].SA[8].Conn[4]
GPU[1].SA[8].L1VROB[1],GPU[1].SA[8].L1VROB[1].Bottom,GPU[1].SA[8].Conn[5]
GPU[1].SA[8].L1VROB[1],GPU[1].SA[8].L1VROB[1].Control,GPU[1].InternalConn
GPU[1].SA[8].L1VROB[2],GPU[1].SA[8].L1VROB[2].Top,GPU[1].SA[8].Conn[8]
GPU[1].SA[8].L1VROB[2],GPU[1].SA[8].L1VROB[2].Bottom,GPU[1].SA[8].Conn[9]
GPU[1].SA[8].L1VROB[2],GPU[1].SA[8].L1VROB[2].Control,GPU[1].InternalConn
GPU[1].SA[8].L1VROB[3],GPU[1].SA[8].L1VROB[3].Top,GPU[1].SA[8].Conn[12]
GPU[1].SA[8].L1VROB[3],GPU[1].SA[8].L1VROB[3].Bottom,GPU[1].SA[8].Conn[13]
GPU[1].SA[8].L1VROB[3],GPU[1].SA[8].L1VROB[3].Control,GPU[1].InternalConn
GPU[1].SA[8].L1SCache,GPU[1].SA[8].L1SCache.Top,GPU[1].SA[8].Conn[18]
GPU[1].SA[8].L1SCache,GPU[1].SA[8].L1SCache.Bottom,GPU[1].L1ToL2
GPU[1].SA[8].L1SCache,GPU[1].SA[8].L1SCache.Control,GPU[1].InternalConn
GPU[1].SA[8].L1STLB,GPU[1].SA[8].L1STLB.Top,GPU[1].SA[8].Conn[17]
GPU[1].SA[8].L1STLB,GPU[1].SA[8].L1STLB.Bottom,GPU[1].L1TLBToL2TLB
GPU[1].SA[8].L1STLB,GPU[1].SA[8].L1STLB.Control,GPU[1].InternalConn
GPU[1].SA[8].L1SAddrTrans,GPU[1].SA[8].L1SAddrTrans.Top,GPU[1].SA[8].Conn[16]
GPU[1].SA[8].L1SAddrTrans,GPU[1].SA[8].L1SAddrTrans.Bottom,GPU[1].SA[8].Conn[18]
GPU[1].SA[8].L1SAddrTrans,GPU[1].SA[8].L1SAddrTrans.Translation,GPU[1].SA[8].Conn[17]
GPU[1].SA[8].L1SAddrTrans,GPU[1].SA[8].L1SAddrTrans.Control,GPU[1].InternalConn
GPU[1].SA[8].L1SROB,GPU[1].SA[8].L1SROB.Top,GPU[1].SA[8].ScalarMemConn
GPU[1].SA[8].L1SROB,GPU[1].SA[8].L1SROB.Bottom,GPU[1].SA[8].Conn[16]
GPU[1].SA[8].L1SROB,GPU[1].SA[8].L1SROB.Control,GPU[1].InternalConn
GPU[1].SA[8].L1ITLB,GPU[1].SA[8].L1ITLB.Top,GPU[1].SA[8].Conn[21]
GPU[1].SA[8].L1ITLB,GPU[1].SA[8].L1ITLB.Bottom,GPU[1].L1TLBToL2TLB
GPU[1].SA[8].L1ITLB,GPU[1].SA[8].L1ITLB.Control,GPU[1].InternalConn
GPU[1].SA[8].L1IAddrTrans,GPU[1].SA[8].L1IAddrTrans.Top,GPU[1].SA[8].Conn[20]
GPU[1].SA[8].L1IAddrTrans,GPU[1].SA[8].L1IAddrTrans.Bottom,GPU[1].L1ToL2
GPU[1].SA[8].L1IAddrTrans,GPU[1].SA[8].L1IAddrTrans.Translation,GPU[1].SA[8].Conn[21]
GPU[1].SA[8].L1IAddrTrans,GPU[1].SA[8].L1IAddrTrans.Control,GPU[1].InternalConn
GPU[1].SA[8].L1ICache,GPU[1].SA[8].L1ICache.Top,GPU[1].SA[8].Conn[19]
GPU[1].SA[8].L1ICache,GPU[1].SA[8].L1ICache.Bottom,GPU[1].SA[8].Conn[20]
GPU[1].SA[8].L1ICache,GPU[1].SA[8].L1ICache.Control,GPU[1].InternalConn
GPU[1].SA[8].L1IROB,GPU[1].SA[8].L1IROB.Top,GPU[1].SA[8].InstMemConn
GPU[1].SA[8].L1IROB,GPU[1].SA[8].L1IROB.Bottom,GPU[1].SA[8].Conn[19]
GPU[1].SA[8].L1IROB,GPU[1].SA[8].L1IROB.Control,GPU[1].InternalConn
GPU[1].SA[8].CU[0],GPU[1].SA[8].CU[0].Top,GPU[1].InternalConn
GPU[1].SA[8].CU[0],GPU[1].SA[8].CU[0].Ctrl,GPU[1].InternalConn
GPU[1].SA[8].CU[0],GPU[1].SA[8].CU[0].InstMem,GPU[1].SA[8].InstMemConn
GPU[1].SA[8].CU[0],GPU[1].SA[8].CU[0].ScalarMem,GPU[1].SA[8].ScalarMemConn
GPU[1].SA[8].CU[0],GPU[1].SA[8].CU[0].VectorMem,GPU[1].SA[8].Conn[0]
GPU[1].SA[8].CU[1],GPU[1].SA[8].CU[1].Top,GPU[1].InternalConn
GPU[1].SA[8].CU[1],GPU[1].SA[8].CU[1].Ctrl,GPU[1].InternalConn
GPU[1].SA[8].CU[1],GPU[1].SA[8].CU[1].InstMem,GPU[1].SA[8].InstMemConn
GPU[1].SA[8].CU[1],GPU[1].SA[8].CU[1].ScalarMem,GPU[1].SA[8].ScalarMemConn
GPU[1].SA[8].CU[1],GPU[1].SA[8].CU[1].VectorMem,GPU[1].SA[8].Conn[4]
GPU[1].SA[8].CU[2],GPU[1].SA[8].CU[2].Top,GPU[1].InternalConn
GPU[1].SA[8].CU[2],GPU[1].SA[8].CU[2].Ctrl,GPU[1].InternalConn
GPU[1].SA[8].CU[2],GPU[1].SA[8].CU[2].InstMem,GPU[1].SA[8].InstMemConn
GPU[1].SA[8].CU[2],GPU[1].SA[8].CU[2].ScalarMem,GPU[1].SA[8].ScalarMemConn
GPU[1].SA[8].CU[2],GPU[1].SA[8].CU[2].VectorMem,GPU[1].SA[8].Conn[8]
GPU[1].SA[8].CU[3],GPU[1].SA[8].CU[3].Top,GPU[1].InternalConn
GPU[1].SA[8].CU[3],GPU[1].SA[8].CU[3].Ctrl,GPU[1].InternalConn
GPU[1].SA[8].CU[3],GPU[1].SA[8].CU[3].InstMem,GPU[1].SA[8].InstMemConn
GPU[1].SA[8].CU[3],GPU[1].SA[8].CU[3].ScalarMem,GPU[1].SA[8].ScalarMemConn
GPU[1].SA[8].CU[3],GPU[1].SA[8].CU[3].VectorMem,GPU[1].SA[8].Conn[12]
GPU[1].SA[9].L1VCache[0],GPU[1].SA[9].L1VCache[0].Top,GPU[1].SA[9].Conn[3]
GPU[1].SA[9].L1VCache[0],GPU[1].SA[9].L1VCache[0].Bottom,GPU[1].L1ToL2
GPU[1].SA[9].L1VCache[0],GPU[1].SA[9].L1VCache[0].Control,GPU[1].InternalConn
GPU[1].SA[9].L1VCache[1],GPU[1].SA[9].L1VCache[1].Top,GPU[1].SA[9].Conn[7]
GPU[1].SA[9].L1VCache[1],GPU[1].SA[9].L1VCache[1].Bottom,GPU[1].L1ToL2
GPU[1].SA[9].L1VCache[1],GPU[1].SA[9].L1VCache[1].Control,GPU[1].InternalConn
GPU[1].SA[9].L1VCache[2],GPU[1].SA[9].L1VCache[2].Top,GPU[1].SA[9].Conn[11]
GPU[1].SA[9].L1VCache[2],GPU[1].SA[9].L1VCache[2].Bottom,GPU[1].L1ToL2
GPU[1].SA[9].L1VCache[2],GPU[1].SA[9].L1VCache[2].Control,GPU[1].InternalConn
GPU[1].SA[9].L1VCache[3],GPU[1].SA[9].L1VCache[3].Top,GPU[1].SA[9].Conn[15]
GPU[1].SA[9].L1VCache[3],GPU[1].SA[9].L1VCache[3].Bottom,GPU[1].L1ToL2
GPU[1].SA[9].L1VCache[3],GPU[1].SA[9].L1VCache[3].Control,GPU[1].InternalConn
GPU[1].SA[9].L1VTLB[0],GPU[1].SA[9].L1VTLB[0].Top,GPU[1].SA[9].Conn[2]
GPU[1].SA[9].L1VTLB[0],GPU[1].SA[9].L1VTLB[0].Bottom,GPU[1].L1TLBToL2TLB
GPU[1].SA[9].L1VTLB[0],GPU[1].SA[9].L1VTLB[0].Control,GPU[1].InternalConn
GPU[1].SA[9].L1VTLB[1],GPU[1].SA[9].L1VTLB[1].Top,GPU[1].SA[9].Conn[6]
GPU[1].SA[9].L1VTLB[1],GPU[1].SA[9].L1VTLB[1].Bottom,GPU[1].L1TLBToL2TLB
GPU[1].SA[9].L1VTLB[1],GPU[1].SA[9].L1VTLB[1].Control,GPU[1].InternalConn
GPU[1].SA[9].L1VTLB[2],GPU[1].SA[9].L1VTLB[2].Top,GPU[1].SA[9].Conn[10]
GPU[1].SA[9].L1VTLB[2],GPU[1].SA[9].L1VTLB[2].Bottom,GPU[1].L1TLBToL2TLB
GPU[1].SA[9].L1VTLB[2],GPU[1].SA[9].L1VTLB[2].Control,GPU[1].InternalConn
GPU[1].SA[9].L1VTLB[3],GPU[1].SA[9].L1VTLB[3].Top,GPU[1].SA[9].Conn[14]
GPU[1].SA[9].L1VTLB[3],GPU[1].SA[9].L1VTLB[3].Bottom,GPU[1].L1TLBToL2TLB
GPU[1].SA[9].L1VTLB[3],GPU[1].SA[9].L1VTLB[3].Control,GPU[1].InternalConn
GPU[1].SA[9].L1VAddrTrans[0],GPU[1].SA[9].L1VAddrTrans[0].Top,GPU[1].SA[9].Conn[1]
GPU[1].SA[9].L1VAddrTrans[0],GPU[1].SA[9].L1VAddrTrans[0].Bottom,GPU[1].SA[9].Conn[3]
GPU[1].SA[9].L1VAddrTrans[0],GPU[1].SA[9].L1VAddrTrans[0].Translation,GPU[1].SA[9].Conn[2]
GPU[1].SA[9].L1VAddrTrans[0],GPU[1].SA[9].L1VAddrTrans[0].Control,GPU[1].InternalConn
GPU[1].SA[9].L1VAddrTrans[1],GPU[1].SA[9].L1VAddrTrans[1].Top,GPU[1].SA[9].Conn[5]
GPU[1].SA[9].L1VAddrTrans[1],GPU[1].SA[9].L1VAddrTrans[1].Bottom,GPU[1].SA[9].Conn[7]
GPU[1].SA[9].L1VAddrTrans[1],GPU[1].SA[9].L1VAddrTrans[1].Translation,GPU[1].SA[9].Conn[6]
GPU[1].SA[9].L1VAddrTrans[1],GPU[1].SA[9].L1VAddrTrans[1].Control,GPU[1].InternalConn
GPU[1].SA[9].L1VAddrTrans[2],GPU[1].SA[9].L1VAddrTrans[2].Top,GPU[1].SA[9].Conn[9]
GPU[1].SA[9].L1VAddrTrans[2],GPU[1].SA[9].L1VAddrTrans[2].Bottom,GPU[1].SA[9].Conn[11]
GPU[1].SA[9].L1VAddrTrans[2],GPU[1].SA[9].L1VAddrTrans[2].Translation,GPU[1].SA[9].Conn[10]
GPU[1].SA[9].L1VAddrTrans[2],GPU[1].SA[9].L1VAddrTrans[2].Control,GPU[1].InternalConn
GPU[1].SA[9].L1VAddrTrans[3],GPU[1].SA[9].L1VAddrTrans[3].Top,GPU[1].SA[9].Conn[13]
GPU[1].SA[9].L1VAddrTrans[3],GPU[1].SA[9].L1VAddrTrans[3].Bottom,GPU[1].SA[9].Conn[15]
GPU[1].SA[9].L1VAddrTrans[3],GPU[1].SA[9].L1VAddrTrans[3].Translation,GPU[1].SA[9].Conn[14]
GPU[1].SA[9].L1VAddrTrans[3],GPU[1].SA[9].L1VAddrTrans[3].Control,GPU[1].InternalConn
GPU[1].SA[9].L1VROB[0],GPU[1].SA[9].L1VROB[0].Top,GPU[1].SA[9].Conn[0]
GPU[1].SA[9].L1VROB[0],GPU[1].SA[9].L1VROB[0].Bottom,GPU[1].SA[9].Conn[1]
GPU[1].SA[9].L1VROB[0],GPU[1].SA[9].L1VROB[0].Control,GPU[1].InternalConn
GPU[1].SA[9].L1VROB[1],GPU[1].SA[9].L1VROB[1].Top,GPU[1].SA[9].Conn[4]
GPU[1].SA[9].L1VROB[1],GPU[1].SA[9].L1VROB[1].Bottom,GPU[1].SA[9].Conn[5]
GPU[1].SA[9].L1VROB[1],GPU[1].SA[9].L1VROB[1].Control,GPU[1].InternalConn
GPU[1].SA[9].L1VROB[2],GPU[1].SA[9].L1VROB[2].Top,GPU[1].SA[9].Conn[8]
GPU[1].SA[9].L1VROB[2],GPU[1].SA[9].L1VROB[2].Bottom,GPU[1].SA[9].Conn[9]
GPU[1].SA[9].L1VROB[2],GPU[1].SA[9].L1VROB[2].Control,GPU[1].InternalConn
GPU[1].SA[9].L1VROB[3],GPU[1].SA[9].L1VROB[3].Top,GPU[1].SA[9].Conn[12]
GPU[1].SA[9].L1VROB[3],GPU[1].SA[9].L1VROB[3].Bottom,GPU[1].SA[9].Conn[13]
GPU[1].SA[9].L1VROB[3],GPU[1].SA[9].L1VROB[3].Control,GPU[1].InternalConn
GPU[1].SA[9].L1SCache,GPU[1].SA[9].L1SCache.Top,GPU[1].SA[9].Conn[18]
GPU[1].SA[9].L1SCache,GPU[1].SA[9].L1SCache.Bottom,GPU[1].L1ToL2
GPU[1].SA[9].L1SCache,GPU[1].SA[9].L1SCache.Control,GPU[1].InternalConn
GPU[1].SA[9].L1STLB,GPU[1].SA[9].L1STLB.Top,GPU[1].SA[9].Conn[17]
GPU[1].SA[9].L1STLB,GPU[1].SA[9].L1STLB.Bottom,GPU[1].L1TLBToL2TLB
GPU[1].SA[9].L1STLB,GPU[1].SA[9].L1STLB.Control,GPU[1].InternalConn
GPU[1].SA[9].L1SAddrTrans,GPU[1].SA[9].L1SAddrTrans.Top,GPU[1].SA[9].Conn[16]
GPU[1].SA[9].L1SAddrTrans,GPU[1].SA[9].L1SAddrTrans.Bottom,GPU[1].SA[9].Conn[18]
GPU[1].SA[9].L1SAddrTrans,GPU[1].SA[9].L1SAddrTrans.Translation,GPU[1].SA[9].Conn[17]
GPU[1].SA[9].L1SAddrTrans,GPU[1].SA[9].L1SAddrTrans.Control,GPU[1].InternalConn
GPU[1].SA[9].L1SROB,GPU[1].SA[9].L1SROB.Top,GPU[1].SA[9].ScalarMemConn
GPU[1].SA[9].L1SROB,GPU[1].SA[9].L1SROB.Bottom,GPU[1].SA[9].Conn[16]
GPU[1].SA[9].L1SROB,GPU[1].SA[9].L1SROB.Control,GPU[1].InternalConn
GPU[1].SA[9].L1ITLB,GPU[1].SA[9].L1ITLB.Top,GPU[1].SA[9].Conn[21]
GPU[1].SA[9].L1ITLB,GPU[1].SA[9].L1ITLB.Bottom,GPU[1].L1TLBToL2TLB
GPU[1].SA[9].L1ITLB,GPU[1].SA[9].L1ITLB.Control,GPU[1].InternalConn
GPU[1].SA[9].L1IAddrTrans,GPU[1].SA[9].L1IAddrTrans.Top,GPU[1].SA[9].Conn[20]
GPU[1].SA[9].L1IAddrTrans,GPU[1].SA[9].L1IAddrTrans.Bottom,GPU[1].L1ToL2
GPU[1].SA[9].L1IAddrTrans,GPU[1].SA[9].L1IAddrTrans.Translation,GPU[1].SA[9].Conn[21]
GPU[1].SA[9].L1IAddrTrans,GPU[1].SA[9].L1IAddrTrans.Control,GPU[1].InternalConn
GPU[1].SA[9].L1ICache,GPU[1].SA[9].L1ICache.Top,GPU[1].SA[9].Conn[19]
GPU[1].SA[9].L1ICache,GPU[1].SA[9].L1ICache.Bottom,GPU[1].SA[9].Conn[20]
GPU[1].SA[9].L1ICache,GPU[1].SA[9].L1ICache.Control,GPU[1].InternalConn
GPU[1].SA[9].L1IROB,GPU[1].SA[9].L1IROB.Top,GPU[1].SA[9].InstMemConn
GPU[1].SA[9].L1IROB,GPU[1].SA[9].L1IROB.Bottom,GPU[1].SA[9].Conn[19]
GPU[1].SA[9].L1IROB,GPU[1].SA[9].L1IROB.Control,GPU[1].InternalConn
GPU[1].SA[9].CU[0],GPU[1].SA[9].CU[0].Top,GPU[1].InternalConn
GPU[1].SA[9].CU[0],GPU[1].SA[9].CU[0].Ctrl,GPU[1].InternalConn
GPU[1].SA[9].CU[0],GPU[1].SA[9].CU[0].InstMem,GPU[1].SA[9].InstMemConn
GPU[1].SA[9].CU[0],GPU[1].SA[9].CU[0].ScalarMem,GPU[1].SA[9].ScalarMemConn
GPU[1].SA[9].CU[0],GPU[1].SA[9].CU[0].VectorMem,GPU[1].SA[9].Conn[0]
GPU[1].SA[9].CU[1],GPU[1].SA[9].CU[1].Top,GPU[1].InternalConn
GPU[1].SA[9].CU[1],GPU[1].SA[9].CU[1].Ctrl,GPU[1].InternalConn
GPU[1].SA[9].CU[1],GPU[1].SA[9].CU[1].InstMem,GPU[1].SA[9].InstMemConn
GPU[1].SA[9].CU[1],GPU[1].SA[9].CU[1].ScalarMem,GPU[1].SA[9].ScalarMemConn
GPU[1].SA[9].CU[1],GPU[1].SA[9].CU[1].VectorMem,GPU[1].SA[9].Conn[4]
GPU[1].SA[9].CU[2],GPU[1].SA[9].CU[2].Top,GPU[1].InternalConn
GPU[1].SA[9].CU[2],GPU[1].SA[9].CU[2].Ctrl,GPU[1].InternalConn
GPU[1].SA[9].CU[2],GPU[1].SA[9].CU[2].InstMem,GPU[1].SA[9].InstMemConn
GPU[1].SA[9].CU[2],GPU[1].SA[9].CU[2].ScalarMem,GPU[1].SA[9].ScalarMemConn
GPU[1].SA[9].CU[2],GPU[1].SA[9].CU[2].VectorMem,GPU[1].SA[9].Conn[8]
GPU[1].SA[9].CU[3],GPU[1].SA[9].CU[3].Top,GPU[1].InternalConn
GPU[1].SA[9].CU[3],GPU[1].SA[9].CU[3].Ctrl,GPU[1].InternalConn
GPU[1].SA[9].CU[3],GPU[1].SA[9].CU[3].InstMem,GPU[1].SA[9].InstMemConn
GPU[1].SA[9].CU[3],GPU[1].SA[9].CU[3].ScalarMem,GPU[1].SA[9].ScalarMemConn
GPU[1].SA[9].CU[3],GPU[1].SA[9].CU[3].VectorMem,GPU[1].SA[9].Conn[12]
GPU[1].SA[10].L1VCache[0],GPU[1].SA[10].L1VCache[0].Top,GPU[1].SA[10].Conn[3]
GPU[1].SA[10].L1VCache[0],GPU[1].SA[10].L1VCache[0].Bottom,GPU[1].L1ToL2
GPU[1].SA[10].L1VCache[0],GPU[1].SA[10].L1VCache[0].Control,GPU[1].InternalConn
GPU[1].SA[10].L1VCache[1],GPU[1].SA[10].L1VCache[1].Top,GPU[1].SA[10].Conn[7]
GPU[1].SA[10].L1VCache[1],GPU[1].SA[10].L1VCache[1].Bottom,GPU[1].L1ToL2
GPU[1].SA[10].L1VCache[1],GPU[1].SA[10].L1VCache[1].Control,GPU[1].InternalConn
GPU[1].SA[10].L1VCache[2],GPU[1].SA[10].L1VCache[2].Top,GPU[1].SA[10].Conn[11]
GPU[1].SA[10].L1VCache[2],GPU[1].SA[10].L1VCache[2].Bottom,GPU[1].L1ToL2
GPU[1].SA[10].L1VCache[2],GPU[1].SA[10].L1VCache[2].Control,GPU[1].InternalConn
GPU[1].SA[10].L1VCache[3],GPU[1].SA[10].L1VCache[3].Top,GPU[1].SA[10].Conn[15]
GPU[1].SA[10].L1VCache[3],GPU[1].SA[10].L1VCache[3].Bottom,GPU[1].L1ToL2
GPU[1].SA[10].L1VCache[3],GPU[1].SA[10].L1VCache[3].Control,GPU[1].InternalConn
GPU[1].SA[10].L1VTLB[0],GPU[1].SA[10].L1VTLB[0].Top,GPU[1].SA[10].Conn[2]
GPU[1].SA[10].L1VTLB[0],GPU[1].SA[10].L1VTLB[0].Bottom,GPU[1].L1TLBToL2TLB
GPU[1].SA[10].L1VTLB[0],GPU[1].SA[10].L1VTLB[0].Control,GPU[1].InternalConn
GPU[1].SA[10].L1VTLB[1],GPU[1].SA[10].L1VTLB[1].Top,GPU[1].SA[10].Conn[6]
GPU[1].SA[10].L1VTLB[1],GPU[1].SA[10].L1VTLB[1].Bottom,GPU[1].L1TLBToL2TLB
GPU[1].SA[10].L1VTLB[1],GPU[1].SA[10].L1VTLB[1].Control,GPU[1].InternalConn
GPU[1].SA[10].L1VTLB[2],GPU[1].SA[10].L1VTLB[2].Top,GPU[1].SA[10].Conn[10]
GPU[1].SA[10].L1VTLB[2],GPU[1].SA[10].L1VTLB[2].Bottom,GPU[1].L1TLBToL2TLB
GPU[1].SA[10].L1VTLB[2],GPU[1].SA[10].L1VTLB[2].Control,GPU[1].InternalConn
GPU[1].SA[10].L1VTLB[3],GPU[1].SA[10].L1VTLB[3].Top,GPU[1].SA[10].Conn[14]
GPU[1].SA[10].L1VTLB[3],GPU[1].SA[10].L1VTLB[3].Bottom,GPU[1].L1TLBToL2TLB
GPU[1].SA[10].L1VTLB[3],GPU[1].SA[10].L1VTLB[3].Control,GPU[1].InternalConn
GPU[1].SA[10].L1VAddrTrans[0],GPU[1].SA[10].L1VAddrTrans[0].Top,GPU[1].SA[10].Conn[1]
GPU[1].SA[10].L1VAddrTrans[0],GPU[1].SA[10].L1VAddrTrans[0].Bottom,GPU[1].SA[10].Conn[3]
GPU[1].SA[10].L1VAddrTrans[0],GPU[1].SA[10].L1VAddrTrans[0].Translation,GPU[1].SA[10].Conn[2]
GPU[1].SA[10].L1VAddrTrans[0],GPU[1].SA[10].L1VAddrTrans[0].Control,GPU[1].InternalConn
GPU[1].SA[10].L1VAddrTrans[1],GPU[1].SA[10].L1VAddrTrans[1].Top,GPU[1].SA[10].Conn[5]
GPU[1].SA[10].L1VAddrTrans[1],GPU[1].SA[10].L1VAddrTrans[1].Bottom,GPU[1].SA[10].Conn[7]
GPU[1].SA[10].L1VAddrTrans[1],GPU[1].SA[10].L1VAddrTrans[1].Translation,GPU[1].SA[10].Conn[6]
GPU[1].SA[10].L1VAddrTrans[1],GPU[1].SA[10].L1VAddrTrans[1].Control,GPU[1].InternalConn
GPU[1].SA[10].L1VAddrTrans[2],GPU[1].SA[10].L1VAddrTrans[2].Top,GPU[1].SA[10].Conn[9]
GPU[1].SA[10].L1VAddrTrans[2],GPU[1].SA[10].L1VAddrTrans[2].Bottom,GPU[1].SA[10].Conn[11]
GPU[1].SA[10].L1VAddrTrans[2],GPU[1].SA[10].L1VAddrTrans[2].Translation,GPU[1].SA[10].Conn[10]
GPU[1].SA[10].L1VAddrTrans[2],GPU[1].SA[10].L1VAddrTrans[2].Control,GPU[1].InternalConn
GPU[1].SA[10].L1VAddrTrans[3],GPU[1].SA[10].L1VAddrTrans[3].Top,GPU[1].SA[10].Conn[13]
GPU[1].SA[10].L1VAddrTrans[3],GPU[1].SA[10].L1VAddrTrans[3].Bottom,GPU[1].SA[10].Conn[15]
GPU[1].SA[10].L1VAddrTrans[3],GPU[1].SA[10].L1VAddrTrans[3].Translation,GPU[1].SA[10].Conn[14]
GPU[1].SA[10].L1VAddrTrans[3],GPU[1].SA[10].L1VAddrTrans[3].Control,GPU[1].InternalConn
GPU[1].SA[10].L1VROB[0],GPU[1].SA[10].L1VROB[0].Top,GPU[1].SA[10].Conn[0]
GPU[1].SA[10].L1VROB[0],GPU[1].SA[10].L1VROB[0].Bottom,GPU[1].SA[10].Conn[1]
GPU[1].SA[10].L1VROB[0],GPU[1].SA[10].L1VROB[0].Control,GPU[1].InternalConn
GPU[1].SA[10].L1VROB[1],GPU[1].SA[10].L1VROB[1].Top,GPU[1].SA[10].Conn[4]
GPU[1].SA[10].L1VROB[1],GPU[1].SA[10].L1VROB[1].Bottom,GPU[1].SA[10].Conn[5]
GPU[1].SA[10].L1VROB[1],GPU[1].SA[10].L1VROB[1].Control,GPU[1].InternalConn
GPU[1].SA[10].L1VROB[2],GPU[1].SA[10].L1VROB[2].Top,GPU[1].SA[10].Conn[8]
GPU[1].SA[10].L1VROB[2],GPU[1].SA[10].L1VROB[2].Bottom,GPU[1].SA[10].Conn[9]
GPU[1].SA[10].L1VROB[2],GPU[1].SA[10].L1VROB[2].Control,GPU[1].InternalConn
GPU[1].SA[10].L1VROB[3],GPU[1].SA[10].L1VROB[3].Top,GPU[1].SA[10].Conn[12]
GPU[1].SA[10].L1VROB[3],GPU[1].SA[10].L1VROB[3].Bottom,GPU[1].SA[10].Conn[13]
GPU[1].SA[10].L1VROB[3],GPU[1].SA[10].L1VROB[3].Control,GPU[1].InternalConn
GPU[1].SA[10].L1SCache,GPU[1].SA[10].L1SCache.Top,GPU[1].SA[10].Conn[18]
GPU[1].SA[10].L1SCache,GPU[1].SA[10].L1SCache.Bottom,GPU[1].L1ToL2
GPU[1].SA[10].L1SCache,GPU[1].SA[10].L1SCache.Control,GPU[1].InternalConn
GPU[1].SA[10].L1STLB,GPU[1].SA[10].L1STLB.Top,GPU[1].SA[10].Conn[17]
GPU[1].SA[10].L1STLB,GPU[1].SA[10].L1STLB.Bottom,GPU[1].L1TLBToL2TLB
GPU[1].SA[10].L1STLB,GPU[1].SA[10].L1STLB.Control,GPU[1].InternalConn
GPU[1].SA[10].L1SAddrTrans,GPU[1].SA[10].L1SAddrTrans.Top,GPU[1].SA[10].Conn[16]
GPU[1].SA[10].L1SAddrTrans,GPU[1].SA[10].L1SAddrTrans.Bottom,GPU[1].SA[10].Conn[18]
GPU[1].SA[10].L1SAddrTrans,GPU[1].SA[10].L1SAddrTrans.Translation,GPU[1].SA[10].Conn[17]
GPU[1].SA[10].L1SAddrTrans,GPU[1].SA[10].L1SAddrTrans.Control,GPU[1].InternalConn
GPU[1].SA[10].L1SROB,GPU[1].SA[10].L1SROB.Top,GPU[1].SA[10].ScalarMemConn
GPU[1].SA[10].L1SROB,GPU[1].SA[10].L1SROB.Bottom,GPU[1].SA[10].Conn[16]
GPU[1].SA[10].L1SROB,GPU[1].SA[10].L1SROB.Control,GPU[1].InternalConn
GPU[1].SA[10].L1ITLB,GPU[1].SA[10].L1ITLB.Top,GPU[1].SA[10].Conn[21]
GPU[1].SA[10].L1ITLB,GPU[1].SA[10].L1ITLB.Bottom,GPU[1].L1TLBToL2TLB
GPU[1].SA[10].L1ITLB,GPU[1].SA[10].L1ITLB.Control,GPU[1].InternalConn
GPU[1].SA[10].L1IAddrTrans,GPU[1].SA[10].L1IAddrTrans.Top,GPU[1].SA[10].Conn[20]
GPU[1].SA[10].L1IAddrTrans,GPU[1].SA[10].L1IAddrTrans.Bottom,GPU[1].L1ToL2
GPU[1].SA[10].L1IAddrTrans,GPU[1].SA[10].L1IAddrTrans.Translation,GPU[1].SA[10].Conn[21]
GPU[1].SA[10].L1IAddrTrans,GPU[1].SA[10].L1IAddrTrans.Control,GPU[1].InternalConn
GPU[1].SA[10].L1ICache,GPU[1].SA[10].L1ICache.Top,GPU[1].SA[10].Conn[19]
GPU[1].SA[10].L1ICache,GPU[1].SA[10].L1ICache.Bottom,GPU[1].SA[10].Conn[20]
GPU[1].SA[10].L1ICache,GPU[1].SA[10].L1ICache.Control,GPU[1].InternalConn
GPU[1].SA[10].L1IROB,GPU[1].SA[10].L1IROB.Top,GPU[1].SA[10].InstMemConn
GPU[1].SA[10].L1IROB,GPU[1].SA[10].L1IROB.Bottom,GPU[1].SA[10].Conn[19]
GPU[1].SA[10].L1IROB,GPU[1].SA[10].L1IROB.Control,GPU[1].InternalConn
GPU[1].SA[10].CU[0],GPU[1].SA[10].CU[0].Top,GPU[1].InternalConn
GPU[1].SA[10].CU[0],GPU[1].SA[10].CU[0].Ctrl,GPU[1].InternalConn
GPU[1].SA[10].CU[0],GPU[1].SA[10].CU[0].InstMem,GPU[1].SA[10].InstMemConn
GPU[1].SA[10].CU[0],GPU[1].SA[10].CU[0].ScalarMem,GPU[1].SA[10].ScalarMemConn
GPU[1].SA[10].CU[0],GPU[1].SA[10].CU[0].VectorMem,GPU[1].SA[10].Conn[0]
GPU[1].SA[10].CU[1],GPU[1].SA[10].CU[1].Top,GPU[1].InternalConn
GPU[1].SA[10].CU[1],GPU[1].SA[10].CU[1].Ctrl,GPU[1].InternalConn
GPU[1].SA[10].CU[1],GPU[1].SA[10].CU[1].InstMem,GPU[1].SA[10].InstMemConn
GPU[1].SA[10].CU[1],GPU[1].SA[10].CU[1].ScalarMem,GPU[1].SA[10].ScalarMemConn
GPU[1].SA[10].CU[1],GPU[1].SA[10].CU[1].VectorMem,GPU[1].SA[10].Conn[4]
GPU[1].SA[10].CU[2],GPU[1].SA[10].CU[2].Top,GPU[1].InternalConn
GPU[1].SA[10].CU[2],GPU[1].SA[10].CU[2].Ctrl,GPU[1].InternalConn
GPU[1].SA[10].CU[2],GPU[1].SA[10].CU[2].InstMem,GPU[1].SA[10].InstMemConn
GPU[1].SA[10].CU[2],GPU[1].SA[10].CU[2].ScalarMem,GPU[1].SA[10].ScalarMemConn
GPU[1].SA[10].CU[2],GPU[1].SA[10].CU[2].VectorMem,GPU[1].SA[10].Conn[8]
GPU[1].SA[10].CU[3],GPU[1].SA[10].CU[3].Top,GPU[1].InternalConn
GPU[1].SA[10].CU[3],GPU[1].SA[10].CU[3].Ctrl,GPU[1].InternalConn
GPU[1].SA[10].CU[3],GPU[1].SA[10].CU[3].InstMem,GPU[1].SA[10].InstMemConn
GPU[1].SA[10].CU[3],GPU[1].SA[10].CU[3].ScalarMem,GPU[1].SA[10].ScalarMemConn
GPU[1].SA[10].CU[3],GPU[1].SA[10].CU[3].VectorMem,GPU[1].SA[10].Conn[12]
GPU[1].SA[11].L1VCache[0],GPU[1].SA[11].L1VCache[0].Top,GPU[1].SA[11].Conn[3]
GPU[1].SA[11].L1VCache[0],GPU[1].SA[11].L1VCache[0].Bottom,GPU[1].L1ToL2
GPU[1].SA[11].L1VCache[0],GPU[1].SA[11].L1VCache[0].Control,GPU[1].InternalConn
GPU[1].SA[11].L1VCache[1],GPU[1].SA[11].L1VCache[1].Top,GPU[1].SA[11].Conn[7]
GPU[1].SA[11].L1VCache[1],GPU[1].SA[11].L1VCache[1].Bottom,GPU[1].L1ToL2
GPU[1].SA[11].L1VCache[1],GPU[1].SA[11].L1VCache[1].Control,GPU[1].InternalConn
GPU[1].SA[11].L1VCache[2],GPU[1].SA[11].L1VCache[2].Top,GPU[1].SA[11].Conn[11]
GPU[1].SA[11].L1VCache[2],GPU[1].SA[11].L1VCache[2].Bottom,GPU[1].L1ToL2
GPU[1].SA[11].L1VCache[2],GPU[1].SA[11].L1VCache[2].Control,GPU[1].InternalConn
GPU[1].SA[11].L1VCache[3],GPU[1].SA[11].L1VCache[3].Top,GPU[1].SA[11].Conn[15]
GPU[1].SA[11].L1VCache[3],GPU[1].SA[11].L1VCache[3].Bottom,GPU[1].L1ToL2
GPU[1].SA[11].L1VCache[3],GPU[1].SA[11].L1VCache[3].Control,GPU[1].InternalConn
GPU[1].SA[11].L1VTLB[0],GPU[1].SA[11].L1VTLB[0].Top,GPU[1].SA[11].Conn[2]
GPU[1].SA[11].L1VTLB[0],GPU[1].SA[11].L1VTLB[0].Bottom,GPU[1].L1TLBToL2TLB
GPU[1].SA[11].L1VTLB[0],GPU[1].SA[11].L1VTLB[0].Control,GPU[1].InternalConn
GPU[1].SA[11].L1VTLB[1],GPU[1].SA[11].L1VTLB[1].Top,GPU[1].SA[11].Conn[6]
GPU[1].SA[11].L1VTLB[1],GPU[1].SA[11].L1VTLB[1].Bottom,GPU[1].L1TLBToL2TLB
GPU[1].SA[11].L1VTLB[1],GPU[1].SA[11].L1VTLB[1].Control,GPU[1].InternalConn
GPU[1].SA[11].L1VTLB[2],GPU[1].SA[11].L1VTLB[2].Top,GPU[1].SA[11].Conn[10]
GPU[1].SA[11].L1VTLB[2],GPU[1].SA[11].L1VTLB[2].Bottom,GPU[1].L1TLBToL2TLB
GPU[1].SA[11].L1VTLB[2],GPU[1].SA[11].L1VTLB[2].Control,GPU[1].InternalConn
GPU[1].SA[11].L1VTLB[3],GPU[1].SA[11].L1VTLB[3].Top,GPU[1].SA[11].Conn[14]
GPU[1].SA[11].L1VTLB[3],GPU[1].SA[11].L1VTLB[3].Bottom,GPU[1].L1TLBToL2TLB
GPU[1].SA[11].L1VTLB[3],GPU[1].SA[11].L1VTLB[3].Control,GPU[1].InternalConn
GPU[1].SA[11].L1VAddrTrans[0],GPU[1].SA[11].L1VAddrTrans[0].Top,GPU[1].SA[11].Conn[1]
GPU[1].SA[11].L1VAddrTrans[0],GPU[1].SA[11].L1VAddrTrans[0].Bottom,GPU[1].SA[11].Conn[3]
GPU[1].SA[11].L1VAddrTrans[0],GPU[1].SA[11].L1VAddrTrans[0].Translation,GPU[1].SA[11].Conn[2]
GPU[1].SA[11].L1VAddrTrans[0],GPU[1].SA[11].L1VAddrTrans[0].Control,GPU[1].InternalConn
GPU[1].SA[11].L1VAddrTrans[1],GPU[1].SA[11].L1VAddrTrans[1].Top,GPU[1].SA[11].Conn[5]
GPU[1].SA[11].L1VAddrTrans[1],GPU[1].SA[11].L1VAddrTrans[1].Bottom,GPU[1].SA[11].Conn[7]
GPU[1].SA[11].L1VAddrTrans[1],GPU[1].SA[11].L1VAddrTrans[1].Translation,GPU[1].SA[11].Conn[6]
GPU[1].SA[11].L1VAddrTrans[1],GPU[1].SA[11].L1VAddrTrans[1].Control,GPU[1].InternalConn
GPU[1].SA[11].L1VAddrTrans[2],GPU[1].SA[11].L1VAddrTrans[2].Top,GPU[1].SA[11].Conn[9]
GPU[1].SA[11].L1VAddrTrans[2],GPU[1].SA[11].L1VAddrTrans[2].Bottom,GPU[1].SA[11].Conn[11]
GPU[1].SA[11].L1VAddrTrans[2],GPU[1].SA[11].L1VAddrTrans[2].Translation,GPU[1].SA[11].Conn[10]
GPU[1].SA[11].L1VAddrTrans[2],GPU[1].SA[11].L1VAddrTrans[2].Control,GPU[1].InternalConn
GPU[1].SA[11].L1VAddrTrans[3],GPU[1].SA[11].L1VAddrTrans[3].Top,GPU[1].SA[11].Conn[13]
GPU[1].SA[11].L1VAddrTrans[3],GPU[1].SA[11].L1VAddrTrans[3].Bottom,GPU[1].SA[11].Conn[15]
GPU[1].SA[11].L1VAddrTrans[3],GPU[1].SA[11].L1VAddrTrans[3].Translation,GPU[1].SA[11].Conn[14]
GPU[1].SA[11].L1VAddrTrans[3],GPU[1].SA[11].L1VAddrTrans[3].Control,GPU[1].InternalConn
GPU[1].SA[11].L1VROB[0],GPU[1].SA[11].L1VROB[0].Top,GPU[1].SA[11].Conn[0]
GPU[1].SA[11].L1VROB[0],GPU[1].SA[11].L1VROB[0].Bottom,GPU[1].SA[11].Conn[1]
GPU[1].SA[11].L1VROB[0],GPU[1].SA[11].L1VROB[0].Control,GPU[1].InternalConn
GPU[1].SA[11].L1VROB[1],GPU[1].SA[11].L1VROB[1].Top,GPU[1].SA[11].Conn[4]
GPU[1].SA[11].L1VROB[1],GPU[1].SA[11].L1VROB[1].Bottom,GPU[1].SA[11].Conn[5]
GPU[1].SA[11].L1VROB[1],GPU[1].SA[11].L1VROB[1].Control,GPU[1].InternalConn
GPU[1].SA[11].L1VROB[2],GPU[1].SA[11].L1VROB[2].Top,GPU[1].SA[11].Conn[8]
GPU[1].SA[11].L1VROB[2],GPU[1].SA[11].L1VROB[2].Bottom,GPU[1].SA[11].Conn[9]
GPU[1].SA[11].L1VROB[2],GPU[1].SA[11].L1VROB[2].Control,GPU[1].InternalConn
GPU[1].SA[11].L1VROB[3],GPU[1].SA[11].L1VROB[3].Top,GPU[1].SA[11].Conn[12]
GPU[1].SA[11].L1VROB[3],GPU[1].SA[11].L1VROB[3].Bottom,GPU[1].SA[11].Conn[13]
GPU[1].SA[11].L1VROB[3],GPU[1].SA[11].L1VROB[3].Control,GPU[1].InternalConn
GPU[1].SA[11].L1SCache,GPU[1].SA[11].L1SCache.Top,GPU[1].SA[11].Conn[18]
GPU[1].SA[11].L1SCache,GPU[1].SA[11].L1SCache.Bottom,GPU[1].L1ToL2
GPU[1].SA[11].L1SCache,GPU[1].SA[11].L1SCache.Control,GPU[1].InternalConn
GPU[1].SA[11].L1STLB,GPU[1].SA[11].L1STLB.Top,GPU[1].SA[11].Conn[17]
GPU[1].SA[11].L1STLB,GPU[1].SA[11].L1STLB.Bottom,GPU[1].L1TLBToL2TLB
GPU[1].SA[11].L1STLB,GPU[1].SA[11].L1STLB.Control,GPU[1].InternalConn
GPU[1].SA[11].L1SAddrTrans,GPU[1].SA[11].L1SAddrTrans.Top,GPU[1].SA[11].Conn[16]
GPU[1].SA[11].L1SAddrTrans,GPU[1].SA[11].L1SAddrTrans.Bottom,GPU[1].SA[11].Conn[18]
GPU[1].SA[11].L1SAddrTrans,GPU[1].SA[11].L1SAddrTrans.Translation,GPU[1].SA[11].Conn[17]
GPU[1].SA[11].L1SAddrTrans,GPU[1].SA[11].L1SAddrTrans.Control,GPU[1].InternalConn
GPU[1].SA[11].L1SROB,GPU[1].SA[11].L1SROB.Top,GPU[1].SA[11].ScalarMemConn
GPU[1].SA[11].L1SROB,GPU[1].SA[11].L1SROB.Bottom,GPU[1].SA[11].Conn[16]
GPU[1].SA[11].L1SROB,GPU[1].SA[11].L1SROB.Control,GPU[1].InternalConn
GPU[1].SA[11].L1ITLB,GPU[1].SA[11].L1ITLB.Top,GPU[1].SA[11].Conn[21]
GPU[1].SA[11].L1ITLB,GPU[1].SA[11].L1ITLB.Bottom,GPU[1].L1TLBToL2TLB
GPU[1].SA[11].L1ITLB,GPU[1].SA[11].L1ITLB.Control,GPU[1].InternalConn
GPU[1].SA[11].L1IAddrTrans,GPU[1].SA[11].L1IAddrTrans.Top,GPU[1].SA[11].Conn[20]
GPU[1].SA[11].L1IAddrTrans,GPU[1].SA[11].L1IAddrTrans.Bottom,GPU[1].L1ToL2
GPU[1].SA[11].L1IAddrTrans,GPU[1].SA[11].L1IAddrTrans.Translation,GPU[1].SA[11].Conn[21]
GPU[1].SA[11].L1IAddrTrans,GPU[1].SA[11].L1IAddrTrans.Control,GPU[1].InternalConn
GPU[1].SA[11].L1ICache,GPU[1].SA[11].L1ICache.Top,GPU[1].SA[11].Conn[19]
GPU[1].SA[11].L1ICache,GPU[1].SA[11].L1ICache.Bottom,GPU[1].SA[11].Conn[20]
GPU[1].SA[11].L1ICache,GPU[1].SA[11].L1ICache.Control,GPU[1].InternalConn
GPU[1].SA[11].L1IROB,GPU[1].SA[11].L1IROB.Top,GPU[1].SA[11].InstMemConn
GPU[1].SA[11].L1IROB,GPU[1].SA[11].L1IROB.Bottom,GPU[1].SA[11].Conn[19]
GPU[1].SA[11].L1IROB,GPU[1].SA[11].L1IROB.Control,GPU[1].InternalConn
GPU[1].SA[11].CU[0],GPU[1].SA[11].CU[0].Top,GPU[1].InternalConn
GPU[1].SA[11].CU[0],GPU[1].SA[11].CU[0].Ctrl,GPU[1].InternalConn
GPU[1].SA[11].CU[0],GPU[1].SA[11].CU[0].InstMem,GPU[1].SA[11].InstMemConn
GPU[1].SA[11].CU[0],GPU[1].SA[11].CU[0].ScalarMem,GPU[1].SA[11].ScalarMemConn
GPU[1].SA[11].CU[0],GPU[1].SA[11].CU[0].VectorMem,GPU[1].SA[11].Conn[0]
GPU[1].SA[11].CU[1],GPU[1].SA[11].CU[1].Top,GPU[1].InternalConn
GPU[1].SA[11].CU[1],GPU[1].SA[11].CU[1].Ctrl,GPU[1].InternalConn
GPU[1].SA[11].CU[1],GPU[1].SA[11].CU[1].InstMem,GPU[1].SA[11].InstMemConn
GPU[1].SA[11].CU[1],GPU[1].SA[11].CU[1].ScalarMem,GPU[1].SA[11].ScalarMemConn
GPU[1].SA[11].CU[1],GPU[1].SA[11].CU[1].VectorMem,GPU[1].SA[11].Conn[4]
GPU[1].SA[11].CU[2],GPU[1].SA[11].CU[2].Top,GPU[1].InternalConn
GPU[1].SA[11].CU[2],GPU[1].SA[11].CU[2].Ctrl,GPU[1].InternalConn
GPU[1].SA[11].CU[2],GPU[1].SA[11].CU[2].InstMem,GPU[1].SA[11].InstMemConn
GPU[1].SA[11].CU[2],GPU[1].SA[11].CU[2].ScalarMem,GPU[1].SA[11].ScalarMemConn
GPU[1].SA[11].CU[2],GPU[1].SA[11].CU[2].VectorMem,GPU[1].SA[11].Conn[8]
GPU[1].SA[11].CU[3],GPU[1].SA[11].CU[3].Top,GPU[1].InternalConn
GPU[1].SA[11].CU[3],GPU[1].SA[11].CU[3].Ctrl,GPU[1].InternalConn
GPU[1].SA[11].CU[3],GPU[1].SA[11].CU[3].InstMem,GPU[1].SA[11].InstMemConn
GPU[1].SA[11].CU[3],GPU[1].SA[11].CU[3].ScalarMem,GPU[1].SA[11].ScalarMemConn
GPU[1].SA[11].CU[3],GPU[1].SA[11].CU[3].VectorMem,GPU[1].SA[11].Conn[12]
GPU[1].SA[12].L1VCache[0],GPU[1].SA[12].L1VCache[0].Top,GPU[1].SA[12].Conn[3]
GPU[1].SA[12].L1VCache[0],GPU[1].SA[12].L1VCache[0].Bottom,GPU[1].L1ToL2
GPU[1].SA[12].L1VCache[0],GPU[1].SA[12].L1VCache[0].Control,GPU[1].InternalConn
GPU[1].SA[12].L1VCache[1],GPU[1].SA[12].L1VCache[1].Top,GPU[1].SA[12].Conn[7]
GPU[1].SA[12].L1VCache[1],GPU[1].SA[12].L1VCache[1].Bottom,GPU[1].L1ToL2
GPU[1].SA[12].L1VCache[1],GPU[1].SA[12].L1VCache[1].Control,GPU[1].InternalConn
GPU[1].SA[12].L1VCache[2],GPU[1].SA[12].L1VCache[2].Top,GPU[1].SA[12].Conn[11]
GPU[1].SA[12].L1VCache[2],GPU[1].SA[12].L1VCache[2].Bottom,GPU[1].L1ToL2
GPU[1].SA[12].L1VCache[2],GPU[1].SA[12].L1VCache[2].Control,GPU[1].InternalConn
GPU[1].SA[12].L1VCache[3],GPU[1].SA[12].L1VCache[3].Top,GPU[1].SA[12].Conn[15]
GPU[1].SA[12].L1VCache[3],GPU[1].SA[12].L1VCache[3].Bottom,GPU[1].L1ToL2
GPU[1].SA[12].L1VCache[3],GPU[1].SA[12].L1VCache[3].Control,GPU[1].InternalConn
GPU[1].SA[12].L1VTLB[0],GPU[1].SA[12].L1VTLB[0].Top,GPU[1].SA[12].Conn[2]
GPU[1].SA[12].L1VTLB[0],GPU[1].SA[12].L1VTLB[0].Bottom,GPU[1].L1TLBToL2TLB
GPU[1].SA[12].L1VTLB[0],GPU[1].SA[12].L1VTLB[0].Control,GPU[1].InternalConn
GPU[1].SA[12].L1VTLB[1],GPU[1].SA[12].L1VTLB[1].Top,GPU[1].SA[12].Conn[6]
GPU[1].SA[12].L1VTLB[1],GPU[1].SA[12].L1VTLB[1].Bottom,GPU[1].L1TLBToL2TLB
GPU[1].SA[12].L1VTLB[1],GPU[1].SA[12].L1VTLB[1].Control,GPU[1].InternalConn
GPU[1].SA[12].L1VTLB[2],GPU[1].SA[12].L1VTLB[2].Top,GPU[1].SA[12].Conn[10]
GPU[1].SA[12].L1VTLB[2],GPU[1].SA[12].L1VTLB[2].Bottom,GPU[1].L1TLBToL2TLB
GPU[1].SA[12].L1VTLB[2],GPU[1].SA[12].L1VTLB[2].Control,GPU[1].InternalConn
GPU[1].SA[12].L1VTLB[3],GPU[1].SA[12].L1VTLB[3].Top,GPU[1].SA[12].Conn[14]
GPU[1].SA[12].L1VTLB[3],GPU[1].SA[12].L1VTLB[3].Bottom,GPU[1].L1TLBToL2TLB
GPU[1].SA[12].L1VTLB[3],GPU[1].SA[12].L1VTLB[3].Control,GPU[1].InternalConn
GPU[1].SA[12].L1VAddrTrans[0],GPU[1].SA[12].L1VAddrTrans[0].Top,GPU[1].SA[12].Conn[1]
GPU[1].SA[12].L1VAddrTrans[0],GPU[1].SA[12].L1VAddrTrans[0].Bottom,GPU[1].SA[12].Conn[3]
GPU[1].SA[12].L1VAddrTrans[0],GPU[1].SA[12].L1VAddrTrans[0].Translation,GPU[1].SA[12].Conn[2]
GPU[1].SA[12].L1VAddrTrans[0],GPU[1].SA[12].L1VAddrTrans[0].Control,GPU[1].InternalConn
GPU[1].SA[12].L1VAddrTrans[1],GPU[1].SA[12].L1VAddrTrans[1].Top,GPU[1].SA[12].Conn[5]
GPU[1].SA[12].L1VAddrTrans[1],GPU[1].SA[12].L1VAddrTrans[1].Bottom,GPU[1].SA[12].Conn[7]
GPU[1].SA[12].L1VAddrTrans[1],GPU[1].SA[12].L1VAddrTrans[1].Translation,GPU[1].SA[12].Conn[6]
GPU[1].SA[12].L1VAddrTrans[1],GPU[1].SA[12].L1VAddrTrans[1].Control,GPU[1].InternalConn
GPU[1].SA[12].L1VAddrTrans[2],GPU[1].SA[12].L1VAddrTrans[2].Top,GPU[1].SA[12].Conn[9]
GPU[1].SA[12].L1VAddrTrans[2],GPU[1].SA[12].L1VAddrTrans[2].Bottom,GPU[1].SA[12].Conn[11]
GPU[1].SA[12].L1VAddrTrans[2],GPU[1].SA[12].L1VAddrTrans[2].Translation,GPU[1].SA[12].Conn[10]
GPU[1].SA[12].L1VAddrTrans[2],GPU[1].SA[12].L1VAddrTrans[2].Control,GPU[1].InternalConn
GPU[1].SA[12].L1VAddrTrans[3],GPU[1].SA[12].L1VAddrTrans[3].Top,GPU[1].SA[12].Conn[13]
GPU[1].SA[12].L1VAddrTrans[3],GPU[1].SA[12].L1VAddrTrans[3].Bottom,GPU[1].SA[12].Conn[15]
GPU[1].SA[12].L1VAddrTrans[3],GPU[1].SA[12].L1VAddrTrans[3].Translation,GPU[1].SA[12].Conn[14]
GPU[1].SA[12].L1VAddrTrans[3],GPU[1].SA[12].L1VAddrTrans[3].Control,GPU[1].InternalConn
GPU[1].SA[12].L1VROB[0],GPU[1].SA[12].L1VROB[0].Top,GPU[1].SA[12].Conn[0]
GPU[1].SA[12].L1VROB[0],GPU[1].SA[12].L1VROB[0].Bottom,GPU[1].SA[12].Conn[1]
GPU[1].SA[12].L1VROB[0],GPU[1].SA[12].L1VROB[0].Control,GPU[1].InternalConn
GPU[1].SA[12].L1VROB[1],GPU[1].SA[12].L1VROB[1].Top,GPU[1].SA[12].Conn[4]
GPU[1].SA[12].L1VROB[1],GPU[1].SA[12].L1VROB[1].Bottom,GPU[1].SA[12].Conn[5]
GPU[1].SA[12].L1VROB[1],GPU[1].SA[12].L1VROB[1].Control,GPU[1].InternalConn
GPU[1].SA[12].L1VROB[2],GPU[1].SA[12].L1VROB[2].Top,GPU[1].SA[12].Conn[8]
GPU[1].SA[12].L1VROB[2],GPU[1].SA[12].L1VROB[2].Bottom,GPU[1].SA[12].Conn[9]
GPU[1].SA[12].L1VROB[2],GPU[1].SA[12].L1VROB[2].Control,GPU[1].InternalConn
GPU[1].SA[12].L1VROB[3],GPU[1].SA[12].L1VROB[3].Top,GPU[1].SA[12].Conn[12]
GPU[1].SA[12].L1VROB[3],GPU[1].SA[12].L1VROB[3].Bottom,GPU[1].SA[12].Conn[13]
GPU[1].SA[12].L1VROB[3],GPU[1].SA[12].L1VROB[3].Control,GPU[1].InternalConn
GPU[1].SA[12].L1SCache,GPU[1].SA[12].L1SCache.Top,GPU[1].SA[12].Conn[18]
GPU[1].SA[12].L1SCache,GPU[1].SA[12].L1SCache.Bottom,GPU[1].L1ToL2
GPU[1].SA[12].L1SCache,GPU[1].SA[12].L1SCache.Control,GPU[1].InternalConn
GPU[1].SA[12].L1STLB,GPU[1].SA[12].L1STLB.Top,GPU[1].SA[12].Conn[17]
GPU[1].SA[12].L1STLB,GPU[1].SA[12].L1STLB.Bottom,GPU[1].L1TLBToL2TLB
GPU[1].SA[12].L1STLB,GPU[1].SA[12].L1STLB.Control,GPU[1].InternalConn
GPU[1].SA[12].L1SAddrTrans,GPU[1].SA[12].L1SAddrTrans.Top,GPU[1].SA[12].Conn[16]
GPU[1].SA[12].L1SAddrTrans,GPU[1].SA[12].L1SAddrTrans.Bottom,GPU[1].SA[12].Conn[18]
GPU[1].SA[12].L1SAddrTrans,GPU[1].SA[12].L1SAddrTrans.Translation,GPU[1].SA[12].Conn[17]
GPU[1].SA[12].L1SAddrTrans,GPU[1].SA[12].L1SAddrTrans.Control,GPU[1].InternalConn
GPU[1].SA[12].L1SROB,GPU[1].SA[12].L1SROB.Top,GPU[1].SA[12].ScalarMemConn
GPU[1].SA[12].L1SROB,GPU[1].SA[12].L1SROB.Bottom,GPU[1].SA[12].Conn[16]
GPU[1].SA[12].L1SROB,GPU[1].SA[12].L1SROB.Control,GPU[1].InternalConn
GPU[1].SA[12].L1ITLB,GPU[1].SA[12].L1ITLB.Top,GPU[1].SA[12].Conn[21]
GPU[1].SA[12].L1ITLB,GPU[1].SA[12].L1ITLB.Bottom,GPU[1].L1TLBToL2TLB
GPU[1].SA[12].L1ITLB,GPU[1].SA[12].L1ITLB.Control,GPU[1].InternalConn
GPU[1].SA[12].L1IAddrTrans,GPU[1].SA[12].L1IAddrTrans.Top,GPU[1].SA[12].Conn[20]
GPU[1].SA[12].L1IAddrTrans,GPU[1].SA[12].L1IAddrTrans.Bottom,GPU[1].L1ToL2
GPU[1].SA[12].L1IAddrTrans,GPU[1].SA[12].L1IAddrTrans.Translation,GPU[1].SA[12].Conn[21]
GPU[1].SA[12].L1IAddrTrans,GPU[1].SA[12].L1IAddrTrans.Control,GPU[1].InternalConn
GPU[1].SA[12].L1ICache,GPU[1].SA[12].L1ICache.Top,GPU[1].SA[12].Conn[19]
GPU[1].SA[12].L1ICache,GPU[1].SA[12].L1ICache.Bottom,GPU[1].SA[12].Conn[20]
GPU[1].SA[12].L1ICache,GPU[1].SA[12].L1ICache.Control,GPU[1].InternalConn
GPU[1].SA[12].L1IROB,GPU[1].SA[12].L1IROB.Top,GPU[1].SA[12].InstMemConn
GPU[1].SA[12].L1IROB,GPU[1].SA[12].L1IROB.Bottom,GPU[1].SA[12].Conn[19]
GPU[1].SA[12].L1IROB,GPU[1].SA[12].L1IROB.Control,GPU[1].InternalConn
GPU[1].SA[12].CU[0],GPU[1].SA[12].CU[0].Top,GPU[1].InternalConn
GPU[1].SA[12].CU[0],GPU[1].SA[12].CU[0].Ctrl,GPU[1].InternalConn
GPU[1].SA[12].CU[0],GPU[1].SA[12].CU[0].InstMem,GPU[1].SA[12].InstMemConn
GPU[1].SA[12].CU[0],GPU[1].SA[12].CU[0].ScalarMem,GPU[1].SA[12].ScalarMemConn
GPU[1].SA[12].CU[0],GPU[1].SA[12].CU[0].VectorMem,GPU[1].SA[12].Conn[0]
GPU[1].SA[12].CU[1],GPU[1].SA[12].CU[1].Top,GPU[1].InternalConn
GPU[1].SA[12].CU[1],GPU[1].SA[12].CU[1].Ctrl,GPU[1].InternalConn
GPU[1].SA[12].CU[1],GPU[1].SA[12].CU[1].InstMem,GPU[1].SA[12].InstMemConn
GPU[1].SA[12].CU[1],GPU[1].SA[12].CU[1].ScalarMem,GPU[1].SA[12].ScalarMemConn
GPU[1].SA[12].CU[1],GPU[1].SA[12].CU[1].VectorMem,GPU[1].SA[12].Conn[4]
GPU[1].SA[12].CU[2],GPU[1].SA[12].CU[2].Top,GPU[1].InternalConn
GPU[1].SA[12].CU[2],GPU[1].SA[12].CU[2].Ctrl,GPU[1].InternalConn
GPU[1].SA[12].CU[2],GPU[1].SA[12].CU[2].InstMem,GPU[1].SA[12].InstMemConn
GPU[1].SA[12].CU[2],GPU[1].SA[12].CU[2].ScalarMem,GPU[1].SA[12].ScalarMemConn
GPU[1].SA[12].CU[2],GPU[1].SA[12].CU[2].VectorMem,GPU[1].SA[12].Conn[8]
GPU[1].SA[12].CU[3],GPU[1].SA[12].CU[3].Top,GPU[1].InternalConn
GPU[1].SA[12].CU[3],GPU[1].SA[12].CU[3].Ctrl,GPU[1].InternalConn
GPU[1].SA[12].CU[3],GPU[1].SA[12].CU[3].InstMem,GPU[1].SA[12].InstMemConn
GPU[1].SA[12].CU[3],GPU[1].SA[12].CU[3].ScalarMem,GPU[1].SA[12].ScalarMemConn
GPU[1].SA[12].CU[3],GPU[1].SA[12].CU[3].VectorMem,GPU[1].SA[12].Conn[12]
GPU[1].SA[13].L1VCache[0],GPU[1].SA[13].L1VCache[0].Top,GPU[1].SA[13].Conn[3]
GPU[1].SA[13].L1VCache[0],GPU[1].SA[13].L1VCache[0].Bottom,GPU[1].L1ToL2
GPU[1].SA[13].L1VCache[0],GPU[1].SA[13].L1VCache[0].Control,GPU[1].InternalConn
GPU[1].SA[13].L1VCache[1],GPU[1].SA[13].L1VCache[1].Top,GPU[1].SA[13].Conn[7]
GPU[1].SA[13].L1VCache[1],GPU[1].SA[13].L1VCache[1].Bottom,GPU[1].L1ToL2
GPU[1].SA[13].L1VCache[1],GPU[1].SA[13].L1VCache[1].Control,GPU[1].InternalConn
GPU[1].SA[13].L1VCache[2],GPU[1].SA[13].L1VCache[2].Top,GPU[1].SA[13].Conn[11]
GPU[1].SA[13].L1VCache[2],GPU[1].SA[13].L1VCache[2].Bottom,GPU[1].L1ToL2
GPU[1].SA[13].L1VCache[2],GPU[1].SA[13].L1VCache[2].Control,GPU[1].InternalConn
GPU[1].SA[13].L1VCache[3],GPU[1].SA[13].L1VCache[3].Top,GPU[1].SA[13].Conn[15]
GPU[1].SA[13].L1VCache[3],GPU[1].SA[13].L1VCache[3].Bottom,GPU[1].L1ToL2
GPU[1].SA[13].L1VCache[3],GPU[1].SA[13].L1VCache[3].Control,GPU[1].InternalConn
GPU[1].SA[13].L1VTLB[0],GPU[1].SA[13].L1VTLB[0].Top,GPU[1].SA[13].Conn[2]
GPU[1].SA[13].L1VTLB[0],GPU[1].SA[13].L1VTLB[0].Bottom,GPU[1].L1TLBToL2TLB
GPU[1].SA[13].L1VTLB[0],GPU[1].SA[13].L1VTLB[0].Control,GPU[1].InternalConn
GPU[1].SA[13].L1VTLB[1],GPU[1].SA[13].L1VTLB[1].Top,GPU[1].SA[13].Conn[6]
GPU[1].SA[13].L1VTLB[1],GPU[1].SA[13].L1VTLB[1].Bottom,GPU[1].L1TLBToL2TLB
GPU[1].SA[13].L1VTLB[1],GPU[1].SA[13].L1VTLB[1].Control,GPU[1].InternalConn
GPU[1].SA[13].L1VTLB[2],GPU[1].SA[13].L1VTLB[2].Top,GPU[1].SA[13].Conn[10]
GPU[1].SA[13].L1VTLB[2],GPU[1].SA[13].L1VTLB[2].Bottom,GPU[1].L1TLBToL2TLB
GPU[1].SA[13].L1VTLB[2],GPU[1].SA[13].L1VTLB[2].Control,GPU[1].InternalConn
GPU[1].SA[13].L1VTLB[3],GPU[1].SA[13].L1VTLB[3].Top,GPU[1].SA[13].Conn[14]
GPU[1].SA[13].L1VTLB[3],GPU[1].SA[13].L1VTLB[3].Bottom,GPU[1].L1TLBToL2TLB
GPU[1].SA[13].L1VTLB[3],GPU[1].SA[13].L1VTLB[3].Control,GPU[1].InternalConn
GPU[1].SA[13].L1VAddrTrans[0],GPU[1].SA[13].L1VAddrTrans[0].Top,GPU[1].SA[13].Conn[1]
GPU[1].SA[13].L1VAddrTrans[0],GPU[1].SA[13].L1VAddrTrans[0].Bottom,GPU[1].SA[13].Conn[3]
GPU[1].SA[13].L1VAddrTrans[0],GPU[1].SA[13].L1VAddrTrans[0].Translation,GPU[1].SA[13].Conn[2]
GPU[1].SA[13].L1VAddrTrans[0],GPU[1].SA[13].L1VAddrTrans[0].Control,GPU[1].InternalConn
GPU[1].SA[13].L1VAddrTrans[1],GPU[1].SA[13].L1VAddrTrans[1].Top,GPU[1].SA[13].Conn[5]
GPU[1].SA[13].L1VAddrTrans[1],GPU[1].SA[13].L1VAddrTrans[1].Bottom,GPU[1].SA[13].Conn[7]
GPU[1].SA[13].L1VAddrTrans[1],GPU[1].SA[13].L1VAddrTrans[1].Translation,GPU[1].SA[13].Conn[6]
GPU[1].SA[13].L1VAddrTrans[1],GPU[1].SA[13].L1VAddrTrans[1].Control,GPU[1].InternalConn
GPU[1].SA[13].L1VAddrTrans[2],GPU[1].SA[13].L1VAddrTrans[2].Top,GPU[1].SA[13].Conn[9]
GPU[1].SA[13].L1VAddrTrans[2],GPU[1].SA[13].L1VAddrTrans[2].Bottom,GPU[1].SA[13].Conn[11]
GPU[1].SA[13].L1VAddrTrans[2],GPU[1].SA[13].L1VAddrTrans[2].Translation,GPU[1].SA[13].Conn[10]
GPU[1].SA[13].L1VAddrTrans[2],GPU[1].SA[13].L1VAddrTrans[2].Control,GPU[1].InternalConn
GPU[1].SA[13].L1VAddrTrans[3],GPU[1].SA[13].L1VAddrTrans[3].Top,GPU[1].SA[13].Conn[13]
GPU[1].SA[13].L1VAddrTrans[3],GPU[1].SA[13].L1VAddrTrans[3].Bottom,GPU[1].SA[13].Conn[15]
GPU[1].SA[13].L1VAddrTrans[3],GPU[1].SA[13].L1VAddrTrans[3].Translation,GPU[1].SA[13].Conn[14]
GPU[1].SA[13].L1VAddrTrans[3],GPU[1].SA[13].L1VAddrTrans[3].Control,GPU[1].InternalConn
GPU[1].SA[13].L1VROB[0],GPU[1].SA[13].L1VROB[0].Top,GPU[1].SA[13].Conn[0]
GPU[1].SA[13].L1VROB[0],GPU[1].SA[13].L1VROB[0].Bottom,GPU[1].SA[13].Conn[1]
GPU[1].SA[13].L1VROB[0],GPU[1].SA[13].L1VROB[0].Control,GPU[1].InternalConn
GPU[1].SA[13].L1VROB[1],GPU[1].SA[13].L1VROB[1].Top,GPU[1].SA[13].Conn[4]
GPU[1].SA[13].L1VROB[1],GPU[1].SA[13].L1VROB[1].Bottom,GPU[1].SA[13].Conn[5]
GPU[1].SA[13].L1VROB[1],GPU[1].SA[13].L1VROB[1].Control,GPU[1].InternalConn
GPU[1].SA[13].L1VROB[2],GPU[1].SA[13].L1VROB[2].Top,GPU[1].SA[13].Conn[8]
GPU[1].SA[13].L1VROB[2],GPU[1].SA[13].L1VROB[2].Bottom,GPU[1].SA[13].Conn[9]
GPU[1].SA[13].L1VROB[2],GPU[1].SA[13].L1VROB[2].Control,GPU[1].InternalConn
GPU[1].SA[13].L1VROB[3],GPU[1].SA[13].L1VROB[3].Top,GPU[1].SA[13].Conn[12]
GPU[1].SA[13].L1VROB[3],GPU[1].SA[13].L1VROB[3].Bottom,GPU[1].SA[13].Conn[13]
GPU[1].SA[13].L1VROB[3],GPU[1].SA[13].L1VROB[3].Control,GPU[1].InternalConn
GPU[1].SA[13].L1SCache,GPU[1].SA[13].L1SCache.Top,GPU[1].SA[13].Conn[18]
GPU[1].SA[13].L1SCache,GPU[1].SA[13].L1SCache.Bottom,GPU[1].L1ToL2
GPU[1].SA[13].L1SCache,GPU[1].SA[13].L1SCache.Control,GPU[1].InternalConn
GPU[1].SA[13].L1STLB,GPU[1].SA[13].L1STLB.Top,GPU[1].SA[13].Conn[17]
GPU[1].SA[13].L1STLB,GPU[1].SA[13].L1STLB.Bottom,GPU[1].L1TLBToL2TLB
GPU[1].SA[13].L1STLB,GPU[1].SA[13].L1STLB.Control,GPU[1].InternalConn
GPU[1].SA[13].L1SAddrTrans,GPU[1].SA[13].L1SAddrTrans.Top,GPU[1].SA[13].Conn[16]
GPU[1].SA[13].L1SAddrTrans,GPU[1].SA[13].L1SAddrTrans.Bottom,GPU[1].SA[13].Conn[18]
GPU[1].SA[13].L1SAddrTrans,GPU[1].SA[13].L1SAddrTrans.Translation,GPU[1].SA[13].Conn[17]
GPU[1].SA[13].L1SAddrTrans,GPU[1].SA[13].L1SAddrTrans.Control,GPU[1].InternalConn
GPU[1].SA[13].L1SROB,GPU[1].SA[13].L1SROB.Top,GPU[1].SA[13].ScalarMemConn
GPU[1].SA[13].L1SROB,GPU[1].SA[13].L1SROB.Bottom,GPU[1].SA[13].Conn[16]
GPU[1].SA[13].L1SROB,GPU[1].SA[13].L1SROB.Control,GPU[1].InternalConn
GPU[1].SA[13].L1ITLB,GPU[1].SA[13].L1ITLB.Top,GPU[1].SA[13].Conn[21]
GPU[1].SA[13].L1ITLB,GPU[1].SA[13].L1ITLB.Bottom,GPU[1].L1TLBToL2TLB
GPU[1].SA[13].L1ITLB,GPU[1].SA[13].L1ITLB.Control,GPU[1].InternalConn
GPU[1].SA[13].L1IAddrTrans,GPU[1].SA[13].L1IAddrTrans.Top,GPU[1].SA[13].Conn[20]
GPU[1].SA[13].L1IAddrTrans,GPU[1].SA[13].L1IAddrTrans.Bottom,GPU[1].L1ToL2
GPU[1].SA[13].L1IAddrTrans,GPU[1].SA[13].L1IAddrTrans.Translation,GPU[1].SA[13].Conn[21]
GPU[1].SA[13].L1IAddrTrans,GPU[1].SA[13].L1IAddrTrans.Control,GPU[1].InternalConn
GPU[1].SA[13].L1ICache,GPU[1].SA[13].L1ICache.Top,GPU[1].SA[13].Conn[19]
GPU[1].SA[13].L1ICache,GPU[1].SA[13].L1ICache.Bottom,GPU[1].SA[13].Conn[20]
GPU[1].SA[13].L1ICache,GPU[1].SA[13].L1ICache.Control,GPU[1].InternalConn
GPU[1].SA[13].L1IROB,GPU[1].SA[13].L1IROB.Top,GPU[1].SA[13].InstMemConn
GPU[1].SA[13].L1IROB,GPU[1].SA[13].L1IROB.Bottom,GPU[1].SA[13].Conn[19]
GPU[1].SA[13].L1IROB,GPU[1].SA[13].L1IROB.Control,GPU[1].InternalConn
GPU[1].SA[13].CU[0],GPU[1].SA[13].CU[0].Top,GPU[1].InternalConn
GPU[1].SA[13].CU[0],GPU[1].SA[13].CU[0].Ctrl,GPU[1].InternalConn
GPU[1].SA[13].CU[0],GPU[1].SA[13].CU[0].InstMem,GPU[1].SA[13].InstMemConn
GPU[1].SA[13].CU[0],GPU[1].SA[13].CU[0].ScalarMem,GPU[1].SA[13].ScalarMemConn
GPU[1].SA[13].CU[0],GPU[1].SA[13].CU[0].VectorMem,GPU[1].SA[13].Conn[0]
GPU[1].SA[13].CU[1],GPU[1].SA[13].CU[1].Top,GPU[1].InternalConn
GPU[1].SA[13].CU[1],GPU[1].SA[13].CU[1].Ctrl,GPU[1].InternalConn
GPU[1].SA[13].CU[1],GPU[1].SA[13].CU[1].InstMem,GPU[1].SA[13].InstMemConn
GPU[1].SA[13].CU[1],GPU[1].SA[13].CU[1].ScalarMem,GPU[1].SA[13].ScalarMemConn
GPU[1].SA[13].CU[1],GPU[1].SA[13].CU[1].VectorMem,GPU[1].SA[13].Conn[4]
GPU[1].SA[13].CU[2],GPU[1].SA[13].CU[2].Top,GPU[1].InternalConn
GPU[1].SA[13].CU[2],GPU[1].SA[13].CU[2].Ctrl,GPU[1].InternalConn
GPU[1].SA[13].CU[2],GPU[1].SA[13].CU[2].InstMem,GPU[1].SA[13].InstMemConn
GPU[1].SA[13].CU[2],GPU[1].SA[13].CU[2].ScalarMem,GPU[1].SA[13].ScalarMemConn
GPU[1].SA[13].CU[2],GPU[1].SA[13].CU[2].VectorMem,GPU[1].SA[13].Conn[8]
GPU[1].SA[13].CU[3],GPU[1].SA[13].CU[3].Top,GPU[1].InternalConn
GPU[1].SA[13].CU[3],GPU[1].SA[13].CU[3].Ctrl,GPU[1].InternalConn
GPU[1].SA[13].CU[3],GPU[1].SA[13].CU[3].InstMem,GPU[1].SA[13].InstMemConn
GPU[1].SA[13].CU[3],GPU[1].SA[13].CU[3].ScalarMem,GPU[1].SA[13].ScalarMemConn
GPU[1].SA[13].CU[3],GPU[1].SA[13].CU[3].VectorMem,GPU[1].SA[13].Conn[12]
GPU[1].SA[14].L1VCache[0],GPU[1].SA[14].L1VCache[0].Top,GPU[1].SA[14].Conn[3]
GPU[1].SA[14].L1VCache[0],GPU[1].SA[14].L1VCache[0].Bottom,GPU[1].L1ToL2
GPU[1].SA[14].L1VCache[0],GPU[1].SA[14].L1VCache[0].Control,GPU[1].InternalConn
GPU[1].SA[14].L1VCache[1],GPU[1].SA[14].L1VCache[1].Top,GPU[1].SA[14].Conn[7]
GPU[1].SA[14].L1VCache[1],GPU[1].SA[14].L1VCache[1].Bottom,GPU[1].L1ToL2
GPU[1].SA[14].L1VCache[1],GPU[1].SA[14].L1VCache[1].Control,GPU[1].InternalConn
GPU[1].SA[14].L1VCache[2],GPU[1].SA[14].L1VCache[2].Top,GPU[1].SA[14].Conn[11]
GPU[1].SA[14].L1VCache[2],GPU[1].SA[14].L1VCache[2].Bottom,GPU[1].L1ToL2
GPU[1].SA[14].L1VCache[2],GPU[1].SA[14].L1VCache[2].Control,GPU[1].InternalConn
GPU[1].SA[14].L1VCache[3],GPU[1].SA[14].L1VCache[3].Top,GPU[1].SA[14].Conn[15]
GPU[1].SA[14].L1VCache[3],GPU[1].SA[14].L1VCache[3].Bottom,GPU[1].L1ToL2
GPU[1].SA[14].L1VCache[3],GPU[1].SA[14].L1VCache[3].Control,GPU[1].InternalConn
GPU[1].SA[14].L1VTLB[0],GPU[1].SA[14].L1VTLB[0].Top,GPU[1].SA[14].Conn[2]
GPU[1].SA[14].L1VTLB[0],GPU[1].SA[14].L1VTLB[0].Bottom,GPU[1].L1TLBToL2TLB
GPU[1].SA[14].L1VTLB[0],GPU[1].SA[14].L1VTLB[0].Control,GPU[1].InternalConn
GPU[1].SA[14].L1VTLB[1],GPU[1].SA[14].L1VTLB[1].Top,GPU[1].SA[14].Conn[6]
GPU[1].SA[14].L1VTLB[1],GPU[1].SA[14].L1VTLB[1].Bottom,GPU[1].L1TLBToL2TLB
GPU[1].SA[14].L1VTLB[1],GPU[1].SA[14].L1VTLB[1].Control,GPU[1].InternalConn
GPU[1].SA[14].L1VTLB[2],GPU[1].SA[14].L1VTLB[2].Top,GPU[1].SA[14].Conn[10]
GPU[1].SA[14].L1VTLB[2],GPU[1].SA[14].L1VTLB[2].Bottom,GPU[1].L1TLBToL2TLB
GPU[1].SA[14].L1VTLB[2],GPU[1].SA[14].L1VTLB[2].Control,GPU[1].InternalConn
GPU[1].SA[14].L1VTLB[3],GPU[1].SA[14].L1VTLB[3].Top,GPU[1].SA[14].Conn[14]
GPU[1].SA[14].L1VTLB[3],GPU[1].SA[14].L1VTLB[3].Bottom,GPU[1].L1TLBToL2TLB
GPU[1].SA[14].L1VTLB[3],GPU[1].SA[14].L1VTLB[3].Control,GPU[1].InternalConn
GPU[1].SA[14].L1VAddrTrans[0],GPU[1].SA[14].L1VAddrTrans[0].Top,GPU[1].SA[14].Conn[1]
GPU[1].SA[14].L1VAddrTrans[0],GPU[1].SA[14].L1VAddrTrans[0].Bottom,GPU[1].SA[14].Conn[3]
GPU[1].SA[14].L1VAddrTrans[0],GPU[1].SA[14].L1VAddrTrans[0].Translation,GPU[1].SA[14].Conn[2]
GPU[1].SA[14].L1VAddrTrans[0],GPU[1].SA[14].L1VAddrTrans[0].Control,GPU[1].InternalConn
GPU[1].SA[14].L1VAddrTrans[1],GPU[1].SA[14].L1VAddrTrans[1].Top,GPU[1].SA[14].Conn[5]
GPU[1].SA[14].L1VAddrTrans[1],GPU[1].SA[14].L1VAddrTrans[1].Bottom,GPU[1].SA[14].Conn[7]
GPU[1].SA[14].L1VAddrTrans[1],GPU[1].SA[14].L1VAddrTrans[1].Translation,GPU[1].SA[14].Conn[6]
GPU[1].SA[14].L1VAddrTrans[1],GPU[1].SA[14].L1VAddrTrans[1].Control,GPU[1].InternalConn
GPU[1].SA[14].L1VAddrTrans[2],GPU[1].SA[14].L1VAddrTrans[2].Top,GPU[1].SA[14].Conn[9]
GPU[1].SA[14].L1VAddrTrans[2],GPU[1].SA[14].L1VAddrTrans[2].Bottom,GPU[1].SA[14].Conn[11]
GPU[1].SA[14].L1VAddrTrans[2],GPU[1].SA[14].L1VAddrTrans[2].Translation,GPU[1].SA[14].Conn[10]
GPU[1].SA[14].L1VAddrTrans[2],GPU[1].SA[14].L1VAddrTrans[2].Control,GPU[1].InternalConn
GPU[1].SA[14].L1VAddrTrans[3],GPU[1].SA[14].L1VAddrTrans[3].Top,GPU[1].SA[14].Conn[13]
GPU[1].SA[14].L1VAddrTrans[3],GPU[1].SA[14].L1VAddrTrans[3].Bottom,GPU[1].SA[14].Conn[15]
GPU[1].SA[14].L1VAddrTrans[3],GPU[1].SA[14].L1VAddrTrans[3].Translation,GPU[1].SA[14].Conn[14]
GPU[1].SA[14].L1VAddrTrans[3],GPU[1].SA[14].L1VAddrTrans[3].Control,GPU[1].InternalConn
GPU[1].SA[14].L1VROB[0],GPU[1].SA[14].L1VROB[0].Top,GPU[1].SA[14].Conn[0]
GPU[1].SA[14].L1VROB[0],GPU[1].SA[14].L1VROB[0].Bottom,GPU[1].SA[14].Conn[1]
GPU[1].SA[14].L1VROB[0],GPU[1].SA[14].L1VROB[0].Control,GPU[1].InternalConn
GPU[1].SA[14].L1VROB[1],GPU[1].SA[14].L1VROB[1].Top,GPU[1].SA[14].Conn[4]
GPU[1].SA[14].L1VROB[1],GPU[1].SA[14].L1VROB[1].Bottom,GPU[1].SA[14].Conn[5]
GPU[1].SA[14].L1VROB[1],GPU[1].SA[14].L1VROB[1].Control,GPU[1].InternalConn
GPU[1].SA[14].L1VROB[2],GPU[1].SA[14].L1VROB[2].Top,GPU[1].SA[14].Conn[8]
GPU[1].SA[14].L1VROB[2],GPU[1].SA[14].L1VROB[2].Bottom,GPU[1].SA[14].Conn[9]
GPU[1].SA[14].L1VROB[2],GPU[1].SA[14].L1VROB[2].Control,GPU[1].InternalConn
GPU[1].SA[14].L1VROB[3],GPU[1].SA[14].L1VROB[3].Top,GPU[1].SA[14].Conn[12]
GPU[1].SA[14].L1VROB[3],GPU[1].SA[14].L1VROB[3].Bottom,GPU[1].SA[14].Conn[13]
GPU[1].SA[14].L1VROB[3],GPU[1].SA[14].L1VROB[3].Control,GPU[1].InternalConn
GPU[1].SA[14].L1SCache,GPU[1].SA[14].L1SCache.Top,GPU[1].SA[14].Conn[18]
GPU[1].SA[14].L1SCache,GPU[1].SA[14].L1SCache.Bottom,GPU[1].L1ToL2
GPU[1].SA[14].L1SCache,GPU[1].SA[14].L1SCache.Control,GPU[1].InternalConn
GPU[1].SA[14].L1STLB,GPU[1].SA[14].L1STLB.Top,GPU[1].SA[14].Conn[17]
GPU[1].SA[14].L1STLB,GPU[1].SA[14].L1STLB.Bottom,GPU[1].L1TLBToL2TLB
GPU[1].SA[14].L1STLB,GPU[1].SA[14].L1STLB.Control,GPU[1].InternalConn
GPU[1].SA[14].L1SAddrTrans,GPU[1].SA[14].L1SAddrTrans.Top,GPU[1].SA[14].Conn[16]
GPU[1].SA[14].L1SAddrTrans,GPU[1].SA[14].L1SAddrTrans.Bottom,GPU[1].SA[14].Conn[18]
GPU[1].SA[14].L1SAddrTrans,GPU[1].SA[14].L1SAddrTrans.Translation,GPU[1].SA[14].Conn[17]
GPU[1].SA[14].L1SAddrTrans,GPU[1].SA[14].L1SAddrTrans.Control,GPU[1].InternalConn
GPU[1].SA[14].L1SROB,GPU[1].SA[14].L1SROB.Top,GPU[1].SA[14].ScalarMemConn
GPU[1].SA[14].L1SROB,GPU[1].SA[14].L1SROB.Bottom,GPU[1].SA[14].Conn[16]
GPU[1].SA[14].L1SROB,GPU[1].SA[14].L1SROB.Control,GPU[1].InternalConn
GPU[1].SA[14].L1ITLB,GPU[1].SA[14].L1ITLB.Top,GPU[1].SA[14].Conn[21]
GPU[1].SA[14].L1ITLB,GPU[1].SA[14].L1ITLB.Bottom,GPU[1].L1TLBToL2TLB
GPU[1].SA[14].L1ITLB,GPU[1].SA[14].L1ITLB.Control,GPU[1].InternalConn
GPU[1].SA[14].L1IAddrTrans,GPU[1].SA[14].L1IAddrTrans.Top,GPU[1].SA[14].Conn[20]
GPU[1].SA[14].L1IAddrTrans,GPU[1].SA[14].L1IAddrTrans.Bottom,GPU[1].L1ToL2
GPU[1].SA[14].L1IAddrTrans,GPU[1].SA[14].L1IAddrTrans.Translation,GPU[1].SA[14].Conn[21]
GPU[1].SA[14].L1IAddrTrans,GPU[1].SA[14].L1IAddrTrans.Control,GPU[1].InternalConn
GPU[1].SA[14].L1ICache,GPU[1].SA[14].L1ICache.Top,GPU[1].SA[14].Conn[19]
GPU[1].SA[14].L1ICache,GPU[1].SA[14].L1ICache.Bottom,GPU[1].SA[14].Conn[20]
GPU[1].SA[14].L1ICache,GPU[1].SA[14].L1ICache.Control,GPU[1].InternalConn
GPU[1].SA[14].L1IROB,GPU[1].SA[14].L1IROB.Top,GPU[1].SA[14].InstMemConn
GPU[1].SA[14].L1IROB,GPU[1].SA[14].L1IROB.Bottom,GPU[1].SA[14].Conn[19]
GPU[1].SA[14].L1IROB,GPU[1].SA[14].L1IROB.Control,GPU[1].InternalConn
GPU[1].SA[14].CU[0],GPU[1].SA[14].CU[0].Top,GPU[1].InternalConn
GPU[1].SA[14].CU[0],GPU[1].SA[14].CU[0].Ctrl,GPU[1].InternalConn
GPU[1].SA[14].CU[0],GPU[1].SA[14].CU[0].InstMem,GPU[1].SA[14].InstMemConn
GPU[1].SA[14].CU[0],GPU[1].SA[14].CU[0].ScalarMem,GPU[1].SA[14].ScalarMemConn
GPU[1].SA[14].CU[0],GPU[1].SA[14].CU[0].VectorMem,GPU[1].SA[14].Conn[0]
GPU[1].SA[14].CU[1],GPU[1].SA[14].CU[1].Top,GPU[1].InternalConn
GPU[1].SA[14].CU[1],GPU[1].SA[14].CU[1].Ctrl,GPU[1].InternalConn
GPU[1].SA[14].CU[1],GPU[1].SA[14].CU[1].InstMem,GPU[1].SA[14].InstMemConn
GPU[1].SA[14].CU[1],GPU[1].SA[14].CU[1].ScalarMem,GPU[1].SA[14].ScalarMemConn
GPU[1].SA[14].CU[1],GPU[1].SA[14].CU[1].VectorMem,GPU[1].SA[14].Conn[4]
GPU[1].SA[14].CU[2],GPU[1].SA[14].CU[2].Top,GPU[1].InternalConn
GPU[1].SA[14].CU[2],GPU[1].SA[14].CU[2].Ctrl,GPU[1].InternalConn
GPU[1].SA[14].CU[2],GPU[1].SA[14].CU[2].InstMem,GPU[1].SA[14].InstMemConn
GPU[1].SA[14].CU[2],GPU[1].SA[14].CU[2].ScalarMem,GPU[1].SA[14].ScalarMemConn
GPU[1].SA[14].CU[2],GPU[1].SA[14].CU[2].VectorMem,GPU[1].SA[14].Conn[8]
GPU[1].SA[14].CU[3],GPU[1].SA[14].CU[3].Top,GPU[1].InternalConn
GPU[1].SA[14].CU[3],GPU[1].SA[14].CU[3].Ctrl,GPU[1].InternalConn
GPU[1].SA[14].CU[3],GPU[1].SA[14].CU[3].InstMem,GPU[1].SA[14].InstMemConn
GPU[1].SA[14].CU[3],GPU[1].SA[14].CU[3].ScalarMem,GPU[1].SA[14].ScalarMemConn
GPU[1].SA[14].CU[3],GPU[1].SA[14].CU[3].VectorMem,GPU[1].SA[14].Conn[12]
GPU[1].SA[15].L1VCache[0],GPU[1].SA[15].L1VCache[0].Top,GPU[1].SA[15].Conn[3]
GPU[1].SA[15].L1VCache[0],GPU[1].SA[15].L1VCache[0].Bottom,GPU[1].L1ToL2
GPU[1].SA[15].L1VCache[0],GPU[1].SA[15].L1VCache[0].Control,GPU[1].InternalConn
GPU[1].SA[15].L1VCache[1],GPU[1].SA[15].L1VCache[1].Top,GPU[1].SA[15].Conn[7]
GPU[1].SA[15].L1VCache[1],GPU[1].SA[15].L1VCache[1].Bottom,GPU[1].L1ToL2
GPU[1].SA[15].L1VCache[1],GPU[1].SA[15].L1VCache[1].Control,GPU[1].InternalConn
GPU[1].SA[15].L1VCache[2],GPU[1].SA[15].L1VCache[2].Top,GPU[1].SA[15].Conn[11]
GPU[1].SA[15].L1VCache[2],GPU[1].SA[15].L1VCache[2].Bottom,GPU[1].L1ToL2
GPU[1].SA[15].L1VCache[2],GPU[1].SA[15].L1VCache[2].Control,GPU[1].InternalConn
GPU[1].SA[15].L1VCache[3],GPU[1].SA[15].L1VCache[3].Top,GPU[1].SA[15].Conn[15]
GPU[1].SA[15].L1VCache[3],GPU[1].SA[15].L1VCache[3].Bottom,GPU[1].L1ToL2
GPU[1].SA[15].L1VCache[3],GPU[1].SA[15].L1VCache[3].Control,GPU[1].InternalConn
GPU[1].SA[15].L1VTLB[0],GPU[1].SA[15].L1VTLB[0].Top,GPU[1].SA[15].Conn[2]
GPU[1].SA[15].L1VTLB[0],GPU[1].SA[15].L1VTLB[0].Bottom,GPU[1].L1TLBToL2TLB
GPU[1].SA[15].L1VTLB[0],GPU[1].SA[15].L1VTLB[0].Control,GPU[1].InternalConn
GPU[1].SA[15].L1VTLB[1],GPU[1].SA[15].L1VTLB[1].Top,GPU[1].SA[15].Conn[6]
GPU[1].SA[15].L1VTLB[1],GPU[1].SA[15].L1VTLB[1].Bottom,GPU[1].L1TLBToL2TLB
GPU[1].SA[15].L1VTLB[1],GPU[1].SA[15].L1VTLB[1].Control,GPU[1].InternalConn
GPU[1].SA[15].L1VTLB[2],GPU[1].SA[15].L1VTLB[2].Top,GPU[1].SA[15].Conn[10]
GPU[1].SA[15].L1VTLB[2],GPU[1].SA[15].L1VTLB[2].Bottom,GPU[1].L1TLBToL2TLB
GPU[1].SA[15].L1VTLB[2],GPU[1].SA[15].L1VTLB[2].Control,GPU[1].InternalConn
GPU[1].SA[15].L1VTLB[3],GPU[1].SA[15].L1VTLB[3].Top,GPU[1].SA[15].Conn[14]
GPU[1].SA[15].L1VTLB[3],GPU[1].SA[15].L1VTLB[3].Bottom,GPU[1].L1TLBToL2TLB
GPU[1].SA[15].L1VTLB[3],GPU[1].SA[15].L1VTLB[3].Control,GPU[1].InternalConn
GPU[1].SA[15].L1VAddrTrans[0],GPU[1].SA[15].L1VAddrTrans[0].Top,GPU[1].SA[15].Conn[1]
GPU[1].SA[15].L1VAddrTrans[0],GPU[1].SA[15].L1VAddrTrans[0].Bottom,GPU[1].SA[15].Conn[3]
GPU[1].SA[15].L1VAddrTrans[0],GPU[1].SA[15].L1VAddrTrans[0].Translation,GPU[1].SA[15].Conn[2]
GPU[1].SA[15].L1VAddrTrans[0],GPU[1].SA[15].L1VAddrTrans[0].Control,GPU[1].InternalConn
GPU[1].SA[15].L1VAddrTrans[1],GPU[1].SA[15].L1VAddrTrans[1].Top,GPU[1].SA[15].Conn[5]
GPU[1].SA[15].L1VAddrTrans[1],GPU[1].SA[15].L1VAddrTrans[1].Bottom,GPU[1].SA[15].Conn[7]
GPU[1].SA[15].L1VAddrTrans[1],GPU[1].SA[15].L1VAddrTrans[1].Translation,GPU[1].SA[15].Conn[6]
GPU[1].SA[15].L1VAddrTrans[1],GPU[1].SA[15].L1VAddrTrans[1].Control,GPU[1].InternalConn
GPU[1].SA[15].L1VAddrTrans[2],GPU[1].SA[15].L1VAddrTrans[2].Top,GPU[1].SA[15].Conn[9]
GPU[1].SA[15].L1VAddrTrans[2],GPU[1].SA[15].L1VAddrTrans[2].Bottom,GPU[1].SA[15].Conn[11]
GPU[1].SA[15].L1VAddrTrans[2],GPU[1].SA[15].L1VAddrTrans[2].Translation,GPU[1].SA[15].Conn[10]
GPU[1].SA[15].L1VAddrTrans[2],GPU[1].SA[15].L1VAddrTrans[2].Control,GPU[1].InternalConn
GPU[1].SA[15].L1VAddrTrans[3],GPU[1].SA[15].L1VAddrTrans[3].Top,GPU[1].SA[15].Conn[13]
GPU[1].SA[15].L1VAddrTrans[3],GPU[1].SA[15].L1VAddrTrans[3].Bottom,GPU[1].SA[15].Conn[15]
GPU[1].SA[15].L1VAddrTrans[3],GPU[1].SA[15].L1VAddrTrans[3].Translation,GPU[1].SA[15].Conn[14]
GPU[1].SA[15].L1VAddrTrans[3],GPU[1].SA[15].L1VAddrTrans[3].Control,GPU[1].InternalConn
GPU[1].SA[15].L1VROB[0],GPU[1].SA[15].L1VROB[0].Top,GPU[1].SA[15].Conn[0]
GPU[1].SA[15].L1VROB[0],GPU[1].SA[15].L1VROB[0].Bottom,GPU[1].SA[15].Conn[1]
GPU[1].SA[15].L1VROB[0],GPU[1].SA[15].L1VROB[0].Control,GPU[1].InternalConn
GPU[1].SA[15].L1VROB[1],GPU[1].SA[15].L1VROB[1].Top,GPU[1].SA[15].Conn[4]
GPU[1].SA[15].L1VROB[1],GPU[1].SA[15].L1VROB[1].Bottom,GPU[1].SA[15].Conn[5]
GPU[1].SA[15].L1VROB[1],GPU[1].SA[15].L1VROB[1].Control,GPU[1].InternalConn
GPU[1].SA[15].L1VROB[2],GPU[1].SA[15].L1VROB[2].Top,GPU[1].SA[15].Conn[8]
GPU[1].SA[15].L1VROB[2],GPU[1].SA[15].L1VROB[2].Bottom,GPU[1].SA[15].Conn[9]
GPU[1].SA[15].L1VROB[2],GPU[1].SA[15].L1VROB[2].Control,GPU[1].InternalConn
GPU[1].SA[15].L1VROB[3],GPU[1].SA[15].L1VROB[3].Top,GPU[1].SA[15].Conn[12]
GPU[1].SA[15].L1VROB[3],GPU[1].SA[15].L1VROB[3].Bottom,GPU[1].SA[15].Conn[13]
GPU[1].SA[15].L1VROB[3],GPU[1].SA[15].L1VROB[3].Control,GPU[1].InternalConn
GPU[1].SA[15].L1SCache,GPU[1].SA[15].L1SCache.Top,GPU[1].SA[15].Conn[18]
GPU[1].SA[15].L1SCache,GPU[1].SA[15].L1SCache.Bottom,GPU[1].L1ToL2
GPU[1].SA[15].L1SCache,GPU[1].SA[15].L1SCache.Control,GPU[1].InternalConn
GPU[1].SA[15].L1STLB,GPU[1].SA[15].L1STLB.Top,GPU[1].SA[15].Conn[17]
GPU[1].SA[15].L1STLB,GPU[1].SA[15].L1STLB.Bottom,GPU[1].L1TLBToL2TLB
GPU[1].SA[15].L1STLB,GPU[1].SA[15].L1STLB.Control,GPU[1].InternalConn
GPU[1].SA[15].L1SAddrTrans,GPU[1].SA[15].L1SAddrTrans.Top,GPU[1].SA[15].Conn[16]
GPU[1].SA[15].L1SAddrTrans,GPU[1].SA[15].L1SAddrTrans.Bottom,GPU[1].SA[15].Conn[18]
GPU[1].SA[15].L1SAddrTrans,GPU[1].SA[15].L1SAddrTrans.Translation,GPU[1].SA[15].Conn[17]
GPU[1].SA[15].L1SAddrTrans,GPU[1].SA[15].L1SAddrTrans.Control,GPU[1].InternalConn
GPU[1].SA[15].L1SROB,GPU[1].SA[15].L1SROB.Top,GPU[1].SA[15].ScalarMemConn
GPU[1].SA[15].L1SROB,GPU[1].SA[15].L1SROB.Bottom,GPU[1].SA[15].Conn[16]
GPU[1].SA[15].L1SROB,GPU[1].SA[15].L1SROB.Control,GPU[1].InternalConn
GPU[1].SA[15].L1ITLB,GPU[1].SA[15].L1ITLB.Top,GPU[1].SA[15].Conn[21]
GPU[1].SA[15].L1ITLB,GPU[1].SA[15].L1ITLB.Bottom,GPU[1].L1TLBToL2TLB
GPU[1].SA[15].L1ITLB,GPU[1].SA[15].L1ITLB.Control,GPU[1].InternalConn
GPU[1].SA[15].L1IAddrTrans,GPU[1].SA[15].L1IAddrTrans.Top,GPU[1].SA[15].Conn[20]
GPU[1].SA[15].L1IAddrTrans,GPU[1].SA[15].L1IAddrTrans.Bottom,GPU[1].L1ToL2
GPU[1].SA[15].L1IAddrTrans,GPU[1].SA[15].L1IAddrTrans.Translation,GPU[1].SA[15].Conn[21]
GPU[1].SA[15].L1IAddrTrans,GPU[1].SA[15].L1IAddrTrans.Control,GPU[1].InternalConn
GPU[1].SA[15].L1ICache,GPU[1].SA[15].L1ICache.Top,GPU[1].SA[15].Conn[19]
GPU[1].SA[15].L1ICache,GPU[1].SA[15].L1ICache.Bottom,GPU[1].SA[15].Conn[20]
GPU[1].SA[15].L1ICache,GPU[1].SA[15].L1ICache.Control,GPU[1].InternalConn
GPU[1].SA[15].L1IROB,GPU[1].SA[15].L1IROB.Top,GPU[1].SA[15].InstMemConn
GPU[1].SA[15].L1IROB,GPU[1].SA[15].L1IROB.Bottom,GPU[1].SA[15].Conn[19]
GPU[1].SA[15].L1IROB,GPU[1].SA[15].L1IROB.Control,GPU[1].InternalConn
GPU[1].SA[15].CU[0],GPU[1].SA[15].CU[0].Top,GPU[1].InternalConn
GPU[1].SA[15].CU[0],GPU[1].SA[15].CU[0].Ctrl,GPU[1].InternalConn
GPU[1].SA[15].CU[0],GPU[1].SA[15].CU[0].InstMem,GPU[1].SA[15].InstMemConn
GPU[1].SA[15].CU[0],GPU[1].SA[15].CU[0].ScalarMem,GPU[1].SA[15].ScalarMemConn
GPU[1].SA[15].CU[0],GPU[1].SA[15].CU[0].VectorMem,GPU[1].SA[15].Conn[0]
GPU[1].SA[15].CU[1],GPU[1].SA[15].CU[1].Top,GPU[1].InternalConn
GPU[1].SA[15].CU[1],GPU[1].SA[15].CU[1].Ctrl,GPU[1].InternalConn
GPU[1].SA[15].CU[1],GPU[1].SA[15].CU[1].InstMem,GPU[1].SA[15].InstMemConn
GPU[1].SA[15].CU[1],GPU[1].SA[15].CU[1].ScalarMem,GPU[1].SA[15].ScalarMemConn
GPU[1].SA[15].CU[1],GPU[1].SA[15].CU[1].VectorMem,GPU[1].SA[15].Conn[4]
GPU[1].SA[15].CU[2],GPU[1].SA[15].CU[2].Top,GPU[1].InternalConn
GPU[1].SA[15].CU[2],GPU[1].SA[15].CU[2].Ctrl,GPU[1].InternalConn
GPU[1].SA[15].CU[2],GPU[1].SA[15].CU[2].InstMem,GPU[1].SA[15].InstMemConn
GPU[1].SA[15].CU[2],GPU[1].SA[15].CU[2].ScalarMem,GPU[1].SA[15].ScalarMemConn
GPU[1].SA[15].CU[2],GPU[1].SA[15].CU[2].VectorMem,GPU[1].SA[15].Conn[8]
GPU[1].SA[15].CU[3],GPU[1].SA[15].CU[3].Top,GPU[1].InternalConn
GPU[1].SA[15].CU[3],GPU[1].SA[15].CU[3].Ctrl,GPU[1].InternalConn
GPU[1].SA[15].CU[3],GPU[1].SA[15].CU[3].InstMem,GPU[1].SA[15].InstMemConn
GPU[1].SA[15].CU[3],GPU[1].SA[15].CU[3].ScalarMem,GPU[1].SA[15].ScalarMemConn
GPU[1].SA[15].CU[3],GPU[1].SA[15].CU[3].VectorMem,GPU[1].SA[15].Conn[12]
