Location,What,Value,Unit
Driver,kernel_time,0.000145252,second
GPU[1].CommandProcessor,kernel_time,0.00014525,second
GPU[1].SA[0].CU[0],cu_inst_count,68664.0,count
GPU[1].SA[0].CU[0],cu_CPI,2.11540253990446,cycles/inst
GPU[1].SA[0].CU[0],simd_inst_count,57880.0,count
GPU[1].SA[0].CU[0],simd_CPI,2.50953697304768,cycles/inst
GPU[1].SA[0].CU[1],cu_inst_count,68664.0,count
GPU[1].SA[0].CU[1],cu_CPI,2.11540253990446,cycles/inst
GPU[1].SA[0].CU[1],simd_inst_count,57880.0,count
GPU[1].SA[0].CU[1],simd_CPI,2.50953697304768,cycles/inst
GPU[1].SA[0].CU[2],cu_inst_count,68664.0,count
GPU[1].SA[0].CU[2],cu_CPI,2.11540253990446,cycles/inst
GPU[1].SA[0].CU[2],simd_inst_count,57880.0,count
GPU[1].SA[0].CU[2],simd_CPI,2.50953697304768,cycles/inst
GPU[1].SA[0].CU[3],cu_inst_count,68664.0,count
GPU[1].SA[0].CU[3],cu_CPI,2.11540253990446,cycles/inst
GPU[1].SA[0].CU[3],simd_inst_count,57880.0,count
GPU[1].SA[0].CU[3],simd_CPI,2.50953697304768,cycles/inst
GPU[1].SA[1].CU[0],cu_inst_count,68664.0,count
GPU[1].SA[1].CU[0],cu_CPI,2.11540253990446,cycles/inst
GPU[1].SA[1].CU[0],simd_inst_count,57880.0,count
GPU[1].SA[1].CU[0],simd_CPI,2.50953697304768,cycles/inst
GPU[1].SA[1].CU[1],cu_inst_count,68664.0,count
GPU[1].SA[1].CU[1],cu_CPI,2.11540253990446,cycles/inst
GPU[1].SA[1].CU[1],simd_inst_count,57880.0,count
GPU[1].SA[1].CU[1],simd_CPI,2.50953697304768,cycles/inst
GPU[1].SA[1].CU[2],cu_inst_count,68664.0,count
GPU[1].SA[1].CU[2],cu_CPI,2.11540253990446,cycles/inst
GPU[1].SA[1].CU[2],simd_inst_count,57880.0,count
GPU[1].SA[1].CU[2],simd_CPI,2.50953697304768,cycles/inst
GPU[1].SA[1].CU[3],cu_inst_count,68664.0,count
GPU[1].SA[1].CU[3],cu_CPI,2.11540253990446,cycles/inst
GPU[1].SA[1].CU[3],simd_inst_count,57880.0,count
GPU[1].SA[1].CU[3],simd_CPI,2.50953697304768,cycles/inst
GPU[1].SA[2].CU[0],cu_inst_count,68664.0,count
GPU[1].SA[2].CU[0],cu_CPI,2.11540253990446,cycles/inst
GPU[1].SA[2].CU[0],simd_inst_count,57880.0,count
GPU[1].SA[2].CU[0],simd_CPI,2.50953697304768,cycles/inst
GPU[1].SA[2].CU[1],cu_inst_count,68664.0,count
GPU[1].SA[2].CU[1],cu_CPI,2.11540253990446,cycles/inst
GPU[1].SA[2].CU[1],simd_inst_count,57880.0,count
GPU[1].SA[2].CU[1],simd_CPI,2.50953697304768,cycles/inst
GPU[1].SA[2].CU[2],cu_inst_count,68664.0,count
GPU[1].SA[2].CU[2],cu_CPI,2.11540253990446,cycles/inst
GPU[1].SA[2].CU[2],simd_inst_count,57880.0,count
GPU[1].SA[2].CU[2],simd_CPI,2.50953697304768,cycles/inst
GPU[1].SA[2].CU[3],cu_inst_count,68664.0,count
GPU[1].SA[2].CU[3],cu_CPI,2.11540253990446,cycles/inst
GPU[1].SA[2].CU[3],simd_inst_count,57880.0,count
GPU[1].SA[2].CU[3],simd_CPI,2.50953697304768,cycles/inst
GPU[1].SA[3].CU[0],cu_inst_count,68664.0,count
GPU[1].SA[3].CU[0],cu_CPI,2.11540253990446,cycles/inst
GPU[1].SA[3].CU[0],simd_inst_count,57880.0,count
GPU[1].SA[3].CU[0],simd_CPI,2.50953697304768,cycles/inst
GPU[1].SA[3].CU[1],cu_inst_count,68664.0,count
GPU[1].SA[3].CU[1],cu_CPI,2.11540253990446,cycles/inst
GPU[1].SA[3].CU[1],simd_inst_count,57880.0,count
GPU[1].SA[3].CU[1],simd_CPI,2.50953697304768,cycles/inst
GPU[1].SA[3].CU[2],cu_inst_count,68664.0,count
GPU[1].SA[3].CU[2],cu_CPI,2.11540253990446,cycles/inst
GPU[1].SA[3].CU[2],simd_inst_count,57880.0,count
GPU[1].SA[3].CU[2],simd_CPI,2.50953697304768,cycles/inst
GPU[1].SA[3].CU[3],cu_inst_count,68664.0,count
GPU[1].SA[3].CU[3],cu_CPI,2.11540253990446,cycles/inst
GPU[1].SA[3].CU[3],simd_inst_count,57880.0,count
GPU[1].SA[3].CU[3],simd_CPI,2.50953697304768,cycles/inst
GPU[1].SA[4].CU[0],cu_inst_count,68664.0,count
GPU[1].SA[4].CU[0],cu_CPI,2.11540253990446,cycles/inst
GPU[1].SA[4].CU[0],simd_inst_count,57880.0,count
GPU[1].SA[4].CU[0],simd_CPI,2.50953697304768,cycles/inst
GPU[1].SA[4].CU[1],cu_inst_count,68664.0,count
GPU[1].SA[4].CU[1],cu_CPI,2.11540253990446,cycles/inst
GPU[1].SA[4].CU[1],simd_inst_count,57880.0,count
GPU[1].SA[4].CU[1],simd_CPI,2.50953697304768,cycles/inst
GPU[1].SA[4].CU[2],cu_inst_count,68664.0,count
GPU[1].SA[4].CU[2],cu_CPI,2.11540253990446,cycles/inst
GPU[1].SA[4].CU[2],simd_inst_count,57880.0,count
GPU[1].SA[4].CU[2],simd_CPI,2.50953697304768,cycles/inst
GPU[1].SA[4].CU[3],cu_inst_count,68664.0,count
GPU[1].SA[4].CU[3],cu_CPI,2.11540253990446,cycles/inst
GPU[1].SA[4].CU[3],simd_inst_count,57880.0,count
GPU[1].SA[4].CU[3],simd_CPI,2.50953697304768,cycles/inst
GPU[1].SA[5].CU[0],cu_inst_count,68664.0,count
GPU[1].SA[5].CU[0],cu_CPI,2.11540253990446,cycles/inst
GPU[1].SA[5].CU[0],simd_inst_count,57880.0,count
GPU[1].SA[5].CU[0],simd_CPI,2.50953697304768,cycles/inst
GPU[1].SA[5].CU[1],cu_inst_count,68664.0,count
GPU[1].SA[5].CU[1],cu_CPI,2.11540253990446,cycles/inst
GPU[1].SA[5].CU[1],simd_inst_count,57880.0,count
GPU[1].SA[5].CU[1],simd_CPI,2.50953697304768,cycles/inst
GPU[1].SA[5].CU[2],cu_inst_count,68664.0,count
GPU[1].SA[5].CU[2],cu_CPI,2.11540253990446,cycles/inst
GPU[1].SA[5].CU[2],simd_inst_count,57880.0,count
GPU[1].SA[5].CU[2],simd_CPI,2.50953697304768,cycles/inst
GPU[1].SA[5].CU[3],cu_inst_count,68664.0,count
GPU[1].SA[5].CU[3],cu_CPI,2.11540253990446,cycles/inst
GPU[1].SA[5].CU[3],simd_inst_count,57880.0,count
GPU[1].SA[5].CU[3],simd_CPI,2.50953697304768,cycles/inst
GPU[1].SA[6].CU[0],cu_inst_count,68664.0,count
GPU[1].SA[6].CU[0],cu_CPI,2.11540253990446,cycles/inst
GPU[1].SA[6].CU[0],simd_inst_count,57880.0,count
GPU[1].SA[6].CU[0],simd_CPI,2.50953697304768,cycles/inst
GPU[1].SA[6].CU[1],cu_inst_count,68664.0,count
GPU[1].SA[6].CU[1],cu_CPI,2.11540253990446,cycles/inst
GPU[1].SA[6].CU[1],simd_inst_count,57880.0,count
GPU[1].SA[6].CU[1],simd_CPI,2.50953697304768,cycles/inst
GPU[1].SA[6].CU[2],cu_inst_count,68664.0,count
GPU[1].SA[6].CU[2],cu_CPI,2.11540253990446,cycles/inst
GPU[1].SA[6].CU[2],simd_inst_count,57880.0,count
GPU[1].SA[6].CU[2],simd_CPI,2.50953697304768,cycles/inst
GPU[1].SA[6].CU[3],cu_inst_count,68664.0,count
GPU[1].SA[6].CU[3],cu_CPI,2.11540253990446,cycles/inst
GPU[1].SA[6].CU[3],simd_inst_count,57880.0,count
GPU[1].SA[6].CU[3],simd_CPI,2.50953697304768,cycles/inst
GPU[1].SA[7].CU[0],cu_inst_count,68664.0,count
GPU[1].SA[7].CU[0],cu_CPI,2.11540253990446,cycles/inst
GPU[1].SA[7].CU[0],simd_inst_count,57880.0,count
GPU[1].SA[7].CU[0],simd_CPI,2.50953697304768,cycles/inst
GPU[1].SA[7].CU[1],cu_inst_count,68664.0,count
GPU[1].SA[7].CU[1],cu_CPI,2.11540253990446,cycles/inst
GPU[1].SA[7].CU[1],simd_inst_count,57880.0,count
GPU[1].SA[7].CU[1],simd_CPI,2.50953697304768,cycles/inst
GPU[1].SA[7].CU[2],cu_inst_count,68664.0,count
GPU[1].SA[7].CU[2],cu_CPI,2.11540253990446,cycles/inst
GPU[1].SA[7].CU[2],simd_inst_count,57880.0,count
GPU[1].SA[7].CU[2],simd_CPI,2.50953697304768,cycles/inst
GPU[1].SA[7].CU[3],cu_inst_count,68664.0,count
GPU[1].SA[7].CU[3],cu_CPI,2.11540253990446,cycles/inst
GPU[1].SA[7].CU[3],simd_inst_count,57880.0,count
GPU[1].SA[7].CU[3],simd_CPI,2.50953697304768,cycles/inst
GPU[1].SA[8].CU[0],cu_inst_count,68664.0,count
GPU[1].SA[8].CU[0],cu_CPI,2.11540253990446,cycles/inst
GPU[1].SA[8].CU[0],simd_inst_count,57880.0,count
GPU[1].SA[8].CU[0],simd_CPI,2.50953697304768,cycles/inst
GPU[1].SA[8].CU[1],cu_inst_count,68664.0,count
GPU[1].SA[8].CU[1],cu_CPI,2.11540253990446,cycles/inst
GPU[1].SA[8].CU[1],simd_inst_count,57880.0,count
GPU[1].SA[8].CU[1],simd_CPI,2.50953697304768,cycles/inst
GPU[1].SA[8].CU[2],cu_inst_count,68664.0,count
GPU[1].SA[8].CU[2],cu_CPI,2.11540253990446,cycles/inst
GPU[1].SA[8].CU[2],simd_inst_count,57880.0,count
GPU[1].SA[8].CU[2],simd_CPI,2.50953697304768,cycles/inst
GPU[1].SA[8].CU[3],cu_inst_count,68664.0,count
GPU[1].SA[8].CU[3],cu_CPI,2.11540253990446,cycles/inst
GPU[1].SA[8].CU[3],simd_inst_count,57880.0,count
GPU[1].SA[8].CU[3],simd_CPI,2.50953697304768,cycles/inst
GPU[1].SA[9].CU[0],cu_inst_count,68664.0,count
GPU[1].SA[9].CU[0],cu_CPI,2.11540253990446,cycles/inst
GPU[1].SA[9].CU[0],simd_inst_count,57880.0,count
GPU[1].SA[9].CU[0],simd_CPI,2.50953697304768,cycles/inst
GPU[1].SA[9].CU[1],cu_inst_count,68664.0,count
GPU[1].SA[9].CU[1],cu_CPI,2.11540253990446,cycles/inst
GPU[1].SA[9].CU[1],simd_inst_count,57880.0,count
GPU[1].SA[9].CU[1],simd_CPI,2.50953697304768,cycles/inst
GPU[1].SA[9].CU[2],cu_inst_count,68664.0,count
GPU[1].SA[9].CU[2],cu_CPI,2.11540253990446,cycles/inst
GPU[1].SA[9].CU[2],simd_inst_count,57880.0,count
GPU[1].SA[9].CU[2],simd_CPI,2.50953697304768,cycles/inst
GPU[1].SA[9].CU[3],cu_inst_count,68664.0,count
GPU[1].SA[9].CU[3],cu_CPI,2.11540253990446,cycles/inst
GPU[1].SA[9].CU[3],simd_inst_count,57880.0,count
GPU[1].SA[9].CU[3],simd_CPI,2.50953697304768,cycles/inst
GPU[1].SA[10].CU[0],cu_inst_count,68664.0,count
GPU[1].SA[10].CU[0],cu_CPI,2.11540253990446,cycles/inst
GPU[1].SA[10].CU[0],simd_inst_count,57880.0,count
GPU[1].SA[10].CU[0],simd_CPI,2.50953697304768,cycles/inst
GPU[1].SA[10].CU[1],cu_inst_count,68664.0,count
GPU[1].SA[10].CU[1],cu_CPI,2.11540253990446,cycles/inst
GPU[1].SA[10].CU[1],simd_inst_count,57880.0,count
GPU[1].SA[10].CU[1],simd_CPI,2.50953697304768,cycles/inst
GPU[1].SA[10].CU[2],cu_inst_count,68664.0,count
GPU[1].SA[10].CU[2],cu_CPI,2.11540253990446,cycles/inst
GPU[1].SA[10].CU[2],simd_inst_count,57880.0,count
GPU[1].SA[10].CU[2],simd_CPI,2.50953697304768,cycles/inst
GPU[1].SA[10].CU[3],cu_inst_count,68664.0,count
GPU[1].SA[10].CU[3],cu_CPI,2.11540253990446,cycles/inst
GPU[1].SA[10].CU[3],simd_inst_count,57880.0,count
GPU[1].SA[10].CU[3],simd_CPI,2.50953697304768,cycles/inst
GPU[1].SA[11].CU[0],cu_inst_count,68664.0,count
GPU[1].SA[11].CU[0],cu_CPI,2.11540253990446,cycles/inst
GPU[1].SA[11].CU[0],simd_inst_count,57880.0,count
GPU[1].SA[11].CU[0],simd_CPI,2.50953697304768,cycles/inst
GPU[1].SA[11].CU[1],cu_inst_count,68664.0,count
GPU[1].SA[11].CU[1],cu_CPI,2.11540253990446,cycles/inst
GPU[1].SA[11].CU[1],simd_inst_count,57880.0,count
GPU[1].SA[11].CU[1],simd_CPI,2.50953697304768,cycles/inst
GPU[1].SA[11].CU[2],cu_inst_count,68664.0,count
GPU[1].SA[11].CU[2],cu_CPI,2.11540253990446,cycles/inst
GPU[1].SA[11].CU[2],simd_inst_count,57880.0,count
GPU[1].SA[11].CU[2],simd_CPI,2.50953697304768,cycles/inst
GPU[1].SA[11].CU[3],cu_inst_count,68664.0,count
GPU[1].SA[11].CU[3],cu_CPI,2.11540253990446,cycles/inst
GPU[1].SA[11].CU[3],simd_inst_count,57880.0,count
GPU[1].SA[11].CU[3],simd_CPI,2.50953697304768,cycles/inst
GPU[1].SA[12].CU[0],cu_inst_count,68664.0,count
GPU[1].SA[12].CU[0],cu_CPI,2.11540253990446,cycles/inst
GPU[1].SA[12].CU[0],simd_inst_count,57880.0,count
GPU[1].SA[12].CU[0],simd_CPI,2.50953697304768,cycles/inst
GPU[1].SA[12].CU[1],cu_inst_count,68664.0,count
GPU[1].SA[12].CU[1],cu_CPI,2.11540253990446,cycles/inst
GPU[1].SA[12].CU[1],simd_inst_count,57880.0,count
GPU[1].SA[12].CU[1],simd_CPI,2.50953697304768,cycles/inst
GPU[1].SA[12].CU[2],cu_inst_count,68664.0,count
GPU[1].SA[12].CU[2],cu_CPI,2.11540253990446,cycles/inst
GPU[1].SA[12].CU[2],simd_inst_count,57880.0,count
GPU[1].SA[12].CU[2],simd_CPI,2.50953697304768,cycles/inst
GPU[1].SA[12].CU[3],cu_inst_count,68664.0,count
GPU[1].SA[12].CU[3],cu_CPI,2.11540253990446,cycles/inst
GPU[1].SA[12].CU[3],simd_inst_count,57880.0,count
GPU[1].SA[12].CU[3],simd_CPI,2.50953697304768,cycles/inst
GPU[1].SA[13].CU[0],cu_inst_count,68664.0,count
GPU[1].SA[13].CU[0],cu_CPI,2.11540253990446,cycles/inst
GPU[1].SA[13].CU[0],simd_inst_count,57880.0,count
GPU[1].SA[13].CU[0],simd_CPI,2.50953697304768,cycles/inst
GPU[1].SA[13].CU[1],cu_inst_count,68664.0,count
GPU[1].SA[13].CU[1],cu_CPI,2.11540253990446,cycles/inst
GPU[1].SA[13].CU[1],simd_inst_count,57880.0,count
GPU[1].SA[13].CU[1],simd_CPI,2.50953697304768,cycles/inst
GPU[1].SA[13].CU[2],cu_inst_count,68664.0,count
GPU[1].SA[13].CU[2],cu_CPI,2.11540253990446,cycles/inst
GPU[1].SA[13].CU[2],simd_inst_count,57880.0,count
GPU[1].SA[13].CU[2],simd_CPI,2.50953697304768,cycles/inst
GPU[1].SA[13].CU[3],cu_inst_count,68664.0,count
GPU[1].SA[13].CU[3],cu_CPI,2.11540253990446,cycles/inst
GPU[1].SA[13].CU[3],simd_inst_count,57880.0,count
GPU[1].SA[13].CU[3],simd_CPI,2.50953697304768,cycles/inst
GPU[1].SA[14].CU[0],cu_inst_count,68664.0,count
GPU[1].SA[14].CU[0],cu_CPI,2.11540253990446,cycles/inst
GPU[1].SA[14].CU[0],simd_inst_count,57880.0,count
GPU[1].SA[14].CU[0],simd_CPI,2.50953697304768,cycles/inst
GPU[1].SA[14].CU[1],cu_inst_count,68664.0,count
GPU[1].SA[14].CU[1],cu_CPI,2.11540253990446,cycles/inst
GPU[1].SA[14].CU[1],simd_inst_count,57880.0,count
GPU[1].SA[14].CU[1],simd_CPI,2.50953697304768,cycles/inst
GPU[1].SA[14].CU[2],cu_inst_count,68664.0,count
GPU[1].SA[14].CU[2],cu_CPI,2.11540253990446,cycles/inst
GPU[1].SA[14].CU[2],simd_inst_count,57880.0,count
GPU[1].SA[14].CU[2],simd_CPI,2.50953697304768,cycles/inst
GPU[1].SA[14].CU[3],cu_inst_count,68664.0,count
GPU[1].SA[14].CU[3],cu_CPI,2.11540253990446,cycles/inst
GPU[1].SA[14].CU[3],simd_inst_count,57880.0,count
GPU[1].SA[14].CU[3],simd_CPI,2.50953697304768,cycles/inst
GPU[1].SA[15].CU[0],cu_inst_count,68664.0,count
GPU[1].SA[15].CU[0],cu_CPI,2.11540253990446,cycles/inst
GPU[1].SA[15].CU[0],simd_inst_count,57880.0,count
GPU[1].SA[15].CU[0],simd_CPI,2.50953697304768,cycles/inst
GPU[1].SA[15].CU[1],cu_inst_count,68664.0,count
GPU[1].SA[15].CU[1],cu_CPI,2.11540253990446,cycles/inst
GPU[1].SA[15].CU[1],simd_inst_count,57880.0,count
GPU[1].SA[15].CU[1],simd_CPI,2.50953697304768,cycles/inst
GPU[1].SA[15].CU[2],cu_inst_count,68664.0,count
GPU[1].SA[15].CU[2],cu_CPI,2.11540253990446,cycles/inst
GPU[1].SA[15].CU[2],simd_inst_count,57880.0,count
GPU[1].SA[15].CU[2],simd_CPI,2.50953697304768,cycles/inst
GPU[1].SA[15].CU[3],cu_inst_count,68664.0,count
GPU[1].SA[15].CU[3],cu_CPI,2.11540253990446,cycles/inst
GPU[1].SA[15].CU[3],simd_inst_count,57880.0,count
GPU[1].SA[15].CU[3],simd_CPI,2.50953697304768,cycles/inst
GPU[1].SA[0].CU[0],CPIStack.Branch,0.00600023301875794,cycles/inst
GPU[1].SA[0].CU[0],CPIStack.Fetch,0.00891296749388326,cycles/inst
GPU[1].SA[0].CU[0],CPIStack.Idle,1.45636723756582e-05,cycles/inst
GPU[1].SA[0].CU[0],CPIStack.LDS,0.264811254806009,cycles/inst
GPU[1].SA[0].CU[0],CPIStack.ScalarInst,0.0604974950483507,cycles/inst
GPU[1].SA[0].CU[0],CPIStack.ScalarMem,0.00506815798671789,cycles/inst
GPU[1].SA[0].CU[0],CPIStack.ScalarMemInst,8.73820342537517e-05,cycles/inst
GPU[1].SA[0].CU[0],CPIStack.Special,0.000145636723755792,cycles/inst
GPU[1].SA[0].CU[0],CPIStack.VALU,1.27223872771758,cycles/inst
GPU[1].SA[0].CU[0],CPIStack.VMem,0.433764418035654,cycles/inst
GPU[1].SA[0].CU[0],CPIStack.VMemInst,0.000320400792263493,cycles/inst
GPU[1].SA[0].CU[0],CPIStack.total,2.37884480950717,cycles/inst
GPU[1].SA[0].CU[0],SIMDCPIStack.Branch,0.0071181755355908,cycles/inst
GPU[1].SA[0].CU[0],SIMDCPIStack.Fetch,0.010573600552868,cycles/inst
GPU[1].SA[0].CU[0],SIMDCPIStack.Idle,1.72771250864235e-05,cycles/inst
GPU[1].SA[0].CU[0],SIMDCPIStack.LDS,0.314149965445746,cycles/inst
GPU[1].SA[0].CU[0],SIMDCPIStack.ScalarInst,0.0717691776088451,cycles/inst
GPU[1].SA[0].CU[0],SIMDCPIStack.ScalarMem,0.00601243953006215,cycles/inst
GPU[1].SA[0].CU[0],SIMDCPIStack.ScalarMemInst,0.000103662750518307,cycles/inst
GPU[1].SA[0].CU[0],SIMDCPIStack.Special,0.000172771250863298,cycles/inst
GPU[1].SA[0].CU[0],SIMDCPIStack.VALU,1.50927781617139,cycles/inst
GPU[1].SA[0].CU[0],SIMDCPIStack.VMem,0.514581893572912,cycles/inst
GPU[1].SA[0].CU[0],SIMDCPIStack.VMemInst,0.000380096751900146,cycles/inst
GPU[1].SA[0].CU[0],SIMDCPIStack.total,2.82206288873531,cycles/inst
GPU[1].SA[0].CU[1],CPIStack.Branch,0.00141267622043578,cycles/inst
GPU[1].SA[0].CU[1],CPIStack.Fetch,0.0104421530933234,cycles/inst
GPU[1].SA[0].CU[1],CPIStack.Idle,1.45636723756582e-05,cycles/inst
GPU[1].SA[0].CU[1],CPIStack.LDS,0.252403005941981,cycles/inst
GPU[1].SA[0].CU[1],CPIStack.ScalarInst,0.0560410113014063,cycles/inst
GPU[1].SA[0].CU[1],CPIStack.ScalarMem,0.00508272165909355,cycles/inst
GPU[1].SA[0].CU[1],CPIStack.ScalarMemInst,8.73820342537517e-05,cycles/inst
GPU[1].SA[0].CU[1],CPIStack.Special,5.82546895026327e-05,cycles/inst
GPU[1].SA[0].CU[1],CPIStack.VALU,1.2761126645695,cycles/inst
GPU[1].SA[0].CU[1],CPIStack.VMem,0.449886403355469,cycles/inst
GPU[1].SA[0].CU[1],CPIStack.VMemInst,0.000320400792263888,cycles/inst
GPU[1].SA[0].CU[1],CPIStack.total,2.37884480950717,cycles/inst
GPU[1].SA[0].CU[1],SIMDCPIStack.Branch,0.00167588113337945,cycles/inst
GPU[1].SA[0].CU[1],SIMDCPIStack.Fetch,0.0123876986869378,cycles/inst
GPU[1].SA[0].CU[1],SIMDCPIStack.Idle,1.72771250864235e-05,cycles/inst
GPU[1].SA[0].CU[1],SIMDCPIStack.LDS,0.299429854872152,cycles/inst
GPU[1].SA[0].CU[1],SIMDCPIStack.ScalarInst,0.0664823773324078,cycles/inst
GPU[1].SA[0].CU[1],SIMDCPIStack.ScalarMem,0.00602971665514858,cycles/inst
GPU[1].SA[0].CU[1],SIMDCPIStack.ScalarMemInst,0.000103662750518307,cycles/inst
GPU[1].SA[0].CU[1],SIMDCPIStack.Special,6.9108500345694e-05,cycles/inst
GPU[1].SA[0].CU[1],SIMDCPIStack.VALU,1.51387353144437,cycles/inst
GPU[1].SA[0].CU[1],SIMDCPIStack.VMem,0.533707671043537,cycles/inst
GPU[1].SA[0].CU[1],SIMDCPIStack.VMemInst,0.000380096751900615,cycles/inst
GPU[1].SA[0].CU[1],SIMDCPIStack.total,2.82206288873531,cycles/inst
GPU[1].SA[0].CU[2],CPIStack.Branch,0.000582546895025241,cycles/inst
GPU[1].SA[0].CU[2],CPIStack.Fetch,0.00978678783642078,cycles/inst
GPU[1].SA[0].CU[2],CPIStack.Idle,1.45636723756582e-05,cycles/inst
GPU[1].SA[0].CU[2],CPIStack.LDS,0.253640918093906,cycles/inst
GPU[1].SA[0].CU[2],CPIStack.ScalarInst,0.0567400675754412,cycles/inst
GPU[1].SA[0].CU[2],CPIStack.ScalarMem,0.00506815798671799,cycles/inst
GPU[1].SA[0].CU[2],CPIStack.ScalarMemInst,8.73820342537517e-05,cycles/inst
GPU[1].SA[0].CU[2],CPIStack.Special,0.0,cycles/inst
GPU[1].SA[0].CU[2],CPIStack.VALU,1.27168530816731,cycles/inst
GPU[1].SA[0].CU[2],CPIStack.VMem,0.454080740999651,cycles/inst
GPU[1].SA[0].CU[2],CPIStack.VMemInst,0.000218455085634478,cycles/inst
GPU[1].SA[0].CU[2],CPIStack.total,2.37884480950717,cycles/inst
GPU[1].SA[0].CU[2],SIMDCPIStack.Branch,0.000691085003455652,cycles/inst
GPU[1].SA[0].CU[2],SIMDCPIStack.Fetch,0.0116102280580511,cycles/inst
GPU[1].SA[0].CU[2],SIMDCPIStack.Idle,1.72771250864235e-05,cycles/inst
GPU[1].SA[0].CU[2],SIMDCPIStack.LDS,0.300898410504492,cycles/inst
GPU[1].SA[0].CU[2],SIMDCPIStack.ScalarInst,0.06731167933656,cycles/inst
GPU[1].SA[0].CU[2],SIMDCPIStack.ScalarMem,0.00601243953006227,cycles/inst
GPU[1].SA[0].CU[2],SIMDCPIStack.ScalarMemInst,0.000103662750518307,cycles/inst
GPU[1].SA[0].CU[2],SIMDCPIStack.Special,0.0,cycles/inst
GPU[1].SA[0].CU[2],SIMDCPIStack.VALU,1.5086212854181,cycles/inst
GPU[1].SA[0].CU[2],SIMDCPIStack.VMem,0.538683483068418,cycles/inst
GPU[1].SA[0].CU[2],SIMDCPIStack.VMemInst,0.000259156876295884,cycles/inst
GPU[1].SA[0].CU[2],SIMDCPIStack.total,2.82206288873531,cycles/inst
GPU[1].SA[0].CU[3],CPIStack.Branch,0.000640801584527874,cycles/inst
GPU[1].SA[0].CU[3],CPIStack.Fetch,0.00945182337178074,cycles/inst
GPU[1].SA[0].CU[3],CPIStack.Idle,1.45636723756582e-05,cycles/inst
GPU[1].SA[0].CU[3],CPIStack.LDS,0.253538972387276,cycles/inst
GPU[1].SA[0].CU[3],CPIStack.ScalarInst,0.0551089362693717,cycles/inst
GPU[1].SA[0].CU[3],CPIStack.ScalarMem,0.00518466736572286,cycles/inst
GPU[1].SA[0].CU[3],CPIStack.ScalarMemInst,8.73820342537517e-05,cycles/inst
GPU[1].SA[0].CU[3],CPIStack.Special,1.45636723755595e-05,cycles/inst
GPU[1].SA[0].CU[3],CPIStack.VALU,1.27739426773855,cycles/inst
GPU[1].SA[0].CU[3],CPIStack.VMem,0.456673074682512,cycles/inst
GPU[1].SA[0].CU[3],CPIStack.VMemInst,0.000233018758009939,cycles/inst
GPU[1].SA[0].CU[3],CPIStack.total,2.37884480950717,cycles/inst
GPU[1].SA[0].CU[3],SIMDCPIStack.Branch,0.000760193503801347,cycles/inst
GPU[1].SA[0].CU[3],SIMDCPIStack.Fetch,0.0112128541810635,cycles/inst
GPU[1].SA[0].CU[3],SIMDCPIStack.Idle,1.72771250864235e-05,cycles/inst
GPU[1].SA[0].CU[3],SIMDCPIStack.LDS,0.300777470628886,cycles/inst
GPU[1].SA[0].CU[3],SIMDCPIStack.ScalarInst,0.0653766413268856,cycles/inst
GPU[1].SA[0].CU[3],SIMDCPIStack.ScalarMem,0.00615065653075319,cycles/inst
GPU[1].SA[0].CU[3],SIMDCPIStack.ScalarMemInst,0.000103662750518307,cycles/inst
GPU[1].SA[0].CU[3],SIMDCPIStack.Special,1.72771250863064e-05,cycles/inst
GPU[1].SA[0].CU[3],SIMDCPIStack.VALU,1.51539391845197,cycles/inst
GPU[1].SA[0].CU[3],SIMDCPIStack.VMem,0.541758811333795,cycles/inst
GPU[1].SA[0].CU[3],SIMDCPIStack.VMemInst,0.000276434001382074,cycles/inst
GPU[1].SA[0].CU[3],SIMDCPIStack.total,2.82206288873531,cycles/inst
GPU[1].SA[1].CU[0],CPIStack.Branch,0.000422346498893297,cycles/inst
GPU[1].SA[1].CU[0],CPIStack.Fetch,0.00841780263311187,cycles/inst
GPU[1].SA[1].CU[0],CPIStack.Idle,1.45636723756582e-05,cycles/inst
GPU[1].SA[1].CU[0],CPIStack.LDS,0.239659792613304,cycles/inst
GPU[1].SA[1].CU[0],CPIStack.ScalarInst,0.0513515087964558,cycles/inst
GPU[1].SA[1].CU[0],CPIStack.ScalarMem,0.00506815798671789,cycles/inst
GPU[1].SA[1].CU[0],CPIStack.ScalarMemInst,8.73820342537517e-05,cycles/inst
GPU[1].SA[1].CU[0],CPIStack.Special,1.45636723755595e-05,cycles/inst
GPU[1].SA[1].CU[0],CPIStack.VALU,1.29392403588489,cycles/inst
GPU[1].SA[1].CU[0],CPIStack.VMem,0.452726319468718,cycles/inst
GPU[1].SA[1].CU[0],CPIStack.VMemInst,0.000174764068507503,cycles/inst
GPU[1].SA[1].CU[0],CPIStack.total,2.37884480950717,cycles/inst
GPU[1].SA[1].CU[0],SIMDCPIStack.Branch,0.000501036627505345,cycles/inst
GPU[1].SA[1].CU[0],SIMDCPIStack.Fetch,0.00998617829993078,cycles/inst
GPU[1].SA[1].CU[0],SIMDCPIStack.Idle,1.72771250864235e-05,cycles/inst
GPU[1].SA[1].CU[0],SIMDCPIStack.LDS,0.28431237042156,cycles/inst
GPU[1].SA[1].CU[0],SIMDCPIStack.ScalarInst,0.060919143054593,cycles/inst
GPU[1].SA[1].CU[0],SIMDCPIStack.ScalarMem,0.00601243953006215,cycles/inst
GPU[1].SA[1].CU[0],SIMDCPIStack.ScalarMemInst,0.000103662750518307,cycles/inst
GPU[1].SA[1].CU[0],SIMDCPIStack.Special,1.72771250863064e-05,cycles/inst
GPU[1].SA[1].CU[0],SIMDCPIStack.VALU,1.53500345542502,cycles/inst
GPU[1].SA[1].CU[0],SIMDCPIStack.VMem,0.537076710435385,cycles/inst
GPU[1].SA[1].CU[0],SIMDCPIStack.VMemInst,0.000207325501036614,cycles/inst
GPU[1].SA[1].CU[0],SIMDCPIStack.total,2.82206288873531,cycles/inst
GPU[1].SA[1].CU[1],CPIStack.Branch,0.000378655481766126,cycles/inst
GPU[1].SA[1].CU[1],CPIStack.Fetch,0.00658277991378348,cycles/inst
GPU[1].SA[1].CU[1],CPIStack.Idle,1.45636723756582e-05,cycles/inst
GPU[1].SA[1].CU[1],CPIStack.LDS,0.256116742397763,cycles/inst
GPU[1].SA[1].CU[1],CPIStack.ScalarInst,0.0559681929395323,cycles/inst
GPU[1].SA[1].CU[1],CPIStack.ScalarMem,0.00508272165909355,cycles/inst
GPU[1].SA[1].CU[1],CPIStack.ScalarMemInst,8.73820342537517e-05,cycles/inst
GPU[1].SA[1].CU[1],CPIStack.Special,2.91273447512177e-05,cycles/inst
GPU[1].SA[1].CU[1],CPIStack.VALU,1.26867062798555,cycles/inst
GPU[1].SA[1].CU[1],CPIStack.VMem,0.468120121169751,cycles/inst
GPU[1].SA[1].CU[1],CPIStack.VMemInst,0.000320400792263888,cycles/inst
GPU[1].SA[1].CU[1],CPIStack.total,2.37884480950717,cycles/inst
GPU[1].SA[1].CU[1],SIMDCPIStack.Branch,0.000449205252245841,cycles/inst
GPU[1].SA[1].CU[1],SIMDCPIStack.Fetch,0.0078092605390468,cycles/inst
GPU[1].SA[1].CU[1],SIMDCPIStack.Idle,1.72771250864235e-05,cycles/inst
GPU[1].SA[1].CU[1],SIMDCPIStack.LDS,0.303835521769178,cycles/inst
GPU[1].SA[1].CU[1],SIMDCPIStack.ScalarInst,0.0663959917069807,cycles/inst
GPU[1].SA[1].CU[1],SIMDCPIStack.ScalarMem,0.00602971665514858,cycles/inst
GPU[1].SA[1].CU[1],SIMDCPIStack.ScalarMemInst,0.000103662750518307,cycles/inst
GPU[1].SA[1].CU[1],SIMDCPIStack.Special,3.45542501727299e-05,cycles/inst
GPU[1].SA[1].CU[1],SIMDCPIStack.VALU,1.50504492052523,cycles/inst
GPU[1].SA[1].CU[1],SIMDCPIStack.VMem,0.55533863165169,cycles/inst
GPU[1].SA[1].CU[1],SIMDCPIStack.VMemInst,0.000380096751900615,cycles/inst
GPU[1].SA[1].CU[1],SIMDCPIStack.total,2.82206288873531,cycles/inst
GPU[1].SA[1].CU[2],CPIStack.Branch,0.000611674239776064,cycles/inst
GPU[1].SA[1].CU[2],CPIStack.Fetch,0.00681579867179352,cycles/inst
GPU[1].SA[1].CU[2],CPIStack.Idle,1.45636723756582e-05,cycles/inst
GPU[1].SA[1].CU[2],CPIStack.LDS,0.254849702901083,cycles/inst
GPU[1].SA[1].CU[2],CPIStack.ScalarInst,0.0571915414190809,cycles/inst
GPU[1].SA[1].CU[2],CPIStack.ScalarMem,0.00506815798671799,cycles/inst
GPU[1].SA[1].CU[2],CPIStack.ScalarMemInst,8.73820342537517e-05,cycles/inst
GPU[1].SA[1].CU[2],CPIStack.Special,1.45636723755595e-05,cycles/inst
GPU[1].SA[1].CU[2],CPIStack.VALU,1.26676278690435,cycles/inst
GPU[1].SA[1].CU[2],CPIStack.VMem,0.469736688803451,cycles/inst
GPU[1].SA[1].CU[2],CPIStack.VMemInst,0.000218455085634478,cycles/inst
GPU[1].SA[1].CU[2],CPIStack.total,2.37884480950717,cycles/inst
GPU[1].SA[1].CU[2],SIMDCPIStack.Branch,0.000725639253627914,cycles/inst
GPU[1].SA[1].CU[2],SIMDCPIStack.Fetch,0.00808569454042899,cycles/inst
GPU[1].SA[1].CU[2],SIMDCPIStack.Idle,1.72771250864235e-05,cycles/inst
GPU[1].SA[1].CU[2],SIMDCPIStack.LDS,0.302332411886661,cycles/inst
GPU[1].SA[1].CU[2],SIMDCPIStack.ScalarInst,0.0678472702142325,cycles/inst
GPU[1].SA[1].CU[2],SIMDCPIStack.ScalarMem,0.00601243953006227,cycles/inst
GPU[1].SA[1].CU[2],SIMDCPIStack.ScalarMemInst,0.000103662750518307,cycles/inst
GPU[1].SA[1].CU[2],SIMDCPIStack.Special,1.72771250863064e-05,cycles/inst
GPU[1].SA[1].CU[2],SIMDCPIStack.VALU,1.50278161713891,cycles/inst
GPU[1].SA[1].CU[2],SIMDCPIStack.VMem,0.557256392536285,cycles/inst
GPU[1].SA[1].CU[2],SIMDCPIStack.VMemInst,0.000259156876295884,cycles/inst
GPU[1].SA[1].CU[2],SIMDCPIStack.total,2.82206288873531,cycles/inst
GPU[1].SA[1].CU[3],CPIStack.Branch,0.000203891413258524,cycles/inst
GPU[1].SA[1].CU[3],CPIStack.Fetch,0.0065390888966566,cycles/inst
GPU[1].SA[1].CU[3],CPIStack.Idle,1.45636723756582e-05,cycles/inst
GPU[1].SA[1].CU[3],CPIStack.LDS,0.26217523010602,cycles/inst
GPU[1].SA[1].CU[3],CPIStack.ScalarInst,0.0587352906909014,cycles/inst
GPU[1].SA[1].CU[3],CPIStack.ScalarMem,0.00518466736572286,cycles/inst
GPU[1].SA[1].CU[3],CPIStack.ScalarMemInst,8.73820342537517e-05,cycles/inst
GPU[1].SA[1].CU[3],CPIStack.Special,0.0,cycles/inst
GPU[1].SA[1].CU[3],CPIStack.VALU,1.25927705930327,cycles/inst
GPU[1].SA[1].CU[3],CPIStack.VMem,0.468921123150417,cycles/inst
GPU[1].SA[1].CU[3],CPIStack.VMemInst,0.000233018758009939,cycles/inst
GPU[1].SA[1].CU[3],CPIStack.total,2.37884480950717,cycles/inst
GPU[1].SA[1].CU[3],SIMDCPIStack.Branch,0.00024187975120911,cycles/inst
GPU[1].SA[1].CU[3],SIMDCPIStack.Fetch,0.00775742916378765,cycles/inst
GPU[1].SA[1].CU[3],SIMDCPIStack.Idle,1.72771250864235e-05,cycles/inst
GPU[1].SA[1].CU[3],SIMDCPIStack.LDS,0.31102280580511,cycles/inst
GPU[1].SA[1].CU[3],SIMDCPIStack.ScalarInst,0.0696786454733942,cycles/inst
GPU[1].SA[1].CU[3],SIMDCPIStack.ScalarMem,0.00615065653075319,cycles/inst
GPU[1].SA[1].CU[3],SIMDCPIStack.ScalarMemInst,0.000103662750518307,cycles/inst
GPU[1].SA[1].CU[3],SIMDCPIStack.Special,0.0,cycles/inst
GPU[1].SA[1].CU[3],SIMDCPIStack.VALU,1.49390117484451,cycles/inst
GPU[1].SA[1].CU[3],SIMDCPIStack.VMem,0.556288873531448,cycles/inst
GPU[1].SA[1].CU[3],SIMDCPIStack.VMemInst,0.000276434001382074,cycles/inst
GPU[1].SA[1].CU[3],SIMDCPIStack.total,2.82206288873531,cycles/inst
GPU[1].SA[2].CU[0],CPIStack.Branch,0.000422346498893297,cycles/inst
GPU[1].SA[2].CU[0],CPIStack.Fetch,0.00662647093090986,cycles/inst
GPU[1].SA[2].CU[0],CPIStack.Idle,1.45636723756582e-05,cycles/inst
GPU[1].SA[2].CU[0],CPIStack.LDS,0.20389141325877,cycles/inst
GPU[1].SA[2].CU[0],CPIStack.ScalarInst,0.0422929045788185,cycles/inst
GPU[1].SA[2].CU[0],CPIStack.ScalarMem,0.00506815798671789,cycles/inst
GPU[1].SA[2].CU[0],CPIStack.ScalarMemInst,8.73820342537517e-05,cycles/inst
GPU[1].SA[2].CU[0],CPIStack.Special,2.9127344751415e-05,cycles/inst
GPU[1].SA[2].CU[0],CPIStack.VALU,1.32858557613888,cycles/inst
GPU[1].SA[2].CU[0],CPIStack.VMem,0.469241523942678,cycles/inst
GPU[1].SA[2].CU[0],CPIStack.VMemInst,0.000291273447512571,cycles/inst
GPU[1].SA[2].CU[0],CPIStack.total,2.37883024583479,cycles/inst
GPU[1].SA[2].CU[0],SIMDCPIStack.Branch,0.000501036627505345,cycles/inst
GPU[1].SA[2].CU[0],SIMDCPIStack.Fetch,0.00786109191430537,cycles/inst
GPU[1].SA[2].CU[0],SIMDCPIStack.Idle,1.72771250864235e-05,cycles/inst
GPU[1].SA[2].CU[0],SIMDCPIStack.LDS,0.241879751209401,cycles/inst
GPU[1].SA[2].CU[0],SIMDCPIStack.ScalarInst,0.0501727712508637,cycles/inst
GPU[1].SA[2].CU[0],SIMDCPIStack.ScalarMem,0.00601243953006215,cycles/inst
GPU[1].SA[2].CU[0],SIMDCPIStack.ScalarMemInst,0.000103662750518307,cycles/inst
GPU[1].SA[2].CU[0],SIMDCPIStack.Special,3.45542501729641e-05,cycles/inst
GPU[1].SA[2].CU[0],SIMDCPIStack.VALU,1.57612301313061,cycles/inst
GPU[1].SA[2].CU[0],SIMDCPIStack.VMem,0.556668970283346,cycles/inst
GPU[1].SA[2].CU[0],SIMDCPIStack.VMemInst,0.000345542501727768,cycles/inst
GPU[1].SA[2].CU[0],SIMDCPIStack.total,2.82204561161023,cycles/inst
GPU[1].SA[2].CU[1],CPIStack.Branch,0.000305837119887933,cycles/inst
GPU[1].SA[2].CU[1],CPIStack.Fetch,0.00649539787952973,cycles/inst
GPU[1].SA[2].CU[1],CPIStack.Idle,1.45636723756582e-05,cycles/inst
GPU[1].SA[2].CU[1],CPIStack.LDS,0.246635791681228,cycles/inst
GPU[1].SA[2].CU[1],CPIStack.ScalarInst,0.0547011534428528,cycles/inst
GPU[1].SA[2].CU[1],CPIStack.ScalarMem,0.00508272165909355,cycles/inst
GPU[1].SA[2].CU[1],CPIStack.ScalarMemInst,8.73820342537517e-05,cycles/inst
GPU[1].SA[2].CU[1],CPIStack.Special,1.45636723755595e-05,cycles/inst
GPU[1].SA[2].CU[1],CPIStack.VALU,1.27302516602587,cycles/inst
GPU[1].SA[2].CU[1],CPIStack.VMem,0.474717464755913,cycles/inst
GPU[1].SA[2].CU[1],CPIStack.VMemInst,0.000276709775136913,cycles/inst
GPU[1].SA[2].CU[1],CPIStack.total,2.37883024583479,cycles/inst
GPU[1].SA[2].CU[1],SIMDCPIStack.Branch,0.00036281962681384,cycles/inst
GPU[1].SA[2].CU[1],SIMDCPIStack.Fetch,0.00770559778852849,cycles/inst
GPU[1].SA[2].CU[1],SIMDCPIStack.Idle,1.72771250864235e-05,cycles/inst
GPU[1].SA[2].CU[1],SIMDCPIStack.LDS,0.292588113337938,cycles/inst
GPU[1].SA[2].CU[1],SIMDCPIStack.ScalarInst,0.0648928818244652,cycles/inst
GPU[1].SA[2].CU[1],SIMDCPIStack.ScalarMem,0.00602971665514858,cycles/inst
GPU[1].SA[2].CU[1],SIMDCPIStack.ScalarMemInst,0.000103662750518307,cycles/inst
GPU[1].SA[2].CU[1],SIMDCPIStack.Special,1.72771250863064e-05,cycles/inst
GPU[1].SA[2].CU[1],SIMDCPIStack.VALU,1.51021078092606,cycles/inst
GPU[1].SA[2].CU[1],SIMDCPIStack.VMem,0.563165169315826,cycles/inst
GPU[1].SA[2].CU[1],SIMDCPIStack.VMemInst,0.000328265376641344,cycles/inst
GPU[1].SA[2].CU[1],SIMDCPIStack.total,2.82204561161023,cycles/inst
GPU[1].SA[2].CU[2],CPIStack.Branch,0.000116509379004969,cycles/inst
GPU[1].SA[2].CU[2],CPIStack.Fetch,0.00649539787952943,cycles/inst
GPU[1].SA[2].CU[2],CPIStack.Idle,1.45636723756582e-05,cycles/inst
GPU[1].SA[2].CU[2],CPIStack.LDS,0.266456949784458,cycles/inst
GPU[1].SA[2].CU[2],CPIStack.ScalarInst,0.06054118606548,cycles/inst
GPU[1].SA[2].CU[2],CPIStack.ScalarMem,0.00506815798671799,cycles/inst
GPU[1].SA[2].CU[2],CPIStack.ScalarMemInst,8.73820342537517e-05,cycles/inst
GPU[1].SA[2].CU[2],CPIStack.Special,1.45636723758555e-05,cycles/inst
GPU[1].SA[2].CU[2],CPIStack.VALU,1.25017476406851,cycles/inst
GPU[1].SA[2].CU[2],CPIStack.VMem,0.472037749038795,cycles/inst
GPU[1].SA[2].CU[2],CPIStack.VMemInst,0.000349528137014809,cycles/inst
GPU[1].SA[2].CU[2],CPIStack.total,2.37883024583479,cycles/inst
GPU[1].SA[2].CU[2],SIMDCPIStack.Branch,0.000138217000691037,cycles/inst
GPU[1].SA[2].CU[2],SIMDCPIStack.Fetch,0.00770559778852814,cycles/inst
GPU[1].SA[2].CU[2],SIMDCPIStack.Idle,1.72771250864235e-05,cycles/inst
GPU[1].SA[2].CU[2],SIMDCPIStack.LDS,0.316102280580512,cycles/inst
GPU[1].SA[2].CU[2],SIMDCPIStack.ScalarInst,0.0718210089841071,cycles/inst
GPU[1].SA[2].CU[2],SIMDCPIStack.ScalarMem,0.00601243953006227,cycles/inst
GPU[1].SA[2].CU[2],SIMDCPIStack.ScalarMemInst,0.000103662750518307,cycles/inst
GPU[1].SA[2].CU[2],SIMDCPIStack.Special,1.72771250866577e-05,cycles/inst
GPU[1].SA[2].CU[2],SIMDCPIStack.VALU,1.48310297166552,cycles/inst
GPU[1].SA[2].CU[2],SIMDCPIStack.VMem,0.559986178299927,cycles/inst
GPU[1].SA[2].CU[2],SIMDCPIStack.VMemInst,0.000414651002072993,cycles/inst
GPU[1].SA[2].CU[2],SIMDCPIStack.total,2.82204561161023,cycles/inst
GPU[1].SA[2].CU[3],CPIStack.Branch,0.00013107305138043,cycles/inst
GPU[1].SA[2].CU[3],CPIStack.Fetch,0.00652452522428075,cycles/inst
GPU[1].SA[2].CU[3],CPIStack.Idle,1.45636723756582e-05,cycles/inst
GPU[1].SA[2].CU[3],CPIStack.LDS,0.267986135383896,cycles/inst
GPU[1].SA[2].CU[3],CPIStack.ScalarInst,0.0607596411511119,cycles/inst
GPU[1].SA[2].CU[3],CPIStack.ScalarMem,0.00518466736572286,cycles/inst
GPU[1].SA[2].CU[3],CPIStack.ScalarMemInst,8.73820342537517e-05,cycles/inst
GPU[1].SA[2].CU[3],CPIStack.Special,0.0,cycles/inst
GPU[1].SA[2].CU[3],CPIStack.VALU,1.24889316089945,cycles/inst
GPU[1].SA[2].CU[3],CPIStack.VMem,0.473013515087969,cycles/inst
GPU[1].SA[2].CU[3],CPIStack.VMemInst,0.000233018758009939,cycles/inst
GPU[1].SA[2].CU[3],CPIStack.total,2.37883024583479,cycles/inst
GPU[1].SA[2].CU[3],SIMDCPIStack.Branch,0.000155494125777226,cycles/inst
GPU[1].SA[2].CU[3],SIMDCPIStack.Fetch,0.00774015203870099,cycles/inst
GPU[1].SA[2].CU[3],SIMDCPIStack.Idle,1.72771250864235e-05,cycles/inst
GPU[1].SA[2].CU[3],SIMDCPIStack.LDS,0.317916378714579,cycles/inst
GPU[1].SA[2].CU[3],SIMDCPIStack.ScalarInst,0.0720801658603999,cycles/inst
GPU[1].SA[2].CU[3],SIMDCPIStack.ScalarMem,0.00615065653075319,cycles/inst
GPU[1].SA[2].CU[3],SIMDCPIStack.ScalarMemInst,0.000103662750518307,cycles/inst
GPU[1].SA[2].CU[3],SIMDCPIStack.Special,0.0,cycles/inst
GPU[1].SA[2].CU[3],SIMDCPIStack.VALU,1.48158258465791,cycles/inst
GPU[1].SA[2].CU[3],SIMDCPIStack.VMem,0.561143745680724,cycles/inst
GPU[1].SA[2].CU[3],SIMDCPIStack.VMemInst,0.000276434001382074,cycles/inst
GPU[1].SA[2].CU[3],SIMDCPIStack.total,2.82204561161023,cycles/inst
GPU[1].SA[3].CU[0],CPIStack.Branch,0.000247582430385794,cycles/inst
GPU[1].SA[3].CU[0],CPIStack.Fetch,0.0065099615519047,cycles/inst
GPU[1].SA[3].CU[0],CPIStack.Idle,1.45636723756582e-05,cycles/inst
GPU[1].SA[3].CU[0],CPIStack.LDS,0.193507514854949,cycles/inst
GPU[1].SA[3].CU[0],CPIStack.ScalarInst,0.0403996271699848,cycles/inst
GPU[1].SA[3].CU[0],CPIStack.ScalarMem,0.00506815798671789,cycles/inst
GPU[1].SA[3].CU[0],CPIStack.ScalarMemInst,8.73820342537517e-05,cycles/inst
GPU[1].SA[3].CU[0],CPIStack.Special,0.0,cycles/inst
GPU[1].SA[3].CU[0],CPIStack.VALU,1.34214435512059,cycles/inst
GPU[1].SA[3].CU[0],CPIStack.VMem,0.463707328439936,cycles/inst
GPU[1].SA[3].CU[0],CPIStack.VMemInst,0.000174764068507503,cycles/inst
GPU[1].SA[3].CU[0],CPIStack.total,2.37883024583479,cycles/inst
GPU[1].SA[3].CU[0],SIMDCPIStack.Branch,0.000293711126468731,cycles/inst
GPU[1].SA[3].CU[0],SIMDCPIStack.Fetch,0.0077228749136141,cycles/inst
GPU[1].SA[3].CU[0],SIMDCPIStack.Idle,1.72771250864235e-05,cycles/inst
GPU[1].SA[3].CU[0],SIMDCPIStack.LDS,0.229561161022809,cycles/inst
GPU[1].SA[3].CU[0],SIMDCPIStack.ScalarInst,0.0479267449896309,cycles/inst
GPU[1].SA[3].CU[0],SIMDCPIStack.ScalarMem,0.00601243953006215,cycles/inst
GPU[1].SA[3].CU[0],SIMDCPIStack.ScalarMemInst,0.000103662750518307,cycles/inst
GPU[1].SA[3].CU[0],SIMDCPIStack.Special,0.0,cycles/inst
GPU[1].SA[3].CU[0],SIMDCPIStack.VALU,1.59220801658604,cycles/inst
GPU[1].SA[3].CU[0],SIMDCPIStack.VMem,0.550103662750514,cycles/inst
GPU[1].SA[3].CU[0],SIMDCPIStack.VMemInst,0.000207325501036614,cycles/inst
GPU[1].SA[3].CU[0],SIMDCPIStack.total,2.82204561161023,cycles/inst
GPU[1].SA[3].CU[1],CPIStack.Branch,0.00023301875800984,cycles/inst
GPU[1].SA[3].CU[1],CPIStack.Fetch,0.00636432482814831,cycles/inst
GPU[1].SA[3].CU[1],CPIStack.Idle,1.45636723756582e-05,cycles/inst
GPU[1].SA[3].CU[1],CPIStack.LDS,0.196638704415704,cycles/inst
GPU[1].SA[3].CU[1],CPIStack.ScalarInst,0.040676336945123,cycles/inst
GPU[1].SA[3].CU[1],CPIStack.ScalarMem,0.00508272165909355,cycles/inst
GPU[1].SA[3].CU[1],CPIStack.ScalarMemInst,8.73820342537517e-05,cycles/inst
GPU[1].SA[3].CU[1],CPIStack.Special,1.45636723754608e-05,cycles/inst
GPU[1].SA[3].CU[1],CPIStack.VALU,1.33444017243388,cycles/inst
GPU[1].SA[3].CU[1],CPIStack.VMem,0.468003611790748,cycles/inst
GPU[1].SA[3].CU[1],CPIStack.VMemInst,0.000320400792263888,cycles/inst
GPU[1].SA[3].CU[1],CPIStack.total,2.37883024583479,cycles/inst
GPU[1].SA[3].CU[1],SIMDCPIStack.Branch,0.000276434001381957,cycles/inst
GPU[1].SA[3].CU[1],SIMDCPIStack.Fetch,0.0075501036627501,cycles/inst
GPU[1].SA[3].CU[1],SIMDCPIStack.Idle,1.72771250864235e-05,cycles/inst
GPU[1].SA[3].CU[1],SIMDCPIStack.LDS,0.233275742916377,cycles/inst
GPU[1].SA[3].CU[1],SIMDCPIStack.ScalarInst,0.0482550103662737,cycles/inst
GPU[1].SA[3].CU[1],SIMDCPIStack.ScalarMem,0.00602971665514858,cycles/inst
GPU[1].SA[3].CU[1],SIMDCPIStack.ScalarMemInst,0.000103662750518307,cycles/inst
GPU[1].SA[3].CU[1],SIMDCPIStack.Special,1.72771250861894e-05,cycles/inst
GPU[1].SA[3].CU[1],SIMDCPIStack.VALU,1.58306841741535,cycles/inst
GPU[1].SA[3].CU[1],SIMDCPIStack.VMem,0.555200414651001,cycles/inst
GPU[1].SA[3].CU[1],SIMDCPIStack.VMemInst,0.000380096751900615,cycles/inst
GPU[1].SA[3].CU[1],SIMDCPIStack.total,2.82204561161023,cycles/inst
GPU[1].SA[3].CU[2],CPIStack.Branch,0.000160200396131746,cycles/inst
GPU[1].SA[3].CU[2],CPIStack.Fetch,0.0066119072585343,cycles/inst
GPU[1].SA[3].CU[2],CPIStack.Idle,1.45636723756582e-05,cycles/inst
GPU[1].SA[3].CU[2],CPIStack.LDS,0.243096819293955,cycles/inst
GPU[1].SA[3].CU[2],CPIStack.ScalarInst,0.0528952580682727,cycles/inst
GPU[1].SA[3].CU[2],CPIStack.ScalarMem,0.00506815798671799,cycles/inst
GPU[1].SA[3].CU[2],CPIStack.ScalarMemInst,8.73820342537517e-05,cycles/inst
GPU[1].SA[3].CU[2],CPIStack.Special,0.0,cycles/inst
GPU[1].SA[3].CU[2],CPIStack.VALU,1.27960794593965,cycles/inst
GPU[1].SA[3].CU[2],CPIStack.VMem,0.473596061982991,cycles/inst
GPU[1].SA[3].CU[2],CPIStack.VMemInst,0.000218455085634478,cycles/inst
GPU[1].SA[3].CU[2],CPIStack.total,2.37883024583479,cycles/inst
GPU[1].SA[3].CU[2],SIMDCPIStack.Branch,0.000190048375950073,cycles/inst
GPU[1].SA[3].CU[2],SIMDCPIStack.Fetch,0.00784381478921906,cycles/inst
GPU[1].SA[3].CU[2],SIMDCPIStack.Idle,1.72771250864235e-05,cycles/inst
GPU[1].SA[3].CU[2],SIMDCPIStack.LDS,0.288389771941951,cycles/inst
GPU[1].SA[3].CU[2],SIMDCPIStack.ScalarInst,0.0627505183137505,cycles/inst
GPU[1].SA[3].CU[2],SIMDCPIStack.ScalarMem,0.00601243953006227,cycles/inst
GPU[1].SA[3].CU[2],SIMDCPIStack.ScalarMemInst,0.000103662750518307,cycles/inst
GPU[1].SA[3].CU[2],SIMDCPIStack.Special,0.0,cycles/inst
GPU[1].SA[3].CU[2],SIMDCPIStack.VALU,1.5180200414651,cycles/inst
GPU[1].SA[3].CU[2],SIMDCPIStack.VMem,0.561834830684176,cycles/inst
GPU[1].SA[3].CU[2],SIMDCPIStack.VMemInst,0.000259156876295884,cycles/inst
GPU[1].SA[3].CU[2],SIMDCPIStack.total,2.82204561161023,cycles/inst
GPU[1].SA[3].CU[3],CPIStack.Branch,0.000174764068507207,cycles/inst
GPU[1].SA[3].CU[3],CPIStack.Fetch,0.00649539787952943,cycles/inst
GPU[1].SA[3].CU[3],CPIStack.Idle,1.45636723756582e-05,cycles/inst
GPU[1].SA[3].CU[3],CPIStack.LDS,0.265932657578936,cycles/inst
GPU[1].SA[3].CU[3],CPIStack.ScalarInst,0.0576575789351004,cycles/inst
GPU[1].SA[3].CU[3],CPIStack.ScalarMem,0.00518466736572286,cycles/inst
GPU[1].SA[3].CU[3],CPIStack.ScalarMemInst,8.73820342537517e-05,cycles/inst
GPU[1].SA[3].CU[3],CPIStack.Special,0.0,cycles/inst
GPU[1].SA[3].CU[3],CPIStack.VALU,1.25875276709775,cycles/inst
GPU[1].SA[3].CU[3],CPIStack.VMem,0.468294885238265,cycles/inst
GPU[1].SA[3].CU[3],CPIStack.VMemInst,0.000233018758009939,cycles/inst
GPU[1].SA[3].CU[3],CPIStack.total,2.37883024583479,cycles/inst
GPU[1].SA[3].CU[3],SIMDCPIStack.Branch,0.000207325501036263,cycles/inst
GPU[1].SA[3].CU[3],SIMDCPIStack.Fetch,0.00770559778852814,cycles/inst
GPU[1].SA[3].CU[3],SIMDCPIStack.Idle,1.72771250864235e-05,cycles/inst
GPU[1].SA[3].CU[3],SIMDCPIStack.LDS,0.315480304077402,cycles/inst
GPU[1].SA[3].CU[3],SIMDCPIStack.ScalarInst,0.0684001382169961,cycles/inst
GPU[1].SA[3].CU[3],SIMDCPIStack.ScalarMem,0.00615065653075319,cycles/inst
GPU[1].SA[3].CU[3],SIMDCPIStack.ScalarMemInst,0.000103662750518307,cycles/inst
GPU[1].SA[3].CU[3],SIMDCPIStack.Special,0.0,cycles/inst
GPU[1].SA[3].CU[3],SIMDCPIStack.VALU,1.4932791983414,cycles/inst
GPU[1].SA[3].CU[3],SIMDCPIStack.VMem,0.555545957152733,cycles/inst
GPU[1].SA[3].CU[3],SIMDCPIStack.VMemInst,0.000276434001382074,cycles/inst
GPU[1].SA[3].CU[3],SIMDCPIStack.total,2.82204561161023,cycles/inst
GPU[1].SA[4].CU[0],CPIStack.Branch,0.000830129325410443,cycles/inst
GPU[1].SA[4].CU[0],CPIStack.Fetch,0.0066847256204123,cycles/inst
GPU[1].SA[4].CU[0],CPIStack.Idle,1.45636723755595e-05,cycles/inst
GPU[1].SA[4].CU[0],CPIStack.LDS,0.136053827333101,cycles/inst
GPU[1].SA[4].CU[0],CPIStack.ScalarInst,0.0242193871606658,cycles/inst
GPU[1].SA[4].CU[0],CPIStack.ScalarMem,0.00506815798671789,cycles/inst
GPU[1].SA[4].CU[0],CPIStack.ScalarMemInst,8.73820342537517e-05,cycles/inst
GPU[1].SA[4].CU[0],CPIStack.Special,8.73820342537517e-05,cycles/inst
GPU[1].SA[4].CU[0],CPIStack.VALU,1.38943259932425,cycles/inst
GPU[1].SA[4].CU[0],CPIStack.VMem,0.486164511243156,cycles/inst
GPU[1].SA[4].CU[0],CPIStack.VMemInst,0.000174764068507503,cycles/inst
GPU[1].SA[4].CU[0],CPIStack.total,2.37881568216241,cycles/inst
GPU[1].SA[4].CU[0],SIMDCPIStack.Branch,0.000984796129923681,cycles/inst
GPU[1].SA[4].CU[0],SIMDCPIStack.Fetch,0.00793020041465083,cycles/inst
GPU[1].SA[4].CU[0],SIMDCPIStack.Idle,1.72771250863064e-05,cycles/inst
GPU[1].SA[4].CU[0],SIMDCPIStack.LDS,0.161402902557015,cycles/inst
GPU[1].SA[4].CU[0],SIMDCPIStack.ScalarInst,0.0287318590186585,cycles/inst
GPU[1].SA[4].CU[0],SIMDCPIStack.ScalarMem,0.00601243953006215,cycles/inst
GPU[1].SA[4].CU[0],SIMDCPIStack.ScalarMemInst,0.000103662750518307,cycles/inst
GPU[1].SA[4].CU[0],SIMDCPIStack.Special,0.000103662750518307,cycles/inst
GPU[1].SA[4].CU[0],SIMDCPIStack.VALU,1.64830684174153,cycles/inst
GPU[1].SA[4].CU[0],SIMDCPIStack.VMem,0.576744989633726,cycles/inst
GPU[1].SA[4].CU[0],SIMDCPIStack.VMemInst,0.000207325501036614,cycles/inst
GPU[1].SA[4].CU[0],SIMDCPIStack.total,2.82202833448514,cycles/inst
GPU[1].SA[4].CU[1],CPIStack.Branch,0.000174764068507799,cycles/inst
GPU[1].SA[4].CU[1],CPIStack.Fetch,0.00630607013864597,cycles/inst
GPU[1].SA[4].CU[1],CPIStack.Idle,1.45636723755595e-05,cycles/inst
GPU[1].SA[4].CU[1],CPIStack.LDS,0.102178725387388,cycles/inst
GPU[1].SA[4].CU[1],CPIStack.ScalarInst,0.0160346032855654,cycles/inst
GPU[1].SA[4].CU[1],CPIStack.ScalarMem,0.00508272165909355,cycles/inst
GPU[1].SA[4].CU[1],CPIStack.ScalarMemInst,8.73820342537517e-05,cycles/inst
GPU[1].SA[4].CU[1],CPIStack.Special,1.45636723754608e-05,cycles/inst
GPU[1].SA[4].CU[1],CPIStack.VALU,1.4175404870092,cycles/inst
GPU[1].SA[4].CU[1],CPIStack.VMem,0.501092275428177,cycles/inst
GPU[1].SA[4].CU[1],CPIStack.VMemInst,0.000334964464639348,cycles/inst
GPU[1].SA[4].CU[1],CPIStack.total,2.37881568216241,cycles/inst
GPU[1].SA[4].CU[1],SIMDCPIStack.Branch,0.000207325501036965,cycles/inst
GPU[1].SA[4].CU[1],SIMDCPIStack.Fetch,0.00748099516240476,cycles/inst
GPU[1].SA[4].CU[1],SIMDCPIStack.Idle,1.72771250863064e-05,cycles/inst
GPU[1].SA[4].CU[1],SIMDCPIStack.LDS,0.121216309606074,cycles/inst
GPU[1].SA[4].CU[1],SIMDCPIStack.ScalarInst,0.0190221147201117,cycles/inst
GPU[1].SA[4].CU[1],SIMDCPIStack.ScalarMem,0.00602971665514858,cycles/inst
GPU[1].SA[4].CU[1],SIMDCPIStack.ScalarMemInst,0.000103662750518307,cycles/inst
GPU[1].SA[4].CU[1],SIMDCPIStack.Special,1.72771250861894e-05,cycles/inst
GPU[1].SA[4].CU[1],SIMDCPIStack.VALU,1.68165169315826,cycles/inst
GPU[1].SA[4].CU[1],SIMDCPIStack.VMem,0.594454042847276,cycles/inst
GPU[1].SA[4].CU[1],SIMDCPIStack.VMemInst,0.000397373876986804,cycles/inst
GPU[1].SA[4].CU[1],SIMDCPIStack.total,2.82202833448514,cycles/inst
GPU[1].SA[4].CU[2],CPIStack.Branch,0.000422346498892705,cycles/inst
GPU[1].SA[4].CU[2],CPIStack.Fetch,0.00650996155190479,cycles/inst
GPU[1].SA[4].CU[2],CPIStack.Idle,1.45636723755595e-05,cycles/inst
GPU[1].SA[4].CU[2],CPIStack.LDS,0.113931608994524,cycles/inst
GPU[1].SA[4].CU[2],CPIStack.ScalarInst,0.0198357217756058,cycles/inst
GPU[1].SA[4].CU[2],CPIStack.ScalarMem,0.00506815798671799,cycles/inst
GPU[1].SA[4].CU[2],CPIStack.ScalarMemInst,8.73820342537517e-05,cycles/inst
GPU[1].SA[4].CU[2],CPIStack.Special,1.45636723755595e-05,cycles/inst
GPU[1].SA[4].CU[2],CPIStack.VALU,1.38729173948503,cycles/inst
GPU[1].SA[4].CU[2],CPIStack.VMem,0.515408365373412,cycles/inst
GPU[1].SA[4].CU[2],CPIStack.VMemInst,0.00026214610276165,cycles/inst
GPU[1].SA[4].CU[2],CPIStack.total,2.37881568216241,cycles/inst
GPU[1].SA[4].CU[2],SIMDCPIStack.Branch,0.000501036627504643,cycles/inst
GPU[1].SA[4].CU[2],SIMDCPIStack.Fetch,0.00772287491361422,cycles/inst
GPU[1].SA[4].CU[2],SIMDCPIStack.Idle,1.72771250863064e-05,cycles/inst
GPU[1].SA[4].CU[2],SIMDCPIStack.LDS,0.135158949550794,cycles/inst
GPU[1].SA[4].CU[2],SIMDCPIStack.ScalarInst,0.0235314443676606,cycles/inst
GPU[1].SA[4].CU[2],SIMDCPIStack.ScalarMem,0.00601243953006227,cycles/inst
GPU[1].SA[4].CU[2],SIMDCPIStack.ScalarMemInst,0.000103662750518307,cycles/inst
GPU[1].SA[4].CU[2],SIMDCPIStack.Special,1.72771250863064e-05,cycles/inst
GPU[1].SA[4].CU[2],SIMDCPIStack.VALU,1.64576710435383,cycles/inst
GPU[1].SA[4].CU[2],SIMDCPIStack.VMem,0.611437456807186,cycles/inst
GPU[1].SA[4].CU[2],SIMDCPIStack.VMemInst,0.000310988251555389,cycles/inst
GPU[1].SA[4].CU[2],SIMDCPIStack.total,2.82202833448514,cycles/inst
GPU[1].SA[4].CU[3],CPIStack.Branch,0.000553419550273432,cycles/inst
GPU[1].SA[4].CU[3],CPIStack.Fetch,0.00801001980659472,cycles/inst
GPU[1].SA[4].CU[3],CPIStack.Idle,1.45636723755595e-05,cycles/inst
GPU[1].SA[4].CU[3],CPIStack.LDS,0.146306652685542,cycles/inst
GPU[1].SA[4].CU[3],CPIStack.ScalarInst,0.0278457415821973,cycles/inst
GPU[1].SA[4].CU[3],CPIStack.ScalarMem,0.00518466736572286,cycles/inst
GPU[1].SA[4].CU[3],CPIStack.ScalarMemInst,8.73820342537517e-05,cycles/inst
GPU[1].SA[4].CU[3],CPIStack.Special,1.45636723755595e-05,cycles/inst
GPU[1].SA[4].CU[3],CPIStack.VALU,1.34491145287196,cycles/inst
GPU[1].SA[4].CU[3],CPIStack.VMem,0.525151462192705,cycles/inst
GPU[1].SA[4].CU[3],CPIStack.VMemInst,0.000247582430385399,cycles/inst
GPU[1].SA[4].CU[3],CPIStack.total,2.37881568216241,cycles/inst
GPU[1].SA[4].CU[3],SIMDCPIStack.Branch,0.00065653075328222,cycles/inst
GPU[1].SA[4].CU[3],SIMDCPIStack.Fetch,0.00950241879751244,cycles/inst
GPU[1].SA[4].CU[3],SIMDCPIStack.Idle,1.72771250863064e-05,cycles/inst
GPU[1].SA[4].CU[3],SIMDCPIStack.LDS,0.173565998617831,cycles/inst
GPU[1].SA[4].CU[3],SIMDCPIStack.ScalarInst,0.0330338631651693,cycles/inst
GPU[1].SA[4].CU[3],SIMDCPIStack.ScalarMem,0.00615065653075319,cycles/inst
GPU[1].SA[4].CU[3],SIMDCPIStack.ScalarMemInst,0.000103662750518307,cycles/inst
GPU[1].SA[4].CU[3],SIMDCPIStack.Special,1.72771250863064e-05,cycles/inst
GPU[1].SA[4].CU[3],SIMDCPIStack.VALU,1.59549067035246,cycles/inst
GPU[1].SA[4].CU[3],SIMDCPIStack.VMem,0.622995853489978,cycles/inst
GPU[1].SA[4].CU[3],SIMDCPIStack.VMemInst,0.000293711126468263,cycles/inst
GPU[1].SA[4].CU[3],SIMDCPIStack.total,2.82202833448514,cycles/inst
GPU[1].SA[5].CU[0],CPIStack.Branch,0.000349528137015401,cycles/inst
GPU[1].SA[5].CU[0],CPIStack.Fetch,0.00725270884306178,cycles/inst
GPU[1].SA[5].CU[0],CPIStack.Idle,1.45636723755595e-05,cycles/inst
GPU[1].SA[5].CU[0],CPIStack.LDS,0.146918326925317,cycles/inst
GPU[1].SA[5].CU[0],CPIStack.ScalarInst,0.0284865431667203,cycles/inst
GPU[1].SA[5].CU[0],CPIStack.ScalarMem,0.00506815798671789,cycles/inst
GPU[1].SA[5].CU[0],CPIStack.ScalarMemInst,8.73820342537517e-05,cycles/inst
GPU[1].SA[5].CU[0],CPIStack.Special,2.91273447510203e-05,cycles/inst
GPU[1].SA[5].CU[0],CPIStack.VALU,1.37229115693814,cycles/inst
GPU[1].SA[5].CU[0],CPIStack.VMem,0.489805429337064,cycles/inst
GPU[1].SA[5].CU[0],CPIStack.VMemInst,0.000189327740883161,cycles/inst
GPU[1].SA[5].CU[0],CPIStack.total,2.37881568216241,cycles/inst
GPU[1].SA[5].CU[0],SIMDCPIStack.Branch,0.000414651002073696,cycles/inst
GPU[1].SA[5].CU[0],SIMDCPIStack.Fetch,0.00860400829301994,cycles/inst
GPU[1].SA[5].CU[0],SIMDCPIStack.Idle,1.72771250863064e-05,cycles/inst
GPU[1].SA[5].CU[0],SIMDCPIStack.LDS,0.174291637871458,cycles/inst
GPU[1].SA[5].CU[0],SIMDCPIStack.ScalarInst,0.0337940566689648,cycles/inst
GPU[1].SA[5].CU[0],SIMDCPIStack.ScalarMem,0.00601243953006215,cycles/inst
GPU[1].SA[5].CU[0],SIMDCPIStack.ScalarMemInst,0.000103662750518307,cycles/inst
GPU[1].SA[5].CU[0],SIMDCPIStack.Special,3.45542501724958e-05,cycles/inst
GPU[1].SA[5].CU[0],SIMDCPIStack.VALU,1.62797166551486,cycles/inst
GPU[1].SA[5].CU[0],SIMDCPIStack.VMem,0.581064270905325,cycles/inst
GPU[1].SA[5].CU[0],SIMDCPIStack.VMemInst,0.000224602626123037,cycles/inst
GPU[1].SA[5].CU[0],SIMDCPIStack.total,2.82202833448514,cycles/inst
GPU[1].SA[5].CU[1],CPIStack.Branch,0.000407782826517245,cycles/inst
GPU[1].SA[5].CU[1],CPIStack.Fetch,0.00656821624140792,cycles/inst
GPU[1].SA[5].CU[1],CPIStack.Idle,1.45636723755595e-05,cycles/inst
GPU[1].SA[5].CU[1],CPIStack.LDS,0.184157637189794,cycles/inst
GPU[1].SA[5].CU[1],CPIStack.ScalarInst,0.0381422579517664,cycles/inst
GPU[1].SA[5].CU[1],CPIStack.ScalarMem,0.00508272165909355,cycles/inst
GPU[1].SA[5].CU[1],CPIStack.ScalarMemInst,8.73820342537517e-05,cycles/inst
GPU[1].SA[5].CU[1],CPIStack.Special,1.45636723755595e-05,cycles/inst
GPU[1].SA[5].CU[1],CPIStack.VALU,1.31965804497262,cycles/inst
GPU[1].SA[5].CU[1],CPIStack.VMem,0.507005126412675,cycles/inst
GPU[1].SA[5].CU[1],CPIStack.VMemInst,0.000203891413258622,cycles/inst
GPU[1].SA[5].CU[1],CPIStack.total,2.37881568216241,cycles/inst
GPU[1].SA[5].CU[1],SIMDCPIStack.Branch,0.000483759502418453,cycles/inst
GPU[1].SA[5].CU[1],SIMDCPIStack.Fetch,0.0077919834139605,cycles/inst
GPU[1].SA[5].CU[1],SIMDCPIStack.Idle,1.72771250863064e-05,cycles/inst
GPU[1].SA[5].CU[1],SIMDCPIStack.LDS,0.218469246717346,cycles/inst
GPU[1].SA[5].CU[1],SIMDCPIStack.ScalarInst,0.0452487906012455,cycles/inst
GPU[1].SA[5].CU[1],SIMDCPIStack.ScalarMem,0.00602971665514858,cycles/inst
GPU[1].SA[5].CU[1],SIMDCPIStack.ScalarMemInst,0.000103662750518307,cycles/inst
GPU[1].SA[5].CU[1],SIMDCPIStack.Special,1.72771250863064e-05,cycles/inst
GPU[1].SA[5].CU[1],SIMDCPIStack.VALU,1.56553213545266,cycles/inst
GPU[1].SA[5].CU[1],SIMDCPIStack.VMem,0.601468555632342,cycles/inst
GPU[1].SA[5].CU[1],SIMDCPIStack.VMemInst,0.000241879751209227,cycles/inst
GPU[1].SA[5].CU[1],SIMDCPIStack.total,2.82202833448514,cycles/inst
GPU[1].SA[5].CU[2],CPIStack.Branch,0.000495164860771095,cycles/inst
GPU[1].SA[5].CU[2],CPIStack.Fetch,0.00671385296516411,cycles/inst
GPU[1].SA[5].CU[2],CPIStack.Idle,1.45636723755595e-05,cycles/inst
GPU[1].SA[5].CU[2],CPIStack.LDS,0.212178142840499,cycles/inst
GPU[1].SA[5].CU[2],CPIStack.ScalarInst,0.0435599440754967,cycles/inst
GPU[1].SA[5].CU[2],CPIStack.ScalarMem,0.00506815798671799,cycles/inst
GPU[1].SA[5].CU[2],CPIStack.ScalarMemInst,8.73820342537517e-05,cycles/inst
GPU[1].SA[5].CU[2],CPIStack.Special,1.45636723755595e-05,cycles/inst
GPU[1].SA[5].CU[2],CPIStack.VALU,1.28541885121752,cycles/inst
GPU[1].SA[5].CU[2],CPIStack.VMem,0.507573109635327,cycles/inst
GPU[1].SA[5].CU[2],CPIStack.VMemInst,0.000218455085634478,cycles/inst
GPU[1].SA[5].CU[2],CPIStack.total,2.37881568216241,cycles/inst
GPU[1].SA[5].CU[2],SIMDCPIStack.Branch,0.000587422252936877,cycles/inst
GPU[1].SA[5].CU[2],SIMDCPIStack.Fetch,0.00796475466482426,cycles/inst
GPU[1].SA[5].CU[2],SIMDCPIStack.Idle,1.72771250863064e-05,cycles/inst
GPU[1].SA[5].CU[2],SIMDCPIStack.LDS,0.251710435383552,cycles/inst
GPU[1].SA[5].CU[2],SIMDCPIStack.ScalarInst,0.0516758811333777,cycles/inst
GPU[1].SA[5].CU[2],SIMDCPIStack.ScalarMem,0.00601243953006227,cycles/inst
GPU[1].SA[5].CU[2],SIMDCPIStack.ScalarMemInst,0.000103662750518307,cycles/inst
GPU[1].SA[5].CU[2],SIMDCPIStack.Special,1.72771250863064e-05,cycles/inst
GPU[1].SA[5].CU[2],SIMDCPIStack.VALU,1.52491361437457,cycles/inst
GPU[1].SA[5].CU[2],SIMDCPIStack.VMem,0.602142363510714,cycles/inst
GPU[1].SA[5].CU[2],SIMDCPIStack.VMemInst,0.000259156876295884,cycles/inst
GPU[1].SA[5].CU[2],SIMDCPIStack.total,2.82202833448514,cycles/inst
GPU[1].SA[5].CU[3],CPIStack.Branch,0.00013107305138043,cycles/inst
GPU[1].SA[5].CU[3],CPIStack.Fetch,0.00648083420715407,cycles/inst
GPU[1].SA[5].CU[3],CPIStack.Idle,1.45636723755595e-05,cycles/inst
GPU[1].SA[5].CU[3],CPIStack.LDS,0.216561808225558,cycles/inst
GPU[1].SA[5].CU[3],CPIStack.ScalarInst,0.0459629500174811,cycles/inst
GPU[1].SA[5].CU[3],CPIStack.ScalarMem,0.00518466736572286,cycles/inst
GPU[1].SA[5].CU[3],CPIStack.ScalarMemInst,8.73820342537517e-05,cycles/inst
GPU[1].SA[5].CU[3],CPIStack.Special,0.0,cycles/inst
GPU[1].SA[5].CU[3],CPIStack.VALU,1.28643830828382,cycles/inst
GPU[1].SA[5].CU[3],CPIStack.VMem,0.500233018758009,cycles/inst
GPU[1].SA[5].CU[3],CPIStack.VMemInst,0.000233018758009939,cycles/inst
GPU[1].SA[5].CU[3],CPIStack.total,2.37881568216241,cycles/inst
GPU[1].SA[5].CU[3],SIMDCPIStack.Branch,0.000155494125777226,cycles/inst
GPU[1].SA[5].CU[3],SIMDCPIStack.Fetch,0.00768832066344207,cycles/inst
GPU[1].SA[5].CU[3],SIMDCPIStack.Idle,1.72771250863064e-05,cycles/inst
GPU[1].SA[5].CU[3],SIMDCPIStack.LDS,0.256910850034549,cycles/inst
GPU[1].SA[5].CU[3],SIMDCPIStack.ScalarInst,0.0545266067726386,cycles/inst
GPU[1].SA[5].CU[3],SIMDCPIStack.ScalarMem,0.00615065653075319,cycles/inst
GPU[1].SA[5].CU[3],SIMDCPIStack.ScalarMemInst,0.000103662750518307,cycles/inst
GPU[1].SA[5].CU[3],SIMDCPIStack.Special,0.0,cycles/inst
GPU[1].SA[5].CU[3],SIMDCPIStack.VALU,1.52612301313062,cycles/inst
GPU[1].SA[5].CU[3],SIMDCPIStack.VMem,0.593434692467173,cycles/inst
GPU[1].SA[5].CU[3],SIMDCPIStack.VMemInst,0.000276434001382074,cycles/inst
GPU[1].SA[5].CU[3],SIMDCPIStack.total,2.82202833448514,cycles/inst
GPU[1].SA[6].CU[0],CPIStack.Branch,0.000349528137015105,cycles/inst
GPU[1].SA[6].CU[0],CPIStack.Fetch,0.00655365256903177,cycles/inst
GPU[1].SA[6].CU[0],CPIStack.Idle,1.45636723756582e-05,cycles/inst
GPU[1].SA[6].CU[0],CPIStack.LDS,0.14661248980543,cycles/inst
GPU[1].SA[6].CU[0],CPIStack.ScalarInst,0.0277583595479438,cycles/inst
GPU[1].SA[6].CU[0],CPIStack.ScalarMem,0.00506815798671789,cycles/inst
GPU[1].SA[6].CU[0],CPIStack.ScalarMemInst,8.73820342537517e-05,cycles/inst
GPU[1].SA[6].CU[0],CPIStack.Special,2.9127344751415e-05,cycles/inst
GPU[1].SA[6].CU[0],CPIStack.VALU,1.37615053011767,cycles/inst
GPU[1].SA[6].CU[0],CPIStack.VMem,0.493635675171849,cycles/inst
GPU[1].SA[6].CU[0],CPIStack.VMemInst,0.000262146102761452,cycles/inst
GPU[1].SA[6].CU[0],CPIStack.total,2.37880111849004,cycles/inst
GPU[1].SA[6].CU[0],SIMDCPIStack.Branch,0.000414651002073345,cycles/inst
GPU[1].SA[6].CU[0],SIMDCPIStack.Fetch,0.00777470628887349,cycles/inst
GPU[1].SA[6].CU[0],SIMDCPIStack.Idle,1.72771250864235e-05,cycles/inst
GPU[1].SA[6].CU[0],SIMDCPIStack.LDS,0.173928818244645,cycles/inst
GPU[1].SA[6].CU[0],SIMDCPIStack.ScalarInst,0.0329302004146512,cycles/inst
GPU[1].SA[6].CU[0],SIMDCPIStack.ScalarMem,0.00601243953006215,cycles/inst
GPU[1].SA[6].CU[0],SIMDCPIStack.ScalarMemInst,0.000103662750518307,cycles/inst
GPU[1].SA[6].CU[0],SIMDCPIStack.Special,3.45542501729641e-05,cycles/inst
GPU[1].SA[6].CU[0],SIMDCPIStack.VALU,1.63255010366275,cycles/inst
GPU[1].SA[6].CU[0],SIMDCPIStack.VMem,0.585608154803039,cycles/inst
GPU[1].SA[6].CU[0],SIMDCPIStack.VMemInst,0.000310988251555155,cycles/inst
GPU[1].SA[6].CU[0],SIMDCPIStack.total,2.82201105736006,cycles/inst
GPU[1].SA[6].CU[1],CPIStack.Branch,0.00033496446463925,cycles/inst
GPU[1].SA[6].CU[1],CPIStack.Fetch,0.00650996155190558,cycles/inst
GPU[1].SA[6].CU[1],CPIStack.Idle,1.45636723756582e-05,cycles/inst
GPU[1].SA[6].CU[1],CPIStack.LDS,0.200934987766516,cycles/inst
GPU[1].SA[6].CU[1],CPIStack.ScalarInst,0.0419142490970517,cycles/inst
GPU[1].SA[6].CU[1],CPIStack.ScalarMem,0.00508272165909355,cycles/inst
GPU[1].SA[6].CU[1],CPIStack.ScalarMemInst,8.73820342537517e-05,cycles/inst
GPU[1].SA[6].CU[1],CPIStack.Special,1.45636723755595e-05,cycles/inst
GPU[1].SA[6].CU[1],CPIStack.VALU,1.31080333216824,cycles/inst
GPU[1].SA[6].CU[1],CPIStack.VMem,0.495325061167424,cycles/inst
GPU[1].SA[6].CU[1],CPIStack.VMemInst,0.000305837119888229,cycles/inst
GPU[1].SA[6].CU[1],CPIStack.total,2.37880111849004,cycles/inst
GPU[1].SA[6].CU[1],SIMDCPIStack.Branch,0.000397373876986687,cycles/inst
GPU[1].SA[6].CU[1],SIMDCPIStack.Fetch,0.00772287491361515,cycles/inst
GPU[1].SA[6].CU[1],SIMDCPIStack.Idle,1.72771250864235e-05,cycles/inst
GPU[1].SA[6].CU[1],SIMDCPIStack.LDS,0.238372494816863,cycles/inst
GPU[1].SA[6].CU[1],SIMDCPIStack.ScalarInst,0.049723565998617,cycles/inst
GPU[1].SA[6].CU[1],SIMDCPIStack.ScalarMem,0.00602971665514858,cycles/inst
GPU[1].SA[6].CU[1],SIMDCPIStack.ScalarMemInst,0.000103662750518307,cycles/inst
GPU[1].SA[6].CU[1],SIMDCPIStack.Special,1.72771250863064e-05,cycles/inst
GPU[1].SA[6].CU[1],SIMDCPIStack.VALU,1.55502764340014,cycles/inst
GPU[1].SA[6].CU[1],SIMDCPIStack.VMem,0.587612301313062,cycles/inst
GPU[1].SA[6].CU[1],SIMDCPIStack.VMemInst,0.000362819626814191,cycles/inst
GPU[1].SA[6].CU[1],SIMDCPIStack.total,2.82201105736006,cycles/inst
GPU[1].SA[6].CU[2],CPIStack.Branch,0.000160200396131746,cycles/inst
GPU[1].SA[6].CU[2],CPIStack.Fetch,0.00656821624140792,cycles/inst
GPU[1].SA[6].CU[2],CPIStack.Idle,1.45636723756582e-05,cycles/inst
GPU[1].SA[6].CU[2],CPIStack.LDS,0.231140044273563,cycles/inst
GPU[1].SA[6].CU[2],CPIStack.ScalarInst,0.0500116509379043,cycles/inst
GPU[1].SA[6].CU[2],CPIStack.ScalarMem,0.00506815798671799,cycles/inst
GPU[1].SA[6].CU[2],CPIStack.ScalarMemInst,8.73820342537517e-05,cycles/inst
GPU[1].SA[6].CU[2],CPIStack.Special,0.0,cycles/inst
GPU[1].SA[6].CU[2],CPIStack.VALU,1.27876325294186,cycles/inst
GPU[1].SA[6].CU[2],CPIStack.VMem,0.489295700803911,cycles/inst
GPU[1].SA[6].CU[2],CPIStack.VMemInst,0.000218455085634478,cycles/inst
GPU[1].SA[6].CU[2],CPIStack.total,2.37880111849004,cycles/inst
GPU[1].SA[6].CU[2],SIMDCPIStack.Branch,0.000190048375950073,cycles/inst
GPU[1].SA[6].CU[2],SIMDCPIStack.Fetch,0.0077919834139605,cycles/inst
GPU[1].SA[6].CU[2],SIMDCPIStack.Idle,1.72771250864235e-05,cycles/inst
GPU[1].SA[6].CU[2],SIMDCPIStack.LDS,0.274205252246024,cycles/inst
GPU[1].SA[6].CU[2],SIMDCPIStack.ScalarInst,0.0593296475466527,cycles/inst
GPU[1].SA[6].CU[2],SIMDCPIStack.ScalarMem,0.00601243953006227,cycles/inst
GPU[1].SA[6].CU[2],SIMDCPIStack.ScalarMemInst,0.000103662750518307,cycles/inst
GPU[1].SA[6].CU[2],SIMDCPIStack.Special,0.0,cycles/inst
GPU[1].SA[6].CU[2],SIMDCPIStack.VALU,1.51701796821009,cycles/inst
GPU[1].SA[6].CU[2],SIMDCPIStack.VMem,0.580459571527294,cycles/inst
GPU[1].SA[6].CU[2],SIMDCPIStack.VMemInst,0.000259156876295884,cycles/inst
GPU[1].SA[6].CU[2],SIMDCPIStack.total,2.82201105736006,cycles/inst
GPU[1].SA[6].CU[3],CPIStack.Branch,0.00013107305138043,cycles/inst
GPU[1].SA[6].CU[3],CPIStack.Fetch,0.00637888850052427,cycles/inst
GPU[1].SA[6].CU[3],CPIStack.Idle,1.45636723756582e-05,cycles/inst
GPU[1].SA[6].CU[3],CPIStack.LDS,0.239630665268555,cycles/inst
GPU[1].SA[6].CU[3],CPIStack.ScalarInst,0.0509000349528147,cycles/inst
GPU[1].SA[6].CU[3],CPIStack.ScalarMem,0.00518466736572286,cycles/inst
GPU[1].SA[6].CU[3],CPIStack.ScalarMemInst,8.73820342537517e-05,cycles/inst
GPU[1].SA[6].CU[3],CPIStack.Special,0.0,cycles/inst
GPU[1].SA[6].CU[3],CPIStack.VALU,1.26824828148666,cycles/inst
GPU[1].SA[6].CU[3],CPIStack.VMem,0.491917161831529,cycles/inst
GPU[1].SA[6].CU[3],CPIStack.VMemInst,0.000305837119888032,cycles/inst
GPU[1].SA[6].CU[3],CPIStack.total,2.37880111849004,cycles/inst
GPU[1].SA[6].CU[3],SIMDCPIStack.Branch,0.000155494125777226,cycles/inst
GPU[1].SA[6].CU[3],SIMDCPIStack.Fetch,0.00756738078783687,cycles/inst
GPU[1].SA[6].CU[3],SIMDCPIStack.Idle,1.72771250864235e-05,cycles/inst
GPU[1].SA[6].CU[3],SIMDCPIStack.LDS,0.284277816171391,cycles/inst
GPU[1].SA[6].CU[3],SIMDCPIStack.ScalarInst,0.0603835521769189,cycles/inst
GPU[1].SA[6].CU[3],SIMDCPIStack.ScalarMem,0.00615065653075319,cycles/inst
GPU[1].SA[6].CU[3],SIMDCPIStack.ScalarMemInst,0.000103662750518307,cycles/inst
GPU[1].SA[6].CU[3],SIMDCPIStack.Special,0.0,cycles/inst
GPU[1].SA[6].CU[3],SIMDCPIStack.VALU,1.50454388389772,cycles/inst
GPU[1].SA[6].CU[3],SIMDCPIStack.VMem,0.58356945404285,cycles/inst
GPU[1].SA[6].CU[3],SIMDCPIStack.VMemInst,0.000362819626813957,cycles/inst
GPU[1].SA[6].CU[3],SIMDCPIStack.total,2.82201105736006,cycles/inst
GPU[1].SA[7].CU[0],CPIStack.Branch,0.000276709775137012,cycles/inst
GPU[1].SA[7].CU[0],CPIStack.Fetch,0.00645170686240236,cycles/inst
GPU[1].SA[7].CU[0],CPIStack.Idle,1.45636723756582e-05,cycles/inst
GPU[1].SA[7].CU[0],CPIStack.LDS,0.140204473960154,cycles/inst
GPU[1].SA[7].CU[0],CPIStack.ScalarInst,0.0260398462076166,cycles/inst
GPU[1].SA[7].CU[0],CPIStack.ScalarMem,0.00506815798671789,cycles/inst
GPU[1].SA[7].CU[0],CPIStack.ScalarMemInst,8.73820342537517e-05,cycles/inst
GPU[1].SA[7].CU[0],CPIStack.Special,1.45636723758555e-05,cycles/inst
GPU[1].SA[7].CU[0],CPIStack.VALU,1.37603402073867,cycles/inst
GPU[1].SA[7].CU[0],CPIStack.VMem,0.494698823255272,cycles/inst
GPU[1].SA[7].CU[0],CPIStack.VMemInst,0.000174764068507503,cycles/inst
GPU[1].SA[7].CU[0],CPIStack.total,2.37880111849004,cycles/inst
GPU[1].SA[7].CU[0],SIMDCPIStack.Branch,0.000328265376641461,cycles/inst
GPU[1].SA[7].CU[0],SIMDCPIStack.Fetch,0.00765376641326876,cycles/inst
GPU[1].SA[7].CU[0],SIMDCPIStack.Idle,1.72771250864235e-05,cycles/inst
GPU[1].SA[7].CU[0],SIMDCPIStack.LDS,0.166326883206635,cycles/inst
GPU[1].SA[7].CU[0],SIMDCPIStack.ScalarInst,0.0308914996544538,cycles/inst
GPU[1].SA[7].CU[0],SIMDCPIStack.ScalarMem,0.00601243953006215,cycles/inst
GPU[1].SA[7].CU[0],SIMDCPIStack.ScalarMemInst,0.000103662750518307,cycles/inst
GPU[1].SA[7].CU[0],SIMDCPIStack.Special,1.72771250866577e-05,cycles/inst
GPU[1].SA[7].CU[0],SIMDCPIStack.VALU,1.63241188666206,cycles/inst
GPU[1].SA[7].CU[0],SIMDCPIStack.VMem,0.586869384934347,cycles/inst
GPU[1].SA[7].CU[0],SIMDCPIStack.VMemInst,0.000207325501036614,cycles/inst
GPU[1].SA[7].CU[0],SIMDCPIStack.total,2.82201105736006,cycles/inst
GPU[1].SA[7].CU[1],CPIStack.Branch,0.000233018758009445,cycles/inst
GPU[1].SA[7].CU[1],CPIStack.Fetch,0.00632063381102153,cycles/inst
GPU[1].SA[7].CU[1],CPIStack.Idle,1.45636723756582e-05,cycles/inst
GPU[1].SA[7].CU[1],CPIStack.LDS,0.165253990446228,cycles/inst
GPU[1].SA[7].CU[1],CPIStack.ScalarInst,0.0321711522777608,cycles/inst
GPU[1].SA[7].CU[1],CPIStack.ScalarMem,0.00508272165909355,cycles/inst
GPU[1].SA[7].CU[1],CPIStack.ScalarMemInst,8.73820342537517e-05,cycles/inst
GPU[1].SA[7].CU[1],CPIStack.Special,1.45636723754608e-05,cycles/inst
GPU[1].SA[7].CU[1],CPIStack.VALU,1.34992135616917,cycles/inst
GPU[1].SA[7].CU[1],CPIStack.VMem,0.490519049283466,cycles/inst
GPU[1].SA[7].CU[1],CPIStack.VMemInst,0.000320400792263888,cycles/inst
GPU[1].SA[7].CU[1],CPIStack.total,2.37880111849004,cycles/inst
GPU[1].SA[7].CU[1],SIMDCPIStack.Branch,0.000276434001381488,cycles/inst
GPU[1].SA[7].CU[1],SIMDCPIStack.Fetch,0.00749827228749106,cycles/inst
GPU[1].SA[7].CU[1],SIMDCPIStack.Idle,1.72771250864235e-05,cycles/inst
GPU[1].SA[7].CU[1],SIMDCPIStack.LDS,0.196043538355215,cycles/inst
GPU[1].SA[7].CU[1],SIMDCPIStack.ScalarInst,0.0381651693158288,cycles/inst
GPU[1].SA[7].CU[1],SIMDCPIStack.ScalarMem,0.00602971665514858,cycles/inst
GPU[1].SA[7].CU[1],SIMDCPIStack.ScalarMemInst,0.000103662750518307,cycles/inst
GPU[1].SA[7].CU[1],SIMDCPIStack.Special,1.72771250861894e-05,cycles/inst
GPU[1].SA[7].CU[1],SIMDCPIStack.VALU,1.60143400138217,cycles/inst
GPU[1].SA[7].CU[1],SIMDCPIStack.VMem,0.581910850034553,cycles/inst
GPU[1].SA[7].CU[1],SIMDCPIStack.VMemInst,0.000380096751900615,cycles/inst
GPU[1].SA[7].CU[1],SIMDCPIStack.total,2.82201105736006,cycles/inst
GPU[1].SA[7].CU[2],CPIStack.Branch,0.000116509379004969,cycles/inst
GPU[1].SA[7].CU[2],CPIStack.Fetch,0.00645170686240266,cycles/inst
GPU[1].SA[7].CU[2],CPIStack.Idle,1.45636723756582e-05,cycles/inst
GPU[1].SA[7].CU[2],CPIStack.LDS,0.215935570313411,cycles/inst
GPU[1].SA[7].CU[2],CPIStack.ScalarInst,0.0462833508097408,cycles/inst
GPU[1].SA[7].CU[2],CPIStack.ScalarMem,0.00506815798671799,cycles/inst
GPU[1].SA[7].CU[2],CPIStack.ScalarMemInst,8.73820342537517e-05,cycles/inst
GPU[1].SA[7].CU[2],CPIStack.Special,1.45636723754608e-05,cycles/inst
GPU[1].SA[7].CU[2],CPIStack.VALU,1.29473960153792,cycles/inst
GPU[1].SA[7].CU[2],CPIStack.VMem,0.492266689968544,cycles/inst
GPU[1].SA[7].CU[2],CPIStack.VMemInst,0.000349528137015204,cycles/inst
GPU[1].SA[7].CU[2],CPIStack.total,2.37880111849004,cycles/inst
GPU[1].SA[7].CU[2],SIMDCPIStack.Branch,0.000138217000691037,cycles/inst
GPU[1].SA[7].CU[2],SIMDCPIStack.Fetch,0.00765376641326911,cycles/inst
GPU[1].SA[7].CU[2],SIMDCPIStack.Idle,1.72771250864235e-05,cycles/inst
GPU[1].SA[7].CU[2],SIMDCPIStack.LDS,0.25616793365584,cycles/inst
GPU[1].SA[7].CU[2],SIMDCPIStack.ScalarInst,0.0549067035245343,cycles/inst
GPU[1].SA[7].CU[2],SIMDCPIStack.ScalarMem,0.00601243953006227,cycles/inst
GPU[1].SA[7].CU[2],SIMDCPIStack.ScalarMemInst,0.000103662750518307,cycles/inst
GPU[1].SA[7].CU[2],SIMDCPIStack.Special,1.72771250861894e-05,cycles/inst
GPU[1].SA[7].CU[2],SIMDCPIStack.VALU,1.53597097442985,cycles/inst
GPU[1].SA[7].CU[2],SIMDCPIStack.VMem,0.583984105044922,cycles/inst
GPU[1].SA[7].CU[2],SIMDCPIStack.VMemInst,0.000414651002073462,cycles/inst
GPU[1].SA[7].CU[2],SIMDCPIStack.total,2.82201105736006,cycles/inst
GPU[1].SA[7].CU[3],CPIStack.Branch,0.000131073051380825,cycles/inst
GPU[1].SA[7].CU[3],CPIStack.Fetch,0.0063643248281488,cycles/inst
GPU[1].SA[7].CU[3],CPIStack.Idle,1.45636723756582e-05,cycles/inst
GPU[1].SA[7].CU[3],CPIStack.LDS,0.239193755097288,cycles/inst
GPU[1].SA[7].CU[3],CPIStack.ScalarInst,0.0496766864732591,cycles/inst
GPU[1].SA[7].CU[3],CPIStack.ScalarMem,0.00518466736572286,cycles/inst
GPU[1].SA[7].CU[3],CPIStack.ScalarMemInst,8.73820342537517e-05,cycles/inst
GPU[1].SA[7].CU[3],CPIStack.Special,1.45636723758555e-05,cycles/inst
GPU[1].SA[7].CU[3],CPIStack.VALU,1.27675346615403,cycles/inst
GPU[1].SA[7].CU[3],CPIStack.VMem,0.485013981125478,cycles/inst
GPU[1].SA[7].CU[3],CPIStack.VMemInst,0.000364091809390665,cycles/inst
GPU[1].SA[7].CU[3],CPIStack.total,2.37880111849004,cycles/inst
GPU[1].SA[7].CU[3],SIMDCPIStack.Branch,0.000155494125777695,cycles/inst
GPU[1].SA[7].CU[3],SIMDCPIStack.Fetch,0.00755010366275068,cycles/inst
GPU[1].SA[7].CU[3],SIMDCPIStack.Idle,1.72771250864235e-05,cycles/inst
GPU[1].SA[7].CU[3],SIMDCPIStack.LDS,0.283759502418801,cycles/inst
GPU[1].SA[7].CU[3],SIMDCPIStack.ScalarInst,0.058932273669659,cycles/inst
GPU[1].SA[7].CU[3],SIMDCPIStack.ScalarMem,0.00615065653075319,cycles/inst
GPU[1].SA[7].CU[3],SIMDCPIStack.ScalarMemInst,0.000103662750518307,cycles/inst
GPU[1].SA[7].CU[3],SIMDCPIStack.Special,1.72771250866577e-05,cycles/inst
GPU[1].SA[7].CU[3],SIMDCPIStack.VALU,1.51463372494817,cycles/inst
GPU[1].SA[7].CU[3],SIMDCPIStack.VMem,0.575380096751898,cycles/inst
GPU[1].SA[7].CU[3],SIMDCPIStack.VMemInst,0.000431928127159651,cycles/inst
GPU[1].SA[7].CU[3],SIMDCPIStack.total,2.82201105736006,cycles/inst
GPU[1].SA[8].CU[0],CPIStack.Branch,0.000626237912151525,cycles/inst
GPU[1].SA[8].CU[0],CPIStack.Fetch,0.00633519748339729,cycles/inst
GPU[1].SA[8].CU[0],CPIStack.Idle,1.45636723756582e-05,cycles/inst
GPU[1].SA[8].CU[0],CPIStack.LDS,0.0905860421763972,cycles/inst
GPU[1].SA[8].CU[0],CPIStack.ScalarInst,0.0114324828148667,cycles/inst
GPU[1].SA[8].CU[0],CPIStack.ScalarMem,0.00506815798671789,cycles/inst
GPU[1].SA[8].CU[0],CPIStack.ScalarMemInst,8.73820342537517e-05,cycles/inst
GPU[1].SA[8].CU[0],CPIStack.Special,0.0,cycles/inst
GPU[1].SA[8].CU[0],CPIStack.VALU,1.43755097285331,cycles/inst
GPU[1].SA[8].CU[0],CPIStack.VMem,0.499810672259118,cycles/inst
GPU[1].SA[8].CU[0],CPIStack.VMemInst,0.00020389141325882,cycles/inst
GPU[1].SA[8].CU[0],CPIStack.total,2.37878655481766,cycles/inst
GPU[1].SA[8].CU[0],SIMDCPIStack.Branch,0.000742916378714104,cycles/inst
GPU[1].SA[8].CU[0],SIMDCPIStack.Fetch,0.0075155494125776,cycles/inst
GPU[1].SA[8].CU[0],SIMDCPIStack.Idle,1.72771250864235e-05,cycles/inst
GPU[1].SA[8].CU[0],SIMDCPIStack.LDS,0.107463718037321,cycles/inst
GPU[1].SA[8].CU[0],SIMDCPIStack.ScalarInst,0.0135625431928128,cycles/inst
GPU[1].SA[8].CU[0],SIMDCPIStack.ScalarMem,0.00601243953006215,cycles/inst
GPU[1].SA[8].CU[0],SIMDCPIStack.ScalarMemInst,0.000103662750518307,cycles/inst
GPU[1].SA[8].CU[0],SIMDCPIStack.Special,0.0,cycles/inst
GPU[1].SA[8].CU[0],SIMDCPIStack.VALU,1.70539046302695,cycles/inst
GPU[1].SA[8].CU[0],SIMDCPIStack.VMem,0.59293365583967,cycles/inst
GPU[1].SA[8].CU[0],SIMDCPIStack.VMemInst,0.000241879751209461,cycles/inst
GPU[1].SA[8].CU[0],SIMDCPIStack.total,2.82199378023497,cycles/inst
GPU[1].SA[8].CU[1],CPIStack.Branch,0.000771874635908008,cycles/inst
GPU[1].SA[8].CU[1],CPIStack.Fetch,0.00624781544914364,cycles/inst
GPU[1].SA[8].CU[1],CPIStack.Idle,1.45636723756582e-05,cycles/inst
GPU[1].SA[8].CU[1],CPIStack.LDS,0.0793283234300335,cycles/inst
GPU[1].SA[8].CU[1],CPIStack.ScalarInst,0.0104567167656992,cycles/inst
GPU[1].SA[8].CU[1],CPIStack.ScalarMem,0.00508272165909355,cycles/inst
GPU[1].SA[8].CU[1],CPIStack.ScalarMemInst,8.73820342537517e-05,cycles/inst
GPU[1].SA[8].CU[1],CPIStack.Special,0.0,cycles/inst
GPU[1].SA[8].CU[1],CPIStack.VALU,1.4382791564721,cycles/inst
GPU[1].SA[8].CU[1],CPIStack.VMem,0.511257718746361,cycles/inst
GPU[1].SA[8].CU[1],CPIStack.VMemInst,0.00020389141325882,cycles/inst
GPU[1].SA[8].CU[1],CPIStack.total,2.37878655481766,cycles/inst
GPU[1].SA[8].CU[1],SIMDCPIStack.Branch,0.000915687629578222,cycles/inst
GPU[1].SA[8].CU[1],SIMDCPIStack.Fetch,0.00741188666205941,cycles/inst
GPU[1].SA[8].CU[1],SIMDCPIStack.Idle,1.72771250864235e-05,cycles/inst
GPU[1].SA[8].CU[1],SIMDCPIStack.LDS,0.0941085003455394,cycles/inst
GPU[1].SA[8].CU[1],SIMDCPIStack.ScalarInst,0.0124049758120243,cycles/inst
GPU[1].SA[8].CU[1],SIMDCPIStack.ScalarMem,0.00602971665514858,cycles/inst
GPU[1].SA[8].CU[1],SIMDCPIStack.ScalarMemInst,0.000103662750518307,cycles/inst
GPU[1].SA[8].CU[1],SIMDCPIStack.Special,0.0,cycles/inst
GPU[1].SA[8].CU[1],SIMDCPIStack.VALU,1.70625431928127,cycles/inst
GPU[1].SA[8].CU[1],SIMDCPIStack.VMem,0.60651347615757,cycles/inst
GPU[1].SA[8].CU[1],SIMDCPIStack.VMemInst,0.000241879751209461,cycles/inst
GPU[1].SA[8].CU[1],SIMDCPIStack.total,2.82199378023497,cycles/inst
GPU[1].SA[8].CU[2],CPIStack.Branch,0.000116509379004969,cycles/inst
GPU[1].SA[8].CU[2],CPIStack.Fetch,0.00636432482814851,cycles/inst
GPU[1].SA[8].CU[2],CPIStack.Idle,1.45636723756582e-05,cycles/inst
GPU[1].SA[8].CU[2],CPIStack.LDS,0.097183385762555,cycles/inst
GPU[1].SA[8].CU[2],CPIStack.ScalarInst,0.0163404404054512,cycles/inst
GPU[1].SA[8].CU[2],CPIStack.ScalarMem,0.00506815798671799,cycles/inst
GPU[1].SA[8].CU[2],CPIStack.ScalarMemInst,8.73820342537517e-05,cycles/inst
GPU[1].SA[8].CU[2],CPIStack.Special,0.0,cycles/inst
GPU[1].SA[8].CU[2],CPIStack.VALU,1.38723348479553,cycles/inst
GPU[1].SA[8].CU[2],CPIStack.VMem,0.539147151345683,cycles/inst
GPU[1].SA[8].CU[2],CPIStack.VMemInst,0.000233018758010136,cycles/inst
GPU[1].SA[8].CU[2],CPIStack.total,2.37878655481766,cycles/inst
GPU[1].SA[8].CU[2],SIMDCPIStack.Branch,0.000138217000691037,cycles/inst
GPU[1].SA[8].CU[2],SIMDCPIStack.Fetch,0.00755010366275033,cycles/inst
GPU[1].SA[8].CU[2],SIMDCPIStack.Idle,1.72771250864235e-05,cycles/inst
GPU[1].SA[8].CU[2],SIMDCPIStack.LDS,0.115290255701453,cycles/inst
GPU[1].SA[8].CU[2],SIMDCPIStack.ScalarInst,0.0193849343469229,cycles/inst
GPU[1].SA[8].CU[2],SIMDCPIStack.ScalarMem,0.00601243953006227,cycles/inst
GPU[1].SA[8].CU[2],SIMDCPIStack.ScalarMemInst,0.000103662750518307,cycles/inst
GPU[1].SA[8].CU[2],SIMDCPIStack.Special,0.0,cycles/inst
GPU[1].SA[8].CU[2],SIMDCPIStack.VALU,1.64569799585349,cycles/inst
GPU[1].SA[8].CU[2],SIMDCPIStack.VMem,0.639599170697995,cycles/inst
GPU[1].SA[8].CU[2],SIMDCPIStack.VMemInst,0.000276434001382308,cycles/inst
GPU[1].SA[8].CU[2],SIMDCPIStack.total,2.82199378023497,cycles/inst
GPU[1].SA[8].CU[3],CPIStack.Branch,0.000451473843644614,cycles/inst
GPU[1].SA[8].CU[3],CPIStack.Fetch,0.00796632878946676,cycles/inst
GPU[1].SA[8].CU[3],CPIStack.Idle,1.45636723756582e-05,cycles/inst
GPU[1].SA[8].CU[3],CPIStack.LDS,0.130490504485612,cycles/inst
GPU[1].SA[8].CU[3],CPIStack.ScalarInst,0.0249912617965746,cycles/inst
GPU[1].SA[8].CU[3],CPIStack.ScalarMem,0.00518466736572286,cycles/inst
GPU[1].SA[8].CU[3],CPIStack.ScalarMemInst,8.73820342537517e-05,cycles/inst
GPU[1].SA[8].CU[3],CPIStack.Special,1.45636723755595e-05,cycles/inst
GPU[1].SA[8].CU[3],CPIStack.VALU,1.34625131073051,cycles/inst
GPU[1].SA[8].CU[3],CPIStack.VMem,0.542598741698705,cycles/inst
GPU[1].SA[8].CU[3],CPIStack.VMemInst,0.000233018758009939,cycles/inst
GPU[1].SA[8].CU[3],CPIStack.total,2.37878655481766,cycles/inst
GPU[1].SA[8].CU[3],SIMDCPIStack.Branch,0.000535590877678192,cycles/inst
GPU[1].SA[8].CU[3],SIMDCPIStack.Fetch,0.009450587422252,cycles/inst
GPU[1].SA[8].CU[3],SIMDCPIStack.Idle,1.72771250864235e-05,cycles/inst
GPU[1].SA[8].CU[3],SIMDCPIStack.LDS,0.154803040774017,cycles/inst
GPU[1].SA[8].CU[3],SIMDCPIStack.ScalarInst,0.0296475466482376,cycles/inst
GPU[1].SA[8].CU[3],SIMDCPIStack.ScalarMem,0.00615065653075319,cycles/inst
GPU[1].SA[8].CU[3],SIMDCPIStack.ScalarMemInst,0.000103662750518307,cycles/inst
GPU[1].SA[8].CU[3],SIMDCPIStack.Special,1.72771250863064e-05,cycles/inst
GPU[1].SA[8].CU[3],SIMDCPIStack.VALU,1.5970801658604,cycles/inst
GPU[1].SA[8].CU[3],SIMDCPIStack.VMem,0.643693849343468,cycles/inst
GPU[1].SA[8].CU[3],SIMDCPIStack.VMemInst,0.000276434001382074,cycles/inst
GPU[1].SA[8].CU[3],SIMDCPIStack.total,2.82199378023497,cycles/inst
GPU[1].SA[9].CU[0],CPIStack.Branch,0.000567983222650077,cycles/inst
GPU[1].SA[9].CU[0],CPIStack.Fetch,0.00659734358615845,cycles/inst
GPU[1].SA[9].CU[0],CPIStack.Idle,1.45636723756582e-05,cycles/inst
GPU[1].SA[9].CU[0],CPIStack.LDS,0.10139228707911,cycles/inst
GPU[1].SA[9].CU[0],CPIStack.ScalarInst,0.0167482232319727,cycles/inst
GPU[1].SA[9].CU[0],CPIStack.ScalarMem,0.00506815798671789,cycles/inst
GPU[1].SA[9].CU[0],CPIStack.ScalarMemInst,8.73820342537517e-05,cycles/inst
GPU[1].SA[9].CU[0],CPIStack.Special,1.45636723755595e-05,cycles/inst
GPU[1].SA[9].CU[0],CPIStack.VALU,1.40255446813468,cycles/inst
GPU[1].SA[9].CU[0],CPIStack.VMem,0.518510427589419,cycles/inst
GPU[1].SA[9].CU[0],CPIStack.VMemInst,0.000174764068507503,cycles/inst
GPU[1].SA[9].CU[0],CPIStack.total,2.37878655481766,cycles/inst
GPU[1].SA[9].CU[0],SIMDCPIStack.Branch,0.000673807878369814,cycles/inst
GPU[1].SA[9].CU[0],SIMDCPIStack.Fetch,0.00782653766413241,cycles/inst
GPU[1].SA[9].CU[0],SIMDCPIStack.Idle,1.72771250864235e-05,cycles/inst
GPU[1].SA[9].CU[0],SIMDCPIStack.LDS,0.120283344851417,cycles/inst
GPU[1].SA[9].CU[0],SIMDCPIStack.ScalarInst,0.0198686938493464,cycles/inst
GPU[1].SA[9].CU[0],SIMDCPIStack.ScalarMem,0.00601243953006215,cycles/inst
GPU[1].SA[9].CU[0],SIMDCPIStack.ScalarMemInst,0.000103662750518307,cycles/inst
GPU[1].SA[9].CU[0],SIMDCPIStack.Special,1.72771250863064e-05,cycles/inst
GPU[1].SA[9].CU[0],SIMDCPIStack.VALU,1.66387353144437,cycles/inst
GPU[1].SA[9].CU[0],SIMDCPIStack.VMem,0.615117484450585,cycles/inst
GPU[1].SA[9].CU[0],SIMDCPIStack.VMemInst,0.000207325501036614,cycles/inst
GPU[1].SA[9].CU[0],SIMDCPIStack.total,2.82199378023497,cycles/inst
GPU[1].SA[9].CU[1],CPIStack.Branch,0.000305837119888032,cycles/inst
GPU[1].SA[9].CU[1],CPIStack.Fetch,0.00639345217290032,cycles/inst
GPU[1].SA[9].CU[1],CPIStack.Idle,1.45636723756582e-05,cycles/inst
GPU[1].SA[9].CU[1],CPIStack.LDS,0.159253757427471,cycles/inst
GPU[1].SA[9].CU[1],CPIStack.ScalarInst,0.0307002213678218,cycles/inst
GPU[1].SA[9].CU[1],CPIStack.ScalarMem,0.00508272165909355,cycles/inst
GPU[1].SA[9].CU[1],CPIStack.ScalarMemInst,8.73820342537517e-05,cycles/inst
GPU[1].SA[9].CU[1],CPIStack.Special,2.91273447512177e-05,cycles/inst
GPU[1].SA[9].CU[1],CPIStack.VALU,1.31722591168589,cycles/inst
GPU[1].SA[9].CU[1],CPIStack.VMem,0.541899685424675,cycles/inst
GPU[1].SA[9].CU[1],CPIStack.VMemInst,0.000320400792263888,cycles/inst
GPU[1].SA[9].CU[1],CPIStack.total,2.37878655481766,cycles/inst
GPU[1].SA[9].CU[1],SIMDCPIStack.Branch,0.000362819626813957,cycles/inst
GPU[1].SA[9].CU[1],SIMDCPIStack.Fetch,0.00758465791292376,cycles/inst
GPU[1].SA[9].CU[1],SIMDCPIStack.Idle,1.72771250864235e-05,cycles/inst
GPU[1].SA[9].CU[1],SIMDCPIStack.LDS,0.188925362819625,cycles/inst
GPU[1].SA[9].CU[1],SIMDCPIStack.ScalarInst,0.0364201796821029,cycles/inst
GPU[1].SA[9].CU[1],SIMDCPIStack.ScalarMem,0.00602971665514858,cycles/inst
GPU[1].SA[9].CU[1],SIMDCPIStack.ScalarMemInst,0.000103662750518307,cycles/inst
GPU[1].SA[9].CU[1],SIMDCPIStack.Special,3.45542501727299e-05,cycles/inst
GPU[1].SA[9].CU[1],SIMDCPIStack.VALU,1.56264685556324,cycles/inst
GPU[1].SA[9].CU[1],SIMDCPIStack.VMem,0.642864547339321,cycles/inst
GPU[1].SA[9].CU[1],SIMDCPIStack.VMemInst,0.000380096751900615,cycles/inst
GPU[1].SA[9].CU[1],SIMDCPIStack.total,2.82199378023497,cycles/inst
GPU[1].SA[9].CU[2],CPIStack.Branch,0.000422346498893297,cycles/inst
GPU[1].SA[9].CU[2],CPIStack.Fetch,0.00678667132704191,cycles/inst
GPU[1].SA[9].CU[2],CPIStack.Idle,1.45636723756582e-05,cycles/inst
GPU[1].SA[9].CU[2],CPIStack.LDS,0.181696376558309,cycles/inst
GPU[1].SA[9].CU[2],CPIStack.ScalarInst,0.0350401957357545,cycles/inst
GPU[1].SA[9].CU[2],CPIStack.ScalarMem,0.00506815798671799,cycles/inst
GPU[1].SA[9].CU[2],CPIStack.ScalarMemInst,8.73820342537517e-05,cycles/inst
GPU[1].SA[9].CU[2],CPIStack.Special,1.45636723755595e-05,cycles/inst
GPU[1].SA[9].CU[2],CPIStack.VALU,1.30072527088431,cycles/inst
GPU[1].SA[9].CU[2],CPIStack.VMem,0.531049749504838,cycles/inst
GPU[1].SA[9].CU[2],CPIStack.VMemInst,0.000407782826517639,cycles/inst
GPU[1].SA[9].CU[2],CPIStack.total,2.37878655481766,cycles/inst
GPU[1].SA[9].CU[2],SIMDCPIStack.Branch,0.000501036627505345,cycles/inst
GPU[1].SA[9].CU[2],SIMDCPIStack.Fetch,0.00805114029025579,cycles/inst
GPU[1].SA[9].CU[2],SIMDCPIStack.Idle,1.72771250864235e-05,cycles/inst
GPU[1].SA[9].CU[2],SIMDCPIStack.LDS,0.215549412577742,cycles/inst
GPU[1].SA[9].CU[2],SIMDCPIStack.ScalarInst,0.0415687629578412,cycles/inst
GPU[1].SA[9].CU[2],SIMDCPIStack.ScalarMem,0.00601243953006227,cycles/inst
GPU[1].SA[9].CU[2],SIMDCPIStack.ScalarMemInst,0.000103662750518307,cycles/inst
GPU[1].SA[9].CU[2],SIMDCPIStack.Special,1.72771250863064e-05,cycles/inst
GPU[1].SA[9].CU[2],SIMDCPIStack.VALU,1.54307187284036,cycles/inst
GPU[1].SA[9].CU[2],SIMDCPIStack.VMem,0.629993089149969,cycles/inst
GPU[1].SA[9].CU[2],SIMDCPIStack.VMemInst,0.000483759502418922,cycles/inst
GPU[1].SA[9].CU[2],SIMDCPIStack.total,2.82199378023497,cycles/inst
GPU[1].SA[9].CU[3],CPIStack.Branch,0.000189327740882865,cycles/inst
GPU[1].SA[9].CU[3],CPIStack.Fetch,0.00648083420715407,cycles/inst
GPU[1].SA[9].CU[3],CPIStack.Idle,1.45636723756582e-05,cycles/inst
GPU[1].SA[9].CU[3],CPIStack.LDS,0.193988116043342,cycles/inst
GPU[1].SA[9].CU[3],CPIStack.ScalarInst,0.0394238611208231,cycles/inst
GPU[1].SA[9].CU[3],CPIStack.ScalarMem,0.00518466736572286,cycles/inst
GPU[1].SA[9].CU[3],CPIStack.ScalarMemInst,8.73820342537517e-05,cycles/inst
GPU[1].SA[9].CU[3],CPIStack.Special,0.0,cycles/inst
GPU[1].SA[9].CU[3],CPIStack.VALU,1.29297739718047,cycles/inst
GPU[1].SA[9].CU[3],CPIStack.VMem,0.522894092974484,cycles/inst
GPU[1].SA[9].CU[3],CPIStack.VMemInst,0.000233018758009939,cycles/inst
GPU[1].SA[9].CU[3],CPIStack.total,2.37878655481766,cycles/inst
GPU[1].SA[9].CU[3],SIMDCPIStack.Branch,0.000224602626122686,cycles/inst
GPU[1].SA[9].CU[3],SIMDCPIStack.Fetch,0.00768832066344207,cycles/inst
GPU[1].SA[9].CU[3],SIMDCPIStack.Idle,1.72771250864235e-05,cycles/inst
GPU[1].SA[9].CU[3],SIMDCPIStack.LDS,0.230131306150657,cycles/inst
GPU[1].SA[9].CU[3],SIMDCPIStack.ScalarInst,0.0467691776088493,cycles/inst
GPU[1].SA[9].CU[3],SIMDCPIStack.ScalarMem,0.00615065653075319,cycles/inst
GPU[1].SA[9].CU[3],SIMDCPIStack.ScalarMemInst,0.000103662750518307,cycles/inst
GPU[1].SA[9].CU[3],SIMDCPIStack.Special,0.0,cycles/inst
GPU[1].SA[9].CU[3],SIMDCPIStack.VALU,1.5338804422944,cycles/inst
GPU[1].SA[9].CU[3],SIMDCPIStack.VMem,0.620317899101589,cycles/inst
GPU[1].SA[9].CU[3],SIMDCPIStack.VMemInst,0.000276434001382074,cycles/inst
GPU[1].SA[9].CU[3],SIMDCPIStack.total,2.82199378023497,cycles/inst
GPU[1].SA[10].CU[0],CPIStack.Branch,0.000320400792263888,cycles/inst
GPU[1].SA[10].CU[0],CPIStack.Fetch,0.00652452522428065,cycles/inst
GPU[1].SA[10].CU[0],CPIStack.Idle,1.45636723755595e-05,cycles/inst
GPU[1].SA[10].CU[0],CPIStack.LDS,0.11467435628568,cycles/inst
GPU[1].SA[10].CU[0],CPIStack.ScalarInst,0.0198211581032274,cycles/inst
GPU[1].SA[10].CU[0],CPIStack.ScalarMem,0.00506815798671789,cycles/inst
GPU[1].SA[10].CU[0],CPIStack.ScalarMemInst,8.73820342537517e-05,cycles/inst
GPU[1].SA[10].CU[0],CPIStack.Special,2.9127344751415e-05,cycles/inst
GPU[1].SA[10].CU[0],CPIStack.VALU,1.40045729931259,cycles/inst
GPU[1].SA[10].CU[0],CPIStack.VMem,0.509218804613772,cycles/inst
GPU[1].SA[10].CU[0],CPIStack.VMemInst,0.000276709775137308,cycles/inst
GPU[1].SA[10].CU[0],CPIStack.total,2.37877199114529,cycles/inst
GPU[1].SA[10].CU[0],SIMDCPIStack.Branch,0.000380096751900615,cycles/inst
GPU[1].SA[10].CU[0],SIMDCPIStack.Fetch,0.00774015203870087,cycles/inst
GPU[1].SA[10].CU[0],SIMDCPIStack.Idle,1.72771250863064e-05,cycles/inst
GPU[1].SA[10].CU[0],SIMDCPIStack.LDS,0.136040082930199,cycles/inst
GPU[1].SA[10].CU[0],SIMDCPIStack.ScalarInst,0.023514167242571,cycles/inst
GPU[1].SA[10].CU[0],SIMDCPIStack.ScalarMem,0.00601243953006215,cycles/inst
GPU[1].SA[10].CU[0],SIMDCPIStack.ScalarMemInst,0.000103662750518307,cycles/inst
GPU[1].SA[10].CU[0],SIMDCPIStack.Special,3.45542501729641e-05,cycles/inst
GPU[1].SA[10].CU[0],SIMDCPIStack.VALU,1.66138562543193,cycles/inst
GPU[1].SA[10].CU[0],SIMDCPIStack.VMem,0.604094678645474,cycles/inst
GPU[1].SA[10].CU[0],SIMDCPIStack.VMemInst,0.000328265376641813,cycles/inst
GPU[1].SA[10].CU[0],SIMDCPIStack.total,2.82197650310988,cycles/inst
GPU[1].SA[10].CU[1],CPIStack.Branch,0.000203891413258721,cycles/inst
GPU[1].SA[10].CU[1],CPIStack.Fetch,0.00637888850052476,cycles/inst
GPU[1].SA[10].CU[1],CPIStack.Idle,1.45636723755595e-05,cycles/inst
GPU[1].SA[10].CU[1],CPIStack.LDS,0.165050099032971,cycles/inst
GPU[1].SA[10].CU[1],CPIStack.ScalarInst,0.0325206804147727,cycles/inst
GPU[1].SA[10].CU[1],CPIStack.ScalarMem,0.00508272165909355,cycles/inst
GPU[1].SA[10].CU[1],CPIStack.ScalarMemInst,8.73820342537517e-05,cycles/inst
GPU[1].SA[10].CU[1],CPIStack.Special,1.45636723755595e-05,cycles/inst
GPU[1].SA[10].CU[1],CPIStack.VALU,1.32529418618199,cycles/inst
GPU[1].SA[10].CU[1],CPIStack.VMem,0.526462192706513,cycles/inst
GPU[1].SA[10].CU[1],CPIStack.VMemInst,0.000189327740883161,cycles/inst
GPU[1].SA[10].CU[1],CPIStack.total,2.37877199114529,cycles/inst
GPU[1].SA[10].CU[1],SIMDCPIStack.Branch,0.000241879751209344,cycles/inst
GPU[1].SA[10].CU[1],SIMDCPIStack.Fetch,0.00756738078783746,cycles/inst
GPU[1].SA[10].CU[1],SIMDCPIStack.Idle,1.72771250863064e-05,cycles/inst
GPU[1].SA[10].CU[1],SIMDCPIStack.LDS,0.195801658604007,cycles/inst
GPU[1].SA[10].CU[1],SIMDCPIStack.ScalarInst,0.0385798203178982,cycles/inst
GPU[1].SA[10].CU[1],SIMDCPIStack.ScalarMem,0.00602971665514858,cycles/inst
GPU[1].SA[10].CU[1],SIMDCPIStack.ScalarMemInst,0.000103662750518307,cycles/inst
GPU[1].SA[10].CU[1],SIMDCPIStack.Special,1.72771250863064e-05,cycles/inst
GPU[1].SA[10].CU[1],SIMDCPIStack.VALU,1.57221838286109,cycles/inst
GPU[1].SA[10].CU[1],SIMDCPIStack.VMem,0.624550794747754,cycles/inst
GPU[1].SA[10].CU[1],SIMDCPIStack.VMemInst,0.000224602626123037,cycles/inst
GPU[1].SA[10].CU[1],SIMDCPIStack.total,2.82197650310988,cycles/inst
GPU[1].SA[10].CU[2],CPIStack.Branch,0.000145636723756286,cycles/inst
GPU[1].SA[10].CU[2],CPIStack.Fetch,0.00653908889665631,cycles/inst
GPU[1].SA[10].CU[2],CPIStack.Idle,1.45636723755595e-05,cycles/inst
GPU[1].SA[10].CU[2],CPIStack.LDS,0.208362460678086,cycles/inst
GPU[1].SA[10].CU[2],CPIStack.ScalarInst,0.0416375393219179,cycles/inst
GPU[1].SA[10].CU[2],CPIStack.ScalarMem,0.00506815798671799,cycles/inst
GPU[1].SA[10].CU[2],CPIStack.ScalarMemInst,8.73820342537517e-05,cycles/inst
GPU[1].SA[10].CU[2],CPIStack.Special,0.0,cycles/inst
GPU[1].SA[10].CU[2],CPIStack.VALU,1.28499650471863,cycles/inst
GPU[1].SA[10].CU[2],CPIStack.VMem,0.514228707910983,cycles/inst
GPU[1].SA[10].CU[2],CPIStack.VMemInst,0.000218455085634478,cycles/inst
GPU[1].SA[10].CU[2],CPIStack.total,2.37877199114529,cycles/inst
GPU[1].SA[10].CU[2],SIMDCPIStack.Branch,0.000172771250863884,cycles/inst
GPU[1].SA[10].CU[2],SIMDCPIStack.Fetch,0.0077574291637873,cycles/inst
GPU[1].SA[10].CU[2],SIMDCPIStack.Idle,1.72771250863064e-05,cycles/inst
GPU[1].SA[10].CU[2],SIMDCPIStack.LDS,0.247183828610921,cycles/inst
GPU[1].SA[10].CU[2],SIMDCPIStack.ScalarInst,0.0493953006219795,cycles/inst
GPU[1].SA[10].CU[2],SIMDCPIStack.ScalarMem,0.00601243953006227,cycles/inst
GPU[1].SA[10].CU[2],SIMDCPIStack.ScalarMemInst,0.000103662750518307,cycles/inst
GPU[1].SA[10].CU[2],SIMDCPIStack.Special,0.0,cycles/inst
GPU[1].SA[10].CU[2],SIMDCPIStack.VALU,1.52441257774706,cycles/inst
GPU[1].SA[10].CU[2],SIMDCPIStack.VMem,0.610038009675185,cycles/inst
GPU[1].SA[10].CU[2],SIMDCPIStack.VMemInst,0.000259156876295884,cycles/inst
GPU[1].SA[10].CU[2],SIMDCPIStack.total,2.82197650310988,cycles/inst
GPU[1].SA[10].CU[3],CPIStack.Branch,0.00013107305138043,cycles/inst
GPU[1].SA[10].CU[3],CPIStack.Fetch,0.00646627053477792,cycles/inst
GPU[1].SA[10].CU[3],CPIStack.Idle,1.45636723755595e-05,cycles/inst
GPU[1].SA[10].CU[3],CPIStack.LDS,0.218979377839914,cycles/inst
GPU[1].SA[10].CU[3],CPIStack.ScalarInst,0.0430647792147278,cycles/inst
GPU[1].SA[10].CU[3],CPIStack.ScalarMem,0.00518466736572286,cycles/inst
GPU[1].SA[10].CU[3],CPIStack.ScalarMemInst,8.73820342537517e-05,cycles/inst
GPU[1].SA[10].CU[3],CPIStack.Special,0.0,cycles/inst
GPU[1].SA[10].CU[3],CPIStack.VALU,1.27516602586508,cycles/inst
GPU[1].SA[10].CU[3],CPIStack.VMem,0.513442269602705,cycles/inst
GPU[1].SA[10].CU[3],CPIStack.VMemInst,0.000233018758009939,cycles/inst
GPU[1].SA[10].CU[3],CPIStack.total,2.37877199114529,cycles/inst
GPU[1].SA[10].CU[3],SIMDCPIStack.Branch,0.000155494125777226,cycles/inst
GPU[1].SA[10].CU[3],SIMDCPIStack.Fetch,0.00767104353835506,cycles/inst
GPU[1].SA[10].CU[3],SIMDCPIStack.Idle,1.72771250863064e-05,cycles/inst
GPU[1].SA[10].CU[3],SIMDCPIStack.LDS,0.259778852798892,cycles/inst
GPU[1].SA[10].CU[3],SIMDCPIStack.ScalarInst,0.0510884588804435,cycles/inst
GPU[1].SA[10].CU[3],SIMDCPIStack.ScalarMem,0.00615065653075319,cycles/inst
GPU[1].SA[10].CU[3],SIMDCPIStack.ScalarMemInst,0.000103662750518307,cycles/inst
GPU[1].SA[10].CU[3],SIMDCPIStack.Special,0.0,cycles/inst
GPU[1].SA[10].CU[3],SIMDCPIStack.VALU,1.51275051831375,cycles/inst
GPU[1].SA[10].CU[3],SIMDCPIStack.VMem,0.609105044920527,cycles/inst
GPU[1].SA[10].CU[3],SIMDCPIStack.VMemInst,0.000276434001382074,cycles/inst
GPU[1].SA[10].CU[3],SIMDCPIStack.total,2.82197650310988,cycles/inst
GPU[1].SA[11].CU[0],CPIStack.Branch,0.000189327740883458,cycles/inst
GPU[1].SA[11].CU[0],CPIStack.Fetch,0.00632063381102173,cycles/inst
GPU[1].SA[11].CU[0],CPIStack.Idle,1.45636723755595e-05,cycles/inst
GPU[1].SA[11].CU[0],CPIStack.LDS,0.0874402889432606,cycles/inst
GPU[1].SA[11].CU[0],CPIStack.ScalarInst,0.0143306536176161,cycles/inst
GPU[1].SA[11].CU[0],CPIStack.ScalarMem,0.00506815798671789,cycles/inst
GPU[1].SA[11].CU[0],CPIStack.ScalarMemInst,8.73820342537517e-05,cycles/inst
GPU[1].SA[11].CU[0],CPIStack.Special,0.0,cycles/inst
GPU[1].SA[11].CU[0],CPIStack.VALU,1.43261388791798,cycles/inst
GPU[1].SA[11].CU[0],CPIStack.VMem,0.505461377140859,cycles/inst
GPU[1].SA[11].CU[0],CPIStack.VMemInst,0.000174764068507503,cycles/inst
GPU[1].SA[11].CU[0],CPIStack.total,2.37877199114529,cycles/inst
GPU[1].SA[11].CU[0],SIMDCPIStack.Branch,0.000224602626123389,cycles/inst
GPU[1].SA[11].CU[0],SIMDCPIStack.Fetch,0.0074982722874913,cycles/inst
GPU[1].SA[11].CU[0],SIMDCPIStack.Idle,1.72771250863064e-05,cycles/inst
GPU[1].SA[11].CU[0],SIMDCPIStack.LDS,0.10373185901866,cycles/inst
GPU[1].SA[11].CU[0],SIMDCPIStack.ScalarInst,0.0170006910850033,cycles/inst
GPU[1].SA[11].CU[0],SIMDCPIStack.ScalarMem,0.00601243953006215,cycles/inst
GPU[1].SA[11].CU[0],SIMDCPIStack.ScalarMemInst,0.000103662750518307,cycles/inst
GPU[1].SA[11].CU[0],SIMDCPIStack.Special,0.0,cycles/inst
GPU[1].SA[11].CU[0],SIMDCPIStack.VALU,1.69953351762267,cycles/inst
GPU[1].SA[11].CU[0],SIMDCPIStack.VMem,0.599637180373185,cycles/inst
GPU[1].SA[11].CU[0],SIMDCPIStack.VMemInst,0.000207325501036614,cycles/inst
GPU[1].SA[11].CU[0],SIMDCPIStack.total,2.82197650310988,cycles/inst
GPU[1].SA[11].CU[1],CPIStack.Branch,0.000116509379004969,cycles/inst
GPU[1].SA[11].CU[1],CPIStack.Fetch,0.00623325177676808,cycles/inst
GPU[1].SA[11].CU[1],CPIStack.Idle,1.45636723755595e-05,cycles/inst
GPU[1].SA[11].CU[1],CPIStack.LDS,0.111179074915528,cycles/inst
GPU[1].SA[11].CU[1],CPIStack.ScalarInst,0.0201415588954928,cycles/inst
GPU[1].SA[11].CU[1],CPIStack.ScalarMem,0.00508272165909355,cycles/inst
GPU[1].SA[11].CU[1],CPIStack.ScalarMemInst,8.73820342537517e-05,cycles/inst
GPU[1].SA[11].CU[1],CPIStack.Special,2.91273447509216e-05,cycles/inst
GPU[1].SA[11].CU[1],CPIStack.VALU,1.37734475125248,cycles/inst
GPU[1].SA[11].CU[1],CPIStack.VMem,0.531180822556216,cycles/inst
GPU[1].SA[11].CU[1],CPIStack.VMemInst,0.000320400792263888,cycles/inst
GPU[1].SA[11].CU[1],CPIStack.total,2.37877199114529,cycles/inst
GPU[1].SA[11].CU[1],SIMDCPIStack.Branch,0.000138217000691037,cycles/inst
GPU[1].SA[11].CU[1],SIMDCPIStack.Fetch,0.00739460953697311,cycles/inst
GPU[1].SA[11].CU[1],SIMDCPIStack.Idle,1.72771250863064e-05,cycles/inst
GPU[1].SA[11].CU[1],SIMDCPIStack.LDS,0.131893572909464,cycles/inst
GPU[1].SA[11].CU[1],SIMDCPIStack.ScalarInst,0.0238942639944734,cycles/inst
GPU[1].SA[11].CU[1],SIMDCPIStack.ScalarMem,0.00602971665514858,cycles/inst
GPU[1].SA[11].CU[1],SIMDCPIStack.ScalarMemInst,0.000103662750518307,cycles/inst
GPU[1].SA[11].CU[1],SIMDCPIStack.Special,3.45542501723787e-05,cycles/inst
GPU[1].SA[11].CU[1],SIMDCPIStack.VALU,1.63396682791984,cycles/inst
GPU[1].SA[11].CU[1],SIMDCPIStack.VMem,0.630148583275743,cycles/inst
GPU[1].SA[11].CU[1],SIMDCPIStack.VMemInst,0.000380096751900615,cycles/inst
GPU[1].SA[11].CU[1],SIMDCPIStack.total,2.82197650310988,cycles/inst
GPU[1].SA[11].CU[2],CPIStack.Branch,0.00013107305138043,cycles/inst
GPU[1].SA[11].CU[2],CPIStack.Fetch,0.00652452522428104,cycles/inst
GPU[1].SA[11].CU[2],CPIStack.Idle,1.45636723755595e-05,cycles/inst
GPU[1].SA[11].CU[2],CPIStack.LDS,0.187070371664919,cycles/inst
GPU[1].SA[11].CU[2],CPIStack.ScalarInst,0.0351712687871407,cycles/inst
GPU[1].SA[11].CU[2],CPIStack.ScalarMem,0.00506815798671799,cycles/inst
GPU[1].SA[11].CU[2],CPIStack.ScalarMemInst,8.73820342537517e-05,cycles/inst
GPU[1].SA[11].CU[2],CPIStack.Special,0.0,cycles/inst
GPU[1].SA[11].CU[2],CPIStack.VALU,1.29830770126995,cycles/inst
GPU[1].SA[11].CU[2],CPIStack.VMem,0.528704998252355,cycles/inst
GPU[1].SA[11].CU[2],CPIStack.VMemInst,0.000218455085634478,cycles/inst
GPU[1].SA[11].CU[2],CPIStack.total,2.37877199114529,cycles/inst
GPU[1].SA[11].CU[2],SIMDCPIStack.Branch,0.000155494125777226,cycles/inst
GPU[1].SA[11].CU[2],SIMDCPIStack.Fetch,0.00774015203870134,cycles/inst
GPU[1].SA[11].CU[2],SIMDCPIStack.Idle,1.72771250863064e-05,cycles/inst
GPU[1].SA[11].CU[2],SIMDCPIStack.LDS,0.221924671734623,cycles/inst
GPU[1].SA[11].CU[2],SIMDCPIStack.ScalarInst,0.0417242570836252,cycles/inst
GPU[1].SA[11].CU[2],SIMDCPIStack.ScalarMem,0.00601243953006227,cycles/inst
GPU[1].SA[11].CU[2],SIMDCPIStack.ScalarMemInst,0.000103662750518307,cycles/inst
GPU[1].SA[11].CU[2],SIMDCPIStack.Special,0.0,cycles/inst
GPU[1].SA[11].CU[2],SIMDCPIStack.VALU,1.54020387007602,cycles/inst
GPU[1].SA[11].CU[2],SIMDCPIStack.VMem,0.627211472011052,cycles/inst
GPU[1].SA[11].CU[2],SIMDCPIStack.VMemInst,0.000259156876295884,cycles/inst
GPU[1].SA[11].CU[2],SIMDCPIStack.total,2.82197650310988,cycles/inst
GPU[1].SA[11].CU[3],CPIStack.Branch,0.000101945706629509,cycles/inst
GPU[1].SA[11].CU[3],CPIStack.Fetch,0.00633519748339759,cycles/inst
GPU[1].SA[11].CU[3],CPIStack.Idle,1.45636723755595e-05,cycles/inst
GPU[1].SA[11].CU[3],CPIStack.LDS,0.206818711406272,cycles/inst
GPU[1].SA[11].CU[3],CPIStack.ScalarInst,0.0393801701036922,cycles/inst
GPU[1].SA[11].CU[3],CPIStack.ScalarMem,0.00518466736572286,cycles/inst
GPU[1].SA[11].CU[3],CPIStack.ScalarMemInst,8.73820342537517e-05,cycles/inst
GPU[1].SA[11].CU[3],CPIStack.Special,0.0,cycles/inst
GPU[1].SA[11].CU[3],CPIStack.VALU,1.28725387393685,cycles/inst
GPU[1].SA[11].CU[3],CPIStack.VMem,0.517345333799369,cycles/inst
GPU[1].SA[11].CU[3],CPIStack.VMemInst,0.000247582430385794,cycles/inst
GPU[1].SA[11].CU[3],CPIStack.total,2.37877199114529,cycles/inst
GPU[1].SA[11].CU[3],SIMDCPIStack.Branch,0.000120939875604847,cycles/inst
GPU[1].SA[11].CU[3],SIMDCPIStack.Fetch,0.00751554941257795,cycles/inst
GPU[1].SA[11].CU[3],SIMDCPIStack.Idle,1.72771250863064e-05,cycles/inst
GPU[1].SA[11].CU[3],SIMDCPIStack.LDS,0.245352453351767,cycles/inst
GPU[1].SA[11].CU[3],SIMDCPIStack.ScalarInst,0.0467173462335853,cycles/inst
GPU[1].SA[11].CU[3],SIMDCPIStack.ScalarMem,0.00615065653075319,cycles/inst
GPU[1].SA[11].CU[3],SIMDCPIStack.ScalarMemInst,0.000103662750518307,cycles/inst
GPU[1].SA[11].CU[3],SIMDCPIStack.Special,0.0,cycles/inst
GPU[1].SA[11].CU[3],SIMDCPIStack.VALU,1.52709053213545,cycles/inst
GPU[1].SA[11].CU[3],SIMDCPIStack.VMem,0.613735314443674,cycles/inst
GPU[1].SA[11].CU[3],SIMDCPIStack.VMemInst,0.000293711126468731,cycles/inst
GPU[1].SA[11].CU[3],SIMDCPIStack.total,2.82197650310988,cycles/inst
GPU[1].SA[12].CU[0],CPIStack.Branch,0.000407782826517738,cycles/inst
GPU[1].SA[12].CU[0],CPIStack.Fetch,0.00629150646627042,cycles/inst
GPU[1].SA[12].CU[0],CPIStack.Idle,1.45636723756582e-05,cycles/inst
GPU[1].SA[12].CU[0],CPIStack.LDS,0.0787457765350088,cycles/inst
GPU[1].SA[12].CU[0],CPIStack.ScalarInst,0.0114761738319949,cycles/inst
GPU[1].SA[12].CU[0],CPIStack.ScalarMem,0.00506815798671789,cycles/inst
GPU[1].SA[12].CU[0],CPIStack.ScalarMemInst,8.73820342537517e-05,cycles/inst
GPU[1].SA[12].CU[0],CPIStack.Special,0.0,cycles/inst
GPU[1].SA[12].CU[0],CPIStack.VALU,1.45032331352674,cycles/inst
GPU[1].SA[12].CU[0],CPIStack.VMem,0.502257369218222,cycles/inst
GPU[1].SA[12].CU[0],CPIStack.VMemInst,0.000174764068507503,cycles/inst
GPU[1].SA[12].CU[0],CPIStack.total,2.37875742747291,cycles/inst
GPU[1].SA[12].CU[0],SIMDCPIStack.Branch,0.000483759502419039,cycles/inst
GPU[1].SA[12].CU[0],SIMDCPIStack.Fetch,0.00746371803731845,cycles/inst
GPU[1].SA[12].CU[0],SIMDCPIStack.Idle,1.72771250864235e-05,cycles/inst
GPU[1].SA[12].CU[0],SIMDCPIStack.LDS,0.0934174153420843,cycles/inst
GPU[1].SA[12].CU[0],SIMDCPIStack.ScalarInst,0.0136143745680735,cycles/inst
GPU[1].SA[12].CU[0],SIMDCPIStack.ScalarMem,0.00601243953006215,cycles/inst
GPU[1].SA[12].CU[0],SIMDCPIStack.ScalarMemInst,0.000103662750518307,cycles/inst
GPU[1].SA[12].CU[0],SIMDCPIStack.Special,0.0,cycles/inst
GPU[1].SA[12].CU[0],SIMDCPIStack.VALU,1.72054250172771,cycles/inst
GPU[1].SA[12].CU[0],SIMDCPIStack.VMem,0.59583621285418,cycles/inst
GPU[1].SA[12].CU[0],SIMDCPIStack.VMemInst,0.000207325501036614,cycles/inst
GPU[1].SA[12].CU[0],SIMDCPIStack.total,2.8219592259848,cycles/inst
GPU[1].SA[12].CU[1],CPIStack.Branch,0.00104858441104502,cycles/inst
GPU[1].SA[12].CU[1],CPIStack.Fetch,0.00620412443201676,cycles/inst
GPU[1].SA[12].CU[1],CPIStack.Idle,1.45636723756582e-05,cycles/inst
GPU[1].SA[12].CU[1],CPIStack.LDS,0.0675463124781591,cycles/inst
GPU[1].SA[12].CU[1],CPIStack.ScalarInst,0.00926249563089827,cycles/inst
GPU[1].SA[12].CU[1],CPIStack.ScalarMem,0.00508272165909355,cycles/inst
GPU[1].SA[12].CU[1],CPIStack.ScalarMemInst,8.73820342537517e-05,cycles/inst
GPU[1].SA[12].CU[1],CPIStack.Special,0.0,cycles/inst
GPU[1].SA[12].CU[1],CPIStack.VALU,1.44235698473727,cycles/inst
GPU[1].SA[12].CU[1],CPIStack.VMem,0.52306885704299,cycles/inst
GPU[1].SA[12].CU[1],CPIStack.VMemInst,0.000189327740883161,cycles/inst
GPU[1].SA[12].CU[1],CPIStack.total,2.37875742747291,cycles/inst
GPU[1].SA[12].CU[1],SIMDCPIStack.Branch,0.00124395300621968,cycles/inst
GPU[1].SA[12].CU[1],SIMDCPIStack.Fetch,0.00736005528680026,cycles/inst
GPU[1].SA[12].CU[1],SIMDCPIStack.Idle,1.72771250864235e-05,cycles/inst
GPU[1].SA[12].CU[1],SIMDCPIStack.LDS,0.080131306150662,cycles/inst
GPU[1].SA[12].CU[1],SIMDCPIStack.ScalarInst,0.0109882515549412,cycles/inst
GPU[1].SA[12].CU[1],SIMDCPIStack.ScalarMem,0.00602971665514858,cycles/inst
GPU[1].SA[12].CU[1],SIMDCPIStack.ScalarMemInst,0.000103662750518307,cycles/inst
GPU[1].SA[12].CU[1],SIMDCPIStack.Special,0.0,cycles/inst
GPU[1].SA[12].CU[1],SIMDCPIStack.VALU,1.71109191430546,cycles/inst
GPU[1].SA[12].CU[1],SIMDCPIStack.VMem,0.620525224602624,cycles/inst
GPU[1].SA[12].CU[1],SIMDCPIStack.VMemInst,0.000224602626123037,cycles/inst
GPU[1].SA[12].CU[1],SIMDCPIStack.total,2.8219592259848,cycles/inst
GPU[1].SA[12].CU[2],CPIStack.Branch,0.000291273447512374,cycles/inst
GPU[1].SA[12].CU[2],CPIStack.Fetch,0.00632063381102163,cycles/inst
GPU[1].SA[12].CU[2],CPIStack.Idle,1.45636723756582e-05,cycles/inst
GPU[1].SA[12].CU[2],CPIStack.LDS,0.0909501339857865,cycles/inst
GPU[1].SA[12].CU[2],CPIStack.ScalarInst,0.0162239310264487,cycles/inst
GPU[1].SA[12].CU[2],CPIStack.ScalarMem,0.00506815798671799,cycles/inst
GPU[1].SA[12].CU[2],CPIStack.ScalarMemInst,8.73820342537517e-05,cycles/inst
GPU[1].SA[12].CU[2],CPIStack.Special,1.45636723755595e-05,cycles/inst
GPU[1].SA[12].CU[2],CPIStack.VALU,1.38528195269719,cycles/inst
GPU[1].SA[12].CU[2],CPIStack.VMem,0.550244669695909,cycles/inst
GPU[1].SA[12].CU[2],CPIStack.VMemInst,0.000349528137015105,cycles/inst
GPU[1].SA[12].CU[2],CPIStack.total,2.37875742747291,cycles/inst
GPU[1].SA[12].CU[2],SIMDCPIStack.Branch,0.000345542501727534,cycles/inst
GPU[1].SA[12].CU[2],SIMDCPIStack.Fetch,0.00749827228749118,cycles/inst
GPU[1].SA[12].CU[2],SIMDCPIStack.Idle,1.72771250864235e-05,cycles/inst
GPU[1].SA[12].CU[2],SIMDCPIStack.LDS,0.107895646164479,cycles/inst
GPU[1].SA[12].CU[2],SIMDCPIStack.ScalarInst,0.0192467173462348,cycles/inst
GPU[1].SA[12].CU[2],SIMDCPIStack.ScalarMem,0.00601243953006227,cycles/inst
GPU[1].SA[12].CU[2],SIMDCPIStack.ScalarMemInst,0.000103662750518307,cycles/inst
GPU[1].SA[12].CU[2],SIMDCPIStack.Special,1.72771250863064e-05,cycles/inst
GPU[1].SA[12].CU[2],SIMDCPIStack.VALU,1.64338286109191,cycles/inst
GPU[1].SA[12].CU[2],SIMDCPIStack.VMem,0.65276434001382,cycles/inst
GPU[1].SA[12].CU[2],SIMDCPIStack.VMemInst,0.000414651002073345,cycles/inst
GPU[1].SA[12].CU[2],SIMDCPIStack.total,2.8219592259848,cycles/inst
GPU[1].SA[12].CU[3],CPIStack.Branch,0.000349528137015007,cycles/inst
GPU[1].SA[12].CU[3],CPIStack.Fetch,0.00649539787952914,cycles/inst
GPU[1].SA[12].CU[3],CPIStack.Idle,1.45636723756582e-05,cycles/inst
GPU[1].SA[12].CU[3],CPIStack.LDS,0.116844343469648,cycles/inst
GPU[1].SA[12].CU[3],CPIStack.ScalarInst,0.0198794127927295,cycles/inst
GPU[1].SA[12].CU[3],CPIStack.ScalarMem,0.00518466736572286,cycles/inst
GPU[1].SA[12].CU[3],CPIStack.ScalarMemInst,8.73820342537517e-05,cycles/inst
GPU[1].SA[12].CU[3],CPIStack.Special,1.45636723755595e-05,cycles/inst
GPU[1].SA[12].CU[3],CPIStack.VALU,1.35844110450892,cycles/inst
GPU[1].SA[12].CU[3],CPIStack.VMem,0.549196085284865,cycles/inst
GPU[1].SA[12].CU[3],CPIStack.VMemInst,0.000233018758009939,cycles/inst
GPU[1].SA[12].CU[3],CPIStack.total,2.37875742747291,cycles/inst
GPU[1].SA[12].CU[3],SIMDCPIStack.Branch,0.000414651002073228,cycles/inst
GPU[1].SA[12].CU[3],SIMDCPIStack.Fetch,0.00770559778852779,cycles/inst
GPU[1].SA[12].CU[3],SIMDCPIStack.Idle,1.72771250864235e-05,cycles/inst
GPU[1].SA[12].CU[3],SIMDCPIStack.LDS,0.13861437456807,cycles/inst
GPU[1].SA[12].CU[3],SIMDCPIStack.ScalarInst,0.023583275742916,cycles/inst
GPU[1].SA[12].CU[3],SIMDCPIStack.ScalarMem,0.00615065653075319,cycles/inst
GPU[1].SA[12].CU[3],SIMDCPIStack.ScalarMemInst,0.000103662750518307,cycles/inst
GPU[1].SA[12].CU[3],SIMDCPIStack.Special,1.72771250863064e-05,cycles/inst
GPU[1].SA[12].CU[3],SIMDCPIStack.VALU,1.61154111955771,cycles/inst
GPU[1].SA[12].CU[3],SIMDCPIStack.VMem,0.651520387007601,cycles/inst
GPU[1].SA[12].CU[3],SIMDCPIStack.VMemInst,0.000276434001382074,cycles/inst
GPU[1].SA[12].CU[3],SIMDCPIStack.total,2.8219592259848,cycles/inst
GPU[1].SA[13].CU[0],CPIStack.Branch,0.000262146102761847,cycles/inst
GPU[1].SA[13].CU[0],CPIStack.Fetch,0.0064371431900267,cycles/inst
GPU[1].SA[13].CU[0],CPIStack.Idle,1.45636723756582e-05,cycles/inst
GPU[1].SA[13].CU[0],CPIStack.LDS,0.090571478504019,cycles/inst
GPU[1].SA[13].CU[0],CPIStack.ScalarInst,0.0129471047419321,cycles/inst
GPU[1].SA[13].CU[0],CPIStack.ScalarMem,0.00506815798671789,cycles/inst
GPU[1].SA[13].CU[0],CPIStack.ScalarMemInst,8.73820342537517e-05,cycles/inst
GPU[1].SA[13].CU[0],CPIStack.Special,1.45636723755595e-05,cycles/inst
GPU[1].SA[13].CU[0],CPIStack.VALU,1.42699231038099,cycles/inst
GPU[1].SA[13].CU[0],CPIStack.VMem,0.512335430502155,cycles/inst
GPU[1].SA[13].CU[0],CPIStack.VMemInst,0.000174764068507503,cycles/inst
GPU[1].SA[13].CU[0],CPIStack.total,2.37875742747291,cycles/inst
GPU[1].SA[13].CU[0],SIMDCPIStack.Branch,0.000310988251555623,cycles/inst
GPU[1].SA[13].CU[0],SIMDCPIStack.Fetch,0.00763648928818233,cycles/inst
GPU[1].SA[13].CU[0],SIMDCPIStack.Idle,1.72771250864235e-05,cycles/inst
GPU[1].SA[13].CU[0],SIMDCPIStack.LDS,0.107446440912232,cycles/inst
GPU[1].SA[13].CU[0],SIMDCPIStack.ScalarInst,0.0153593642017973,cycles/inst
GPU[1].SA[13].CU[0],SIMDCPIStack.ScalarMem,0.00601243953006215,cycles/inst
GPU[1].SA[13].CU[0],SIMDCPIStack.ScalarMemInst,0.000103662750518307,cycles/inst
GPU[1].SA[13].CU[0],SIMDCPIStack.Special,1.72771250863064e-05,cycles/inst
GPU[1].SA[13].CU[0],SIMDCPIStack.VALU,1.69286454733932,cycles/inst
GPU[1].SA[13].CU[0],SIMDCPIStack.VMem,0.60779198341396,cycles/inst
GPU[1].SA[13].CU[0],SIMDCPIStack.VMemInst,0.000207325501036614,cycles/inst
GPU[1].SA[13].CU[0],SIMDCPIStack.total,2.8219592259848,cycles/inst
GPU[1].SA[13].CU[1],CPIStack.Branch,0.000305837119888032,cycles/inst
GPU[1].SA[13].CU[1],CPIStack.Fetch,0.00634976115577344,cycles/inst
GPU[1].SA[13].CU[1],CPIStack.Idle,1.45636723756582e-05,cycles/inst
GPU[1].SA[13].CU[1],CPIStack.LDS,0.151127228241875,cycles/inst
GPU[1].SA[13].CU[1],CPIStack.ScalarInst,0.0277583595479426,cycles/inst
GPU[1].SA[13].CU[1],CPIStack.ScalarMem,0.00508272165909355,cycles/inst
GPU[1].SA[13].CU[1],CPIStack.ScalarMemInst,8.73820342537517e-05,cycles/inst
GPU[1].SA[13].CU[1],CPIStack.Special,2.91273447512177e-05,cycles/inst
GPU[1].SA[13].CU[1],CPIStack.VALU,1.32405627403006,cycles/inst
GPU[1].SA[13].CU[1],CPIStack.VMem,0.546152277758357,cycles/inst
GPU[1].SA[13].CU[1],CPIStack.VMemInst,0.000320400792263888,cycles/inst
GPU[1].SA[13].CU[1],CPIStack.total,2.37875742747291,cycles/inst
GPU[1].SA[13].CU[1],SIMDCPIStack.Branch,0.000362819626813957,cycles/inst
GPU[1].SA[13].CU[1],SIMDCPIStack.Fetch,0.00753282653766461,cycles/inst
GPU[1].SA[13].CU[1],SIMDCPIStack.Idle,1.72771250864235e-05,cycles/inst
GPU[1].SA[13].CU[1],SIMDCPIStack.LDS,0.179284727021426,cycles/inst
GPU[1].SA[13].CU[1],SIMDCPIStack.ScalarInst,0.0329302004146498,cycles/inst
GPU[1].SA[13].CU[1],SIMDCPIStack.ScalarMem,0.00602971665514858,cycles/inst
GPU[1].SA[13].CU[1],SIMDCPIStack.ScalarMemInst,0.000103662750518307,cycles/inst
GPU[1].SA[13].CU[1],SIMDCPIStack.Special,3.45542501727299e-05,cycles/inst
GPU[1].SA[13].CU[1],SIMDCPIStack.VALU,1.57074982722875,cycles/inst
GPU[1].SA[13].CU[1],SIMDCPIStack.VMem,0.647909467864545,cycles/inst
GPU[1].SA[13].CU[1],SIMDCPIStack.VMemInst,0.000380096751900615,cycles/inst
GPU[1].SA[13].CU[1],SIMDCPIStack.total,2.8219592259848,cycles/inst
GPU[1].SA[13].CU[2],CPIStack.Branch,0.000262146102761058,cycles/inst
GPU[1].SA[13].CU[2],CPIStack.Fetch,0.0066119072585347,cycles/inst
GPU[1].SA[13].CU[2],CPIStack.Idle,1.45636723756582e-05,cycles/inst
GPU[1].SA[13].CU[2],CPIStack.LDS,0.172506699289291,cycles/inst
GPU[1].SA[13].CU[2],CPIStack.ScalarInst,0.0292584178026319,cycles/inst
GPU[1].SA[13].CU[2],CPIStack.ScalarMem,0.00506815798671799,cycles/inst
GPU[1].SA[13].CU[2],CPIStack.ScalarMemInst,8.73820342537517e-05,cycles/inst
GPU[1].SA[13].CU[2],CPIStack.Special,1.45636723755595e-05,cycles/inst
GPU[1].SA[13].CU[2],CPIStack.VALU,1.30775952464173,cycles/inst
GPU[1].SA[13].CU[2],CPIStack.VMem,0.539482115810326,cycles/inst
GPU[1].SA[13].CU[2],CPIStack.VMemInst,0.000218455085634478,cycles/inst
GPU[1].SA[13].CU[2],CPIStack.total,2.37875742747291,cycles/inst
GPU[1].SA[13].CU[2],SIMDCPIStack.Branch,0.000310988251554687,cycles/inst
GPU[1].SA[13].CU[2],SIMDCPIStack.Fetch,0.00784381478921953,cycles/inst
GPU[1].SA[13].CU[2],SIMDCPIStack.Idle,1.72771250864235e-05,cycles/inst
GPU[1].SA[13].CU[2],SIMDCPIStack.LDS,0.204647546648236,cycles/inst
GPU[1].SA[13].CU[2],SIMDCPIStack.ScalarInst,0.0347097442985473,cycles/inst
GPU[1].SA[13].CU[2],SIMDCPIStack.ScalarMem,0.00601243953006227,cycles/inst
GPU[1].SA[13].CU[2],SIMDCPIStack.ScalarMemInst,0.000103662750518307,cycles/inst
GPU[1].SA[13].CU[2],SIMDCPIStack.Special,1.72771250863064e-05,cycles/inst
GPU[1].SA[13].CU[2],SIMDCPIStack.VALU,1.55141672425708,cycles/inst
GPU[1].SA[13].CU[2],SIMDCPIStack.VMem,0.639996544574986,cycles/inst
GPU[1].SA[13].CU[2],SIMDCPIStack.VMemInst,0.000259156876295884,cycles/inst
GPU[1].SA[13].CU[2],SIMDCPIStack.total,2.8219592259848,cycles/inst
GPU[1].SA[13].CU[3],CPIStack.Branch,0.000116509379004969,cycles/inst
GPU[1].SA[13].CU[3],CPIStack.Fetch,0.00633519748339778,cycles/inst
GPU[1].SA[13].CU[3],CPIStack.Idle,1.45636723756582e-05,cycles/inst
GPU[1].SA[13].CU[3],CPIStack.LDS,0.182832343003613,cycles/inst
GPU[1].SA[13].CU[3],CPIStack.ScalarInst,0.0331177909821749,cycles/inst
GPU[1].SA[13].CU[3],CPIStack.ScalarMem,0.00518466736572286,cycles/inst
GPU[1].SA[13].CU[3],CPIStack.ScalarMemInst,8.73820342537517e-05,cycles/inst
GPU[1].SA[13].CU[3],CPIStack.Special,1.45636723756582e-05,cycles/inst
GPU[1].SA[13].CU[3],CPIStack.VALU,1.29989514155889,cycles/inst
GPU[1].SA[13].CU[3],CPIStack.VMem,0.533321682395432,cycles/inst
GPU[1].SA[13].CU[3],CPIStack.VMemInst,0.000364091809390467,cycles/inst
GPU[1].SA[13].CU[3],CPIStack.total,2.37875742747291,cycles/inst
GPU[1].SA[13].CU[3],SIMDCPIStack.Branch,0.000138217000691037,cycles/inst
GPU[1].SA[13].CU[3],SIMDCPIStack.Fetch,0.00751554941257819,cycles/inst
GPU[1].SA[13].CU[3],SIMDCPIStack.Idle,1.72771250864235e-05,cycles/inst
GPU[1].SA[13].CU[3],SIMDCPIStack.LDS,0.216897028334487,cycles/inst
GPU[1].SA[13].CU[3],SIMDCPIStack.ScalarInst,0.039288182446442,cycles/inst
GPU[1].SA[13].CU[3],SIMDCPIStack.ScalarMem,0.00615065653075319,cycles/inst
GPU[1].SA[13].CU[3],SIMDCPIStack.ScalarMemInst,0.000103662750518307,cycles/inst
GPU[1].SA[13].CU[3],SIMDCPIStack.Special,1.72771250864235e-05,cycles/inst
GPU[1].SA[13].CU[3],SIMDCPIStack.VALU,1.54208707671043,cycles/inst
GPU[1].SA[13].CU[3],SIMDCPIStack.VMem,0.632688320663441,cycles/inst
GPU[1].SA[13].CU[3],SIMDCPIStack.VMemInst,0.000431928127159417,cycles/inst
GPU[1].SA[13].CU[3],SIMDCPIStack.total,2.8219592259848,cycles/inst
GPU[1].SA[14].CU[0],CPIStack.Branch,0.000378655481766718,cycles/inst
GPU[1].SA[14].CU[0],CPIStack.Fetch,0.00659734358615835,cycles/inst
GPU[1].SA[14].CU[0],CPIStack.Idle,1.45636723756582e-05,cycles/inst
GPU[1].SA[14].CU[0],CPIStack.LDS,0.106052662239312,cycles/inst
GPU[1].SA[14].CU[0],CPIStack.ScalarInst,0.016573459163464,cycles/inst
GPU[1].SA[14].CU[0],CPIStack.ScalarMem,0.00506815798671789,cycles/inst
GPU[1].SA[14].CU[0],CPIStack.ScalarMemInst,8.73820342537517e-05,cycles/inst
GPU[1].SA[14].CU[0],CPIStack.Special,2.9127344751415e-05,cycles/inst
GPU[1].SA[14].CU[0],CPIStack.VALU,1.4087003378772,cycles/inst
GPU[1].SA[14].CU[0],CPIStack.VMem,0.512539321915413,cycles/inst
GPU[1].SA[14].CU[0],CPIStack.VMemInst,0.000451473843644614,cycles/inst
GPU[1].SA[14].CU[0],CPIStack.total,2.37874286380054,cycles/inst
GPU[1].SA[14].CU[0],SIMDCPIStack.Branch,0.000449205252246543,cycles/inst
GPU[1].SA[14].CU[0],SIMDCPIStack.Fetch,0.00782653766413229,cycles/inst
GPU[1].SA[14].CU[0],SIMDCPIStack.Idle,1.72771250864235e-05,cycles/inst
GPU[1].SA[14].CU[0],SIMDCPIStack.LDS,0.125812024879063,cycles/inst
GPU[1].SA[14].CU[0],SIMDCPIStack.ScalarInst,0.0196613683483084,cycles/inst
GPU[1].SA[14].CU[0],SIMDCPIStack.ScalarMem,0.00601243953006215,cycles/inst
GPU[1].SA[14].CU[0],SIMDCPIStack.ScalarMemInst,0.000103662750518307,cycles/inst
GPU[1].SA[14].CU[0],SIMDCPIStack.Special,3.45542501729641e-05,cycles/inst
GPU[1].SA[14].CU[0],SIMDCPIStack.VALU,1.67116447823082,cycles/inst
GPU[1].SA[14].CU[0],SIMDCPIStack.VMem,0.608033863165168,cycles/inst
GPU[1].SA[14].CU[0],SIMDCPIStack.VMemInst,0.000535590877678192,cycles/inst
GPU[1].SA[14].CU[0],SIMDCPIStack.total,2.82194194885971,cycles/inst
GPU[1].SA[14].CU[1],CPIStack.Branch,0.000305837119887933,cycles/inst
GPU[1].SA[14].CU[1],CPIStack.Fetch,0.00637888850052476,cycles/inst
GPU[1].SA[14].CU[1],CPIStack.Idle,1.45636723756582e-05,cycles/inst
GPU[1].SA[14].CU[1],CPIStack.LDS,0.153763252941858,cycles/inst
GPU[1].SA[14].CU[1],CPIStack.ScalarInst,0.0280787603402078,cycles/inst
GPU[1].SA[14].CU[1],CPIStack.ScalarMem,0.00508272165909355,cycles/inst
GPU[1].SA[14].CU[1],CPIStack.ScalarMemInst,8.73820342537517e-05,cycles/inst
GPU[1].SA[14].CU[1],CPIStack.Special,1.45636723755595e-05,cycles/inst
GPU[1].SA[14].CU[1],CPIStack.VALU,1.32896423162065,cycles/inst
GPU[1].SA[14].CU[1],CPIStack.VMem,0.538302458347898,cycles/inst
GPU[1].SA[14].CU[1],CPIStack.VMemInst,0.000276709775136913,cycles/inst
GPU[1].SA[14].CU[1],CPIStack.total,2.37874286380054,cycles/inst
GPU[1].SA[14].CU[1],SIMDCPIStack.Branch,0.00036281962681384,cycles/inst
GPU[1].SA[14].CU[1],SIMDCPIStack.Fetch,0.00756738078783746,cycles/inst
GPU[1].SA[14].CU[1],SIMDCPIStack.Idle,1.72771250864235e-05,cycles/inst
GPU[1].SA[14].CU[1],SIMDCPIStack.LDS,0.182411886662056,cycles/inst
GPU[1].SA[14].CU[1],SIMDCPIStack.ScalarInst,0.0333102971665519,cycles/inst
GPU[1].SA[14].CU[1],SIMDCPIStack.ScalarMem,0.00602971665514858,cycles/inst
GPU[1].SA[14].CU[1],SIMDCPIStack.ScalarMemInst,0.000103662750518307,cycles/inst
GPU[1].SA[14].CU[1],SIMDCPIStack.Special,1.72771250863064e-05,cycles/inst
GPU[1].SA[14].CU[1],SIMDCPIStack.VALU,1.57657221838286,cycles/inst
GPU[1].SA[14].CU[1],SIMDCPIStack.VMem,0.638597097442987,cycles/inst
GPU[1].SA[14].CU[1],SIMDCPIStack.VMemInst,0.000328265376641344,cycles/inst
GPU[1].SA[14].CU[1],SIMDCPIStack.total,2.82194194885971,cycles/inst
GPU[1].SA[14].CU[2],CPIStack.Branch,0.000116509379004969,cycles/inst
GPU[1].SA[14].CU[2],CPIStack.Fetch,0.00637888850052446,cycles/inst
GPU[1].SA[14].CU[2],CPIStack.Idle,1.45636723756582e-05,cycles/inst
GPU[1].SA[14].CU[2],CPIStack.LDS,0.19318711406268,cycles/inst
GPU[1].SA[14].CU[2],CPIStack.ScalarInst,0.0350256320633822,cycles/inst
GPU[1].SA[14].CU[2],CPIStack.ScalarMem,0.00506815798671799,cycles/inst
GPU[1].SA[14].CU[2],CPIStack.ScalarMemInst,8.73820342537517e-05,cycles/inst
GPU[1].SA[14].CU[2],CPIStack.Special,1.45636723758555e-05,cycles/inst
GPU[1].SA[14].CU[2],CPIStack.VALU,1.29358907142025,cycles/inst
GPU[1].SA[14].CU[2],CPIStack.VMem,0.527437958755679,cycles/inst
GPU[1].SA[14].CU[2],CPIStack.VMemInst,0.000349528137014809,cycles/inst
GPU[1].SA[14].CU[2],CPIStack.total,2.37874286380054,cycles/inst
GPU[1].SA[14].CU[2],SIMDCPIStack.Branch,0.000138217000691037,cycles/inst
GPU[1].SA[14].CU[2],SIMDCPIStack.Fetch,0.00756738078783711,cycles/inst
GPU[1].SA[14].CU[2],SIMDCPIStack.Idle,1.72771250864235e-05,cycles/inst
GPU[1].SA[14].CU[2],SIMDCPIStack.LDS,0.229181064270903,cycles/inst
GPU[1].SA[14].CU[2],SIMDCPIStack.ScalarInst,0.0415514858327587,cycles/inst
GPU[1].SA[14].CU[2],SIMDCPIStack.ScalarMem,0.00601243953006227,cycles/inst
GPU[1].SA[14].CU[2],SIMDCPIStack.ScalarMemInst,0.000103662750518307,cycles/inst
GPU[1].SA[14].CU[2],SIMDCPIStack.Special,1.72771250866577e-05,cycles/inst
GPU[1].SA[14].CU[2],SIMDCPIStack.VALU,1.53460608154803,cycles/inst
GPU[1].SA[14].CU[2],SIMDCPIStack.VMem,0.625708362128541,cycles/inst
GPU[1].SA[14].CU[2],SIMDCPIStack.VMemInst,0.000414651002072993,cycles/inst
GPU[1].SA[14].CU[2],SIMDCPIStack.total,2.82194194885971,cycles/inst
GPU[1].SA[14].CU[3],CPIStack.Branch,0.00013107305138043,cycles/inst
GPU[1].SA[14].CU[3],CPIStack.Fetch,0.00632063381102173,cycles/inst
GPU[1].SA[14].CU[3],CPIStack.Idle,1.45636723756582e-05,cycles/inst
GPU[1].SA[14].CU[3],CPIStack.LDS,0.199871839683092,cycles/inst
GPU[1].SA[14].CU[3],CPIStack.ScalarInst,0.0364965629733209,cycles/inst
GPU[1].SA[14].CU[3],CPIStack.ScalarMem,0.00518466736572286,cycles/inst
GPU[1].SA[14].CU[3],CPIStack.ScalarMemInst,8.73820342537517e-05,cycles/inst
GPU[1].SA[14].CU[3],CPIStack.Special,0.0,cycles/inst
GPU[1].SA[14].CU[3],CPIStack.VALU,1.28873936851917,cycles/inst
GPU[1].SA[14].CU[3],CPIStack.VMem,0.525573808691601,cycles/inst
GPU[1].SA[14].CU[3],CPIStack.VMemInst,0.000320400792263888,cycles/inst
GPU[1].SA[14].CU[3],CPIStack.total,2.37874286380054,cycles/inst
GPU[1].SA[14].CU[3],SIMDCPIStack.Branch,0.000155494125777226,cycles/inst
GPU[1].SA[14].CU[3],SIMDCPIStack.Fetch,0.0074982722874913,cycles/inst
GPU[1].SA[14].CU[3],SIMDCPIStack.Idle,1.72771250864235e-05,cycles/inst
GPU[1].SA[14].CU[3],SIMDCPIStack.LDS,0.237111264685554,cycles/inst
GPU[1].SA[14].CU[3],SIMDCPIStack.ScalarInst,0.0432964754664842,cycles/inst
GPU[1].SA[14].CU[3],SIMDCPIStack.ScalarMem,0.00615065653075319,cycles/inst
GPU[1].SA[14].CU[3],SIMDCPIStack.ScalarMemInst,0.000103662750518307,cycles/inst
GPU[1].SA[14].CU[3],SIMDCPIStack.Special,0.0,cycles/inst
GPU[1].SA[14].CU[3],SIMDCPIStack.VALU,1.52885279889426,cycles/inst
GPU[1].SA[14].CU[3],SIMDCPIStack.VMem,0.623496890117486,cycles/inst
GPU[1].SA[14].CU[3],SIMDCPIStack.VMemInst,0.000380096751900615,cycles/inst
GPU[1].SA[14].CU[3],SIMDCPIStack.total,2.82194194885971,cycles/inst
GPU[1].SA[15].CU[0],CPIStack.Branch,0.000757310963532843,cycles/inst
GPU[1].SA[15].CU[0],CPIStack.Fetch,0.00633519748339739,cycles/inst
GPU[1].SA[15].CU[0],CPIStack.Idle,1.45636723756582e-05,cycles/inst
GPU[1].SA[15].CU[0],CPIStack.LDS,0.100882558545963,cycles/inst
GPU[1].SA[15].CU[0],CPIStack.ScalarInst,0.0143015262728624,cycles/inst
GPU[1].SA[15].CU[0],CPIStack.ScalarMem,0.00506815798671789,cycles/inst
GPU[1].SA[15].CU[0],CPIStack.ScalarMemInst,8.73820342537517e-05,cycles/inst
GPU[1].SA[15].CU[0],CPIStack.Special,0.0,cycles/inst
GPU[1].SA[15].CU[0],CPIStack.VALU,1.43198765000583,cycles/inst
GPU[1].SA[15].CU[0],CPIStack.VMem,0.495412443201679,cycles/inst
GPU[1].SA[15].CU[0],CPIStack.VMemInst,0.000174764068507503,cycles/inst
GPU[1].SA[15].CU[0],CPIStack.total,2.37874286380054,cycles/inst
GPU[1].SA[15].CU[0],SIMDCPIStack.Branch,0.000898410504492384,cycles/inst
GPU[1].SA[15].CU[0],SIMDCPIStack.Fetch,0.00751554941257772,cycles/inst
GPU[1].SA[15].CU[0],SIMDCPIStack.Idle,1.72771250864235e-05,cycles/inst
GPU[1].SA[15].CU[0],SIMDCPIStack.LDS,0.119678645473393,cycles/inst
GPU[1].SA[15].CU[0],SIMDCPIStack.ScalarInst,0.0169661368348276,cycles/inst
GPU[1].SA[15].CU[0],SIMDCPIStack.ScalarMem,0.00601243953006215,cycles/inst
GPU[1].SA[15].CU[0],SIMDCPIStack.ScalarMemInst,0.000103662750518307,cycles/inst
GPU[1].SA[15].CU[0],SIMDCPIStack.Special,0.0,cycles/inst
GPU[1].SA[15].CU[0],SIMDCPIStack.VALU,1.69879060124396,cycles/inst
GPU[1].SA[15].CU[0],SIMDCPIStack.VMem,0.587715964063581,cycles/inst
GPU[1].SA[15].CU[0],SIMDCPIStack.VMemInst,0.000207325501036614,cycles/inst
GPU[1].SA[15].CU[0],SIMDCPIStack.total,2.82194194885971,cycles/inst
GPU[1].SA[15].CU[1],CPIStack.Branch,0.000626237912151821,cycles/inst
GPU[1].SA[15].CU[1],CPIStack.Fetch,0.0062623791215188,cycles/inst
GPU[1].SA[15].CU[1],CPIStack.Idle,1.45636723756582e-05,cycles/inst
GPU[1].SA[15].CU[1],CPIStack.LDS,0.100023301875801,cycles/inst
GPU[1].SA[15].CU[1],CPIStack.ScalarInst,0.0166608411977156,cycles/inst
GPU[1].SA[15].CU[1],CPIStack.ScalarMem,0.00508272165909355,cycles/inst
GPU[1].SA[15].CU[1],CPIStack.ScalarMemInst,8.73820342537517e-05,cycles/inst
GPU[1].SA[15].CU[1],CPIStack.Special,1.45636723754608e-05,cycles/inst
GPU[1].SA[15].CU[1],CPIStack.VALU,1.3849178608878,cycles/inst
GPU[1].SA[15].CU[1],CPIStack.VMem,0.540836537341256,cycles/inst
GPU[1].SA[15].CU[1],CPIStack.VMemInst,0.000334964464639546,cycles/inst
GPU[1].SA[15].CU[1],CPIStack.total,2.37874286380054,cycles/inst
GPU[1].SA[15].CU[1],SIMDCPIStack.Branch,0.000742916378714455,cycles/inst
GPU[1].SA[15].CU[1],SIMDCPIStack.Fetch,0.00742916378714525,cycles/inst
GPU[1].SA[15].CU[1],SIMDCPIStack.Idle,1.72771250864235e-05,cycles/inst
GPU[1].SA[15].CU[1],SIMDCPIStack.LDS,0.118659295093297,cycles/inst
GPU[1].SA[15].CU[1],SIMDCPIStack.ScalarInst,0.0197650310988242,cycles/inst
GPU[1].SA[15].CU[1],SIMDCPIStack.ScalarMem,0.00602971665514858,cycles/inst
GPU[1].SA[15].CU[1],SIMDCPIStack.ScalarMemInst,0.000103662750518307,cycles/inst
GPU[1].SA[15].CU[1],SIMDCPIStack.Special,1.72771250861894e-05,cycles/inst
GPU[1].SA[15].CU[1],SIMDCPIStack.VALU,1.64295093296476,cycles/inst
GPU[1].SA[15].CU[1],SIMDCPIStack.VMem,0.641603317208016,cycles/inst
GPU[1].SA[15].CU[1],SIMDCPIStack.VMemInst,0.000397373876987038,cycles/inst
GPU[1].SA[15].CU[1],SIMDCPIStack.total,2.82194194885971,cycles/inst
GPU[1].SA[15].CU[2],CPIStack.Branch,0.000218455085634379,cycles/inst
GPU[1].SA[15].CU[2],CPIStack.Fetch,0.00645170686240256,cycles/inst
GPU[1].SA[15].CU[2],CPIStack.Idle,1.45636723756582e-05,cycles/inst
GPU[1].SA[15].CU[2],CPIStack.LDS,0.167598741698707,cycles/inst
GPU[1].SA[15].CU[2],CPIStack.ScalarInst,0.0287923802866131,cycles/inst
GPU[1].SA[15].CU[2],CPIStack.ScalarMem,0.00506815798671799,cycles/inst
GPU[1].SA[15].CU[2],CPIStack.ScalarMemInst,8.73820342537517e-05,cycles/inst
GPU[1].SA[15].CU[2],CPIStack.Special,0.0,cycles/inst
GPU[1].SA[15].CU[2],CPIStack.VALU,1.31502679715717,cycles/inst
GPU[1].SA[15].CU[2],CPIStack.VMem,0.537690784108119,cycles/inst
GPU[1].SA[15].CU[2],CPIStack.VMemInst,0.000320400792263888,cycles/inst
GPU[1].SA[15].CU[2],CPIStack.total,2.37874286380054,cycles/inst
GPU[1].SA[15].CU[2],SIMDCPIStack.Branch,0.000259156876295767,cycles/inst
GPU[1].SA[15].CU[2],SIMDCPIStack.Fetch,0.00765376641326899,cycles/inst
GPU[1].SA[15].CU[2],SIMDCPIStack.Idle,1.72771250864235e-05,cycles/inst
GPU[1].SA[15].CU[2],SIMDCPIStack.LDS,0.198825155494126,cycles/inst
GPU[1].SA[15].CU[2],SIMDCPIStack.ScalarInst,0.0341568762957845,cycles/inst
GPU[1].SA[15].CU[2],SIMDCPIStack.ScalarMem,0.00601243953006227,cycles/inst
GPU[1].SA[15].CU[2],SIMDCPIStack.ScalarMemInst,0.000103662750518307,cycles/inst
GPU[1].SA[15].CU[2],SIMDCPIStack.Special,0.0,cycles/inst
GPU[1].SA[15].CU[2],SIMDCPIStack.VALU,1.56003800967519,cycles/inst
GPU[1].SA[15].CU[2],SIMDCPIStack.VMem,0.637871458189356,cycles/inst
GPU[1].SA[15].CU[2],SIMDCPIStack.VMemInst,0.000380096751900615,cycles/inst
GPU[1].SA[15].CU[2],SIMDCPIStack.total,2.82194194885971,cycles/inst
GPU[1].SA[15].CU[3],CPIStack.Branch,7.28183618781922e-05,cycles/inst
GPU[1].SA[15].CU[3],CPIStack.Fetch,0.00630607013864627,cycles/inst
GPU[1].SA[15].CU[3],CPIStack.Idle,1.45636723756582e-05,cycles/inst
GPU[1].SA[15].CU[3],CPIStack.LDS,0.184492601654436,cycles/inst
GPU[1].SA[15].CU[3],CPIStack.ScalarInst,0.0317924967959902,cycles/inst
GPU[1].SA[15].CU[3],CPIStack.ScalarMem,0.00518466736572286,cycles/inst
GPU[1].SA[15].CU[3],CPIStack.ScalarMemInst,8.73820342537517e-05,cycles/inst
GPU[1].SA[15].CU[3],CPIStack.Special,0.0,cycles/inst
GPU[1].SA[15].CU[3],CPIStack.VALU,1.30065245252243,cycles/inst
GPU[1].SA[15].CU[3],CPIStack.VMem,0.533904229290457,cycles/inst
GPU[1].SA[15].CU[3],CPIStack.VMemInst,0.000233018758009939,cycles/inst
GPU[1].SA[15].CU[3],CPIStack.total,2.37874286380054,cycles/inst
GPU[1].SA[15].CU[3],SIMDCPIStack.Branch,8.63856254320005e-05,cycles/inst
GPU[1].SA[15].CU[3],SIMDCPIStack.Fetch,0.00748099516240511,cycles/inst
GPU[1].SA[15].CU[3],SIMDCPIStack.Idle,1.72771250864235e-05,cycles/inst
GPU[1].SA[15].CU[3],SIMDCPIStack.LDS,0.218866620594336,cycles/inst
GPU[1].SA[15].CU[3],SIMDCPIStack.ScalarInst,0.0377159640635776,cycles/inst
GPU[1].SA[15].CU[3],SIMDCPIStack.ScalarMem,0.00615065653075319,cycles/inst
GPU[1].SA[15].CU[3],SIMDCPIStack.ScalarMemInst,0.000103662750518307,cycles/inst
GPU[1].SA[15].CU[3],SIMDCPIStack.Special,0.0,cycles/inst
GPU[1].SA[15].CU[3],SIMDCPIStack.VALU,1.54298548721493,cycles/inst
GPU[1].SA[15].CU[3],SIMDCPIStack.VMem,0.633379405666896,cycles/inst
GPU[1].SA[15].CU[3],SIMDCPIStack.VMemInst,0.000276434001382074,cycles/inst
GPU[1].SA[15].CU[3],SIMDCPIStack.total,2.82194194885971,cycles/inst
GPU[1].SA[0].CU[0].SIMD0,busy_time,5.788e-05,second
GPU[1].SA[0].CU[0].SIMD1,busy_time,5.788e-05,second
GPU[1].SA[0].CU[0].SIMD2,busy_time,5.788e-05,second
GPU[1].SA[0].CU[0].SIMD3,busy_time,5.788e-05,second
GPU[1].SA[0].CU[1].SIMD0,busy_time,5.788e-05,second
GPU[1].SA[0].CU[1].SIMD1,busy_time,5.788e-05,second
GPU[1].SA[0].CU[1].SIMD2,busy_time,5.788e-05,second
GPU[1].SA[0].CU[1].SIMD3,busy_time,5.788e-05,second
GPU[1].SA[0].CU[2].SIMD0,busy_time,5.788e-05,second
GPU[1].SA[0].CU[2].SIMD1,busy_time,5.788e-05,second
GPU[1].SA[0].CU[2].SIMD2,busy_time,5.788e-05,second
GPU[1].SA[0].CU[2].SIMD3,busy_time,5.788e-05,second
GPU[1].SA[0].CU[3].SIMD0,busy_time,5.788e-05,second
GPU[1].SA[0].CU[3].SIMD1,busy_time,5.788e-05,second
GPU[1].SA[0].CU[3].SIMD2,busy_time,5.788e-05,second
GPU[1].SA[0].CU[3].SIMD3,busy_time,5.788e-05,second
GPU[1].SA[1].CU[0].SIMD0,busy_time,5.788e-05,second
GPU[1].SA[1].CU[0].SIMD1,busy_time,5.788e-05,second
GPU[1].SA[1].CU[0].SIMD2,busy_time,5.788e-05,second
GPU[1].SA[1].CU[0].SIMD3,busy_time,5.788e-05,second
GPU[1].SA[1].CU[1].SIMD0,busy_time,5.788e-05,second
GPU[1].SA[1].CU[1].SIMD1,busy_time,5.788e-05,second
GPU[1].SA[1].CU[1].SIMD2,busy_time,5.788e-05,second
GPU[1].SA[1].CU[1].SIMD3,busy_time,5.788e-05,second
GPU[1].SA[1].CU[2].SIMD0,busy_time,5.788e-05,second
GPU[1].SA[1].CU[2].SIMD1,busy_time,5.788e-05,second
GPU[1].SA[1].CU[2].SIMD2,busy_time,5.788e-05,second
GPU[1].SA[1].CU[2].SIMD3,busy_time,5.788e-05,second
GPU[1].SA[1].CU[3].SIMD0,busy_time,5.788e-05,second
GPU[1].SA[1].CU[3].SIMD1,busy_time,5.788e-05,second
GPU[1].SA[1].CU[3].SIMD2,busy_time,5.788e-05,second
GPU[1].SA[1].CU[3].SIMD3,busy_time,5.788e-05,second
GPU[1].SA[2].CU[0].SIMD0,busy_time,5.788e-05,second
GPU[1].SA[2].CU[0].SIMD1,busy_time,5.788e-05,second
GPU[1].SA[2].CU[0].SIMD2,busy_time,5.788e-05,second
GPU[1].SA[2].CU[0].SIMD3,busy_time,5.788e-05,second
GPU[1].SA[2].CU[1].SIMD0,busy_time,5.788e-05,second
GPU[1].SA[2].CU[1].SIMD1,busy_time,5.788e-05,second
GPU[1].SA[2].CU[1].SIMD2,busy_time,5.788e-05,second
GPU[1].SA[2].CU[1].SIMD3,busy_time,5.788e-05,second
GPU[1].SA[2].CU[2].SIMD0,busy_time,5.788e-05,second
GPU[1].SA[2].CU[2].SIMD1,busy_time,5.788e-05,second
GPU[1].SA[2].CU[2].SIMD2,busy_time,5.788e-05,second
GPU[1].SA[2].CU[2].SIMD3,busy_time,5.788e-05,second
GPU[1].SA[2].CU[3].SIMD0,busy_time,5.788e-05,second
GPU[1].SA[2].CU[3].SIMD1,busy_time,5.788e-05,second
GPU[1].SA[2].CU[3].SIMD2,busy_time,5.788e-05,second
GPU[1].SA[2].CU[3].SIMD3,busy_time,5.788e-05,second
GPU[1].SA[3].CU[0].SIMD0,busy_time,5.788e-05,second
GPU[1].SA[3].CU[0].SIMD1,busy_time,5.788e-05,second
GPU[1].SA[3].CU[0].SIMD2,busy_time,5.788e-05,second
GPU[1].SA[3].CU[0].SIMD3,busy_time,5.788e-05,second
GPU[1].SA[3].CU[1].SIMD0,busy_time,5.788e-05,second
GPU[1].SA[3].CU[1].SIMD1,busy_time,5.788e-05,second
GPU[1].SA[3].CU[1].SIMD2,busy_time,5.788e-05,second
GPU[1].SA[3].CU[1].SIMD3,busy_time,5.788e-05,second
GPU[1].SA[3].CU[2].SIMD0,busy_time,5.788e-05,second
GPU[1].SA[3].CU[2].SIMD1,busy_time,5.788e-05,second
GPU[1].SA[3].CU[2].SIMD2,busy_time,5.788e-05,second
GPU[1].SA[3].CU[2].SIMD3,busy_time,5.788e-05,second
GPU[1].SA[3].CU[3].SIMD0,busy_time,5.788e-05,second
GPU[1].SA[3].CU[3].SIMD1,busy_time,5.788e-05,second
GPU[1].SA[3].CU[3].SIMD2,busy_time,5.788e-05,second
GPU[1].SA[3].CU[3].SIMD3,busy_time,5.788e-05,second
GPU[1].SA[4].CU[0].SIMD0,busy_time,5.788e-05,second
GPU[1].SA[4].CU[0].SIMD1,busy_time,5.788e-05,second
GPU[1].SA[4].CU[0].SIMD2,busy_time,5.788e-05,second
GPU[1].SA[4].CU[0].SIMD3,busy_time,5.788e-05,second
GPU[1].SA[4].CU[1].SIMD0,busy_time,5.788e-05,second
GPU[1].SA[4].CU[1].SIMD1,busy_time,5.788e-05,second
GPU[1].SA[4].CU[1].SIMD2,busy_time,5.788e-05,second
GPU[1].SA[4].CU[1].SIMD3,busy_time,5.788e-05,second
GPU[1].SA[4].CU[2].SIMD0,busy_time,5.788e-05,second
GPU[1].SA[4].CU[2].SIMD1,busy_time,5.788e-05,second
GPU[1].SA[4].CU[2].SIMD2,busy_time,5.788e-05,second
GPU[1].SA[4].CU[2].SIMD3,busy_time,5.788e-05,second
GPU[1].SA[4].CU[3].SIMD0,busy_time,5.788e-05,second
GPU[1].SA[4].CU[3].SIMD1,busy_time,5.788e-05,second
GPU[1].SA[4].CU[3].SIMD2,busy_time,5.788e-05,second
GPU[1].SA[4].CU[3].SIMD3,busy_time,5.788e-05,second
GPU[1].SA[5].CU[0].SIMD0,busy_time,5.788e-05,second
GPU[1].SA[5].CU[0].SIMD1,busy_time,5.788e-05,second
GPU[1].SA[5].CU[0].SIMD2,busy_time,5.788e-05,second
GPU[1].SA[5].CU[0].SIMD3,busy_time,5.788e-05,second
GPU[1].SA[5].CU[1].SIMD0,busy_time,5.788e-05,second
GPU[1].SA[5].CU[1].SIMD1,busy_time,5.788e-05,second
GPU[1].SA[5].CU[1].SIMD2,busy_time,5.788e-05,second
GPU[1].SA[5].CU[1].SIMD3,busy_time,5.788e-05,second
GPU[1].SA[5].CU[2].SIMD0,busy_time,5.788e-05,second
GPU[1].SA[5].CU[2].SIMD1,busy_time,5.788e-05,second
GPU[1].SA[5].CU[2].SIMD2,busy_time,5.788e-05,second
GPU[1].SA[5].CU[2].SIMD3,busy_time,5.788e-05,second
GPU[1].SA[5].CU[3].SIMD0,busy_time,5.788e-05,second
GPU[1].SA[5].CU[3].SIMD1,busy_time,5.788e-05,second
GPU[1].SA[5].CU[3].SIMD2,busy_time,5.788e-05,second
GPU[1].SA[5].CU[3].SIMD3,busy_time,5.788e-05,second
GPU[1].SA[6].CU[0].SIMD0,busy_time,5.788e-05,second
GPU[1].SA[6].CU[0].SIMD1,busy_time,5.788e-05,second
GPU[1].SA[6].CU[0].SIMD2,busy_time,5.788e-05,second
GPU[1].SA[6].CU[0].SIMD3,busy_time,5.788e-05,second
GPU[1].SA[6].CU[1].SIMD0,busy_time,5.788e-05,second
GPU[1].SA[6].CU[1].SIMD1,busy_time,5.788e-05,second
GPU[1].SA[6].CU[1].SIMD2,busy_time,5.788e-05,second
GPU[1].SA[6].CU[1].SIMD3,busy_time,5.788e-05,second
GPU[1].SA[6].CU[2].SIMD0,busy_time,5.788e-05,second
GPU[1].SA[6].CU[2].SIMD1,busy_time,5.788e-05,second
GPU[1].SA[6].CU[2].SIMD2,busy_time,5.788e-05,second
GPU[1].SA[6].CU[2].SIMD3,busy_time,5.788e-05,second
GPU[1].SA[6].CU[3].SIMD0,busy_time,5.788e-05,second
GPU[1].SA[6].CU[3].SIMD1,busy_time,5.788e-05,second
GPU[1].SA[6].CU[3].SIMD2,busy_time,5.788e-05,second
GPU[1].SA[6].CU[3].SIMD3,busy_time,5.788e-05,second
GPU[1].SA[7].CU[0].SIMD0,busy_time,5.788e-05,second
GPU[1].SA[7].CU[0].SIMD1,busy_time,5.788e-05,second
GPU[1].SA[7].CU[0].SIMD2,busy_time,5.788e-05,second
GPU[1].SA[7].CU[0].SIMD3,busy_time,5.788e-05,second
GPU[1].SA[7].CU[1].SIMD0,busy_time,5.788e-05,second
GPU[1].SA[7].CU[1].SIMD1,busy_time,5.788e-05,second
GPU[1].SA[7].CU[1].SIMD2,busy_time,5.788e-05,second
GPU[1].SA[7].CU[1].SIMD3,busy_time,5.788e-05,second
GPU[1].SA[7].CU[2].SIMD0,busy_time,5.788e-05,second
GPU[1].SA[7].CU[2].SIMD1,busy_time,5.788e-05,second
GPU[1].SA[7].CU[2].SIMD2,busy_time,5.788e-05,second
GPU[1].SA[7].CU[2].SIMD3,busy_time,5.788e-05,second
GPU[1].SA[7].CU[3].SIMD0,busy_time,5.788e-05,second
GPU[1].SA[7].CU[3].SIMD1,busy_time,5.788e-05,second
GPU[1].SA[7].CU[3].SIMD2,busy_time,5.788e-05,second
GPU[1].SA[7].CU[3].SIMD3,busy_time,5.788e-05,second
GPU[1].SA[8].CU[0].SIMD0,busy_time,5.788e-05,second
GPU[1].SA[8].CU[0].SIMD1,busy_time,5.788e-05,second
GPU[1].SA[8].CU[0].SIMD2,busy_time,5.788e-05,second
GPU[1].SA[8].CU[0].SIMD3,busy_time,5.788e-05,second
GPU[1].SA[8].CU[1].SIMD0,busy_time,5.788e-05,second
GPU[1].SA[8].CU[1].SIMD1,busy_time,5.788e-05,second
GPU[1].SA[8].CU[1].SIMD2,busy_time,5.788e-05,second
GPU[1].SA[8].CU[1].SIMD3,busy_time,5.788e-05,second
GPU[1].SA[8].CU[2].SIMD0,busy_time,5.788e-05,second
GPU[1].SA[8].CU[2].SIMD1,busy_time,5.788e-05,second
GPU[1].SA[8].CU[2].SIMD2,busy_time,5.788e-05,second
GPU[1].SA[8].CU[2].SIMD3,busy_time,5.788e-05,second
GPU[1].SA[8].CU[3].SIMD0,busy_time,5.788e-05,second
GPU[1].SA[8].CU[3].SIMD1,busy_time,5.788e-05,second
GPU[1].SA[8].CU[3].SIMD2,busy_time,5.788e-05,second
GPU[1].SA[8].CU[3].SIMD3,busy_time,5.788e-05,second
GPU[1].SA[9].CU[0].SIMD0,busy_time,5.788e-05,second
GPU[1].SA[9].CU[0].SIMD1,busy_time,5.788e-05,second
GPU[1].SA[9].CU[0].SIMD2,busy_time,5.788e-05,second
GPU[1].SA[9].CU[0].SIMD3,busy_time,5.788e-05,second
GPU[1].SA[9].CU[1].SIMD0,busy_time,5.788e-05,second
GPU[1].SA[9].CU[1].SIMD1,busy_time,5.788e-05,second
GPU[1].SA[9].CU[1].SIMD2,busy_time,5.788e-05,second
GPU[1].SA[9].CU[1].SIMD3,busy_time,5.788e-05,second
GPU[1].SA[9].CU[2].SIMD0,busy_time,5.788e-05,second
GPU[1].SA[9].CU[2].SIMD1,busy_time,5.788e-05,second
GPU[1].SA[9].CU[2].SIMD2,busy_time,5.788e-05,second
GPU[1].SA[9].CU[2].SIMD3,busy_time,5.788e-05,second
GPU[1].SA[9].CU[3].SIMD0,busy_time,5.788e-05,second
GPU[1].SA[9].CU[3].SIMD1,busy_time,5.788e-05,second
GPU[1].SA[9].CU[3].SIMD2,busy_time,5.788e-05,second
GPU[1].SA[9].CU[3].SIMD3,busy_time,5.788e-05,second
GPU[1].SA[10].CU[0].SIMD0,busy_time,5.788e-05,second
GPU[1].SA[10].CU[0].SIMD1,busy_time,5.788e-05,second
GPU[1].SA[10].CU[0].SIMD2,busy_time,5.788e-05,second
GPU[1].SA[10].CU[0].SIMD3,busy_time,5.788e-05,second
GPU[1].SA[10].CU[1].SIMD0,busy_time,5.788e-05,second
GPU[1].SA[10].CU[1].SIMD1,busy_time,5.788e-05,second
GPU[1].SA[10].CU[1].SIMD2,busy_time,5.788e-05,second
GPU[1].SA[10].CU[1].SIMD3,busy_time,5.788e-05,second
GPU[1].SA[10].CU[2].SIMD0,busy_time,5.788e-05,second
GPU[1].SA[10].CU[2].SIMD1,busy_time,5.788e-05,second
GPU[1].SA[10].CU[2].SIMD2,busy_time,5.788e-05,second
GPU[1].SA[10].CU[2].SIMD3,busy_time,5.788e-05,second
GPU[1].SA[10].CU[3].SIMD0,busy_time,5.788e-05,second
GPU[1].SA[10].CU[3].SIMD1,busy_time,5.788e-05,second
GPU[1].SA[10].CU[3].SIMD2,busy_time,5.788e-05,second
GPU[1].SA[10].CU[3].SIMD3,busy_time,5.788e-05,second
GPU[1].SA[11].CU[0].SIMD0,busy_time,5.788e-05,second
GPU[1].SA[11].CU[0].SIMD1,busy_time,5.788e-05,second
GPU[1].SA[11].CU[0].SIMD2,busy_time,5.788e-05,second
GPU[1].SA[11].CU[0].SIMD3,busy_time,5.788e-05,second
GPU[1].SA[11].CU[1].SIMD0,busy_time,5.788e-05,second
GPU[1].SA[11].CU[1].SIMD1,busy_time,5.788e-05,second
GPU[1].SA[11].CU[1].SIMD2,busy_time,5.788e-05,second
GPU[1].SA[11].CU[1].SIMD3,busy_time,5.788e-05,second
GPU[1].SA[11].CU[2].SIMD0,busy_time,5.788e-05,second
GPU[1].SA[11].CU[2].SIMD1,busy_time,5.788e-05,second
GPU[1].SA[11].CU[2].SIMD2,busy_time,5.788e-05,second
GPU[1].SA[11].CU[2].SIMD3,busy_time,5.788e-05,second
GPU[1].SA[11].CU[3].SIMD0,busy_time,5.788e-05,second
GPU[1].SA[11].CU[3].SIMD1,busy_time,5.788e-05,second
GPU[1].SA[11].CU[3].SIMD2,busy_time,5.788e-05,second
GPU[1].SA[11].CU[3].SIMD3,busy_time,5.788e-05,second
GPU[1].SA[12].CU[0].SIMD0,busy_time,5.788e-05,second
GPU[1].SA[12].CU[0].SIMD1,busy_time,5.788e-05,second
GPU[1].SA[12].CU[0].SIMD2,busy_time,5.788e-05,second
GPU[1].SA[12].CU[0].SIMD3,busy_time,5.788e-05,second
GPU[1].SA[12].CU[1].SIMD0,busy_time,5.788e-05,second
GPU[1].SA[12].CU[1].SIMD1,busy_time,5.788e-05,second
GPU[1].SA[12].CU[1].SIMD2,busy_time,5.788e-05,second
GPU[1].SA[12].CU[1].SIMD3,busy_time,5.788e-05,second
GPU[1].SA[12].CU[2].SIMD0,busy_time,5.788e-05,second
GPU[1].SA[12].CU[2].SIMD1,busy_time,5.788e-05,second
GPU[1].SA[12].CU[2].SIMD2,busy_time,5.788e-05,second
GPU[1].SA[12].CU[2].SIMD3,busy_time,5.788e-05,second
GPU[1].SA[12].CU[3].SIMD0,busy_time,5.788e-05,second
GPU[1].SA[12].CU[3].SIMD1,busy_time,5.788e-05,second
GPU[1].SA[12].CU[3].SIMD2,busy_time,5.788e-05,second
GPU[1].SA[12].CU[3].SIMD3,busy_time,5.788e-05,second
GPU[1].SA[13].CU[0].SIMD0,busy_time,5.788e-05,second
GPU[1].SA[13].CU[0].SIMD1,busy_time,5.788e-05,second
GPU[1].SA[13].CU[0].SIMD2,busy_time,5.788e-05,second
GPU[1].SA[13].CU[0].SIMD3,busy_time,5.788e-05,second
GPU[1].SA[13].CU[1].SIMD0,busy_time,5.788e-05,second
GPU[1].SA[13].CU[1].SIMD1,busy_time,5.788e-05,second
GPU[1].SA[13].CU[1].SIMD2,busy_time,5.788e-05,second
GPU[1].SA[13].CU[1].SIMD3,busy_time,5.788e-05,second
GPU[1].SA[13].CU[2].SIMD0,busy_time,5.788e-05,second
GPU[1].SA[13].CU[2].SIMD1,busy_time,5.788e-05,second
GPU[1].SA[13].CU[2].SIMD2,busy_time,5.788e-05,second
GPU[1].SA[13].CU[2].SIMD3,busy_time,5.788e-05,second
GPU[1].SA[13].CU[3].SIMD0,busy_time,5.788e-05,second
GPU[1].SA[13].CU[3].SIMD1,busy_time,5.788e-05,second
GPU[1].SA[13].CU[3].SIMD2,busy_time,5.788e-05,second
GPU[1].SA[13].CU[3].SIMD3,busy_time,5.788e-05,second
GPU[1].SA[14].CU[0].SIMD0,busy_time,5.788e-05,second
GPU[1].SA[14].CU[0].SIMD1,busy_time,5.788e-05,second
GPU[1].SA[14].CU[0].SIMD2,busy_time,5.788e-05,second
GPU[1].SA[14].CU[0].SIMD3,busy_time,5.788e-05,second
GPU[1].SA[14].CU[1].SIMD0,busy_time,5.788e-05,second
GPU[1].SA[14].CU[1].SIMD1,busy_time,5.788e-05,second
GPU[1].SA[14].CU[1].SIMD2,busy_time,5.788e-05,second
GPU[1].SA[14].CU[1].SIMD3,busy_time,5.788e-05,second
GPU[1].SA[14].CU[2].SIMD0,busy_time,5.788e-05,second
GPU[1].SA[14].CU[2].SIMD1,busy_time,5.788e-05,second
GPU[1].SA[14].CU[2].SIMD2,busy_time,5.788e-05,second
GPU[1].SA[14].CU[2].SIMD3,busy_time,5.788e-05,second
GPU[1].SA[14].CU[3].SIMD0,busy_time,5.788e-05,second
GPU[1].SA[14].CU[3].SIMD1,busy_time,5.788e-05,second
GPU[1].SA[14].CU[3].SIMD2,busy_time,5.788e-05,second
GPU[1].SA[14].CU[3].SIMD3,busy_time,5.788e-05,second
GPU[1].SA[15].CU[0].SIMD0,busy_time,5.788e-05,second
GPU[1].SA[15].CU[0].SIMD1,busy_time,5.788e-05,second
GPU[1].SA[15].CU[0].SIMD2,busy_time,5.788e-05,second
GPU[1].SA[15].CU[0].SIMD3,busy_time,5.788e-05,second
GPU[1].SA[15].CU[1].SIMD0,busy_time,5.788e-05,second
GPU[1].SA[15].CU[1].SIMD1,busy_time,5.788e-05,second
GPU[1].SA[15].CU[1].SIMD2,busy_time,5.788e-05,second
GPU[1].SA[15].CU[1].SIMD3,busy_time,5.788e-05,second
GPU[1].SA[15].CU[2].SIMD0,busy_time,5.788e-05,second
GPU[1].SA[15].CU[2].SIMD1,busy_time,5.788e-05,second
GPU[1].SA[15].CU[2].SIMD2,busy_time,5.788e-05,second
GPU[1].SA[15].CU[2].SIMD3,busy_time,5.788e-05,second
GPU[1].SA[15].CU[3].SIMD0,busy_time,5.788e-05,second
GPU[1].SA[15].CU[3].SIMD1,busy_time,5.788e-05,second
GPU[1].SA[15].CU[3].SIMD2,busy_time,5.788e-05,second
GPU[1].SA[15].CU[3].SIMD3,busy_time,5.788e-05,second
GPU[1].L2Cache[0],req_average_latency,3.1106e-08,second
GPU[1].L2Cache[1],req_average_latency,2.6423e-08,second
GPU[1].L2Cache[2],req_average_latency,2.4128e-08,second
GPU[1].L2Cache[3],req_average_latency,2.5885e-08,second
GPU[1].L2Cache[4],req_average_latency,2.6971e-08,second
GPU[1].L2Cache[5],req_average_latency,2.8128e-08,second
GPU[1].L2Cache[6],req_average_latency,2.8562e-08,second
GPU[1].L2Cache[7],req_average_latency,2.9083e-08,second
GPU[1].L2Cache[8],req_average_latency,2.7404e-08,second
GPU[1].L2Cache[9],req_average_latency,2.8289e-08,second
GPU[1].L2Cache[10],req_average_latency,3.0567e-08,second
GPU[1].L2Cache[11],req_average_latency,3.0994e-08,second
GPU[1].L2Cache[12],req_average_latency,2.6061e-08,second
GPU[1].L2Cache[13],req_average_latency,2.5979e-08,second
GPU[1].L2Cache[14],req_average_latency,2.8415e-08,second
GPU[1].L2Cache[15],req_average_latency,2.8885e-08,second
GPU[1].SA[0].L1VCache[0],req_average_latency,2.15132e-07,second
GPU[1].SA[0].L1VCache[1],req_average_latency,1.84737e-07,second
GPU[1].SA[0].L1VCache[2],req_average_latency,1.76236e-07,second
GPU[1].SA[0].L1VCache[3],req_average_latency,1.80224e-07,second
GPU[1].SA[0].L1SCache,req_average_latency,6.1266e-08,second
GPU[1].SA[0].L1ICache,req_average_latency,5.0e-09,second
GPU[1].SA[1].L1VCache[0],req_average_latency,1.85352e-07,second
GPU[1].SA[1].L1VCache[1],req_average_latency,1.78424e-07,second
GPU[1].SA[1].L1VCache[2],req_average_latency,1.76684e-07,second
GPU[1].SA[1].L1VCache[3],req_average_latency,1.74069e-07,second
GPU[1].SA[1].L1SCache,req_average_latency,6.1266e-08,second
GPU[1].SA[1].L1ICache,req_average_latency,5.0e-09,second
GPU[1].SA[2].L1VCache[0],req_average_latency,1.99849e-07,second
GPU[1].SA[2].L1VCache[1],req_average_latency,1.80472e-07,second
GPU[1].SA[2].L1VCache[2],req_average_latency,1.71273e-07,second
GPU[1].SA[2].L1VCache[3],req_average_latency,1.72898e-07,second
GPU[1].SA[2].L1SCache,req_average_latency,6.1266e-08,second
GPU[1].SA[2].L1ICache,req_average_latency,5.0e-09,second
GPU[1].SA[3].L1VCache[0],req_average_latency,2.0134e-07,second
GPU[1].SA[3].L1VCache[1],req_average_latency,1.96084e-07,second
GPU[1].SA[3].L1VCache[2],req_average_latency,1.81821e-07,second
GPU[1].SA[3].L1VCache[3],req_average_latency,1.77861e-07,second
GPU[1].SA[3].L1SCache,req_average_latency,6.1266e-08,second
GPU[1].SA[3].L1ICache,req_average_latency,5.0e-09,second
GPU[1].SA[4].L1VCache[0],req_average_latency,2.4928e-07,second
GPU[1].SA[4].L1VCache[1],req_average_latency,2.32693e-07,second
GPU[1].SA[4].L1VCache[2],req_average_latency,2.20127e-07,second
GPU[1].SA[4].L1VCache[3],req_average_latency,2.13048e-07,second
GPU[1].SA[4].L1SCache,req_average_latency,6.1266e-08,second
GPU[1].SA[4].L1ICache,req_average_latency,5.0e-09,second
GPU[1].SA[5].L1VCache[0],req_average_latency,2.13153e-07,second
GPU[1].SA[5].L1VCache[1],req_average_latency,1.97068e-07,second
GPU[1].SA[5].L1VCache[2],req_average_latency,1.91736e-07,second
GPU[1].SA[5].L1VCache[3],req_average_latency,1.88982e-07,second
GPU[1].SA[5].L1SCache,req_average_latency,6.1266e-08,second
GPU[1].SA[5].L1ICache,req_average_latency,5.0e-09,second
GPU[1].SA[6].L1VCache[0],req_average_latency,2.15302e-07,second
GPU[1].SA[6].L1VCache[1],req_average_latency,1.93664e-07,second
GPU[1].SA[6].L1VCache[2],req_average_latency,1.84107e-07,second
GPU[1].SA[6].L1VCache[3],req_average_latency,1.83772e-07,second
GPU[1].SA[6].L1SCache,req_average_latency,6.1266e-08,second
GPU[1].SA[6].L1ICache,req_average_latency,5.0e-09,second
GPU[1].SA[7].L1VCache[0],req_average_latency,2.29178e-07,second
GPU[1].SA[7].L1VCache[1],req_average_latency,2.06406e-07,second
GPU[1].SA[7].L1VCache[2],req_average_latency,1.87295e-07,second
GPU[1].SA[7].L1VCache[3],req_average_latency,1.87288e-07,second
GPU[1].SA[7].L1SCache,req_average_latency,6.1266e-08,second
GPU[1].SA[7].L1ICache,req_average_latency,5.0e-09,second
GPU[1].SA[8].L1VCache[0],req_average_latency,2.63348e-07,second
GPU[1].SA[8].L1VCache[1],req_average_latency,2.47079e-07,second
GPU[1].SA[8].L1VCache[2],req_average_latency,2.30747e-07,second
GPU[1].SA[8].L1VCache[3],req_average_latency,2.19144e-07,second
GPU[1].SA[8].L1SCache,req_average_latency,6.1266e-08,second
GPU[1].SA[8].L1ICache,req_average_latency,5.0e-09,second
GPU[1].SA[9].L1VCache[0],req_average_latency,2.30153e-07,second
GPU[1].SA[9].L1VCache[1],req_average_latency,2.09648e-07,second
GPU[1].SA[9].L1VCache[2],req_average_latency,2.01377e-07,second
GPU[1].SA[9].L1VCache[3],req_average_latency,1.97045e-07,second
GPU[1].SA[9].L1SCache,req_average_latency,6.1266e-08,second
GPU[1].SA[9].L1ICache,req_average_latency,5.0e-09,second
GPU[1].SA[10].L1VCache[0],req_average_latency,2.33469e-07,second
GPU[1].SA[10].L1VCache[1],req_average_latency,2.08165e-07,second
GPU[1].SA[10].L1VCache[2],req_average_latency,1.93744e-07,second
GPU[1].SA[10].L1VCache[3],req_average_latency,1.91925e-07,second
GPU[1].SA[10].L1SCache,req_average_latency,6.1266e-08,second
GPU[1].SA[10].L1ICache,req_average_latency,5.0e-09,second
GPU[1].SA[11].L1VCache[0],req_average_latency,2.51921e-07,second
GPU[1].SA[11].L1VCache[1],req_average_latency,2.22946e-07,second
GPU[1].SA[11].L1VCache[2],req_average_latency,2.01063e-07,second
GPU[1].SA[11].L1VCache[3],req_average_latency,1.98575e-07,second
GPU[1].SA[11].L1SCache,req_average_latency,6.1266e-08,second
GPU[1].SA[11].L1ICache,req_average_latency,5.0e-09,second
GPU[1].SA[12].L1VCache[0],req_average_latency,2.54883e-07,second
GPU[1].SA[12].L1VCache[1],req_average_latency,2.49555e-07,second
GPU[1].SA[12].L1VCache[2],req_average_latency,2.30905e-07,second
GPU[1].SA[12].L1VCache[3],req_average_latency,2.24936e-07,second
GPU[1].SA[12].L1SCache,req_average_latency,6.1266e-08,second
GPU[1].SA[12].L1ICache,req_average_latency,5.0e-09,second
GPU[1].SA[13].L1VCache[0],req_average_latency,2.4283e-07,second
GPU[1].SA[13].L1VCache[1],req_average_latency,2.15581e-07,second
GPU[1].SA[13].L1VCache[2],req_average_latency,2.07563e-07,second
GPU[1].SA[13].L1VCache[3],req_average_latency,2.02973e-07,second
GPU[1].SA[13].L1SCache,req_average_latency,6.1266e-08,second
GPU[1].SA[13].L1ICache,req_average_latency,5.0e-09,second
GPU[1].SA[14].L1VCache[0],req_average_latency,2.47289e-07,second
GPU[1].SA[14].L1VCache[1],req_average_latency,2.1481e-07,second
GPU[1].SA[14].L1VCache[2],req_average_latency,1.97241e-07,second
GPU[1].SA[14].L1VCache[3],req_average_latency,1.99033e-07,second
GPU[1].SA[14].L1SCache,req_average_latency,6.1266e-08,second
GPU[1].SA[14].L1ICache,req_average_latency,5.0e-09,second
GPU[1].SA[15].L1VCache[0],req_average_latency,2.61216e-07,second
GPU[1].SA[15].L1VCache[1],req_average_latency,2.306e-07,second
GPU[1].SA[15].L1VCache[2],req_average_latency,2.0964e-07,second
GPU[1].SA[15].L1VCache[3],req_average_latency,2.05607e-07,second
GPU[1].SA[15].L1SCache,req_average_latency,6.1266e-08,second
GPU[1].SA[15].L1ICache,req_average_latency,5.0e-09,second
GPU[1].L2Cache[0],read-hit,118557.0,count
GPU[1].L2Cache[0],read-miss,2798.0,count
GPU[1].L2Cache[0],read-mshr-hit,2246.0,count
GPU[1].L2Cache[0],write-hit,0.0,count
GPU[1].L2Cache[0],write-miss,1024.0,count
GPU[1].L2Cache[0],write-mshr-hit,0.0,count
GPU[1].L2Cache[1],read-hit,99324.0,count
GPU[1].L2Cache[1],read-miss,3205.0,count
GPU[1].L2Cache[1],read-mshr-hit,1204.0,count
GPU[1].L2Cache[1],write-hit,0.0,count
GPU[1].L2Cache[1],write-miss,1024.0,count
GPU[1].L2Cache[1],write-mshr-hit,0.0,count
GPU[1].L2Cache[2],read-hit,101734.0,count
GPU[1].L2Cache[2],read-miss,3232.0,count
GPU[1].L2Cache[2],read-mshr-hit,793.0,count
GPU[1].L2Cache[2],write-hit,0.0,count
GPU[1].L2Cache[2],write-miss,1024.0,count
GPU[1].L2Cache[2],write-mshr-hit,0.0,count
GPU[1].L2Cache[3],read-hit,97918.0,count
GPU[1].L2Cache[3],read-miss,3200.0,count
GPU[1].L2Cache[3],read-mshr-hit,1170.0,count
GPU[1].L2Cache[3],write-hit,0.0,count
GPU[1].L2Cache[3],write-miss,1024.0,count
GPU[1].L2Cache[3],write-mshr-hit,0.0,count
GPU[1].L2Cache[4],read-hit,111240.0,count
GPU[1].L2Cache[4],read-miss,3274.0,count
GPU[1].L2Cache[4],read-mshr-hit,1553.0,count
GPU[1].L2Cache[4],write-hit,0.0,count
GPU[1].L2Cache[4],write-miss,1024.0,count
GPU[1].L2Cache[4],write-mshr-hit,0.0,count
GPU[1].L2Cache[5],read-hit,101446.0,count
GPU[1].L2Cache[5],read-miss,3270.0,count
GPU[1].L2Cache[5],read-mshr-hit,1644.0,count
GPU[1].L2Cache[5],write-hit,0.0,count
GPU[1].L2Cache[5],write-miss,1024.0,count
GPU[1].L2Cache[5],write-mshr-hit,0.0,count
GPU[1].L2Cache[6],read-hit,99630.0,count
GPU[1].L2Cache[6],read-miss,3301.0,count
GPU[1].L2Cache[6],read-mshr-hit,1712.0,count
GPU[1].L2Cache[6],write-hit,0.0,count
GPU[1].L2Cache[6],write-miss,1024.0,count
GPU[1].L2Cache[6],write-mshr-hit,0.0,count
GPU[1].L2Cache[7],read-hit,76554.0,count
GPU[1].L2Cache[7],read-miss,3233.0,count
GPU[1].L2Cache[7],read-mshr-hit,1868.0,count
GPU[1].L2Cache[7],write-hit,0.0,count
GPU[1].L2Cache[7],write-miss,1024.0,count
GPU[1].L2Cache[7],write-mshr-hit,0.0,count
GPU[1].L2Cache[8],read-hit,97987.0,count
GPU[1].L2Cache[8],read-miss,3348.0,count
GPU[1].L2Cache[8],read-mshr-hit,1560.0,count
GPU[1].L2Cache[8],write-hit,0.0,count
GPU[1].L2Cache[8],write-miss,1024.0,count
GPU[1].L2Cache[8],write-mshr-hit,0.0,count
GPU[1].L2Cache[9],read-hit,93707.0,count
GPU[1].L2Cache[9],read-miss,3304.0,count
GPU[1].L2Cache[9],read-mshr-hit,1757.0,count
GPU[1].L2Cache[9],write-hit,0.0,count
GPU[1].L2Cache[9],write-miss,1024.0,count
GPU[1].L2Cache[9],write-mshr-hit,0.0,count
GPU[1].L2Cache[10],read-hit,85013.0,count
GPU[1].L2Cache[10],read-miss,3255.0,count
GPU[1].L2Cache[10],read-mshr-hit,2184.0,count
GPU[1].L2Cache[10],write-hit,0.0,count
GPU[1].L2Cache[10],write-miss,1024.0,count
GPU[1].L2Cache[10],write-mshr-hit,0.0,count
GPU[1].L2Cache[11],read-hit,87920.0,count
GPU[1].L2Cache[11],read-miss,3281.0,count
GPU[1].L2Cache[11],read-mshr-hit,2308.0,count
GPU[1].L2Cache[11],write-hit,0.0,count
GPU[1].L2Cache[11],write-miss,1024.0,count
GPU[1].L2Cache[11],write-mshr-hit,0.0,count
GPU[1].L2Cache[12],read-hit,98368.0,count
GPU[1].L2Cache[12],read-miss,3278.0,count
GPU[1].L2Cache[12],read-mshr-hit,1172.0,count
GPU[1].L2Cache[12],write-hit,0.0,count
GPU[1].L2Cache[12],write-miss,1024.0,count
GPU[1].L2Cache[12],write-mshr-hit,0.0,count
GPU[1].L2Cache[13],read-hit,92803.0,count
GPU[1].L2Cache[13],read-miss,3242.0,count
GPU[1].L2Cache[13],read-mshr-hit,1138.0,count
GPU[1].L2Cache[13],write-hit,0.0,count
GPU[1].L2Cache[13],write-miss,1024.0,count
GPU[1].L2Cache[13],write-mshr-hit,0.0,count
GPU[1].L2Cache[14],read-hit,110988.0,count
GPU[1].L2Cache[14],read-miss,3238.0,count
GPU[1].L2Cache[14],read-mshr-hit,1708.0,count
GPU[1].L2Cache[14],write-hit,0.0,count
GPU[1].L2Cache[14],write-miss,1024.0,count
GPU[1].L2Cache[14],write-mshr-hit,0.0,count
GPU[1].L2Cache[15],read-hit,83314.0,count
GPU[1].L2Cache[15],read-miss,3292.0,count
GPU[1].L2Cache[15],read-mshr-hit,2028.0,count
GPU[1].L2Cache[15],write-hit,0.0,count
GPU[1].L2Cache[15],write-miss,1024.0,count
GPU[1].L2Cache[15],write-mshr-hit,0.0,count
GPU[1].SA[0].L1VCache[0],read-hit,118.0,count
GPU[1].SA[0].L1VCache[0],read-miss,5121.0,count
GPU[1].SA[0].L1VCache[0],read-mshr-hit,2957.0,count
GPU[1].SA[0].L1VCache[0],write-hit,0.0,count
GPU[1].SA[0].L1VCache[0],write-miss,256.0,count
GPU[1].SA[0].L1VCache[0],write-mshr-hit,0.0,count
GPU[1].SA[0].L1VCache[1],read-hit,528.0,count
GPU[1].SA[0].L1VCache[1],read-miss,5121.0,count
GPU[1].SA[0].L1VCache[1],read-mshr-hit,2547.0,count
GPU[1].SA[0].L1VCache[1],write-hit,0.0,count
GPU[1].SA[0].L1VCache[1],write-miss,256.0,count
GPU[1].SA[0].L1VCache[1],write-mshr-hit,0.0,count
GPU[1].SA[0].L1VCache[2],read-hit,568.0,count
GPU[1].SA[0].L1VCache[2],read-miss,5121.0,count
GPU[1].SA[0].L1VCache[2],read-mshr-hit,2507.0,count
GPU[1].SA[0].L1VCache[2],write-hit,0.0,count
GPU[1].SA[0].L1VCache[2],write-miss,256.0,count
GPU[1].SA[0].L1VCache[2],write-mshr-hit,0.0,count
GPU[1].SA[0].L1VCache[3],read-hit,700.0,count
GPU[1].SA[0].L1VCache[3],read-miss,5121.0,count
GPU[1].SA[0].L1VCache[3],read-mshr-hit,2375.0,count
GPU[1].SA[0].L1VCache[3],write-hit,0.0,count
GPU[1].SA[0].L1VCache[3],write-miss,256.0,count
GPU[1].SA[0].L1VCache[3],write-mshr-hit,0.0,count
GPU[1].SA[0].L1SCache,read-hit,32.0,count
GPU[1].SA[0].L1SCache,read-miss,2.0,count
GPU[1].SA[0].L1SCache,read-mshr-hit,30.0,count
GPU[1].SA[0].L1SCache,write-hit,0.0,count
GPU[1].SA[0].L1SCache,write-miss,0.0,count
GPU[1].SA[0].L1SCache,write-mshr-hit,0.0,count
GPU[1].SA[0].L1ICache,read-hit,28327.0,count
GPU[1].SA[0].L1ICache,read-miss,24.0,count
GPU[1].SA[0].L1ICache,read-mshr-hit,266.0,count
GPU[1].SA[0].L1ICache,write-hit,0.0,count
GPU[1].SA[0].L1ICache,write-miss,0.0,count
GPU[1].SA[0].L1ICache,write-mshr-hit,0.0,count
GPU[1].SA[1].L1VCache[0],read-hit,1159.0,count
GPU[1].SA[1].L1VCache[0],read-miss,5121.0,count
GPU[1].SA[1].L1VCache[0],read-mshr-hit,1916.0,count
GPU[1].SA[1].L1VCache[0],write-hit,0.0,count
GPU[1].SA[1].L1VCache[0],write-miss,256.0,count
GPU[1].SA[1].L1VCache[0],write-mshr-hit,0.0,count
GPU[1].SA[1].L1VCache[1],read-hit,612.0,count
GPU[1].SA[1].L1VCache[1],read-miss,5121.0,count
GPU[1].SA[1].L1VCache[1],read-mshr-hit,2463.0,count
GPU[1].SA[1].L1VCache[1],write-hit,0.0,count
GPU[1].SA[1].L1VCache[1],write-miss,256.0,count
GPU[1].SA[1].L1VCache[1],write-mshr-hit,0.0,count
GPU[1].SA[1].L1VCache[2],read-hit,562.0,count
GPU[1].SA[1].L1VCache[2],read-miss,5121.0,count
GPU[1].SA[1].L1VCache[2],read-mshr-hit,2513.0,count
GPU[1].SA[1].L1VCache[2],write-hit,0.0,count
GPU[1].SA[1].L1VCache[2],write-miss,256.0,count
GPU[1].SA[1].L1VCache[2],write-mshr-hit,0.0,count
GPU[1].SA[1].L1VCache[3],read-hit,454.0,count
GPU[1].SA[1].L1VCache[3],read-miss,5121.0,count
GPU[1].SA[1].L1VCache[3],read-mshr-hit,2621.0,count
GPU[1].SA[1].L1VCache[3],write-hit,0.0,count
GPU[1].SA[1].L1VCache[3],write-miss,256.0,count
GPU[1].SA[1].L1VCache[3],write-mshr-hit,0.0,count
GPU[1].SA[1].L1SCache,read-hit,32.0,count
GPU[1].SA[1].L1SCache,read-miss,2.0,count
GPU[1].SA[1].L1SCache,read-mshr-hit,30.0,count
GPU[1].SA[1].L1SCache,write-hit,0.0,count
GPU[1].SA[1].L1SCache,write-miss,0.0,count
GPU[1].SA[1].L1SCache,write-mshr-hit,0.0,count
GPU[1].SA[1].L1ICache,read-hit,28395.0,count
GPU[1].SA[1].L1ICache,read-miss,24.0,count
GPU[1].SA[1].L1ICache,read-mshr-hit,216.0,count
GPU[1].SA[1].L1ICache,write-hit,0.0,count
GPU[1].SA[1].L1ICache,write-miss,0.0,count
GPU[1].SA[1].L1ICache,write-mshr-hit,0.0,count
GPU[1].SA[2].L1VCache[0],read-hit,1471.0,count
GPU[1].SA[2].L1VCache[0],read-miss,5121.0,count
GPU[1].SA[2].L1VCache[0],read-mshr-hit,1604.0,count
GPU[1].SA[2].L1VCache[0],write-hit,0.0,count
GPU[1].SA[2].L1VCache[0],write-miss,256.0,count
GPU[1].SA[2].L1VCache[0],write-mshr-hit,0.0,count
GPU[1].SA[2].L1VCache[1],read-hit,821.0,count
GPU[1].SA[2].L1VCache[1],read-miss,5121.0,count
GPU[1].SA[2].L1VCache[1],read-mshr-hit,2254.0,count
GPU[1].SA[2].L1VCache[1],write-hit,0.0,count
GPU[1].SA[2].L1VCache[1],write-miss,256.0,count
GPU[1].SA[2].L1VCache[1],write-mshr-hit,0.0,count
GPU[1].SA[2].L1VCache[2],read-hit,447.0,count
GPU[1].SA[2].L1VCache[2],read-miss,5121.0,count
GPU[1].SA[2].L1VCache[2],read-mshr-hit,2628.0,count
GPU[1].SA[2].L1VCache[2],write-hit,0.0,count
GPU[1].SA[2].L1VCache[2],write-miss,256.0,count
GPU[1].SA[2].L1VCache[2],write-mshr-hit,0.0,count
GPU[1].SA[2].L1VCache[3],read-hit,447.0,count
GPU[1].SA[2].L1VCache[3],read-miss,5121.0,count
GPU[1].SA[2].L1VCache[3],read-mshr-hit,2628.0,count
GPU[1].SA[2].L1VCache[3],write-hit,0.0,count
GPU[1].SA[2].L1VCache[3],write-miss,256.0,count
GPU[1].SA[2].L1VCache[3],write-mshr-hit,0.0,count
GPU[1].SA[2].L1SCache,read-hit,32.0,count
GPU[1].SA[2].L1SCache,read-miss,2.0,count
GPU[1].SA[2].L1SCache,read-mshr-hit,30.0,count
GPU[1].SA[2].L1SCache,write-hit,0.0,count
GPU[1].SA[2].L1SCache,write-miss,0.0,count
GPU[1].SA[2].L1SCache,write-mshr-hit,0.0,count
GPU[1].SA[2].L1ICache,read-hit,28400.0,count
GPU[1].SA[2].L1ICache,read-miss,24.0,count
GPU[1].SA[2].L1ICache,read-mshr-hit,216.0,count
GPU[1].SA[2].L1ICache,write-hit,0.0,count
GPU[1].SA[2].L1ICache,write-miss,0.0,count
GPU[1].SA[2].L1ICache,write-mshr-hit,0.0,count
GPU[1].SA[3].L1VCache[0],read-hit,1528.0,count
GPU[1].SA[3].L1VCache[0],read-miss,5121.0,count
GPU[1].SA[3].L1VCache[0],read-mshr-hit,1547.0,count
GPU[1].SA[3].L1VCache[0],write-hit,0.0,count
GPU[1].SA[3].L1VCache[0],write-miss,256.0,count
GPU[1].SA[3].L1VCache[0],write-mshr-hit,0.0,count
GPU[1].SA[3].L1VCache[1],read-hit,1420.0,count
GPU[1].SA[3].L1VCache[1],read-miss,5121.0,count
GPU[1].SA[3].L1VCache[1],read-mshr-hit,1655.0,count
GPU[1].SA[3].L1VCache[1],write-hit,0.0,count
GPU[1].SA[3].L1VCache[1],write-miss,256.0,count
GPU[1].SA[3].L1VCache[1],write-mshr-hit,0.0,count
GPU[1].SA[3].L1VCache[2],read-hit,780.0,count
GPU[1].SA[3].L1VCache[2],read-miss,5121.0,count
GPU[1].SA[3].L1VCache[2],read-mshr-hit,2295.0,count
GPU[1].SA[3].L1VCache[2],write-hit,0.0,count
GPU[1].SA[3].L1VCache[2],write-miss,256.0,count
GPU[1].SA[3].L1VCache[2],write-mshr-hit,0.0,count
GPU[1].SA[3].L1VCache[3],read-hit,606.0,count
GPU[1].SA[3].L1VCache[3],read-miss,5121.0,count
GPU[1].SA[3].L1VCache[3],read-mshr-hit,2469.0,count
GPU[1].SA[3].L1VCache[3],write-hit,0.0,count
GPU[1].SA[3].L1VCache[3],write-miss,256.0,count
GPU[1].SA[3].L1VCache[3],write-mshr-hit,0.0,count
GPU[1].SA[3].L1SCache,read-hit,32.0,count
GPU[1].SA[3].L1SCache,read-miss,2.0,count
GPU[1].SA[3].L1SCache,read-mshr-hit,30.0,count
GPU[1].SA[3].L1SCache,write-hit,0.0,count
GPU[1].SA[3].L1SCache,write-miss,0.0,count
GPU[1].SA[3].L1SCache,write-mshr-hit,0.0,count
GPU[1].SA[3].L1ICache,read-hit,28400.0,count
GPU[1].SA[3].L1ICache,read-miss,24.0,count
GPU[1].SA[3].L1ICache,read-mshr-hit,216.0,count
GPU[1].SA[3].L1ICache,write-hit,0.0,count
GPU[1].SA[3].L1ICache,write-miss,0.0,count
GPU[1].SA[3].L1ICache,write-mshr-hit,0.0,count
GPU[1].SA[4].L1VCache[0],read-hit,2004.0,count
GPU[1].SA[4].L1VCache[0],read-miss,5121.0,count
GPU[1].SA[4].L1VCache[0],read-mshr-hit,1071.0,count
GPU[1].SA[4].L1VCache[0],write-hit,0.0,count
GPU[1].SA[4].L1VCache[0],write-miss,256.0,count
GPU[1].SA[4].L1VCache[0],write-mshr-hit,0.0,count
GPU[1].SA[4].L1VCache[1],read-hit,2278.0,count
GPU[1].SA[4].L1VCache[1],read-miss,5121.0,count
GPU[1].SA[4].L1VCache[1],read-mshr-hit,797.0,count
GPU[1].SA[4].L1VCache[1],write-hit,0.0,count
GPU[1].SA[4].L1VCache[1],write-miss,256.0,count
GPU[1].SA[4].L1VCache[1],write-mshr-hit,0.0,count
GPU[1].SA[4].L1VCache[2],read-hit,2364.0,count
GPU[1].SA[4].L1VCache[2],read-miss,5121.0,count
GPU[1].SA[4].L1VCache[2],read-mshr-hit,711.0,count
GPU[1].SA[4].L1VCache[2],write-hit,0.0,count
GPU[1].SA[4].L1VCache[2],write-miss,256.0,count
GPU[1].SA[4].L1VCache[2],write-mshr-hit,0.0,count
GPU[1].SA[4].L1VCache[3],read-hit,2116.0,count
GPU[1].SA[4].L1VCache[3],read-miss,5121.0,count
GPU[1].SA[4].L1VCache[3],read-mshr-hit,959.0,count
GPU[1].SA[4].L1VCache[3],write-hit,0.0,count
GPU[1].SA[4].L1VCache[3],write-miss,256.0,count
GPU[1].SA[4].L1VCache[3],write-mshr-hit,0.0,count
GPU[1].SA[4].L1SCache,read-hit,32.0,count
GPU[1].SA[4].L1SCache,read-miss,2.0,count
GPU[1].SA[4].L1SCache,read-mshr-hit,30.0,count
GPU[1].SA[4].L1SCache,write-hit,0.0,count
GPU[1].SA[4].L1SCache,write-miss,0.0,count
GPU[1].SA[4].L1SCache,write-mshr-hit,0.0,count
GPU[1].SA[4].L1ICache,read-hit,28411.0,count
GPU[1].SA[4].L1ICache,read-miss,24.0,count
GPU[1].SA[4].L1ICache,read-mshr-hit,205.0,count
GPU[1].SA[4].L1ICache,write-hit,0.0,count
GPU[1].SA[4].L1ICache,write-miss,0.0,count
GPU[1].SA[4].L1ICache,write-mshr-hit,0.0,count
GPU[1].SA[5].L1VCache[0],read-hit,2022.0,count
GPU[1].SA[5].L1VCache[0],read-miss,5121.0,count
GPU[1].SA[5].L1VCache[0],read-mshr-hit,1053.0,count
GPU[1].SA[5].L1VCache[0],write-hit,0.0,count
GPU[1].SA[5].L1VCache[0],write-miss,256.0,count
GPU[1].SA[5].L1VCache[0],write-mshr-hit,0.0,count
GPU[1].SA[5].L1VCache[1],read-hit,1476.0,count
GPU[1].SA[5].L1VCache[1],read-miss,5121.0,count
GPU[1].SA[5].L1VCache[1],read-mshr-hit,1599.0,count
GPU[1].SA[5].L1VCache[1],write-hit,0.0,count
GPU[1].SA[5].L1VCache[1],write-miss,256.0,count
GPU[1].SA[5].L1VCache[1],write-mshr-hit,0.0,count
GPU[1].SA[5].L1VCache[2],read-hit,1316.0,count
GPU[1].SA[5].L1VCache[2],read-miss,5121.0,count
GPU[1].SA[5].L1VCache[2],read-mshr-hit,1759.0,count
GPU[1].SA[5].L1VCache[2],write-hit,0.0,count
GPU[1].SA[5].L1VCache[2],write-miss,256.0,count
GPU[1].SA[5].L1VCache[2],write-mshr-hit,0.0,count
GPU[1].SA[5].L1VCache[3],read-hit,1071.0,count
GPU[1].SA[5].L1VCache[3],read-miss,5121.0,count
GPU[1].SA[5].L1VCache[3],read-mshr-hit,2004.0,count
GPU[1].SA[5].L1VCache[3],write-hit,0.0,count
GPU[1].SA[5].L1VCache[3],write-miss,256.0,count
GPU[1].SA[5].L1VCache[3],write-mshr-hit,0.0,count
GPU[1].SA[5].L1SCache,read-hit,32.0,count
GPU[1].SA[5].L1SCache,read-miss,2.0,count
GPU[1].SA[5].L1SCache,read-mshr-hit,30.0,count
GPU[1].SA[5].L1SCache,write-hit,0.0,count
GPU[1].SA[5].L1SCache,write-miss,0.0,count
GPU[1].SA[5].L1SCache,write-mshr-hit,0.0,count
GPU[1].SA[5].L1ICache,read-hit,28409.0,count
GPU[1].SA[5].L1ICache,read-miss,24.0,count
GPU[1].SA[5].L1ICache,read-mshr-hit,207.0,count
GPU[1].SA[5].L1ICache,write-hit,0.0,count
GPU[1].SA[5].L1ICache,write-miss,0.0,count
GPU[1].SA[5].L1ICache,write-mshr-hit,0.0,count
GPU[1].SA[6].L1VCache[0],read-hit,1986.0,count
GPU[1].SA[6].L1VCache[0],read-miss,5121.0,count
GPU[1].SA[6].L1VCache[0],read-mshr-hit,1089.0,count
GPU[1].SA[6].L1VCache[0],write-hit,0.0,count
GPU[1].SA[6].L1VCache[0],write-miss,256.0,count
GPU[1].SA[6].L1VCache[0],write-mshr-hit,0.0,count
GPU[1].SA[6].L1VCache[1],read-hit,1332.0,count
GPU[1].SA[6].L1VCache[1],read-miss,5121.0,count
GPU[1].SA[6].L1VCache[1],read-mshr-hit,1743.0,count
GPU[1].SA[6].L1VCache[1],write-hit,0.0,count
GPU[1].SA[6].L1VCache[1],write-miss,256.0,count
GPU[1].SA[6].L1VCache[1],write-mshr-hit,0.0,count
GPU[1].SA[6].L1VCache[2],read-hit,922.0,count
GPU[1].SA[6].L1VCache[2],read-miss,5121.0,count
GPU[1].SA[6].L1VCache[2],read-mshr-hit,2153.0,count
GPU[1].SA[6].L1VCache[2],write-hit,0.0,count
GPU[1].SA[6].L1VCache[2],write-miss,256.0,count
GPU[1].SA[6].L1VCache[2],write-mshr-hit,0.0,count
GPU[1].SA[6].L1VCache[3],read-hit,920.0,count
GPU[1].SA[6].L1VCache[3],read-miss,5121.0,count
GPU[1].SA[6].L1VCache[3],read-mshr-hit,2155.0,count
GPU[1].SA[6].L1VCache[3],write-hit,0.0,count
GPU[1].SA[6].L1VCache[3],write-miss,256.0,count
GPU[1].SA[6].L1VCache[3],write-mshr-hit,0.0,count
GPU[1].SA[6].L1SCache,read-hit,32.0,count
GPU[1].SA[6].L1SCache,read-miss,2.0,count
GPU[1].SA[6].L1SCache,read-mshr-hit,30.0,count
GPU[1].SA[6].L1SCache,write-hit,0.0,count
GPU[1].SA[6].L1SCache,write-miss,0.0,count
GPU[1].SA[6].L1SCache,write-mshr-hit,0.0,count
GPU[1].SA[6].L1ICache,read-hit,28401.0,count
GPU[1].SA[6].L1ICache,read-miss,24.0,count
GPU[1].SA[6].L1ICache,read-mshr-hit,215.0,count
GPU[1].SA[6].L1ICache,write-hit,0.0,count
GPU[1].SA[6].L1ICache,write-miss,0.0,count
GPU[1].SA[6].L1ICache,write-mshr-hit,0.0,count
GPU[1].SA[7].L1VCache[0],read-hit,2025.0,count
GPU[1].SA[7].L1VCache[0],read-miss,5121.0,count
GPU[1].SA[7].L1VCache[0],read-mshr-hit,1050.0,count
GPU[1].SA[7].L1VCache[0],write-hit,0.0,count
GPU[1].SA[7].L1VCache[0],write-miss,256.0,count
GPU[1].SA[7].L1VCache[0],write-mshr-hit,0.0,count
GPU[1].SA[7].L1VCache[1],read-hit,1842.0,count
GPU[1].SA[7].L1VCache[1],read-miss,5121.0,count
GPU[1].SA[7].L1VCache[1],read-mshr-hit,1233.0,count
GPU[1].SA[7].L1VCache[1],write-hit,0.0,count
GPU[1].SA[7].L1VCache[1],write-miss,256.0,count
GPU[1].SA[7].L1VCache[1],write-mshr-hit,0.0,count
GPU[1].SA[7].L1VCache[2],read-hit,1120.0,count
GPU[1].SA[7].L1VCache[2],read-miss,5121.0,count
GPU[1].SA[7].L1VCache[2],read-mshr-hit,1955.0,count
GPU[1].SA[7].L1VCache[2],write-hit,0.0,count
GPU[1].SA[7].L1VCache[2],write-miss,256.0,count
GPU[1].SA[7].L1VCache[2],write-mshr-hit,0.0,count
GPU[1].SA[7].L1VCache[3],read-hit,1035.0,count
GPU[1].SA[7].L1VCache[3],read-miss,5121.0,count
GPU[1].SA[7].L1VCache[3],read-mshr-hit,2040.0,count
GPU[1].SA[7].L1VCache[3],write-hit,0.0,count
GPU[1].SA[7].L1VCache[3],write-miss,256.0,count
GPU[1].SA[7].L1VCache[3],write-mshr-hit,0.0,count
GPU[1].SA[7].L1SCache,read-hit,32.0,count
GPU[1].SA[7].L1SCache,read-miss,2.0,count
GPU[1].SA[7].L1SCache,read-mshr-hit,30.0,count
GPU[1].SA[7].L1SCache,write-hit,0.0,count
GPU[1].SA[7].L1SCache,write-miss,0.0,count
GPU[1].SA[7].L1SCache,write-mshr-hit,0.0,count
GPU[1].SA[7].L1ICache,read-hit,28403.0,count
GPU[1].SA[7].L1ICache,read-miss,24.0,count
GPU[1].SA[7].L1ICache,read-mshr-hit,213.0,count
GPU[1].SA[7].L1ICache,write-hit,0.0,count
GPU[1].SA[7].L1ICache,write-miss,0.0,count
GPU[1].SA[7].L1ICache,write-mshr-hit,0.0,count
GPU[1].SA[8].L1VCache[0],read-hit,2281.0,count
GPU[1].SA[8].L1VCache[0],read-miss,5122.0,count
GPU[1].SA[8].L1VCache[0],read-mshr-hit,793.0,count
GPU[1].SA[8].L1VCache[0],write-hit,0.0,count
GPU[1].SA[8].L1VCache[0],write-miss,256.0,count
GPU[1].SA[8].L1VCache[0],write-mshr-hit,0.0,count
GPU[1].SA[8].L1VCache[1],read-hit,2755.0,count
GPU[1].SA[8].L1VCache[1],read-miss,5121.0,count
GPU[1].SA[8].L1VCache[1],read-mshr-hit,320.0,count
GPU[1].SA[8].L1VCache[1],write-hit,0.0,count
GPU[1].SA[8].L1VCache[1],write-miss,256.0,count
GPU[1].SA[8].L1VCache[1],write-mshr-hit,0.0,count
GPU[1].SA[8].L1VCache[2],read-hit,2782.0,count
GPU[1].SA[8].L1VCache[2],read-miss,5121.0,count
GPU[1].SA[8].L1VCache[2],read-mshr-hit,293.0,count
GPU[1].SA[8].L1VCache[2],write-hit,0.0,count
GPU[1].SA[8].L1VCache[2],write-miss,256.0,count
GPU[1].SA[8].L1VCache[2],write-mshr-hit,0.0,count
GPU[1].SA[8].L1VCache[3],read-hit,2479.0,count
GPU[1].SA[8].L1VCache[3],read-miss,5121.0,count
GPU[1].SA[8].L1VCache[3],read-mshr-hit,596.0,count
GPU[1].SA[8].L1VCache[3],write-hit,0.0,count
GPU[1].SA[8].L1VCache[3],write-miss,256.0,count
GPU[1].SA[8].L1VCache[3],write-mshr-hit,0.0,count
GPU[1].SA[8].L1SCache,read-hit,32.0,count
GPU[1].SA[8].L1SCache,read-miss,2.0,count
GPU[1].SA[8].L1SCache,read-mshr-hit,30.0,count
GPU[1].SA[8].L1SCache,write-hit,0.0,count
GPU[1].SA[8].L1SCache,write-miss,0.0,count
GPU[1].SA[8].L1SCache,write-mshr-hit,0.0,count
GPU[1].SA[8].L1ICache,read-hit,28408.0,count
GPU[1].SA[8].L1ICache,read-miss,24.0,count
GPU[1].SA[8].L1ICache,read-mshr-hit,205.0,count
GPU[1].SA[8].L1ICache,write-hit,0.0,count
GPU[1].SA[8].L1ICache,write-miss,0.0,count
GPU[1].SA[8].L1ICache,write-mshr-hit,0.0,count
GPU[1].SA[9].L1VCache[0],read-hit,2524.0,count
GPU[1].SA[9].L1VCache[0],read-miss,5121.0,count
GPU[1].SA[9].L1VCache[0],read-mshr-hit,551.0,count
GPU[1].SA[9].L1VCache[0],write-hit,0.0,count
GPU[1].SA[9].L1VCache[0],write-miss,256.0,count
GPU[1].SA[9].L1VCache[0],write-mshr-hit,0.0,count
GPU[1].SA[9].L1VCache[1],read-hit,2115.0,count
GPU[1].SA[9].L1VCache[1],read-miss,5121.0,count
GPU[1].SA[9].L1VCache[1],read-mshr-hit,960.0,count
GPU[1].SA[9].L1VCache[1],write-hit,0.0,count
GPU[1].SA[9].L1VCache[1],write-miss,256.0,count
GPU[1].SA[9].L1VCache[1],write-mshr-hit,0.0,count
GPU[1].SA[9].L1VCache[2],read-hit,1828.0,count
GPU[1].SA[9].L1VCache[2],read-miss,5121.0,count
GPU[1].SA[9].L1VCache[2],read-mshr-hit,1247.0,count
GPU[1].SA[9].L1VCache[2],write-hit,0.0,count
GPU[1].SA[9].L1VCache[2],write-miss,256.0,count
GPU[1].SA[9].L1VCache[2],write-mshr-hit,0.0,count
GPU[1].SA[9].L1VCache[3],read-hit,1608.0,count
GPU[1].SA[9].L1VCache[3],read-miss,5121.0,count
GPU[1].SA[9].L1VCache[3],read-mshr-hit,1467.0,count
GPU[1].SA[9].L1VCache[3],write-hit,0.0,count
GPU[1].SA[9].L1VCache[3],write-miss,256.0,count
GPU[1].SA[9].L1VCache[3],write-mshr-hit,0.0,count
GPU[1].SA[9].L1SCache,read-hit,32.0,count
GPU[1].SA[9].L1SCache,read-miss,2.0,count
GPU[1].SA[9].L1SCache,read-mshr-hit,30.0,count
GPU[1].SA[9].L1SCache,write-hit,0.0,count
GPU[1].SA[9].L1SCache,write-miss,0.0,count
GPU[1].SA[9].L1SCache,write-mshr-hit,0.0,count
GPU[1].SA[9].L1ICache,read-hit,28412.0,count
GPU[1].SA[9].L1ICache,read-miss,24.0,count
GPU[1].SA[9].L1ICache,read-mshr-hit,204.0,count
GPU[1].SA[9].L1ICache,write-hit,0.0,count
GPU[1].SA[9].L1ICache,write-miss,0.0,count
GPU[1].SA[9].L1ICache,write-mshr-hit,0.0,count
GPU[1].SA[10].L1VCache[0],read-hit,2386.0,count
GPU[1].SA[10].L1VCache[0],read-miss,5121.0,count
GPU[1].SA[10].L1VCache[0],read-mshr-hit,689.0,count
GPU[1].SA[10].L1VCache[0],write-hit,0.0,count
GPU[1].SA[10].L1VCache[0],write-miss,256.0,count
GPU[1].SA[10].L1VCache[0],write-mshr-hit,0.0,count
GPU[1].SA[10].L1VCache[1],read-hit,1925.0,count
GPU[1].SA[10].L1VCache[1],read-miss,5121.0,count
GPU[1].SA[10].L1VCache[1],read-mshr-hit,1150.0,count
GPU[1].SA[10].L1VCache[1],write-hit,0.0,count
GPU[1].SA[10].L1VCache[1],write-miss,256.0,count
GPU[1].SA[10].L1VCache[1],write-mshr-hit,0.0,count
GPU[1].SA[10].L1VCache[2],read-hit,1406.0,count
GPU[1].SA[10].L1VCache[2],read-miss,5121.0,count
GPU[1].SA[10].L1VCache[2],read-mshr-hit,1669.0,count
GPU[1].SA[10].L1VCache[2],write-hit,0.0,count
GPU[1].SA[10].L1VCache[2],write-miss,256.0,count
GPU[1].SA[10].L1VCache[2],write-mshr-hit,0.0,count
GPU[1].SA[10].L1VCache[3],read-hit,1389.0,count
GPU[1].SA[10].L1VCache[3],read-miss,5121.0,count
GPU[1].SA[10].L1VCache[3],read-mshr-hit,1686.0,count
GPU[1].SA[10].L1VCache[3],write-hit,0.0,count
GPU[1].SA[10].L1VCache[3],write-miss,256.0,count
GPU[1].SA[10].L1VCache[3],write-mshr-hit,0.0,count
GPU[1].SA[10].L1SCache,read-hit,32.0,count
GPU[1].SA[10].L1SCache,read-miss,2.0,count
GPU[1].SA[10].L1SCache,read-mshr-hit,30.0,count
GPU[1].SA[10].L1SCache,write-hit,0.0,count
GPU[1].SA[10].L1SCache,write-miss,0.0,count
GPU[1].SA[10].L1SCache,write-mshr-hit,0.0,count
GPU[1].SA[10].L1ICache,read-hit,28412.0,count
GPU[1].SA[10].L1ICache,read-miss,24.0,count
GPU[1].SA[10].L1ICache,read-mshr-hit,204.0,count
GPU[1].SA[10].L1ICache,write-hit,0.0,count
GPU[1].SA[10].L1ICache,write-miss,0.0,count
GPU[1].SA[10].L1ICache,write-mshr-hit,0.0,count
GPU[1].SA[11].L1VCache[0],read-hit,2387.0,count
GPU[1].SA[11].L1VCache[0],read-miss,5121.0,count
GPU[1].SA[11].L1VCache[0],read-mshr-hit,688.0,count
GPU[1].SA[11].L1VCache[0],write-hit,0.0,count
GPU[1].SA[11].L1VCache[0],write-miss,256.0,count
GPU[1].SA[11].L1VCache[0],write-mshr-hit,0.0,count
GPU[1].SA[11].L1VCache[1],read-hit,2554.0,count
GPU[1].SA[11].L1VCache[1],read-miss,5121.0,count
GPU[1].SA[11].L1VCache[1],read-mshr-hit,521.0,count
GPU[1].SA[11].L1VCache[1],write-hit,0.0,count
GPU[1].SA[11].L1VCache[1],write-miss,256.0,count
GPU[1].SA[11].L1VCache[1],write-mshr-hit,0.0,count
GPU[1].SA[11].L1VCache[2],read-hit,1852.0,count
GPU[1].SA[11].L1VCache[2],read-miss,5121.0,count
GPU[1].SA[11].L1VCache[2],read-mshr-hit,1223.0,count
GPU[1].SA[11].L1VCache[2],write-hit,0.0,count
GPU[1].SA[11].L1VCache[2],write-miss,256.0,count
GPU[1].SA[11].L1VCache[2],write-mshr-hit,0.0,count
GPU[1].SA[11].L1VCache[3],read-hit,1618.0,count
GPU[1].SA[11].L1VCache[3],read-miss,5121.0,count
GPU[1].SA[11].L1VCache[3],read-mshr-hit,1457.0,count
GPU[1].SA[11].L1VCache[3],write-hit,0.0,count
GPU[1].SA[11].L1VCache[3],write-miss,256.0,count
GPU[1].SA[11].L1VCache[3],write-mshr-hit,0.0,count
GPU[1].SA[11].L1SCache,read-hit,32.0,count
GPU[1].SA[11].L1SCache,read-miss,2.0,count
GPU[1].SA[11].L1SCache,read-mshr-hit,30.0,count
GPU[1].SA[11].L1SCache,write-hit,0.0,count
GPU[1].SA[11].L1SCache,write-miss,0.0,count
GPU[1].SA[11].L1SCache,write-mshr-hit,0.0,count
GPU[1].SA[11].L1ICache,read-hit,28411.0,count
GPU[1].SA[11].L1ICache,read-miss,24.0,count
GPU[1].SA[11].L1ICache,read-mshr-hit,205.0,count
GPU[1].SA[11].L1ICache,write-hit,0.0,count
GPU[1].SA[11].L1ICache,write-miss,0.0,count
GPU[1].SA[11].L1ICache,write-mshr-hit,0.0,count
GPU[1].SA[12].L1VCache[0],read-hit,2310.0,count
GPU[1].SA[12].L1VCache[0],read-miss,5121.0,count
GPU[1].SA[12].L1VCache[0],read-mshr-hit,765.0,count
GPU[1].SA[12].L1VCache[0],write-hit,0.0,count
GPU[1].SA[12].L1VCache[0],write-miss,256.0,count
GPU[1].SA[12].L1VCache[0],write-mshr-hit,0.0,count
GPU[1].SA[12].L1VCache[1],read-hit,2914.0,count
GPU[1].SA[12].L1VCache[1],read-miss,5121.0,count
GPU[1].SA[12].L1VCache[1],read-mshr-hit,161.0,count
GPU[1].SA[12].L1VCache[1],write-hit,0.0,count
GPU[1].SA[12].L1VCache[1],write-miss,256.0,count
GPU[1].SA[12].L1VCache[1],write-mshr-hit,0.0,count
GPU[1].SA[12].L1VCache[2],read-hit,2864.0,count
GPU[1].SA[12].L1VCache[2],read-miss,5121.0,count
GPU[1].SA[12].L1VCache[2],read-mshr-hit,211.0,count
GPU[1].SA[12].L1VCache[2],write-hit,0.0,count
GPU[1].SA[12].L1VCache[2],write-miss,256.0,count
GPU[1].SA[12].L1VCache[2],write-mshr-hit,0.0,count
GPU[1].SA[12].L1VCache[3],read-hit,2700.0,count
GPU[1].SA[12].L1VCache[3],read-miss,5121.0,count
GPU[1].SA[12].L1VCache[3],read-mshr-hit,375.0,count
GPU[1].SA[12].L1VCache[3],write-hit,0.0,count
GPU[1].SA[12].L1VCache[3],write-miss,256.0,count
GPU[1].SA[12].L1VCache[3],write-mshr-hit,0.0,count
GPU[1].SA[12].L1SCache,read-hit,32.0,count
GPU[1].SA[12].L1SCache,read-miss,2.0,count
GPU[1].SA[12].L1SCache,read-mshr-hit,30.0,count
GPU[1].SA[12].L1SCache,write-hit,0.0,count
GPU[1].SA[12].L1SCache,write-miss,0.0,count
GPU[1].SA[12].L1SCache,write-mshr-hit,0.0,count
GPU[1].SA[12].L1ICache,read-hit,28403.0,count
GPU[1].SA[12].L1ICache,read-miss,24.0,count
GPU[1].SA[12].L1ICache,read-mshr-hit,213.0,count
GPU[1].SA[12].L1ICache,write-hit,0.0,count
GPU[1].SA[12].L1ICache,write-miss,0.0,count
GPU[1].SA[12].L1ICache,write-mshr-hit,0.0,count
GPU[1].SA[13].L1VCache[0],read-hit,2480.0,count
GPU[1].SA[13].L1VCache[0],read-miss,5121.0,count
GPU[1].SA[13].L1VCache[0],read-mshr-hit,595.0,count
GPU[1].SA[13].L1VCache[0],write-hit,0.0,count
GPU[1].SA[13].L1VCache[0],write-miss,256.0,count
GPU[1].SA[13].L1VCache[0],write-mshr-hit,0.0,count
GPU[1].SA[13].L1VCache[1],read-hit,2358.0,count
GPU[1].SA[13].L1VCache[1],read-miss,5121.0,count
GPU[1].SA[13].L1VCache[1],read-mshr-hit,717.0,count
GPU[1].SA[13].L1VCache[1],write-hit,0.0,count
GPU[1].SA[13].L1VCache[1],write-miss,256.0,count
GPU[1].SA[13].L1VCache[1],write-mshr-hit,0.0,count
GPU[1].SA[13].L1VCache[2],read-hit,2178.0,count
GPU[1].SA[13].L1VCache[2],read-miss,5121.0,count
GPU[1].SA[13].L1VCache[2],read-mshr-hit,897.0,count
GPU[1].SA[13].L1VCache[2],write-hit,0.0,count
GPU[1].SA[13].L1VCache[2],write-miss,256.0,count
GPU[1].SA[13].L1VCache[2],write-mshr-hit,0.0,count
GPU[1].SA[13].L1VCache[3],read-hit,2005.0,count
GPU[1].SA[13].L1VCache[3],read-miss,5121.0,count
GPU[1].SA[13].L1VCache[3],read-mshr-hit,1070.0,count
GPU[1].SA[13].L1VCache[3],write-hit,0.0,count
GPU[1].SA[13].L1VCache[3],write-miss,256.0,count
GPU[1].SA[13].L1VCache[3],write-mshr-hit,0.0,count
GPU[1].SA[13].L1SCache,read-hit,32.0,count
GPU[1].SA[13].L1SCache,read-miss,2.0,count
GPU[1].SA[13].L1SCache,read-mshr-hit,30.0,count
GPU[1].SA[13].L1SCache,write-hit,0.0,count
GPU[1].SA[13].L1SCache,write-miss,0.0,count
GPU[1].SA[13].L1SCache,write-mshr-hit,0.0,count
GPU[1].SA[13].L1ICache,read-hit,28403.0,count
GPU[1].SA[13].L1ICache,read-miss,24.0,count
GPU[1].SA[13].L1ICache,read-mshr-hit,213.0,count
GPU[1].SA[13].L1ICache,write-hit,0.0,count
GPU[1].SA[13].L1ICache,write-miss,0.0,count
GPU[1].SA[13].L1ICache,write-mshr-hit,0.0,count
GPU[1].SA[14].L1VCache[0],read-hit,2418.0,count
GPU[1].SA[14].L1VCache[0],read-miss,5121.0,count
GPU[1].SA[14].L1VCache[0],read-mshr-hit,657.0,count
GPU[1].SA[14].L1VCache[0],write-hit,0.0,count
GPU[1].SA[14].L1VCache[0],write-miss,256.0,count
GPU[1].SA[14].L1VCache[0],write-mshr-hit,0.0,count
GPU[1].SA[14].L1VCache[1],read-hit,2270.0,count
GPU[1].SA[14].L1VCache[1],read-miss,5121.0,count
GPU[1].SA[14].L1VCache[1],read-mshr-hit,805.0,count
GPU[1].SA[14].L1VCache[1],write-hit,0.0,count
GPU[1].SA[14].L1VCache[1],write-miss,256.0,count
GPU[1].SA[14].L1VCache[1],write-mshr-hit,0.0,count
GPU[1].SA[14].L1VCache[2],read-hit,1880.0,count
GPU[1].SA[14].L1VCache[2],read-miss,5121.0,count
GPU[1].SA[14].L1VCache[2],read-mshr-hit,1195.0,count
GPU[1].SA[14].L1VCache[2],write-hit,0.0,count
GPU[1].SA[14].L1VCache[2],write-miss,256.0,count
GPU[1].SA[14].L1VCache[2],write-mshr-hit,0.0,count
GPU[1].SA[14].L1VCache[3],read-hit,1785.0,count
GPU[1].SA[14].L1VCache[3],read-miss,5121.0,count
GPU[1].SA[14].L1VCache[3],read-mshr-hit,1290.0,count
GPU[1].SA[14].L1VCache[3],write-hit,0.0,count
GPU[1].SA[14].L1VCache[3],write-miss,256.0,count
GPU[1].SA[14].L1VCache[3],write-mshr-hit,0.0,count
GPU[1].SA[14].L1SCache,read-hit,32.0,count
GPU[1].SA[14].L1SCache,read-miss,2.0,count
GPU[1].SA[14].L1SCache,read-mshr-hit,30.0,count
GPU[1].SA[14].L1SCache,write-hit,0.0,count
GPU[1].SA[14].L1SCache,write-miss,0.0,count
GPU[1].SA[14].L1SCache,write-mshr-hit,0.0,count
GPU[1].SA[14].L1ICache,read-hit,28412.0,count
GPU[1].SA[14].L1ICache,read-miss,24.0,count
GPU[1].SA[14].L1ICache,read-mshr-hit,204.0,count
GPU[1].SA[14].L1ICache,write-hit,0.0,count
GPU[1].SA[14].L1ICache,write-miss,0.0,count
GPU[1].SA[14].L1ICache,write-mshr-hit,0.0,count
GPU[1].SA[15].L1VCache[0],read-hit,2546.0,count
GPU[1].SA[15].L1VCache[0],read-miss,5121.0,count
GPU[1].SA[15].L1VCache[0],read-mshr-hit,529.0,count
GPU[1].SA[15].L1VCache[0],write-hit,0.0,count
GPU[1].SA[15].L1VCache[0],write-miss,256.0,count
GPU[1].SA[15].L1VCache[0],write-mshr-hit,0.0,count
GPU[1].SA[15].L1VCache[1],read-hit,2696.0,count
GPU[1].SA[15].L1VCache[1],read-miss,5121.0,count
GPU[1].SA[15].L1VCache[1],read-mshr-hit,379.0,count
GPU[1].SA[15].L1VCache[1],write-hit,0.0,count
GPU[1].SA[15].L1VCache[1],write-miss,256.0,count
GPU[1].SA[15].L1VCache[1],write-mshr-hit,0.0,count
GPU[1].SA[15].L1VCache[2],read-hit,2318.0,count
GPU[1].SA[15].L1VCache[2],read-miss,5121.0,count
GPU[1].SA[15].L1VCache[2],read-mshr-hit,757.0,count
GPU[1].SA[15].L1VCache[2],write-hit,0.0,count
GPU[1].SA[15].L1VCache[2],write-miss,256.0,count
GPU[1].SA[15].L1VCache[2],write-mshr-hit,0.0,count
GPU[1].SA[15].L1VCache[3],read-hit,2122.0,count
GPU[1].SA[15].L1VCache[3],read-miss,5121.0,count
GPU[1].SA[15].L1VCache[3],read-mshr-hit,953.0,count
GPU[1].SA[15].L1VCache[3],write-hit,0.0,count
GPU[1].SA[15].L1VCache[3],write-miss,256.0,count
GPU[1].SA[15].L1VCache[3],write-mshr-hit,0.0,count
GPU[1].SA[15].L1SCache,read-hit,32.0,count
GPU[1].SA[15].L1SCache,read-miss,2.0,count
GPU[1].SA[15].L1SCache,read-mshr-hit,30.0,count
GPU[1].SA[15].L1SCache,write-hit,0.0,count
GPU[1].SA[15].L1SCache,write-miss,0.0,count
GPU[1].SA[15].L1SCache,write-mshr-hit,0.0,count
GPU[1].SA[15].L1ICache,read-hit,28412.0,count
GPU[1].SA[15].L1ICache,read-miss,24.0,count
GPU[1].SA[15].L1ICache,read-mshr-hit,204.0,count
GPU[1].SA[15].L1ICache,write-hit,0.0,count
GPU[1].SA[15].L1ICache,write-miss,0.0,count
GPU[1].SA[15].L1ICache,write-mshr-hit,0.0,count
GPU[1].L2Cache[0],prefetch_requests,3545.0,count
GPU[1].L2Cache[0],prefetch_hits,49.0,count
GPU[1].L2Cache[0],cache_pollution,351.0,count
GPU[1].L2Cache[0],demand_read_hits,16361.0,count
GPU[1].L2Cache[0],demand_read_misses,2002.0,count
GPU[1].L2Cache[0],demand_read_mshr_hits,2246.0,count
GPU[1].L2Cache[0],prefetch_cache_hits,2238.0,count
GPU[1].L2Cache[0],prefetch_mshr_hits,511.0,count
GPU[1].L2Cache[0],prefetch_misses,796.0,count
GPU[1].L2Cache[0],mshr_hits,2246.0,count
GPU[1].L2Cache[0],mshr_misses,2798.0,count
GPU[1].L2Cache[1],prefetch_requests,4661.0,count
GPU[1].L2Cache[1],prefetch_hits,17.0,count
GPU[1].L2Cache[1],cache_pollution,627.0,count
GPU[1].L2Cache[1],demand_read_hits,17265.0,count
GPU[1].L2Cache[1],demand_read_misses,2043.0,count
GPU[1].L2Cache[1],demand_read_mshr_hits,1204.0,count
GPU[1].L2Cache[1],prefetch_cache_hits,3006.0,count
GPU[1].L2Cache[1],prefetch_mshr_hits,493.0,count
GPU[1].L2Cache[1],prefetch_misses,1162.0,count
GPU[1].L2Cache[1],mshr_hits,1204.0,count
GPU[1].L2Cache[1],mshr_misses,3205.0,count
GPU[1].L2Cache[2],prefetch_requests,4682.0,count
GPU[1].L2Cache[2],prefetch_hits,4.0,count
GPU[1].L2Cache[2],cache_pollution,650.0,count
GPU[1].L2Cache[2],demand_read_hits,17666.0,count
GPU[1].L2Cache[2],demand_read_misses,2053.0,count
GPU[1].L2Cache[2],demand_read_mshr_hits,793.0,count
GPU[1].L2Cache[2],prefetch_cache_hits,3026.0,count
GPU[1].L2Cache[2],prefetch_mshr_hits,477.0,count
GPU[1].L2Cache[2],prefetch_misses,1179.0,count
GPU[1].L2Cache[2],mshr_hits,793.0,count
GPU[1].L2Cache[2],mshr_misses,3232.0,count
GPU[1].L2Cache[3],prefetch_requests,4791.0,count
GPU[1].L2Cache[3],prefetch_hits,3.0,count
GPU[1].L2Cache[3],cache_pollution,642.0,count
GPU[1].L2Cache[3],demand_read_hits,17278.0,count
GPU[1].L2Cache[3],demand_read_misses,2064.0,count
GPU[1].L2Cache[3],demand_read_mshr_hits,1170.0,count
GPU[1].L2Cache[3],prefetch_cache_hits,3140.0,count
GPU[1].L2Cache[3],prefetch_mshr_hits,515.0,count
GPU[1].L2Cache[3],prefetch_misses,1136.0,count
GPU[1].L2Cache[3],mshr_hits,1170.0,count
GPU[1].L2Cache[3],mshr_misses,3200.0,count
GPU[1].L2Cache[4],prefetch_requests,4705.0,count
GPU[1].L2Cache[4],prefetch_hits,2.0,count
GPU[1].L2Cache[4],cache_pollution,709.0,count
GPU[1].L2Cache[4],demand_read_hits,16897.0,count
GPU[1].L2Cache[4],demand_read_misses,2062.0,count
GPU[1].L2Cache[4],demand_read_mshr_hits,1553.0,count
GPU[1].L2Cache[4],prefetch_cache_hits,2844.0,count
GPU[1].L2Cache[4],prefetch_mshr_hits,649.0,count
GPU[1].L2Cache[4],prefetch_misses,1212.0,count
GPU[1].L2Cache[4],mshr_hits,1553.0,count
GPU[1].L2Cache[4],mshr_misses,3274.0,count
GPU[1].L2Cache[5],prefetch_requests,4812.0,count
GPU[1].L2Cache[5],prefetch_hits,1.0,count
GPU[1].L2Cache[5],cache_pollution,662.0,count
GPU[1].L2Cache[5],demand_read_hits,16782.0,count
GPU[1].L2Cache[5],demand_read_misses,2086.0,count
GPU[1].L2Cache[5],demand_read_mshr_hits,1644.0,count
GPU[1].L2Cache[5],prefetch_cache_hits,2924.0,count
GPU[1].L2Cache[5],prefetch_mshr_hits,704.0,count
GPU[1].L2Cache[5],prefetch_misses,1184.0,count
GPU[1].L2Cache[5],mshr_hits,1644.0,count
GPU[1].L2Cache[5],mshr_misses,3270.0,count
GPU[1].L2Cache[6],prefetch_requests,4657.0,count
GPU[1].L2Cache[6],prefetch_hits,3.0,count
GPU[1].L2Cache[6],cache_pollution,704.0,count
GPU[1].L2Cache[6],demand_read_hits,16695.0,count
GPU[1].L2Cache[6],demand_read_misses,2105.0,count
GPU[1].L2Cache[6],demand_read_mshr_hits,1712.0,count
GPU[1].L2Cache[6],prefetch_cache_hits,2791.0,count
GPU[1].L2Cache[6],prefetch_mshr_hits,670.0,count
GPU[1].L2Cache[6],prefetch_misses,1196.0,count
GPU[1].L2Cache[6],mshr_hits,1712.0,count
GPU[1].L2Cache[6],mshr_misses,3301.0,count
GPU[1].L2Cache[7],prefetch_requests,4738.0,count
GPU[1].L2Cache[7],prefetch_hits,0.0,count
GPU[1].L2Cache[7],cache_pollution,622.0,count
GPU[1].L2Cache[7],demand_read_hits,16574.0,count
GPU[1].L2Cache[7],demand_read_misses,2070.0,count
GPU[1].L2Cache[7],demand_read_mshr_hits,1868.0,count
GPU[1].L2Cache[7],prefetch_cache_hits,2843.0,count
GPU[1].L2Cache[7],prefetch_mshr_hits,732.0,count
GPU[1].L2Cache[7],prefetch_misses,1163.0,count
GPU[1].L2Cache[7],mshr_hits,1868.0,count
GPU[1].L2Cache[7],mshr_misses,3233.0,count
GPU[1].L2Cache[8],prefetch_requests,4701.0,count
GPU[1].L2Cache[8],prefetch_hits,5.0,count
GPU[1].L2Cache[8],cache_pollution,619.0,count
GPU[1].L2Cache[8],demand_read_hits,16848.0,count
GPU[1].L2Cache[8],demand_read_misses,2104.0,count
GPU[1].L2Cache[8],demand_read_mshr_hits,1560.0,count
GPU[1].L2Cache[8],prefetch_cache_hits,2793.0,count
GPU[1].L2Cache[8],prefetch_mshr_hits,664.0,count
GPU[1].L2Cache[8],prefetch_misses,1244.0,count
GPU[1].L2Cache[8],mshr_hits,1560.0,count
GPU[1].L2Cache[8],mshr_misses,3348.0,count
GPU[1].L2Cache[9],prefetch_requests,4925.0,count
GPU[1].L2Cache[9],prefetch_hits,1.0,count
GPU[1].L2Cache[9],cache_pollution,599.0,count
GPU[1].L2Cache[9],demand_read_hits,16694.0,count
GPU[1].L2Cache[9],demand_read_misses,2061.0,count
GPU[1].L2Cache[9],demand_read_mshr_hits,1757.0,count
GPU[1].L2Cache[9],prefetch_cache_hits,2950.0,count
GPU[1].L2Cache[9],prefetch_mshr_hits,732.0,count
GPU[1].L2Cache[9],prefetch_misses,1243.0,count
GPU[1].L2Cache[9],mshr_hits,1757.0,count
GPU[1].L2Cache[9],mshr_misses,3304.0,count
GPU[1].L2Cache[10],prefetch_requests,4667.0,count
GPU[1].L2Cache[10],prefetch_hits,0.0,count
GPU[1].L2Cache[10],cache_pollution,527.0,count
GPU[1].L2Cache[10],demand_read_hits,16262.0,count
GPU[1].L2Cache[10],demand_read_misses,2066.0,count
GPU[1].L2Cache[10],demand_read_mshr_hits,2184.0,count
GPU[1].L2Cache[10],prefetch_cache_hits,2666.0,count
GPU[1].L2Cache[10],prefetch_mshr_hits,812.0,count
GPU[1].L2Cache[10],prefetch_misses,1189.0,count
GPU[1].L2Cache[10],mshr_hits,2184.0,count
GPU[1].L2Cache[10],mshr_misses,3255.0,count
GPU[1].L2Cache[11],prefetch_requests,4700.0,count
GPU[1].L2Cache[11],prefetch_hits,0.0,count
GPU[1].L2Cache[11],cache_pollution,531.0,count
GPU[1].L2Cache[11],demand_read_hits,16133.0,count
GPU[1].L2Cache[11],demand_read_misses,2071.0,count
GPU[1].L2Cache[11],demand_read_mshr_hits,2308.0,count
GPU[1].L2Cache[11],prefetch_cache_hits,2628.0,count
GPU[1].L2Cache[11],prefetch_mshr_hits,862.0,count
GPU[1].L2Cache[11],prefetch_misses,1210.0,count
GPU[1].L2Cache[11],mshr_hits,2308.0,count
GPU[1].L2Cache[11],mshr_misses,3281.0,count
GPU[1].L2Cache[12],prefetch_requests,4661.0,count
GPU[1].L2Cache[12],prefetch_hits,10.0,count
GPU[1].L2Cache[12],cache_pollution,511.0,count
GPU[1].L2Cache[12],demand_read_hits,17241.0,count
GPU[1].L2Cache[12],demand_read_misses,2067.0,count
GPU[1].L2Cache[12],demand_read_mshr_hits,1172.0,count
GPU[1].L2Cache[12],prefetch_cache_hits,2907.0,count
GPU[1].L2Cache[12],prefetch_mshr_hits,543.0,count
GPU[1].L2Cache[12],prefetch_misses,1211.0,count
GPU[1].L2Cache[12],mshr_hits,1172.0,count
GPU[1].L2Cache[12],mshr_misses,3278.0,count
GPU[1].L2Cache[13],prefetch_requests,4653.0,count
GPU[1].L2Cache[13],prefetch_hits,0.0,count
GPU[1].L2Cache[13],cache_pollution,425.0,count
GPU[1].L2Cache[13],demand_read_hits,17272.0,count
GPU[1].L2Cache[13],demand_read_misses,2070.0,count
GPU[1].L2Cache[13],demand_read_mshr_hits,1138.0,count
GPU[1].L2Cache[13],prefetch_cache_hits,2905.0,count
GPU[1].L2Cache[13],prefetch_mshr_hits,576.0,count
GPU[1].L2Cache[13],prefetch_misses,1172.0,count
GPU[1].L2Cache[13],mshr_hits,1138.0,count
GPU[1].L2Cache[13],mshr_misses,3242.0,count
GPU[1].L2Cache[14],prefetch_requests,4641.0,count
GPU[1].L2Cache[14],prefetch_hits,0.0,count
GPU[1].L2Cache[14],cache_pollution,395.0,count
GPU[1].L2Cache[14],demand_read_hits,16692.0,count
GPU[1].L2Cache[14],demand_read_misses,2080.0,count
GPU[1].L2Cache[14],demand_read_mshr_hits,1708.0,count
GPU[1].L2Cache[14],prefetch_cache_hits,2783.0,count
GPU[1].L2Cache[14],prefetch_mshr_hits,700.0,count
GPU[1].L2Cache[14],prefetch_misses,1158.0,count
GPU[1].L2Cache[14],mshr_hits,1708.0,count
GPU[1].L2Cache[14],mshr_misses,3238.0,count
GPU[1].L2Cache[15],prefetch_requests,5214.0,count
GPU[1].L2Cache[15],prefetch_hits,2.0,count
GPU[1].L2Cache[15],cache_pollution,497.0,count
GPU[1].L2Cache[15],demand_read_hits,16396.0,count
GPU[1].L2Cache[15],demand_read_misses,2056.0,count
GPU[1].L2Cache[15],demand_read_mshr_hits,2028.0,count
GPU[1].L2Cache[15],prefetch_cache_hits,2926.0,count
GPU[1].L2Cache[15],prefetch_mshr_hits,1052.0,count
GPU[1].L2Cache[15],prefetch_misses,1236.0,count
GPU[1].L2Cache[15],mshr_hits,2028.0,count
GPU[1].L2Cache[15],mshr_misses,3292.0,count
GPU[1].L2TLB,hit,19081.0,count
GPU[1].L2TLB,miss,770.0,count
GPU[1].L2TLB,mshr-hit,4821.0,count
GPU[1].SA[0].L1VTLB[0],hit,5935.0,count
GPU[1].SA[0].L1VTLB[0],miss,385.0,count
GPU[1].SA[0].L1VTLB[0],mshr-hit,2132.0,count
GPU[1].SA[0].L1VTLB[1],hit,7051.0,count
GPU[1].SA[0].L1VTLB[1],miss,385.0,count
GPU[1].SA[0].L1VTLB[1],mshr-hit,1016.0,count
GPU[1].SA[0].L1VTLB[2],hit,7330.0,count
GPU[1].SA[0].L1VTLB[2],miss,385.0,count
GPU[1].SA[0].L1VTLB[2],mshr-hit,737.0,count
GPU[1].SA[0].L1VTLB[3],hit,7480.0,count
GPU[1].SA[0].L1VTLB[3],miss,385.0,count
GPU[1].SA[0].L1VTLB[3],mshr-hit,587.0,count
GPU[1].SA[0].L1STLB,hit,16.0,count
GPU[1].SA[0].L1STLB,miss,1.0,count
GPU[1].SA[0].L1STLB,mshr-hit,47.0,count
GPU[1].SA[0].L1ITLB,hit,23.0,count
GPU[1].SA[0].L1ITLB,miss,1.0,count
GPU[1].SA[0].L1ITLB,mshr-hit,0.0,count
GPU[1].SA[1].L1VTLB[0],hit,7368.0,count
GPU[1].SA[1].L1VTLB[0],miss,385.0,count
GPU[1].SA[1].L1VTLB[0],mshr-hit,699.0,count
GPU[1].SA[1].L1VTLB[1],hit,7496.0,count
GPU[1].SA[1].L1VTLB[1],miss,385.0,count
GPU[1].SA[1].L1VTLB[1],mshr-hit,571.0,count
GPU[1].SA[1].L1VTLB[2],hit,7492.0,count
GPU[1].SA[1].L1VTLB[2],miss,385.0,count
GPU[1].SA[1].L1VTLB[2],mshr-hit,575.0,count
GPU[1].SA[1].L1VTLB[3],hit,7524.0,count
GPU[1].SA[1].L1VTLB[3],miss,385.0,count
GPU[1].SA[1].L1VTLB[3],mshr-hit,543.0,count
GPU[1].SA[1].L1STLB,hit,16.0,count
GPU[1].SA[1].L1STLB,miss,1.0,count
GPU[1].SA[1].L1STLB,mshr-hit,47.0,count
GPU[1].SA[1].L1ITLB,hit,23.0,count
GPU[1].SA[1].L1ITLB,miss,1.0,count
GPU[1].SA[1].L1ITLB,mshr-hit,0.0,count
GPU[1].SA[2].L1VTLB[0],hit,7496.0,count
GPU[1].SA[2].L1VTLB[0],miss,385.0,count
GPU[1].SA[2].L1VTLB[0],mshr-hit,571.0,count
GPU[1].SA[2].L1VTLB[1],hit,7504.0,count
GPU[1].SA[2].L1VTLB[1],miss,385.0,count
GPU[1].SA[2].L1VTLB[1],mshr-hit,563.0,count
GPU[1].SA[2].L1VTLB[2],hit,7524.0,count
GPU[1].SA[2].L1VTLB[2],miss,385.0,count
GPU[1].SA[2].L1VTLB[2],mshr-hit,543.0,count
GPU[1].SA[2].L1VTLB[3],hit,7524.0,count
GPU[1].SA[2].L1VTLB[3],miss,385.0,count
GPU[1].SA[2].L1VTLB[3],mshr-hit,543.0,count
GPU[1].SA[2].L1STLB,hit,16.0,count
GPU[1].SA[2].L1STLB,miss,1.0,count
GPU[1].SA[2].L1STLB,mshr-hit,47.0,count
GPU[1].SA[2].L1ITLB,hit,23.0,count
GPU[1].SA[2].L1ITLB,miss,1.0,count
GPU[1].SA[2].L1ITLB,mshr-hit,0.0,count
GPU[1].SA[3].L1VTLB[0],hit,7372.0,count
GPU[1].SA[3].L1VTLB[0],miss,385.0,count
GPU[1].SA[3].L1VTLB[0],mshr-hit,695.0,count
GPU[1].SA[3].L1VTLB[1],hit,7424.0,count
GPU[1].SA[3].L1VTLB[1],miss,385.0,count
GPU[1].SA[3].L1VTLB[1],mshr-hit,643.0,count
GPU[1].SA[3].L1VTLB[2],hit,7524.0,count
GPU[1].SA[3].L1VTLB[2],miss,385.0,count
GPU[1].SA[3].L1VTLB[2],mshr-hit,543.0,count
GPU[1].SA[3].L1VTLB[3],hit,7524.0,count
GPU[1].SA[3].L1VTLB[3],miss,385.0,count
GPU[1].SA[3].L1VTLB[3],mshr-hit,543.0,count
GPU[1].SA[3].L1STLB,hit,16.0,count
GPU[1].SA[3].L1STLB,miss,1.0,count
GPU[1].SA[3].L1STLB,mshr-hit,47.0,count
GPU[1].SA[3].L1ITLB,hit,23.0,count
GPU[1].SA[3].L1ITLB,miss,1.0,count
GPU[1].SA[3].L1ITLB,mshr-hit,0.0,count
GPU[1].SA[4].L1VTLB[0],hit,6906.0,count
GPU[1].SA[4].L1VTLB[0],miss,385.0,count
GPU[1].SA[4].L1VTLB[0],mshr-hit,1161.0,count
GPU[1].SA[4].L1VTLB[1],hit,7260.0,count
GPU[1].SA[4].L1VTLB[1],miss,385.0,count
GPU[1].SA[4].L1VTLB[1],mshr-hit,807.0,count
GPU[1].SA[4].L1VTLB[2],hit,7396.0,count
GPU[1].SA[4].L1VTLB[2],miss,385.0,count
GPU[1].SA[4].L1VTLB[2],mshr-hit,671.0,count
GPU[1].SA[4].L1VTLB[3],hit,7492.0,count
GPU[1].SA[4].L1VTLB[3],miss,385.0,count
GPU[1].SA[4].L1VTLB[3],mshr-hit,575.0,count
GPU[1].SA[4].L1STLB,hit,16.0,count
GPU[1].SA[4].L1STLB,miss,1.0,count
GPU[1].SA[4].L1STLB,mshr-hit,47.0,count
GPU[1].SA[4].L1ITLB,hit,23.0,count
GPU[1].SA[4].L1ITLB,miss,1.0,count
GPU[1].SA[4].L1ITLB,mshr-hit,0.0,count
GPU[1].SA[5].L1VTLB[0],hit,7368.0,count
GPU[1].SA[5].L1VTLB[0],miss,385.0,count
GPU[1].SA[5].L1VTLB[0],mshr-hit,699.0,count
GPU[1].SA[5].L1VTLB[1],hit,7496.0,count
GPU[1].SA[5].L1VTLB[1],miss,385.0,count
GPU[1].SA[5].L1VTLB[1],mshr-hit,571.0,count
GPU[1].SA[5].L1VTLB[2],hit,7488.0,count
GPU[1].SA[5].L1VTLB[2],miss,385.0,count
GPU[1].SA[5].L1VTLB[2],mshr-hit,579.0,count
GPU[1].SA[5].L1VTLB[3],hit,7524.0,count
GPU[1].SA[5].L1VTLB[3],miss,385.0,count
GPU[1].SA[5].L1VTLB[3],mshr-hit,543.0,count
GPU[1].SA[5].L1STLB,hit,16.0,count
GPU[1].SA[5].L1STLB,miss,1.0,count
GPU[1].SA[5].L1STLB,mshr-hit,47.0,count
GPU[1].SA[5].L1ITLB,hit,23.0,count
GPU[1].SA[5].L1ITLB,miss,1.0,count
GPU[1].SA[5].L1ITLB,mshr-hit,0.0,count
GPU[1].SA[6].L1VTLB[0],hit,7496.0,count
GPU[1].SA[6].L1VTLB[0],miss,385.0,count
GPU[1].SA[6].L1VTLB[0],mshr-hit,571.0,count
GPU[1].SA[6].L1VTLB[1],hit,7504.0,count
GPU[1].SA[6].L1VTLB[1],miss,385.0,count
GPU[1].SA[6].L1VTLB[1],mshr-hit,563.0,count
GPU[1].SA[6].L1VTLB[2],hit,7524.0,count
GPU[1].SA[6].L1VTLB[2],miss,385.0,count
GPU[1].SA[6].L1VTLB[2],mshr-hit,543.0,count
GPU[1].SA[6].L1VTLB[3],hit,7524.0,count
GPU[1].SA[6].L1VTLB[3],miss,385.0,count
GPU[1].SA[6].L1VTLB[3],mshr-hit,543.0,count
GPU[1].SA[6].L1STLB,hit,16.0,count
GPU[1].SA[6].L1STLB,miss,1.0,count
GPU[1].SA[6].L1STLB,mshr-hit,47.0,count
GPU[1].SA[6].L1ITLB,hit,23.0,count
GPU[1].SA[6].L1ITLB,miss,1.0,count
GPU[1].SA[6].L1ITLB,mshr-hit,0.0,count
GPU[1].SA[7].L1VTLB[0],hit,7360.0,count
GPU[1].SA[7].L1VTLB[0],miss,385.0,count
GPU[1].SA[7].L1VTLB[0],mshr-hit,707.0,count
GPU[1].SA[7].L1VTLB[1],hit,7424.0,count
GPU[1].SA[7].L1VTLB[1],miss,385.0,count
GPU[1].SA[7].L1VTLB[1],mshr-hit,643.0,count
GPU[1].SA[7].L1VTLB[2],hit,7524.0,count
GPU[1].SA[7].L1VTLB[2],miss,385.0,count
GPU[1].SA[7].L1VTLB[2],mshr-hit,543.0,count
GPU[1].SA[7].L1VTLB[3],hit,7524.0,count
GPU[1].SA[7].L1VTLB[3],miss,385.0,count
GPU[1].SA[7].L1VTLB[3],mshr-hit,543.0,count
GPU[1].SA[7].L1STLB,hit,16.0,count
GPU[1].SA[7].L1STLB,miss,1.0,count
GPU[1].SA[7].L1STLB,mshr-hit,47.0,count
GPU[1].SA[7].L1ITLB,hit,23.0,count
GPU[1].SA[7].L1ITLB,miss,1.0,count
GPU[1].SA[7].L1ITLB,mshr-hit,0.0,count
GPU[1].SA[8].L1VTLB[0],hit,7298.0,count
GPU[1].SA[8].L1VTLB[0],miss,385.0,count
GPU[1].SA[8].L1VTLB[0],mshr-hit,769.0,count
GPU[1].SA[8].L1VTLB[1],hit,7346.0,count
GPU[1].SA[8].L1VTLB[1],miss,385.0,count
GPU[1].SA[8].L1VTLB[1],mshr-hit,721.0,count
GPU[1].SA[8].L1VTLB[2],hit,7376.0,count
GPU[1].SA[8].L1VTLB[2],miss,385.0,count
GPU[1].SA[8].L1VTLB[2],mshr-hit,691.0,count
GPU[1].SA[8].L1VTLB[3],hit,7496.0,count
GPU[1].SA[8].L1VTLB[3],miss,385.0,count
GPU[1].SA[8].L1VTLB[3],mshr-hit,571.0,count
GPU[1].SA[8].L1STLB,hit,16.0,count
GPU[1].SA[8].L1STLB,miss,1.0,count
GPU[1].SA[8].L1STLB,mshr-hit,47.0,count
GPU[1].SA[8].L1ITLB,hit,23.0,count
GPU[1].SA[8].L1ITLB,miss,1.0,count
GPU[1].SA[8].L1ITLB,mshr-hit,0.0,count
GPU[1].SA[9].L1VTLB[0],hit,7368.0,count
GPU[1].SA[9].L1VTLB[0],miss,385.0,count
GPU[1].SA[9].L1VTLB[0],mshr-hit,699.0,count
GPU[1].SA[9].L1VTLB[1],hit,7496.0,count
GPU[1].SA[9].L1VTLB[1],miss,385.0,count
GPU[1].SA[9].L1VTLB[1],mshr-hit,571.0,count
GPU[1].SA[9].L1VTLB[2],hit,7500.0,count
GPU[1].SA[9].L1VTLB[2],miss,385.0,count
GPU[1].SA[9].L1VTLB[2],mshr-hit,567.0,count
GPU[1].SA[9].L1VTLB[3],hit,7524.0,count
GPU[1].SA[9].L1VTLB[3],miss,385.0,count
GPU[1].SA[9].L1VTLB[3],mshr-hit,543.0,count
GPU[1].SA[9].L1STLB,hit,16.0,count
GPU[1].SA[9].L1STLB,miss,1.0,count
GPU[1].SA[9].L1STLB,mshr-hit,47.0,count
GPU[1].SA[9].L1ITLB,hit,23.0,count
GPU[1].SA[9].L1ITLB,miss,1.0,count
GPU[1].SA[9].L1ITLB,mshr-hit,0.0,count
GPU[1].SA[10].L1VTLB[0],hit,7496.0,count
GPU[1].SA[10].L1VTLB[0],miss,385.0,count
GPU[1].SA[10].L1VTLB[0],mshr-hit,571.0,count
GPU[1].SA[10].L1VTLB[1],hit,7504.0,count
GPU[1].SA[10].L1VTLB[1],miss,385.0,count
GPU[1].SA[10].L1VTLB[1],mshr-hit,563.0,count
GPU[1].SA[10].L1VTLB[2],hit,7524.0,count
GPU[1].SA[10].L1VTLB[2],miss,385.0,count
GPU[1].SA[10].L1VTLB[2],mshr-hit,543.0,count
GPU[1].SA[10].L1VTLB[3],hit,7524.0,count
GPU[1].SA[10].L1VTLB[3],miss,385.0,count
GPU[1].SA[10].L1VTLB[3],mshr-hit,543.0,count
GPU[1].SA[10].L1STLB,hit,16.0,count
GPU[1].SA[10].L1STLB,miss,1.0,count
GPU[1].SA[10].L1STLB,mshr-hit,47.0,count
GPU[1].SA[10].L1ITLB,hit,23.0,count
GPU[1].SA[10].L1ITLB,miss,1.0,count
GPU[1].SA[10].L1ITLB,mshr-hit,0.0,count
GPU[1].SA[11].L1VTLB[0],hit,7420.0,count
GPU[1].SA[11].L1VTLB[0],miss,385.0,count
GPU[1].SA[11].L1VTLB[0],mshr-hit,647.0,count
GPU[1].SA[11].L1VTLB[1],hit,7424.0,count
GPU[1].SA[11].L1VTLB[1],miss,385.0,count
GPU[1].SA[11].L1VTLB[1],mshr-hit,643.0,count
GPU[1].SA[11].L1VTLB[2],hit,7524.0,count
GPU[1].SA[11].L1VTLB[2],miss,385.0,count
GPU[1].SA[11].L1VTLB[2],mshr-hit,543.0,count
GPU[1].SA[11].L1VTLB[3],hit,7524.0,count
GPU[1].SA[11].L1VTLB[3],miss,385.0,count
GPU[1].SA[11].L1VTLB[3],mshr-hit,543.0,count
GPU[1].SA[11].L1STLB,hit,16.0,count
GPU[1].SA[11].L1STLB,miss,1.0,count
GPU[1].SA[11].L1STLB,mshr-hit,47.0,count
GPU[1].SA[11].L1ITLB,hit,23.0,count
GPU[1].SA[11].L1ITLB,miss,1.0,count
GPU[1].SA[11].L1ITLB,mshr-hit,0.0,count
GPU[1].SA[12].L1VTLB[0],hit,7376.0,count
GPU[1].SA[12].L1VTLB[0],miss,385.0,count
GPU[1].SA[12].L1VTLB[0],mshr-hit,691.0,count
GPU[1].SA[12].L1VTLB[1],hit,7384.0,count
GPU[1].SA[12].L1VTLB[1],miss,385.0,count
GPU[1].SA[12].L1VTLB[1],mshr-hit,683.0,count
GPU[1].SA[12].L1VTLB[2],hit,7372.0,count
GPU[1].SA[12].L1VTLB[2],miss,385.0,count
GPU[1].SA[12].L1VTLB[2],mshr-hit,695.0,count
GPU[1].SA[12].L1VTLB[3],hit,7500.0,count
GPU[1].SA[12].L1VTLB[3],miss,385.0,count
GPU[1].SA[12].L1VTLB[3],mshr-hit,567.0,count
GPU[1].SA[12].L1STLB,hit,16.0,count
GPU[1].SA[12].L1STLB,miss,1.0,count
GPU[1].SA[12].L1STLB,mshr-hit,47.0,count
GPU[1].SA[12].L1ITLB,hit,23.0,count
GPU[1].SA[12].L1ITLB,miss,1.0,count
GPU[1].SA[12].L1ITLB,mshr-hit,0.0,count
GPU[1].SA[13].L1VTLB[0],hit,7360.0,count
GPU[1].SA[13].L1VTLB[0],miss,385.0,count
GPU[1].SA[13].L1VTLB[0],mshr-hit,707.0,count
GPU[1].SA[13].L1VTLB[1],hit,7496.0,count
GPU[1].SA[13].L1VTLB[1],miss,385.0,count
GPU[1].SA[13].L1VTLB[1],mshr-hit,571.0,count
GPU[1].SA[13].L1VTLB[2],hit,7508.0,count
GPU[1].SA[13].L1VTLB[2],miss,385.0,count
GPU[1].SA[13].L1VTLB[2],mshr-hit,559.0,count
GPU[1].SA[13].L1VTLB[3],hit,7524.0,count
GPU[1].SA[13].L1VTLB[3],miss,385.0,count
GPU[1].SA[13].L1VTLB[3],mshr-hit,543.0,count
GPU[1].SA[13].L1STLB,hit,16.0,count
GPU[1].SA[13].L1STLB,miss,1.0,count
GPU[1].SA[13].L1STLB,mshr-hit,47.0,count
GPU[1].SA[13].L1ITLB,hit,23.0,count
GPU[1].SA[13].L1ITLB,miss,1.0,count
GPU[1].SA[13].L1ITLB,mshr-hit,0.0,count
GPU[1].SA[14].L1VTLB[0],hit,7496.0,count
GPU[1].SA[14].L1VTLB[0],miss,385.0,count
GPU[1].SA[14].L1VTLB[0],mshr-hit,571.0,count
GPU[1].SA[14].L1VTLB[1],hit,7504.0,count
GPU[1].SA[14].L1VTLB[1],miss,385.0,count
GPU[1].SA[14].L1VTLB[1],mshr-hit,563.0,count
GPU[1].SA[14].L1VTLB[2],hit,7524.0,count
GPU[1].SA[14].L1VTLB[2],miss,385.0,count
GPU[1].SA[14].L1VTLB[2],mshr-hit,543.0,count
GPU[1].SA[14].L1VTLB[3],hit,7524.0,count
GPU[1].SA[14].L1VTLB[3],miss,385.0,count
GPU[1].SA[14].L1VTLB[3],mshr-hit,543.0,count
GPU[1].SA[14].L1STLB,hit,16.0,count
GPU[1].SA[14].L1STLB,miss,1.0,count
GPU[1].SA[14].L1STLB,mshr-hit,47.0,count
GPU[1].SA[14].L1ITLB,hit,23.0,count
GPU[1].SA[14].L1ITLB,miss,1.0,count
GPU[1].SA[14].L1ITLB,mshr-hit,0.0,count
GPU[1].SA[15].L1VTLB[0],hit,7408.0,count
GPU[1].SA[15].L1VTLB[0],miss,385.0,count
GPU[1].SA[15].L1VTLB[0],mshr-hit,659.0,count
GPU[1].SA[15].L1VTLB[1],hit,7424.0,count
GPU[1].SA[15].L1VTLB[1],miss,385.0,count
GPU[1].SA[15].L1VTLB[1],mshr-hit,643.0,count
GPU[1].SA[15].L1VTLB[2],hit,7524.0,count
GPU[1].SA[15].L1VTLB[2],miss,385.0,count
GPU[1].SA[15].L1VTLB[2],mshr-hit,543.0,count
GPU[1].SA[15].L1VTLB[3],hit,7524.0,count
GPU[1].SA[15].L1VTLB[3],miss,385.0,count
GPU[1].SA[15].L1VTLB[3],mshr-hit,543.0,count
GPU[1].SA[15].L1STLB,hit,16.0,count
GPU[1].SA[15].L1STLB,miss,1.0,count
GPU[1].SA[15].L1STLB,mshr-hit,47.0,count
GPU[1].SA[15].L1ITLB,hit,23.0,count
GPU[1].SA[15].L1ITLB,miss,1.0,count
GPU[1].SA[15].L1ITLB,mshr-hit,0.0,count
GPU[1].RDMA,outgoing_trans_count,0.0,count
GPU[1].RDMA,incoming_trans_count,0.0,count
GPU[1].DRAM[0],read_trans_count,3822.0,count
GPU[1].DRAM[0],write_trans_count,3077.0,count
GPU[1].DRAM[0],read_avg_latency,9.89999999999911e-08,second
GPU[1].DRAM[0],write_avg_latency,9.89999999999921e-08,second
GPU[1].DRAM[0],read_size,244608.0,bytes
GPU[1].DRAM[0],write_size,196898.0,bytes
GPU[1].DRAM[1],read_trans_count,4229.0,count
GPU[1].DRAM[1],write_trans_count,3074.0,count
GPU[1].DRAM[1],read_avg_latency,9.89999999999906e-08,second
GPU[1].DRAM[1],write_avg_latency,9.89999999999921e-08,second
GPU[1].DRAM[1],read_size,270656.0,bytes
GPU[1].DRAM[1],write_size,196736.0,bytes
GPU[1].DRAM[2],read_trans_count,4256.0,count
GPU[1].DRAM[2],write_trans_count,3074.0,count
GPU[1].DRAM[2],read_avg_latency,9.89999999999906e-08,second
GPU[1].DRAM[2],write_avg_latency,9.89999999999921e-08,second
GPU[1].DRAM[2],read_size,272384.0,bytes
GPU[1].DRAM[2],write_size,196736.0,bytes
GPU[1].DRAM[3],read_trans_count,4224.0,count
GPU[1].DRAM[3],write_trans_count,3074.0,count
GPU[1].DRAM[3],read_avg_latency,9.89999999999906e-08,second
GPU[1].DRAM[3],write_avg_latency,9.89999999999921e-08,second
GPU[1].DRAM[3],read_size,270336.0,bytes
GPU[1].DRAM[3],write_size,196736.0,bytes
GPU[1].DRAM[4],read_trans_count,4298.0,count
GPU[1].DRAM[4],write_trans_count,3074.0,count
GPU[1].DRAM[4],read_avg_latency,9.89999999999906e-08,second
GPU[1].DRAM[4],write_avg_latency,9.89999999999921e-08,second
GPU[1].DRAM[4],read_size,275072.0,bytes
GPU[1].DRAM[4],write_size,196736.0,bytes
GPU[1].DRAM[5],read_trans_count,4294.0,count
GPU[1].DRAM[5],write_trans_count,3074.0,count
GPU[1].DRAM[5],read_avg_latency,9.89999999999906e-08,second
GPU[1].DRAM[5],write_avg_latency,9.89999999999921e-08,second
GPU[1].DRAM[5],read_size,274816.0,bytes
GPU[1].DRAM[5],write_size,196736.0,bytes
GPU[1].DRAM[6],read_trans_count,4325.0,count
GPU[1].DRAM[6],write_trans_count,3074.0,count
GPU[1].DRAM[6],read_avg_latency,9.89999999999906e-08,second
GPU[1].DRAM[6],write_avg_latency,9.89999999999921e-08,second
GPU[1].DRAM[6],read_size,276800.0,bytes
GPU[1].DRAM[6],write_size,196736.0,bytes
GPU[1].DRAM[7],read_trans_count,4257.0,count
GPU[1].DRAM[7],write_trans_count,3074.0,count
GPU[1].DRAM[7],read_avg_latency,9.89999999999906e-08,second
GPU[1].DRAM[7],write_avg_latency,9.89999999999921e-08,second
GPU[1].DRAM[7],read_size,272448.0,bytes
GPU[1].DRAM[7],write_size,196736.0,bytes
GPU[1].DRAM[8],read_trans_count,4372.0,count
GPU[1].DRAM[8],write_trans_count,3074.0,count
GPU[1].DRAM[8],read_avg_latency,9.89999999999906e-08,second
GPU[1].DRAM[8],write_avg_latency,9.89999999999921e-08,second
GPU[1].DRAM[8],read_size,279808.0,bytes
GPU[1].DRAM[8],write_size,196736.0,bytes
GPU[1].DRAM[9],read_trans_count,4328.0,count
GPU[1].DRAM[9],write_trans_count,3074.0,count
GPU[1].DRAM[9],read_avg_latency,9.89999999999906e-08,second
GPU[1].DRAM[9],write_avg_latency,9.89999999999921e-08,second
GPU[1].DRAM[9],read_size,276992.0,bytes
GPU[1].DRAM[9],write_size,196736.0,bytes
GPU[1].DRAM[10],read_trans_count,4279.0,count
GPU[1].DRAM[10],write_trans_count,3074.0,count
GPU[1].DRAM[10],read_avg_latency,9.89999999999906e-08,second
GPU[1].DRAM[10],write_avg_latency,9.89999999999921e-08,second
GPU[1].DRAM[10],read_size,273856.0,bytes
GPU[1].DRAM[10],write_size,196736.0,bytes
GPU[1].DRAM[11],read_trans_count,4305.0,count
GPU[1].DRAM[11],write_trans_count,3074.0,count
GPU[1].DRAM[11],read_avg_latency,9.89999999999906e-08,second
GPU[1].DRAM[11],write_avg_latency,9.89999999999921e-08,second
GPU[1].DRAM[11],read_size,275520.0,bytes
GPU[1].DRAM[11],write_size,196700.0,bytes
GPU[1].DRAM[12],read_trans_count,4302.0,count
GPU[1].DRAM[12],write_trans_count,3072.0,count
GPU[1].DRAM[12],read_avg_latency,9.89999999999906e-08,second
GPU[1].DRAM[12],write_avg_latency,9.89999999999921e-08,second
GPU[1].DRAM[12],read_size,275328.0,bytes
GPU[1].DRAM[12],write_size,196608.0,bytes
GPU[1].DRAM[13],read_trans_count,4266.0,count
GPU[1].DRAM[13],write_trans_count,3072.0,count
GPU[1].DRAM[13],read_avg_latency,9.89999999999906e-08,second
GPU[1].DRAM[13],write_avg_latency,9.89999999999921e-08,second
GPU[1].DRAM[13],read_size,273024.0,bytes
GPU[1].DRAM[13],write_size,196608.0,bytes
GPU[1].DRAM[14],read_trans_count,4262.0,count
GPU[1].DRAM[14],write_trans_count,3072.0,count
GPU[1].DRAM[14],read_avg_latency,9.89999999999906e-08,second
GPU[1].DRAM[14],write_avg_latency,9.89999999999921e-08,second
GPU[1].DRAM[14],read_size,272768.0,bytes
GPU[1].DRAM[14],write_size,196608.0,bytes
GPU[1].DRAM[15],read_trans_count,4316.0,count
GPU[1].DRAM[15],write_trans_count,3072.0,count
GPU[1].DRAM[15],read_avg_latency,9.89999999999906e-08,second
GPU[1].DRAM[15],write_avg_latency,9.89999999999921e-08,second
GPU[1].DRAM[15],read_size,276224.0,bytes
GPU[1].DRAM[15],write_size,196608.0,bytes
