Location,What,Value,Unit
Driver,kernel_time,1.0747e-05,second
GPU[1].CommandProcessor,kernel_time,1.0745e-05,second
GPU[1].SA[0].CU[0],cu_inst_count,6272.0,count
GPU[1].SA[0].CU[0],cu_CPI,1.71348852040816,cycles/inst
GPU[1].SA[0].CU[0],simd_inst_count,4016.0,count
GPU[1].SA[0].CU[0],simd_CPI,2.67604581673307,cycles/inst
GPU[1].SA[0].CU[1],cu_inst_count,6272.0,count
GPU[1].SA[0].CU[1],cu_CPI,1.71348852040816,cycles/inst
GPU[1].SA[0].CU[1],simd_inst_count,4016.0,count
GPU[1].SA[0].CU[1],simd_CPI,2.67604581673307,cycles/inst
GPU[1].SA[0].CU[2],cu_inst_count,6272.0,count
GPU[1].SA[0].CU[2],cu_CPI,1.71348852040816,cycles/inst
GPU[1].SA[0].CU[2],simd_inst_count,4016.0,count
GPU[1].SA[0].CU[2],simd_CPI,2.67604581673307,cycles/inst
GPU[1].SA[0].CU[3],cu_inst_count,6272.0,count
GPU[1].SA[0].CU[3],cu_CPI,1.71348852040816,cycles/inst
GPU[1].SA[0].CU[3],simd_inst_count,4016.0,count
GPU[1].SA[0].CU[3],simd_CPI,2.67604581673307,cycles/inst
GPU[1].SA[1].CU[0],cu_inst_count,6272.0,count
GPU[1].SA[1].CU[0],cu_CPI,1.71348852040816,cycles/inst
GPU[1].SA[1].CU[0],simd_inst_count,4016.0,count
GPU[1].SA[1].CU[0],simd_CPI,2.67604581673307,cycles/inst
GPU[1].SA[1].CU[1],cu_inst_count,6272.0,count
GPU[1].SA[1].CU[1],cu_CPI,1.71348852040816,cycles/inst
GPU[1].SA[1].CU[1],simd_inst_count,4016.0,count
GPU[1].SA[1].CU[1],simd_CPI,2.67604581673307,cycles/inst
GPU[1].SA[1].CU[2],cu_inst_count,6272.0,count
GPU[1].SA[1].CU[2],cu_CPI,1.71348852040816,cycles/inst
GPU[1].SA[1].CU[2],simd_inst_count,4016.0,count
GPU[1].SA[1].CU[2],simd_CPI,2.67604581673307,cycles/inst
GPU[1].SA[1].CU[3],cu_inst_count,6272.0,count
GPU[1].SA[1].CU[3],cu_CPI,1.71348852040816,cycles/inst
GPU[1].SA[1].CU[3],simd_inst_count,4016.0,count
GPU[1].SA[1].CU[3],simd_CPI,2.67604581673307,cycles/inst
GPU[1].SA[2].CU[0],cu_inst_count,6272.0,count
GPU[1].SA[2].CU[0],cu_CPI,1.71348852040816,cycles/inst
GPU[1].SA[2].CU[0],simd_inst_count,4016.0,count
GPU[1].SA[2].CU[0],simd_CPI,2.67604581673307,cycles/inst
GPU[1].SA[2].CU[1],cu_inst_count,6272.0,count
GPU[1].SA[2].CU[1],cu_CPI,1.71348852040816,cycles/inst
GPU[1].SA[2].CU[1],simd_inst_count,4016.0,count
GPU[1].SA[2].CU[1],simd_CPI,2.67604581673307,cycles/inst
GPU[1].SA[2].CU[2],cu_inst_count,6272.0,count
GPU[1].SA[2].CU[2],cu_CPI,1.71348852040816,cycles/inst
GPU[1].SA[2].CU[2],simd_inst_count,4016.0,count
GPU[1].SA[2].CU[2],simd_CPI,2.67604581673307,cycles/inst
GPU[1].SA[2].CU[3],cu_inst_count,6272.0,count
GPU[1].SA[2].CU[3],cu_CPI,1.71348852040816,cycles/inst
GPU[1].SA[2].CU[3],simd_inst_count,4016.0,count
GPU[1].SA[2].CU[3],simd_CPI,2.67604581673307,cycles/inst
GPU[1].SA[3].CU[0],cu_inst_count,6272.0,count
GPU[1].SA[3].CU[0],cu_CPI,1.71348852040816,cycles/inst
GPU[1].SA[3].CU[0],simd_inst_count,4016.0,count
GPU[1].SA[3].CU[0],simd_CPI,2.67604581673307,cycles/inst
GPU[1].SA[3].CU[1],cu_inst_count,6272.0,count
GPU[1].SA[3].CU[1],cu_CPI,1.71348852040816,cycles/inst
GPU[1].SA[3].CU[1],simd_inst_count,4016.0,count
GPU[1].SA[3].CU[1],simd_CPI,2.67604581673307,cycles/inst
GPU[1].SA[3].CU[2],cu_inst_count,6272.0,count
GPU[1].SA[3].CU[2],cu_CPI,1.71348852040816,cycles/inst
GPU[1].SA[3].CU[2],simd_inst_count,4016.0,count
GPU[1].SA[3].CU[2],simd_CPI,2.67604581673307,cycles/inst
GPU[1].SA[3].CU[3],cu_inst_count,6272.0,count
GPU[1].SA[3].CU[3],cu_CPI,1.71348852040816,cycles/inst
GPU[1].SA[3].CU[3],simd_inst_count,4016.0,count
GPU[1].SA[3].CU[3],simd_CPI,2.67604581673307,cycles/inst
GPU[1].SA[4].CU[0],cu_inst_count,6272.0,count
GPU[1].SA[4].CU[0],cu_CPI,1.71348852040816,cycles/inst
GPU[1].SA[4].CU[0],simd_inst_count,4016.0,count
GPU[1].SA[4].CU[0],simd_CPI,2.67604581673307,cycles/inst
GPU[1].SA[4].CU[1],cu_inst_count,6272.0,count
GPU[1].SA[4].CU[1],cu_CPI,1.71348852040816,cycles/inst
GPU[1].SA[4].CU[1],simd_inst_count,4016.0,count
GPU[1].SA[4].CU[1],simd_CPI,2.67604581673307,cycles/inst
GPU[1].SA[4].CU[2],cu_inst_count,6272.0,count
GPU[1].SA[4].CU[2],cu_CPI,1.71348852040816,cycles/inst
GPU[1].SA[4].CU[2],simd_inst_count,4016.0,count
GPU[1].SA[4].CU[2],simd_CPI,2.67604581673307,cycles/inst
GPU[1].SA[4].CU[3],cu_inst_count,6272.0,count
GPU[1].SA[4].CU[3],cu_CPI,1.71348852040816,cycles/inst
GPU[1].SA[4].CU[3],simd_inst_count,4016.0,count
GPU[1].SA[4].CU[3],simd_CPI,2.67604581673307,cycles/inst
GPU[1].SA[5].CU[0],cu_inst_count,6272.0,count
GPU[1].SA[5].CU[0],cu_CPI,1.71348852040816,cycles/inst
GPU[1].SA[5].CU[0],simd_inst_count,4016.0,count
GPU[1].SA[5].CU[0],simd_CPI,2.67604581673307,cycles/inst
GPU[1].SA[5].CU[1],cu_inst_count,6272.0,count
GPU[1].SA[5].CU[1],cu_CPI,1.71348852040816,cycles/inst
GPU[1].SA[5].CU[1],simd_inst_count,4016.0,count
GPU[1].SA[5].CU[1],simd_CPI,2.67604581673307,cycles/inst
GPU[1].SA[5].CU[2],cu_inst_count,6272.0,count
GPU[1].SA[5].CU[2],cu_CPI,1.71348852040816,cycles/inst
GPU[1].SA[5].CU[2],simd_inst_count,4016.0,count
GPU[1].SA[5].CU[2],simd_CPI,2.67604581673307,cycles/inst
GPU[1].SA[5].CU[3],cu_inst_count,6272.0,count
GPU[1].SA[5].CU[3],cu_CPI,1.71348852040816,cycles/inst
GPU[1].SA[5].CU[3],simd_inst_count,4016.0,count
GPU[1].SA[5].CU[3],simd_CPI,2.67604581673307,cycles/inst
GPU[1].SA[6].CU[0],cu_inst_count,6272.0,count
GPU[1].SA[6].CU[0],cu_CPI,1.71348852040816,cycles/inst
GPU[1].SA[6].CU[0],simd_inst_count,4016.0,count
GPU[1].SA[6].CU[0],simd_CPI,2.67604581673307,cycles/inst
GPU[1].SA[6].CU[1],cu_inst_count,6272.0,count
GPU[1].SA[6].CU[1],cu_CPI,1.71348852040816,cycles/inst
GPU[1].SA[6].CU[1],simd_inst_count,4016.0,count
GPU[1].SA[6].CU[1],simd_CPI,2.67604581673307,cycles/inst
GPU[1].SA[6].CU[2],cu_inst_count,6272.0,count
GPU[1].SA[6].CU[2],cu_CPI,1.71348852040816,cycles/inst
GPU[1].SA[6].CU[2],simd_inst_count,4016.0,count
GPU[1].SA[6].CU[2],simd_CPI,2.67604581673307,cycles/inst
GPU[1].SA[6].CU[3],cu_inst_count,6272.0,count
GPU[1].SA[6].CU[3],cu_CPI,1.71348852040816,cycles/inst
GPU[1].SA[6].CU[3],simd_inst_count,4016.0,count
GPU[1].SA[6].CU[3],simd_CPI,2.67604581673307,cycles/inst
GPU[1].SA[7].CU[0],cu_inst_count,6272.0,count
GPU[1].SA[7].CU[0],cu_CPI,1.71348852040816,cycles/inst
GPU[1].SA[7].CU[0],simd_inst_count,4016.0,count
GPU[1].SA[7].CU[0],simd_CPI,2.67604581673307,cycles/inst
GPU[1].SA[7].CU[1],cu_inst_count,6272.0,count
GPU[1].SA[7].CU[1],cu_CPI,1.71348852040816,cycles/inst
GPU[1].SA[7].CU[1],simd_inst_count,4016.0,count
GPU[1].SA[7].CU[1],simd_CPI,2.67604581673307,cycles/inst
GPU[1].SA[7].CU[2],cu_inst_count,6272.0,count
GPU[1].SA[7].CU[2],cu_CPI,1.71348852040816,cycles/inst
GPU[1].SA[7].CU[2],simd_inst_count,4016.0,count
GPU[1].SA[7].CU[2],simd_CPI,2.67604581673307,cycles/inst
GPU[1].SA[7].CU[3],cu_inst_count,6272.0,count
GPU[1].SA[7].CU[3],cu_CPI,1.71348852040816,cycles/inst
GPU[1].SA[7].CU[3],simd_inst_count,4016.0,count
GPU[1].SA[7].CU[3],simd_CPI,2.67604581673307,cycles/inst
GPU[1].SA[8].CU[0],cu_inst_count,6272.0,count
GPU[1].SA[8].CU[0],cu_CPI,1.71348852040816,cycles/inst
GPU[1].SA[8].CU[0],simd_inst_count,4016.0,count
GPU[1].SA[8].CU[0],simd_CPI,2.67604581673307,cycles/inst
GPU[1].SA[8].CU[1],cu_inst_count,6272.0,count
GPU[1].SA[8].CU[1],cu_CPI,1.71348852040816,cycles/inst
GPU[1].SA[8].CU[1],simd_inst_count,4016.0,count
GPU[1].SA[8].CU[1],simd_CPI,2.67604581673307,cycles/inst
GPU[1].SA[8].CU[2],cu_inst_count,6272.0,count
GPU[1].SA[8].CU[2],cu_CPI,1.71348852040816,cycles/inst
GPU[1].SA[8].CU[2],simd_inst_count,4016.0,count
GPU[1].SA[8].CU[2],simd_CPI,2.67604581673307,cycles/inst
GPU[1].SA[8].CU[3],cu_inst_count,6272.0,count
GPU[1].SA[8].CU[3],cu_CPI,1.71348852040816,cycles/inst
GPU[1].SA[8].CU[3],simd_inst_count,4016.0,count
GPU[1].SA[8].CU[3],simd_CPI,2.67604581673307,cycles/inst
GPU[1].SA[9].CU[0],cu_inst_count,6272.0,count
GPU[1].SA[9].CU[0],cu_CPI,1.71348852040816,cycles/inst
GPU[1].SA[9].CU[0],simd_inst_count,4016.0,count
GPU[1].SA[9].CU[0],simd_CPI,2.67604581673307,cycles/inst
GPU[1].SA[9].CU[1],cu_inst_count,6272.0,count
GPU[1].SA[9].CU[1],cu_CPI,1.71348852040816,cycles/inst
GPU[1].SA[9].CU[1],simd_inst_count,4016.0,count
GPU[1].SA[9].CU[1],simd_CPI,2.67604581673307,cycles/inst
GPU[1].SA[9].CU[2],cu_inst_count,6272.0,count
GPU[1].SA[9].CU[2],cu_CPI,1.71348852040816,cycles/inst
GPU[1].SA[9].CU[2],simd_inst_count,4016.0,count
GPU[1].SA[9].CU[2],simd_CPI,2.67604581673307,cycles/inst
GPU[1].SA[9].CU[3],cu_inst_count,6272.0,count
GPU[1].SA[9].CU[3],cu_CPI,1.71348852040816,cycles/inst
GPU[1].SA[9].CU[3],simd_inst_count,4016.0,count
GPU[1].SA[9].CU[3],simd_CPI,2.67604581673307,cycles/inst
GPU[1].SA[10].CU[0],cu_inst_count,6272.0,count
GPU[1].SA[10].CU[0],cu_CPI,1.71348852040816,cycles/inst
GPU[1].SA[10].CU[0],simd_inst_count,4016.0,count
GPU[1].SA[10].CU[0],simd_CPI,2.67604581673307,cycles/inst
GPU[1].SA[10].CU[1],cu_inst_count,6272.0,count
GPU[1].SA[10].CU[1],cu_CPI,1.71348852040816,cycles/inst
GPU[1].SA[10].CU[1],simd_inst_count,4016.0,count
GPU[1].SA[10].CU[1],simd_CPI,2.67604581673307,cycles/inst
GPU[1].SA[10].CU[2],cu_inst_count,6272.0,count
GPU[1].SA[10].CU[2],cu_CPI,1.71348852040816,cycles/inst
GPU[1].SA[10].CU[2],simd_inst_count,4016.0,count
GPU[1].SA[10].CU[2],simd_CPI,2.67604581673307,cycles/inst
GPU[1].SA[10].CU[3],cu_inst_count,6272.0,count
GPU[1].SA[10].CU[3],cu_CPI,1.71348852040816,cycles/inst
GPU[1].SA[10].CU[3],simd_inst_count,4016.0,count
GPU[1].SA[10].CU[3],simd_CPI,2.67604581673307,cycles/inst
GPU[1].SA[11].CU[0],cu_inst_count,6272.0,count
GPU[1].SA[11].CU[0],cu_CPI,1.71348852040816,cycles/inst
GPU[1].SA[11].CU[0],simd_inst_count,4016.0,count
GPU[1].SA[11].CU[0],simd_CPI,2.67604581673307,cycles/inst
GPU[1].SA[11].CU[1],cu_inst_count,6272.0,count
GPU[1].SA[11].CU[1],cu_CPI,1.71348852040816,cycles/inst
GPU[1].SA[11].CU[1],simd_inst_count,4016.0,count
GPU[1].SA[11].CU[1],simd_CPI,2.67604581673307,cycles/inst
GPU[1].SA[11].CU[2],cu_inst_count,6272.0,count
GPU[1].SA[11].CU[2],cu_CPI,1.71348852040816,cycles/inst
GPU[1].SA[11].CU[2],simd_inst_count,4016.0,count
GPU[1].SA[11].CU[2],simd_CPI,2.67604581673307,cycles/inst
GPU[1].SA[11].CU[3],cu_inst_count,6272.0,count
GPU[1].SA[11].CU[3],cu_CPI,1.71348852040816,cycles/inst
GPU[1].SA[11].CU[3],simd_inst_count,4016.0,count
GPU[1].SA[11].CU[3],simd_CPI,2.67604581673307,cycles/inst
GPU[1].SA[12].CU[0],cu_inst_count,6272.0,count
GPU[1].SA[12].CU[0],cu_CPI,1.71348852040816,cycles/inst
GPU[1].SA[12].CU[0],simd_inst_count,4016.0,count
GPU[1].SA[12].CU[0],simd_CPI,2.67604581673307,cycles/inst
GPU[1].SA[12].CU[1],cu_inst_count,6272.0,count
GPU[1].SA[12].CU[1],cu_CPI,1.71348852040816,cycles/inst
GPU[1].SA[12].CU[1],simd_inst_count,4016.0,count
GPU[1].SA[12].CU[1],simd_CPI,2.67604581673307,cycles/inst
GPU[1].SA[12].CU[2],cu_inst_count,6272.0,count
GPU[1].SA[12].CU[2],cu_CPI,1.71348852040816,cycles/inst
GPU[1].SA[12].CU[2],simd_inst_count,4016.0,count
GPU[1].SA[12].CU[2],simd_CPI,2.67604581673307,cycles/inst
GPU[1].SA[12].CU[3],cu_inst_count,6272.0,count
GPU[1].SA[12].CU[3],cu_CPI,1.71348852040816,cycles/inst
GPU[1].SA[12].CU[3],simd_inst_count,4016.0,count
GPU[1].SA[12].CU[3],simd_CPI,2.67604581673307,cycles/inst
GPU[1].SA[13].CU[0],cu_inst_count,6272.0,count
GPU[1].SA[13].CU[0],cu_CPI,1.71348852040816,cycles/inst
GPU[1].SA[13].CU[0],simd_inst_count,4016.0,count
GPU[1].SA[13].CU[0],simd_CPI,2.67604581673307,cycles/inst
GPU[1].SA[13].CU[1],cu_inst_count,6272.0,count
GPU[1].SA[13].CU[1],cu_CPI,1.71348852040816,cycles/inst
GPU[1].SA[13].CU[1],simd_inst_count,4016.0,count
GPU[1].SA[13].CU[1],simd_CPI,2.67604581673307,cycles/inst
GPU[1].SA[13].CU[2],cu_inst_count,6272.0,count
GPU[1].SA[13].CU[2],cu_CPI,1.71348852040816,cycles/inst
GPU[1].SA[13].CU[2],simd_inst_count,4016.0,count
GPU[1].SA[13].CU[2],simd_CPI,2.67604581673307,cycles/inst
GPU[1].SA[13].CU[3],cu_inst_count,6272.0,count
GPU[1].SA[13].CU[3],cu_CPI,1.71348852040816,cycles/inst
GPU[1].SA[13].CU[3],simd_inst_count,4016.0,count
GPU[1].SA[13].CU[3],simd_CPI,2.67604581673307,cycles/inst
GPU[1].SA[14].CU[0],cu_inst_count,6272.0,count
GPU[1].SA[14].CU[0],cu_CPI,1.71348852040816,cycles/inst
GPU[1].SA[14].CU[0],simd_inst_count,4016.0,count
GPU[1].SA[14].CU[0],simd_CPI,2.67604581673307,cycles/inst
GPU[1].SA[14].CU[1],cu_inst_count,6272.0,count
GPU[1].SA[14].CU[1],cu_CPI,1.71348852040816,cycles/inst
GPU[1].SA[14].CU[1],simd_inst_count,4016.0,count
GPU[1].SA[14].CU[1],simd_CPI,2.67604581673307,cycles/inst
GPU[1].SA[14].CU[2],cu_inst_count,6272.0,count
GPU[1].SA[14].CU[2],cu_CPI,1.71348852040816,cycles/inst
GPU[1].SA[14].CU[2],simd_inst_count,4016.0,count
GPU[1].SA[14].CU[2],simd_CPI,2.67604581673307,cycles/inst
GPU[1].SA[14].CU[3],cu_inst_count,6272.0,count
GPU[1].SA[14].CU[3],cu_CPI,1.71348852040816,cycles/inst
GPU[1].SA[14].CU[3],simd_inst_count,4016.0,count
GPU[1].SA[14].CU[3],simd_CPI,2.67604581673307,cycles/inst
GPU[1].SA[15].CU[0],cu_inst_count,6272.0,count
GPU[1].SA[15].CU[0],cu_CPI,1.71348852040816,cycles/inst
GPU[1].SA[15].CU[0],simd_inst_count,4016.0,count
GPU[1].SA[15].CU[0],simd_CPI,2.67604581673307,cycles/inst
GPU[1].SA[15].CU[1],cu_inst_count,6272.0,count
GPU[1].SA[15].CU[1],cu_CPI,1.71348852040816,cycles/inst
GPU[1].SA[15].CU[1],simd_inst_count,4016.0,count
GPU[1].SA[15].CU[1],simd_CPI,2.67604581673307,cycles/inst
GPU[1].SA[15].CU[2],cu_inst_count,6272.0,count
GPU[1].SA[15].CU[2],cu_CPI,1.71348852040816,cycles/inst
GPU[1].SA[15].CU[2],simd_inst_count,4016.0,count
GPU[1].SA[15].CU[2],simd_CPI,2.67604581673307,cycles/inst
GPU[1].SA[15].CU[3],cu_inst_count,6272.0,count
GPU[1].SA[15].CU[3],cu_CPI,1.71348852040816,cycles/inst
GPU[1].SA[15].CU[3],simd_inst_count,4016.0,count
GPU[1].SA[15].CU[3],simd_CPI,2.67604581673307,cycles/inst
GPU[1].SA[0].CU[0],CPIStack.Branch,0.0022321428571437,cycles/inst
GPU[1].SA[0].CU[0],CPIStack.Fetch,0.0534119897959181,cycles/inst
GPU[1].SA[0].CU[0],CPIStack.Idle,0.000159438775510284,cycles/inst
GPU[1].SA[0].CU[0],CPIStack.ScalarInst,0.00860969387755072,cycles/inst
GPU[1].SA[0].CU[0],CPIStack.ScalarMem,0.0605867346938778,cycles/inst
GPU[1].SA[0].CU[0],CPIStack.ScalarMemInst,0.000797193877551283,cycles/inst
GPU[1].SA[0].CU[0],CPIStack.Special,0.0,cycles/inst
GPU[1].SA[0].CU[0],CPIStack.VALU,0.913424744897959,cycles/inst
GPU[1].SA[0].CU[0],CPIStack.VMem,0.0143494897959177,cycles/inst
GPU[1].SA[0].CU[0],CPIStack.VMemInst,0.00286989795918375,cycles/inst
GPU[1].SA[0].CU[0],CPIStack.total,1.71301020408163,cycles/inst
GPU[1].SA[0].CU[0],SIMDCPIStack.Branch,0.00348605577689375,cycles/inst
GPU[1].SA[0].CU[0],SIMDCPIStack.Fetch,0.0834163346613542,cycles/inst
GPU[1].SA[0].CU[0],SIMDCPIStack.Idle,0.000249003984063869,cycles/inst
GPU[1].SA[0].CU[0],SIMDCPIStack.ScalarInst,0.0134462151394418,cycles/inst
GPU[1].SA[0].CU[0],SIMDCPIStack.ScalarMem,0.0946215139442235,cycles/inst
GPU[1].SA[0].CU[0],SIMDCPIStack.ScalarMemInst,0.00124501992031913,cycles/inst
GPU[1].SA[0].CU[0],SIMDCPIStack.Special,0.0,cycles/inst
GPU[1].SA[0].CU[0],SIMDCPIStack.VALU,1.42654382470119,cycles/inst
GPU[1].SA[0].CU[0],SIMDCPIStack.VMem,0.022410358565736,cycles/inst
GPU[1].SA[0].CU[0],SIMDCPIStack.VMemInst,0.00448207171314754,cycles/inst
GPU[1].SA[0].CU[0],SIMDCPIStack.total,2.67529880478088,cycles/inst
GPU[1].SA[0].CU[1],CPIStack.Branch,0.00239158163265317,cycles/inst
GPU[1].SA[0].CU[1],CPIStack.Fetch,0.0553252551020407,cycles/inst
GPU[1].SA[0].CU[1],CPIStack.Idle,0.000318877551020567,cycles/inst
GPU[1].SA[0].CU[1],CPIStack.ScalarInst,0.011479591836735,cycles/inst
GPU[1].SA[0].CU[1],CPIStack.ScalarMem,0.0602678571428571,cycles/inst
GPU[1].SA[0].CU[1],CPIStack.ScalarMemInst,0.000478316326530716,cycles/inst
GPU[1].SA[0].CU[1],CPIStack.Special,0.000159438775510284,cycles/inst
GPU[1].SA[0].CU[1],CPIStack.VALU,0.874362244897959,cycles/inst
GPU[1].SA[0].CU[1],CPIStack.VMem,0.033163265306122,cycles/inst
GPU[1].SA[0].CU[1],CPIStack.VMemInst,0.00318877551020405,cycles/inst
GPU[1].SA[0].CU[1],CPIStack.total,1.71301020408163,cycles/inst
GPU[1].SA[0].CU[1],SIMDCPIStack.Branch,0.00373505976095635,cycles/inst
GPU[1].SA[0].CU[1],SIMDCPIStack.Fetch,0.0864043824701194,cycles/inst
GPU[1].SA[0].CU[1],SIMDCPIStack.Idle,0.000498007968127738,cycles/inst
GPU[1].SA[0].CU[1],SIMDCPIStack.ScalarInst,0.0179282868525901,cycles/inst
GPU[1].SA[0].CU[1],SIMDCPIStack.ScalarMem,0.0941235059760955,cycles/inst
GPU[1].SA[0].CU[1],SIMDCPIStack.ScalarMemInst,0.000747011952191397,cycles/inst
GPU[1].SA[0].CU[1],SIMDCPIStack.Special,0.000249003984063869,cycles/inst
GPU[1].SA[0].CU[1],SIMDCPIStack.VALU,1.36553784860558,cycles/inst
GPU[1].SA[0].CU[1],SIMDCPIStack.VMem,0.0517928286852582,cycles/inst
GPU[1].SA[0].CU[1],SIMDCPIStack.VMemInst,0.00498007968127485,cycles/inst
GPU[1].SA[0].CU[1],SIMDCPIStack.total,2.67529880478088,cycles/inst
GPU[1].SA[0].CU[2],CPIStack.Branch,0.00286989795918402,cycles/inst
GPU[1].SA[0].CU[2],CPIStack.Fetch,0.0559630102040816,cycles/inst
GPU[1].SA[0].CU[2],CPIStack.Idle,0.000318877551020567,cycles/inst
GPU[1].SA[0].CU[2],CPIStack.ScalarInst,0.0148278061224488,cycles/inst
GPU[1].SA[0].CU[2],CPIStack.ScalarMem,0.0741390306122447,cycles/inst
GPU[1].SA[0].CU[2],CPIStack.ScalarMemInst,0.000956632653061296,cycles/inst
GPU[1].SA[0].CU[2],CPIStack.Special,0.000159438775510013,cycles/inst
GPU[1].SA[0].CU[2],CPIStack.VALU,0.878985969387755,cycles/inst
GPU[1].SA[0].CU[2],CPIStack.VMem,0.0261479591836735,cycles/inst
GPU[1].SA[0].CU[2],CPIStack.VMemInst,0.00446428571428605,cycles/inst
GPU[1].SA[0].CU[2],CPIStack.total,1.71301020408163,cycles/inst
GPU[1].SA[0].CU[2],SIMDCPIStack.Branch,0.00448207171314796,cycles/inst
GPU[1].SA[0].CU[2],SIMDCPIStack.Fetch,0.0874003984063744,cycles/inst
GPU[1].SA[0].CU[2],SIMDCPIStack.Idle,0.000498007968127738,cycles/inst
GPU[1].SA[0].CU[2],SIMDCPIStack.ScalarInst,0.023157370517928,cycles/inst
GPU[1].SA[0].CU[2],SIMDCPIStack.ScalarMem,0.115786852589641,cycles/inst
GPU[1].SA[0].CU[2],SIMDCPIStack.ScalarMemInst,0.00149402390438258,cycles/inst
GPU[1].SA[0].CU[2],SIMDCPIStack.Special,0.000249003984063447,cycles/inst
GPU[1].SA[0].CU[2],SIMDCPIStack.VALU,1.37275896414343,cycles/inst
GPU[1].SA[0].CU[2],SIMDCPIStack.VMem,0.0408366533864543,cycles/inst
GPU[1].SA[0].CU[2],SIMDCPIStack.VMemInst,0.00697211155378538,cycles/inst
GPU[1].SA[0].CU[2],SIMDCPIStack.total,2.67529880478088,cycles/inst
GPU[1].SA[0].CU[3],CPIStack.Branch,0.00398596938775466,cycles/inst
GPU[1].SA[0].CU[3],CPIStack.Fetch,0.0581951530612243,cycles/inst
GPU[1].SA[0].CU[3],CPIStack.Idle,0.000637755102040864,cycles/inst
GPU[1].SA[0].CU[3],CPIStack.ScalarInst,0.0200892857142863,cycles/inst
GPU[1].SA[0].CU[3],CPIStack.ScalarMem,0.072704081632653,cycles/inst
GPU[1].SA[0].CU[3],CPIStack.ScalarMemInst,0.00207270408163288,cycles/inst
GPU[1].SA[0].CU[3],CPIStack.Special,0.000478316326530581,cycles/inst
GPU[1].SA[0].CU[3],CPIStack.VALU,0.946428571428571,cycles/inst
GPU[1].SA[0].CU[3],CPIStack.VMem,0.0263073979591838,cycles/inst
GPU[1].SA[0].CU[3],CPIStack.VMemInst,0.00589923469387752,cycles/inst
GPU[1].SA[0].CU[3],CPIStack.total,1.71301020408163,cycles/inst
GPU[1].SA[0].CU[3],SIMDCPIStack.Branch,0.00622509960159293,cycles/inst
GPU[1].SA[0].CU[3],SIMDCPIStack.Fetch,0.0908864541832667,cycles/inst
GPU[1].SA[0].CU[3],SIMDCPIStack.Idle,0.000996015936255055,cycles/inst
GPU[1].SA[0].CU[3],SIMDCPIStack.ScalarInst,0.0313745019920328,cycles/inst
GPU[1].SA[0].CU[3],SIMDCPIStack.ScalarMem,0.113545816733068,cycles/inst
GPU[1].SA[0].CU[3],SIMDCPIStack.ScalarMemInst,0.00323705179282903,cycles/inst
GPU[1].SA[0].CU[3],SIMDCPIStack.Special,0.000747011952191186,cycles/inst
GPU[1].SA[0].CU[3],SIMDCPIStack.VALU,1.47808764940239,cycles/inst
GPU[1].SA[0].CU[3],SIMDCPIStack.VMem,0.0410856573705182,cycles/inst
GPU[1].SA[0].CU[3],SIMDCPIStack.VMemInst,0.00921314741035852,cycles/inst
GPU[1].SA[0].CU[3],SIMDCPIStack.total,2.67529880478088,cycles/inst
GPU[1].SA[1].CU[0],CPIStack.Branch,0.001275510204082,cycles/inst
GPU[1].SA[1].CU[0],CPIStack.Fetch,0.0534119897959181,cycles/inst
GPU[1].SA[1].CU[0],CPIStack.Idle,0.000159438775510284,cycles/inst
GPU[1].SA[1].CU[0],CPIStack.ScalarInst,0.00637755102040756,cycles/inst
GPU[1].SA[1].CU[0],CPIStack.ScalarMem,0.0597895408163266,cycles/inst
GPU[1].SA[1].CU[0],CPIStack.ScalarMemInst,0.000478316326530716,cycles/inst
GPU[1].SA[1].CU[0],CPIStack.Special,0.0,cycles/inst
GPU[1].SA[1].CU[0],CPIStack.VALU,0.898915816326531,cycles/inst
GPU[1].SA[1].CU[0],CPIStack.VMem,0.0145089285714288,cycles/inst
GPU[1].SA[1].CU[0],CPIStack.VMemInst,0.00111607142857144,cycles/inst
GPU[1].SA[1].CU[0],CPIStack.total,1.71301020408163,cycles/inst
GPU[1].SA[1].CU[0],SIMDCPIStack.Branch,0.00199203187251053,cycles/inst
GPU[1].SA[1].CU[0],SIMDCPIStack.Fetch,0.0834163346613542,cycles/inst
GPU[1].SA[1].CU[0],SIMDCPIStack.Idle,0.000249003984063869,cycles/inst
GPU[1].SA[1].CU[0],SIMDCPIStack.ScalarInst,0.00996015936254886,cycles/inst
GPU[1].SA[1].CU[0],SIMDCPIStack.ScalarMem,0.0933764940239045,cycles/inst
GPU[1].SA[1].CU[0],SIMDCPIStack.ScalarMemInst,0.000747011952191397,cycles/inst
GPU[1].SA[1].CU[0],SIMDCPIStack.Special,0.0,cycles/inst
GPU[1].SA[1].CU[0],SIMDCPIStack.VALU,1.40388446215139,cycles/inst
GPU[1].SA[1].CU[0],SIMDCPIStack.VMem,0.0226593625498011,cycles/inst
GPU[1].SA[1].CU[0],SIMDCPIStack.VMemInst,0.00174302788844624,cycles/inst
GPU[1].SA[1].CU[0],SIMDCPIStack.total,2.67529880478088,cycles/inst
GPU[1].SA[1].CU[1],CPIStack.Branch,0.00175382653061204,cycles/inst
GPU[1].SA[1].CU[1],CPIStack.Fetch,0.0569196428571427,cycles/inst
GPU[1].SA[1].CU[1],CPIStack.Idle,0.000478316326530851,cycles/inst
GPU[1].SA[1].CU[1],CPIStack.ScalarInst,0.0141900510204077,cycles/inst
GPU[1].SA[1].CU[1],CPIStack.ScalarMem,0.0613839285714291,cycles/inst
GPU[1].SA[1].CU[1],CPIStack.ScalarMemInst,0.00143494897959188,cycles/inst
GPU[1].SA[1].CU[1],CPIStack.Special,0.000318877551020567,cycles/inst
GPU[1].SA[1].CU[1],CPIStack.VALU,0.900510204081632,cycles/inst
GPU[1].SA[1].CU[1],CPIStack.VMem,0.0366709183673471,cycles/inst
GPU[1].SA[1].CU[1],CPIStack.VMemInst,0.00558035714285722,cycles/inst
GPU[1].SA[1].CU[1],CPIStack.total,1.71301020408163,cycles/inst
GPU[1].SA[1].CU[1],SIMDCPIStack.Branch,0.00273904382470087,cycles/inst
GPU[1].SA[1].CU[1],SIMDCPIStack.Fetch,0.0888944223107568,cycles/inst
GPU[1].SA[1].CU[1],SIMDCPIStack.Idle,0.000747011952191608,cycles/inst
GPU[1].SA[1].CU[1],SIMDCPIStack.ScalarInst,0.0221613545816725,cycles/inst
GPU[1].SA[1].CU[1],SIMDCPIStack.ScalarMem,0.0958665338645426,cycles/inst
GPU[1].SA[1].CU[1],SIMDCPIStack.ScalarMemInst,0.00224103585657377,cycles/inst
GPU[1].SA[1].CU[1],SIMDCPIStack.Special,0.000498007968127738,cycles/inst
GPU[1].SA[1].CU[1],SIMDCPIStack.VALU,1.40637450199203,cycles/inst
GPU[1].SA[1].CU[1],SIMDCPIStack.VMem,0.0572709163346617,cycles/inst
GPU[1].SA[1].CU[1],SIMDCPIStack.VMemInst,0.0087151394422312,cycles/inst
GPU[1].SA[1].CU[1],SIMDCPIStack.total,2.67529880478088,cycles/inst
GPU[1].SA[1].CU[2],CPIStack.Branch,0.00207270408163288,cycles/inst
GPU[1].SA[1].CU[2],CPIStack.Fetch,0.0559630102040816,cycles/inst
GPU[1].SA[1].CU[2],CPIStack.Idle,0.000318877551020567,cycles/inst
GPU[1].SA[1].CU[2],CPIStack.ScalarInst,0.0253507653061221,cycles/inst
GPU[1].SA[1].CU[2],CPIStack.ScalarMem,0.0747767857142856,cycles/inst
GPU[1].SA[1].CU[2],CPIStack.ScalarMemInst,0.000478316326530716,cycles/inst
GPU[1].SA[1].CU[2],CPIStack.Special,0.0,cycles/inst
GPU[1].SA[1].CU[2],CPIStack.VALU,0.928093112244898,cycles/inst
GPU[1].SA[1].CU[2],CPIStack.VMem,0.0221619897959186,cycles/inst
GPU[1].SA[1].CU[2],CPIStack.VMemInst,0.00318877551020405,cycles/inst
GPU[1].SA[1].CU[2],CPIStack.total,1.71301020408163,cycles/inst
GPU[1].SA[1].CU[2],SIMDCPIStack.Branch,0.00323705179282903,cycles/inst
GPU[1].SA[1].CU[2],SIMDCPIStack.Fetch,0.0874003984063744,cycles/inst
GPU[1].SA[1].CU[2],SIMDCPIStack.Idle,0.000498007968127738,cycles/inst
GPU[1].SA[1].CU[2],SIMDCPIStack.ScalarInst,0.039591633466135,cycles/inst
GPU[1].SA[1].CU[2],SIMDCPIStack.ScalarMem,0.116782868525896,cycles/inst
GPU[1].SA[1].CU[2],SIMDCPIStack.ScalarMemInst,0.000747011952191397,cycles/inst
GPU[1].SA[1].CU[2],SIMDCPIStack.Special,0.0,cycles/inst
GPU[1].SA[1].CU[2],SIMDCPIStack.VALU,1.44945219123506,cycles/inst
GPU[1].SA[1].CU[2],SIMDCPIStack.VMem,0.034611553784861,cycles/inst
GPU[1].SA[1].CU[2],SIMDCPIStack.VMemInst,0.00498007968127485,cycles/inst
GPU[1].SA[1].CU[2],SIMDCPIStack.total,2.67529880478088,cycles/inst
GPU[1].SA[1].CU[3],CPIStack.Branch,0.00430484693877577,cycles/inst
GPU[1].SA[1].CU[3],CPIStack.Fetch,0.0534119897959183,cycles/inst
GPU[1].SA[1].CU[3],CPIStack.Idle,0.000159438775510284,cycles/inst
GPU[1].SA[1].CU[3],CPIStack.ScalarInst,0.0167410714285711,cycles/inst
GPU[1].SA[1].CU[3],CPIStack.ScalarMem,0.0698341836734695,cycles/inst
GPU[1].SA[1].CU[3],CPIStack.ScalarMemInst,0.000478316326530581,cycles/inst
GPU[1].SA[1].CU[3],CPIStack.Special,0.000159438775510284,cycles/inst
GPU[1].SA[1].CU[3],CPIStack.VALU,0.83577806122449,cycles/inst
GPU[1].SA[1].CU[3],CPIStack.VMem,0.0215242346938775,cycles/inst
GPU[1].SA[1].CU[3],CPIStack.VMemInst,0.0,cycles/inst
GPU[1].SA[1].CU[3],CPIStack.total,1.71301020408163,cycles/inst
GPU[1].SA[1].CU[3],SIMDCPIStack.Branch,0.00672310756972152,cycles/inst
GPU[1].SA[1].CU[3],SIMDCPIStack.Fetch,0.0834163346613544,cycles/inst
GPU[1].SA[1].CU[3],SIMDCPIStack.Idle,0.000249003984063869,cycles/inst
GPU[1].SA[1].CU[3],SIMDCPIStack.ScalarInst,0.0261454183266928,cycles/inst
GPU[1].SA[1].CU[3],SIMDCPIStack.ScalarMem,0.10906374501992,cycles/inst
GPU[1].SA[1].CU[3],SIMDCPIStack.ScalarMemInst,0.000747011952191186,cycles/inst
GPU[1].SA[1].CU[3],SIMDCPIStack.Special,0.000249003984063869,cycles/inst
GPU[1].SA[1].CU[3],SIMDCPIStack.VALU,1.30527888446215,cycles/inst
GPU[1].SA[1].CU[3],SIMDCPIStack.VMem,0.0336155378486055,cycles/inst
GPU[1].SA[1].CU[3],SIMDCPIStack.VMemInst,0.0,cycles/inst
GPU[1].SA[1].CU[3],SIMDCPIStack.total,2.67529880478088,cycles/inst
GPU[1].SA[2].CU[0],CPIStack.Branch,0.00143494897959201,cycles/inst
GPU[1].SA[2].CU[0],CPIStack.Fetch,0.05484693877551,cycles/inst
GPU[1].SA[2].CU[0],CPIStack.Idle,0.000318877551020432,cycles/inst
GPU[1].SA[2].CU[0],CPIStack.ScalarInst,0.00558035714285695,cycles/inst
GPU[1].SA[2].CU[0],CPIStack.ScalarMem,0.0594706632653061,cycles/inst
GPU[1].SA[2].CU[0],CPIStack.ScalarMemInst,0.000478316326530716,cycles/inst
GPU[1].SA[2].CU[0],CPIStack.Special,0.0,cycles/inst
GPU[1].SA[2].CU[0],CPIStack.VALU,0.888711734693877,cycles/inst
GPU[1].SA[2].CU[0],CPIStack.VMem,0.0191326530612248,cycles/inst
GPU[1].SA[2].CU[0],CPIStack.VMemInst,0.00318877551020405,cycles/inst
GPU[1].SA[2].CU[0],CPIStack.total,1.71285076530612,cycles/inst
GPU[1].SA[2].CU[0],SIMDCPIStack.Branch,0.00224103585657398,cycles/inst
GPU[1].SA[2].CU[0],SIMDCPIStack.Fetch,0.085657370517928,cycles/inst
GPU[1].SA[2].CU[0],SIMDCPIStack.Idle,0.000498007968127527,cycles/inst
GPU[1].SA[2].CU[0],SIMDCPIStack.ScalarInst,0.00871513944223078,cycles/inst
GPU[1].SA[2].CU[0],SIMDCPIStack.ScalarMem,0.0928784860557768,cycles/inst
GPU[1].SA[2].CU[0],SIMDCPIStack.ScalarMemInst,0.000747011952191397,cycles/inst
GPU[1].SA[2].CU[0],SIMDCPIStack.Special,0.0,cycles/inst
GPU[1].SA[2].CU[0],SIMDCPIStack.VALU,1.38794820717131,cycles/inst
GPU[1].SA[2].CU[0],SIMDCPIStack.VMem,0.02988047808765,cycles/inst
GPU[1].SA[2].CU[0],SIMDCPIStack.VMemInst,0.00498007968127485,cycles/inst
GPU[1].SA[2].CU[0],SIMDCPIStack.total,2.67504980079681,cycles/inst
GPU[1].SA[2].CU[1],CPIStack.Branch,0.00207270408163261,cycles/inst
GPU[1].SA[2].CU[1],CPIStack.Fetch,0.0567602040816326,cycles/inst
GPU[1].SA[2].CU[1],CPIStack.Idle,0.000478316326530716,cycles/inst
GPU[1].SA[2].CU[1],CPIStack.ScalarInst,0.0135522959183679,cycles/inst
GPU[1].SA[2].CU[1],CPIStack.ScalarMem,0.0607461734693874,cycles/inst
GPU[1].SA[2].CU[1],CPIStack.ScalarMemInst,0.000956632653061296,cycles/inst
GPU[1].SA[2].CU[1],CPIStack.Special,0.000159438775510284,cycles/inst
GPU[1].SA[2].CU[1],CPIStack.VALU,0.881058673469387,cycles/inst
GPU[1].SA[2].CU[1],CPIStack.VMem,0.0373086734693877,cycles/inst
GPU[1].SA[2].CU[1],CPIStack.VMemInst,0.00446428571428578,cycles/inst
GPU[1].SA[2].CU[1],CPIStack.total,1.71285076530612,cycles/inst
GPU[1].SA[2].CU[1],SIMDCPIStack.Branch,0.00323705179282861,cycles/inst
GPU[1].SA[2].CU[1],SIMDCPIStack.Fetch,0.0886454183266931,cycles/inst
GPU[1].SA[2].CU[1],SIMDCPIStack.Idle,0.000747011952191397,cycles/inst
GPU[1].SA[2].CU[1],SIMDCPIStack.ScalarInst,0.0211653386454192,cycles/inst
GPU[1].SA[2].CU[1],SIMDCPIStack.ScalarMem,0.0948705179282863,cycles/inst
GPU[1].SA[2].CU[1],SIMDCPIStack.ScalarMemInst,0.00149402390438258,cycles/inst
GPU[1].SA[2].CU[1],SIMDCPIStack.Special,0.000249003984063869,cycles/inst
GPU[1].SA[2].CU[1],SIMDCPIStack.VALU,1.37599601593625,cycles/inst
GPU[1].SA[2].CU[1],SIMDCPIStack.VMem,0.0582669322709163,cycles/inst
GPU[1].SA[2].CU[1],SIMDCPIStack.VMemInst,0.00697211155378496,cycles/inst
GPU[1].SA[2].CU[1],SIMDCPIStack.total,2.67504980079681,cycles/inst
GPU[1].SA[2].CU[2],CPIStack.Branch,0.00318877551020405,cycles/inst
GPU[1].SA[2].CU[2],CPIStack.Fetch,0.0558035714285717,cycles/inst
GPU[1].SA[2].CU[2],CPIStack.Idle,0.000318877551020162,cycles/inst
GPU[1].SA[2].CU[2],CPIStack.ScalarInst,0.0176977040816323,cycles/inst
GPU[1].SA[2].CU[2],CPIStack.ScalarMem,0.074139030612245,cycles/inst
GPU[1].SA[2].CU[2],CPIStack.ScalarMemInst,0.000956632653061296,cycles/inst
GPU[1].SA[2].CU[2],CPIStack.Special,0.000159438775510284,cycles/inst
GPU[1].SA[2].CU[2],CPIStack.VALU,0.877391581632653,cycles/inst
GPU[1].SA[2].CU[2],CPIStack.VMem,0.0248724489795918,cycles/inst
GPU[1].SA[2].CU[2],CPIStack.VMemInst,0.00462372448979606,cycles/inst
GPU[1].SA[2].CU[2],CPIStack.total,1.71285076530612,cycles/inst
GPU[1].SA[2].CU[2],SIMDCPIStack.Branch,0.00498007968127485,cycles/inst
GPU[1].SA[2].CU[2],SIMDCPIStack.Fetch,0.0871513944223112,cycles/inst
GPU[1].SA[2].CU[2],SIMDCPIStack.Idle,0.000498007968127106,cycles/inst
GPU[1].SA[2].CU[2],SIMDCPIStack.ScalarInst,0.0276394422310751,cycles/inst
GPU[1].SA[2].CU[2],SIMDCPIStack.ScalarMem,0.115786852589642,cycles/inst
GPU[1].SA[2].CU[2],SIMDCPIStack.ScalarMemInst,0.00149402390438258,cycles/inst
GPU[1].SA[2].CU[2],SIMDCPIStack.Special,0.000249003984063869,cycles/inst
GPU[1].SA[2].CU[2],SIMDCPIStack.VALU,1.37026892430279,cycles/inst
GPU[1].SA[2].CU[2],SIMDCPIStack.VMem,0.0388446215139442,cycles/inst
GPU[1].SA[2].CU[2],SIMDCPIStack.VMemInst,0.00722111553784883,cycles/inst
GPU[1].SA[2].CU[2],SIMDCPIStack.total,2.67504980079681,cycles/inst
GPU[1].SA[2].CU[3],CPIStack.Branch,0.00255102040816346,cycles/inst
GPU[1].SA[2].CU[3],CPIStack.Fetch,0.0548469387755104,cycles/inst
GPU[1].SA[2].CU[3],CPIStack.Idle,0.000318877551020162,cycles/inst
GPU[1].SA[2].CU[3],CPIStack.ScalarInst,0.0148278061224488,cycles/inst
GPU[1].SA[2].CU[3],CPIStack.ScalarMem,0.0714285714285718,cycles/inst
GPU[1].SA[2].CU[3],CPIStack.ScalarMemInst,0.000956632653061161,cycles/inst
GPU[1].SA[2].CU[3],CPIStack.Special,0.000159438775510284,cycles/inst
GPU[1].SA[2].CU[3],CPIStack.VALU,0.904017857142857,cycles/inst
GPU[1].SA[2].CU[3],CPIStack.VMem,0.0170599489795917,cycles/inst
GPU[1].SA[2].CU[3],CPIStack.VMemInst,0.00366709183673463,cycles/inst
GPU[1].SA[2].CU[3],CPIStack.total,1.71285076530612,cycles/inst
GPU[1].SA[2].CU[3],SIMDCPIStack.Branch,0.00398406374502022,cycles/inst
GPU[1].SA[2].CU[3],SIMDCPIStack.Fetch,0.0856573705179286,cycles/inst
GPU[1].SA[2].CU[3],SIMDCPIStack.Idle,0.000498007968127106,cycles/inst
GPU[1].SA[2].CU[3],SIMDCPIStack.ScalarInst,0.023157370517928,cycles/inst
GPU[1].SA[2].CU[3],SIMDCPIStack.ScalarMem,0.111553784860558,cycles/inst
GPU[1].SA[2].CU[3],SIMDCPIStack.ScalarMemInst,0.00149402390438237,cycles/inst
GPU[1].SA[2].CU[3],SIMDCPIStack.Special,0.000249003984063869,cycles/inst
GPU[1].SA[2].CU[3],SIMDCPIStack.VALU,1.41185258964143,cycles/inst
GPU[1].SA[2].CU[3],SIMDCPIStack.VMem,0.0266434262948205,cycles/inst
GPU[1].SA[2].CU[3],SIMDCPIStack.VMemInst,0.00572709163346604,cycles/inst
GPU[1].SA[2].CU[3],SIMDCPIStack.total,2.67504980079681,cycles/inst
GPU[1].SA[3].CU[0],CPIStack.Branch,0.00318877551020405,cycles/inst
GPU[1].SA[3].CU[0],CPIStack.Fetch,0.0543686224489794,cycles/inst
GPU[1].SA[3].CU[0],CPIStack.Idle,0.000159438775510149,cycles/inst
GPU[1].SA[3].CU[0],CPIStack.ScalarInst,0.0199298469387755,cycles/inst
GPU[1].SA[3].CU[0],CPIStack.ScalarMem,0.0618622448979592,cycles/inst
GPU[1].SA[3].CU[0],CPIStack.ScalarMemInst,0.000956632653061296,cycles/inst
GPU[1].SA[3].CU[0],CPIStack.Special,0.0,cycles/inst
GPU[1].SA[3].CU[0],CPIStack.VALU,0.934789540816327,cycles/inst
GPU[1].SA[3].CU[0],CPIStack.VMem,0.0226403061224489,cycles/inst
GPU[1].SA[3].CU[0],CPIStack.VMemInst,0.00286989795918375,cycles/inst
GPU[1].SA[3].CU[0],CPIStack.total,1.71285076530612,cycles/inst
GPU[1].SA[3].CU[0],SIMDCPIStack.Branch,0.00498007968127485,cycles/inst
GPU[1].SA[3].CU[0],SIMDCPIStack.Fetch,0.0849103585657368,cycles/inst
GPU[1].SA[3].CU[0],SIMDCPIStack.Idle,0.000249003984063658,cycles/inst
GPU[1].SA[3].CU[0],SIMDCPIStack.ScalarInst,0.031125498007968,cycles/inst
GPU[1].SA[3].CU[0],SIMDCPIStack.ScalarMem,0.0966135458167331,cycles/inst
GPU[1].SA[3].CU[0],SIMDCPIStack.ScalarMemInst,0.00149402390438258,cycles/inst
GPU[1].SA[3].CU[0],SIMDCPIStack.Special,0.0,cycles/inst
GPU[1].SA[3].CU[0],SIMDCPIStack.VALU,1.45991035856574,cycles/inst
GPU[1].SA[3].CU[0],SIMDCPIStack.VMem,0.0353585657370517,cycles/inst
GPU[1].SA[3].CU[0],SIMDCPIStack.VMemInst,0.00448207171314754,cycles/inst
GPU[1].SA[3].CU[0],SIMDCPIStack.total,2.67504980079681,cycles/inst
GPU[1].SA[3].CU[1],CPIStack.Branch,0.00318877551020378,cycles/inst
GPU[1].SA[3].CU[1],CPIStack.Fetch,0.0551658163265306,cycles/inst
GPU[1].SA[3].CU[1],CPIStack.Idle,0.000318877551020162,cycles/inst
GPU[1].SA[3].CU[1],CPIStack.ScalarInst,0.0213647959183675,cycles/inst
GPU[1].SA[3].CU[1],CPIStack.ScalarMem,0.061065051020408,cycles/inst
GPU[1].SA[3].CU[1],CPIStack.ScalarMemInst,0.000956632653061296,cycles/inst
GPU[1].SA[3].CU[1],CPIStack.Special,0.000159438775510284,cycles/inst
GPU[1].SA[3].CU[1],CPIStack.VALU,0.873565051020409,cycles/inst
GPU[1].SA[3].CU[1],CPIStack.VMem,0.0258290816326527,cycles/inst
GPU[1].SA[3].CU[1],CPIStack.VMemInst,0.0043048469387755,cycles/inst
GPU[1].SA[3].CU[1],CPIStack.total,1.71285076530612,cycles/inst
GPU[1].SA[3].CU[1],SIMDCPIStack.Branch,0.00498007968127443,cycles/inst
GPU[1].SA[3].CU[1],SIMDCPIStack.Fetch,0.0861553784860557,cycles/inst
GPU[1].SA[3].CU[1],SIMDCPIStack.Idle,0.000498007968127106,cycles/inst
GPU[1].SA[3].CU[1],SIMDCPIStack.ScalarInst,0.033366533864542,cycles/inst
GPU[1].SA[3].CU[1],SIMDCPIStack.ScalarMem,0.095368525896414,cycles/inst
GPU[1].SA[3].CU[1],SIMDCPIStack.ScalarMemInst,0.00149402390438258,cycles/inst
GPU[1].SA[3].CU[1],SIMDCPIStack.Special,0.000249003984063869,cycles/inst
GPU[1].SA[3].CU[1],SIMDCPIStack.VALU,1.36429282868526,cycles/inst
GPU[1].SA[3].CU[1],SIMDCPIStack.VMem,0.0403386454183261,cycles/inst
GPU[1].SA[3].CU[1],SIMDCPIStack.VMemInst,0.00672310756972109,cycles/inst
GPU[1].SA[3].CU[1],SIMDCPIStack.total,2.67504980079681,cycles/inst
GPU[1].SA[3].CU[2],CPIStack.Branch,0.00414540816326548,cycles/inst
GPU[1].SA[3].CU[2],CPIStack.Fetch,0.0599489795918369,cycles/inst
GPU[1].SA[3].CU[2],CPIStack.Idle,0.000637755102040729,cycles/inst
GPU[1].SA[3].CU[2],CPIStack.ScalarInst,0.037627551020408,cycles/inst
GPU[1].SA[3].CU[2],CPIStack.ScalarMem,0.0794005102040814,cycles/inst
GPU[1].SA[3].CU[2],CPIStack.ScalarMemInst,0.00191326530612246,cycles/inst
GPU[1].SA[3].CU[2],CPIStack.Special,0.000637755102040864,cycles/inst
GPU[1].SA[3].CU[2],CPIStack.VALU,0.845344387755102,cycles/inst
GPU[1].SA[3].CU[2],CPIStack.VMem,0.0538903061224491,cycles/inst
GPU[1].SA[3].CU[2],CPIStack.VMemInst,0.00701530612244924,cycles/inst
GPU[1].SA[3].CU[2],CPIStack.total,1.71285076530612,cycles/inst
GPU[1].SA[3].CU[2],SIMDCPIStack.Branch,0.00647410358565765,cycles/inst
GPU[1].SA[3].CU[2],SIMDCPIStack.Fetch,0.0936254980079684,cycles/inst
GPU[1].SA[3].CU[2],SIMDCPIStack.Idle,0.000996015936254844,cycles/inst
GPU[1].SA[3].CU[2],SIMDCPIStack.ScalarInst,0.0587649402390436,cycles/inst
GPU[1].SA[3].CU[2],SIMDCPIStack.ScalarMem,0.124003984063745,cycles/inst
GPU[1].SA[3].CU[2],SIMDCPIStack.ScalarMemInst,0.00298804780876495,cycles/inst
GPU[1].SA[3].CU[2],SIMDCPIStack.Special,0.000996015936255055,cycles/inst
GPU[1].SA[3].CU[2],SIMDCPIStack.VALU,1.32021912350598,cycles/inst
GPU[1].SA[3].CU[2],SIMDCPIStack.VMem,0.084163346613546,cycles/inst
GPU[1].SA[3].CU[2],SIMDCPIStack.VMemInst,0.0109561752988052,cycles/inst
GPU[1].SA[3].CU[2],SIMDCPIStack.total,2.67504980079681,cycles/inst
GPU[1].SA[3].CU[3],CPIStack.Branch,0.0027104591836732,cycles/inst
GPU[1].SA[3].CU[3],CPIStack.Fetch,0.055644132653061,cycles/inst
GPU[1].SA[3].CU[3],CPIStack.Idle,0.000318877551020432,cycles/inst
GPU[1].SA[3].CU[3],CPIStack.ScalarInst,0.0196109693877554,cycles/inst
GPU[1].SA[3].CU[3],CPIStack.ScalarMem,0.0723852040816324,cycles/inst
GPU[1].SA[3].CU[3],CPIStack.ScalarMemInst,0.000478316326530581,cycles/inst
GPU[1].SA[3].CU[3],CPIStack.Special,0.000159438775510284,cycles/inst
GPU[1].SA[3].CU[3],CPIStack.VALU,0.948341836734694,cycles/inst
GPU[1].SA[3].CU[3],CPIStack.VMem,0.0352359693877548,cycles/inst
GPU[1].SA[3].CU[3],CPIStack.VMemInst,0.00318877551020405,cycles/inst
GPU[1].SA[3].CU[3],CPIStack.total,1.71285076530612,cycles/inst
GPU[1].SA[3].CU[3],SIMDCPIStack.Branch,0.00423306772908325,cycles/inst
GPU[1].SA[3].CU[3],SIMDCPIStack.Fetch,0.0869023904382467,cycles/inst
GPU[1].SA[3].CU[3],SIMDCPIStack.Idle,0.000498007968127527,cycles/inst
GPU[1].SA[3].CU[3],SIMDCPIStack.ScalarInst,0.0306274900398411,cycles/inst
GPU[1].SA[3].CU[3],SIMDCPIStack.ScalarMem,0.11304780876494,cycles/inst
GPU[1].SA[3].CU[3],SIMDCPIStack.ScalarMemInst,0.000747011952191186,cycles/inst
GPU[1].SA[3].CU[3],SIMDCPIStack.Special,0.000249003984063869,cycles/inst
GPU[1].SA[3].CU[3],SIMDCPIStack.VALU,1.48107569721116,cycles/inst
GPU[1].SA[3].CU[3],SIMDCPIStack.VMem,0.0550298804780872,cycles/inst
GPU[1].SA[3].CU[3],SIMDCPIStack.VMemInst,0.00498007968127485,cycles/inst
GPU[1].SA[3].CU[3],SIMDCPIStack.total,2.67504980079681,cycles/inst
GPU[1].SA[4].CU[0],CPIStack.Branch,0.00286989795918402,cycles/inst
GPU[1].SA[4].CU[0],CPIStack.Fetch,0.0546874999999997,cycles/inst
GPU[1].SA[4].CU[0],CPIStack.Idle,0.000318877551020567,cycles/inst
GPU[1].SA[4].CU[0],CPIStack.ScalarInst,0.0173788265306125,cycles/inst
GPU[1].SA[4].CU[0],CPIStack.ScalarMem,0.0615433673469387,cycles/inst
GPU[1].SA[4].CU[0],CPIStack.ScalarMemInst,0.000956632653061566,cycles/inst
GPU[1].SA[4].CU[0],CPIStack.Special,0.000159438775510013,cycles/inst
GPU[1].SA[4].CU[0],CPIStack.VALU,0.841677295918367,cycles/inst
GPU[1].SA[4].CU[0],CPIStack.VMem,0.0220025510204083,cycles/inst
GPU[1].SA[4].CU[0],CPIStack.VMemInst,0.00446428571428551,cycles/inst
GPU[1].SA[4].CU[0],CPIStack.total,1.71269132653061,cycles/inst
GPU[1].SA[4].CU[0],SIMDCPIStack.Branch,0.00448207171314796,cycles/inst
GPU[1].SA[4].CU[0],SIMDCPIStack.Fetch,0.0854083665338641,cycles/inst
GPU[1].SA[4].CU[0],SIMDCPIStack.Idle,0.000498007968127738,cycles/inst
GPU[1].SA[4].CU[0],SIMDCPIStack.ScalarInst,0.0271414342629487,cycles/inst
GPU[1].SA[4].CU[0],SIMDCPIStack.ScalarMem,0.0961155378486054,cycles/inst
GPU[1].SA[4].CU[0],SIMDCPIStack.ScalarMemInst,0.001494023904383,cycles/inst
GPU[1].SA[4].CU[0],SIMDCPIStack.Special,0.000249003984063447,cycles/inst
GPU[1].SA[4].CU[0],SIMDCPIStack.VALU,1.31449203187251,cycles/inst
GPU[1].SA[4].CU[0],SIMDCPIStack.VMem,0.0343625498007971,cycles/inst
GPU[1].SA[4].CU[0],SIMDCPIStack.VMemInst,0.00697211155378454,cycles/inst
GPU[1].SA[4].CU[0],SIMDCPIStack.total,2.67480079681275,cycles/inst
GPU[1].SA[4].CU[1],CPIStack.Branch,0.0023915816326529,cycles/inst
GPU[1].SA[4].CU[1],CPIStack.Fetch,0.0550063775510206,cycles/inst
GPU[1].SA[4].CU[1],CPIStack.Idle,0.000318877551020297,cycles/inst
GPU[1].SA[4].CU[1],CPIStack.ScalarInst,0.010363520408163,cycles/inst
GPU[1].SA[4].CU[1],CPIStack.ScalarMem,0.0599489795918371,cycles/inst
GPU[1].SA[4].CU[1],CPIStack.ScalarMemInst,0.000956632653061296,cycles/inst
GPU[1].SA[4].CU[1],CPIStack.Special,0.000159438775510284,cycles/inst
GPU[1].SA[4].CU[1],CPIStack.VALU,0.926817602040816,cycles/inst
GPU[1].SA[4].CU[1],CPIStack.VMem,0.0226403061224487,cycles/inst
GPU[1].SA[4].CU[1],CPIStack.VMemInst,0.00446428571428578,cycles/inst
GPU[1].SA[4].CU[1],CPIStack.total,1.71269132653061,cycles/inst
GPU[1].SA[4].CU[1],SIMDCPIStack.Branch,0.00373505976095593,cycles/inst
GPU[1].SA[4].CU[1],SIMDCPIStack.Fetch,0.0859063745019923,cycles/inst
GPU[1].SA[4].CU[1],SIMDCPIStack.Idle,0.000498007968127317,cycles/inst
GPU[1].SA[4].CU[1],SIMDCPIStack.ScalarInst,0.0161852589641431,cycles/inst
GPU[1].SA[4].CU[1],SIMDCPIStack.ScalarMem,0.0936254980079686,cycles/inst
GPU[1].SA[4].CU[1],SIMDCPIStack.ScalarMemInst,0.00149402390438258,cycles/inst
GPU[1].SA[4].CU[1],SIMDCPIStack.Special,0.000249003984063869,cycles/inst
GPU[1].SA[4].CU[1],SIMDCPIStack.VALU,1.44746015936255,cycles/inst
GPU[1].SA[4].CU[1],SIMDCPIStack.VMem,0.0353585657370513,cycles/inst
GPU[1].SA[4].CU[1],SIMDCPIStack.VMemInst,0.00697211155378496,cycles/inst
GPU[1].SA[4].CU[1],SIMDCPIStack.total,2.67480079681275,cycles/inst
GPU[1].SA[4].CU[2],CPIStack.Branch,0.00255102040816346,cycles/inst
GPU[1].SA[4].CU[2],CPIStack.Fetch,0.0556441326530612,cycles/inst
GPU[1].SA[4].CU[2],CPIStack.Idle,0.000318877551020297,cycles/inst
GPU[1].SA[4].CU[2],CPIStack.ScalarInst,0.0146683673469388,cycles/inst
GPU[1].SA[4].CU[2],CPIStack.ScalarMem,0.0744579081632653,cycles/inst
GPU[1].SA[4].CU[2],CPIStack.ScalarMemInst,0.000956632653061296,cycles/inst
GPU[1].SA[4].CU[2],CPIStack.Special,0.000159438775510284,cycles/inst
GPU[1].SA[4].CU[2],CPIStack.VALU,0.944196428571428,cycles/inst
GPU[1].SA[4].CU[2],CPIStack.VMem,0.0336415816326528,cycles/inst
GPU[1].SA[4].CU[2],CPIStack.VMemInst,0.00510204081632664,cycles/inst
GPU[1].SA[4].CU[2],CPIStack.total,1.71269132653061,cycles/inst
GPU[1].SA[4].CU[2],SIMDCPIStack.Branch,0.00398406374502022,cycles/inst
GPU[1].SA[4].CU[2],SIMDCPIStack.Fetch,0.0869023904382469,cycles/inst
GPU[1].SA[4].CU[2],SIMDCPIStack.Idle,0.000498007968127317,cycles/inst
GPU[1].SA[4].CU[2],SIMDCPIStack.ScalarInst,0.0229083665338646,cycles/inst
GPU[1].SA[4].CU[2],SIMDCPIStack.ScalarMem,0.116284860557769,cycles/inst
GPU[1].SA[4].CU[2],SIMDCPIStack.ScalarMemInst,0.00149402390438258,cycles/inst
GPU[1].SA[4].CU[2],SIMDCPIStack.Special,0.000249003984063869,cycles/inst
GPU[1].SA[4].CU[2],SIMDCPIStack.VALU,1.4746015936255,cycles/inst
GPU[1].SA[4].CU[2],SIMDCPIStack.VMem,0.0525398406374498,cycles/inst
GPU[1].SA[4].CU[2],SIMDCPIStack.VMemInst,0.00796812749004002,cycles/inst
GPU[1].SA[4].CU[2],SIMDCPIStack.total,2.67480079681275,cycles/inst
GPU[1].SA[4].CU[3],CPIStack.Branch,0.00414540816326494,cycles/inst
GPU[1].SA[4].CU[3],CPIStack.Fetch,0.0578762755102039,cycles/inst
GPU[1].SA[4].CU[3],CPIStack.Idle,0.000637755102040864,cycles/inst
GPU[1].SA[4].CU[3],CPIStack.ScalarInst,0.0247130102040818,cycles/inst
GPU[1].SA[4].CU[3],CPIStack.ScalarMem,0.074617346938775,cycles/inst
GPU[1].SA[4].CU[3],CPIStack.ScalarMemInst,0.00191326530612259,cycles/inst
GPU[1].SA[4].CU[3],CPIStack.Special,0.000637755102040594,cycles/inst
GPU[1].SA[4].CU[3],CPIStack.VALU,0.901626275510204,cycles/inst
GPU[1].SA[4].CU[3],CPIStack.VMem,0.0390625000000011,cycles/inst
GPU[1].SA[4].CU[3],CPIStack.VMemInst,0.0070153061224487,cycles/inst
GPU[1].SA[4].CU[3],CPIStack.total,1.71269132653061,cycles/inst
GPU[1].SA[4].CU[3],SIMDCPIStack.Branch,0.0064741035856568,cycles/inst
GPU[1].SA[4].CU[3],SIMDCPIStack.Fetch,0.0903884462151392,cycles/inst
GPU[1].SA[4].CU[3],SIMDCPIStack.Idle,0.000996015936255055,cycles/inst
GPU[1].SA[4].CU[3],SIMDCPIStack.ScalarInst,0.0385956175298807,cycles/inst
GPU[1].SA[4].CU[3],SIMDCPIStack.ScalarMem,0.116533864541832,cycles/inst
GPU[1].SA[4].CU[3],SIMDCPIStack.ScalarMemInst,0.00298804780876516,cycles/inst
GPU[1].SA[4].CU[3],SIMDCPIStack.Special,0.000996015936254633,cycles/inst
GPU[1].SA[4].CU[3],SIMDCPIStack.VALU,1.40811752988048,cycles/inst
GPU[1].SA[4].CU[3],SIMDCPIStack.VMem,0.0610059760956193,cycles/inst
GPU[1].SA[4].CU[3],SIMDCPIStack.VMemInst,0.0109561752988043,cycles/inst
GPU[1].SA[4].CU[3],SIMDCPIStack.total,2.67480079681275,cycles/inst
GPU[1].SA[5].CU[0],CPIStack.Branch,0.00398596938775547,cycles/inst
GPU[1].SA[5].CU[0],CPIStack.Fetch,0.0581951530612241,cycles/inst
GPU[1].SA[5].CU[0],CPIStack.Idle,0.000637755102040864,cycles/inst
GPU[1].SA[5].CU[0],CPIStack.ScalarInst,0.0245535714285712,cycles/inst
GPU[1].SA[5].CU[0],CPIStack.ScalarMem,0.0648915816326527,cycles/inst
GPU[1].SA[5].CU[0],CPIStack.ScalarMemInst,0.00223214285714302,cycles/inst
GPU[1].SA[5].CU[0],CPIStack.Special,0.000797193877551148,cycles/inst
GPU[1].SA[5].CU[0],CPIStack.VALU,0.906887755102041,cycles/inst
GPU[1].SA[5].CU[0],CPIStack.VMem,0.0307716836734696,cycles/inst
GPU[1].SA[5].CU[0],CPIStack.VMemInst,0.00685586734693868,cycles/inst
GPU[1].SA[5].CU[0],CPIStack.total,1.71269132653061,cycles/inst
GPU[1].SA[5].CU[0],SIMDCPIStack.Branch,0.0062250996015942,cycles/inst
GPU[1].SA[5].CU[0],SIMDCPIStack.Fetch,0.0908864541832663,cycles/inst
GPU[1].SA[5].CU[0],SIMDCPIStack.Idle,0.000996015936255055,cycles/inst
GPU[1].SA[5].CU[0],SIMDCPIStack.ScalarInst,0.0383466135458164,cycles/inst
GPU[1].SA[5].CU[0],SIMDCPIStack.ScalarMem,0.101344621513944,cycles/inst
GPU[1].SA[5].CU[0],SIMDCPIStack.ScalarMemInst,0.00348605577689269,cycles/inst
GPU[1].SA[5].CU[0],SIMDCPIStack.Special,0.00124501992031892,cycles/inst
GPU[1].SA[5].CU[0],SIMDCPIStack.VALU,1.41633466135458,cycles/inst
GPU[1].SA[5].CU[0],SIMDCPIStack.VMem,0.0480577689243031,cycles/inst
GPU[1].SA[5].CU[0],SIMDCPIStack.VMemInst,0.0107071713147409,cycles/inst
GPU[1].SA[5].CU[0],SIMDCPIStack.total,2.67480079681275,cycles/inst
GPU[1].SA[5].CU[1],CPIStack.Branch,0.00143494897959201,cycles/inst
GPU[1].SA[5].CU[1],CPIStack.Fetch,0.0543686224489794,cycles/inst
GPU[1].SA[5].CU[1],CPIStack.Idle,0.000318877551020567,cycles/inst
GPU[1].SA[5].CU[1],CPIStack.ScalarInst,0.00860969387755072,cycles/inst
GPU[1].SA[5].CU[1],CPIStack.ScalarMem,0.0602678571428571,cycles/inst
GPU[1].SA[5].CU[1],CPIStack.ScalarMemInst,0.000956632653061296,cycles/inst
GPU[1].SA[5].CU[1],CPIStack.Special,0.000159438775510284,cycles/inst
GPU[1].SA[5].CU[1],CPIStack.VALU,0.886798469387755,cycles/inst
GPU[1].SA[5].CU[1],CPIStack.VMem,0.0205676020408166,cycles/inst
GPU[1].SA[5].CU[1],CPIStack.VMemInst,0.00318877551020405,cycles/inst
GPU[1].SA[5].CU[1],CPIStack.total,1.71269132653061,cycles/inst
GPU[1].SA[5].CU[1],SIMDCPIStack.Branch,0.00224103585657398,cycles/inst
GPU[1].SA[5].CU[1],SIMDCPIStack.Fetch,0.0849103585657368,cycles/inst
GPU[1].SA[5].CU[1],SIMDCPIStack.Idle,0.000498007968127738,cycles/inst
GPU[1].SA[5].CU[1],SIMDCPIStack.ScalarInst,0.0134462151394418,cycles/inst
GPU[1].SA[5].CU[1],SIMDCPIStack.ScalarMem,0.0941235059760955,cycles/inst
GPU[1].SA[5].CU[1],SIMDCPIStack.ScalarMemInst,0.00149402390438258,cycles/inst
GPU[1].SA[5].CU[1],SIMDCPIStack.Special,0.000249003984063869,cycles/inst
GPU[1].SA[5].CU[1],SIMDCPIStack.VALU,1.38496015936255,cycles/inst
GPU[1].SA[5].CU[1],SIMDCPIStack.VMem,0.0321215139442235,cycles/inst
GPU[1].SA[5].CU[1],SIMDCPIStack.VMemInst,0.00498007968127485,cycles/inst
GPU[1].SA[5].CU[1],SIMDCPIStack.total,2.67480079681275,cycles/inst
GPU[1].SA[5].CU[2],CPIStack.Branch,0.00302933673469404,cycles/inst
GPU[1].SA[5].CU[2],CPIStack.Fetch,0.0540497448979591,cycles/inst
GPU[1].SA[5].CU[2],CPIStack.Idle,0.000159438775510284,cycles/inst
GPU[1].SA[5].CU[2],CPIStack.ScalarInst,0.0135522959183668,cycles/inst
GPU[1].SA[5].CU[2],CPIStack.ScalarMem,0.0725446428571427,cycles/inst
GPU[1].SA[5].CU[2],CPIStack.ScalarMemInst,0.000478316326530716,cycles/inst
GPU[1].SA[5].CU[2],CPIStack.Special,0.0,cycles/inst
GPU[1].SA[5].CU[2],CPIStack.VALU,0.846141581632653,cycles/inst
GPU[1].SA[5].CU[2],CPIStack.VMem,0.0245535714285718,cycles/inst
GPU[1].SA[5].CU[2],CPIStack.VMemInst,0.000797193877551148,cycles/inst
GPU[1].SA[5].CU[2],CPIStack.total,1.71269132653061,cycles/inst
GPU[1].SA[5].CU[2],SIMDCPIStack.Branch,0.00473107569721141,cycles/inst
GPU[1].SA[5].CU[2],SIMDCPIStack.Fetch,0.0844123505976095,cycles/inst
GPU[1].SA[5].CU[2],SIMDCPIStack.Idle,0.000249003984063869,cycles/inst
GPU[1].SA[5].CU[2],SIMDCPIStack.ScalarInst,0.0211653386454175,cycles/inst
GPU[1].SA[5].CU[2],SIMDCPIStack.ScalarMem,0.113296812749004,cycles/inst
GPU[1].SA[5].CU[2],SIMDCPIStack.ScalarMemInst,0.000747011952191397,cycles/inst
GPU[1].SA[5].CU[2],SIMDCPIStack.Special,0.0,cycles/inst
GPU[1].SA[5].CU[2],SIMDCPIStack.VALU,1.32146414342629,cycles/inst
GPU[1].SA[5].CU[2],SIMDCPIStack.VMem,0.0383466135458173,cycles/inst
GPU[1].SA[5].CU[2],SIMDCPIStack.VMemInst,0.00124501992031892,cycles/inst
GPU[1].SA[5].CU[2],SIMDCPIStack.total,2.67480079681275,cycles/inst
GPU[1].SA[5].CU[3],CPIStack.Branch,0.00302933673469377,cycles/inst
GPU[1].SA[5].CU[3],CPIStack.Fetch,0.0562818877551019,cycles/inst
GPU[1].SA[5].CU[3],CPIStack.Idle,0.000318877551020297,cycles/inst
GPU[1].SA[5].CU[3],CPIStack.ScalarInst,0.0232780612244895,cycles/inst
GPU[1].SA[5].CU[3],CPIStack.ScalarMem,0.072544642857143,cycles/inst
GPU[1].SA[5].CU[3],CPIStack.ScalarMemInst,0.000956632653061431,cycles/inst
GPU[1].SA[5].CU[3],CPIStack.Special,0.000159438775510284,cycles/inst
GPU[1].SA[5].CU[3],CPIStack.VALU,0.842952806122449,cycles/inst
GPU[1].SA[5].CU[3],CPIStack.VMem,0.0393813775510203,cycles/inst
GPU[1].SA[5].CU[3],CPIStack.VMemInst,0.00414540816326521,cycles/inst
GPU[1].SA[5].CU[3],CPIStack.total,1.71269132653061,cycles/inst
GPU[1].SA[5].CU[3],SIMDCPIStack.Branch,0.00473107569721098,cycles/inst
GPU[1].SA[5].CU[3],SIMDCPIStack.Fetch,0.0878984063745017,cycles/inst
GPU[1].SA[5].CU[3],SIMDCPIStack.Idle,0.000498007968127317,cycles/inst
GPU[1].SA[5].CU[3],SIMDCPIStack.ScalarInst,0.0363545816733063,cycles/inst
GPU[1].SA[5].CU[3],SIMDCPIStack.ScalarMem,0.113296812749004,cycles/inst
GPU[1].SA[5].CU[3],SIMDCPIStack.ScalarMemInst,0.00149402390438279,cycles/inst
GPU[1].SA[5].CU[3],SIMDCPIStack.Special,0.000249003984063869,cycles/inst
GPU[1].SA[5].CU[3],SIMDCPIStack.VALU,1.31648406374502,cycles/inst
GPU[1].SA[5].CU[3],SIMDCPIStack.VMem,0.0615039840637449,cycles/inst
GPU[1].SA[5].CU[3],SIMDCPIStack.VMemInst,0.00647410358565722,cycles/inst
GPU[1].SA[5].CU[3],SIMDCPIStack.total,2.67480079681275,cycles/inst
GPU[1].SA[6].CU[0],CPIStack.Branch,0.001275510204082,cycles/inst
GPU[1].SA[6].CU[0],CPIStack.Fetch,0.0545280612244896,cycles/inst
GPU[1].SA[6].CU[0],CPIStack.Idle,0.000318877551020432,cycles/inst
GPU[1].SA[6].CU[0],CPIStack.ScalarInst,0.0122767857142851,cycles/inst
GPU[1].SA[6].CU[0],CPIStack.ScalarMem,0.0605867346938778,cycles/inst
GPU[1].SA[6].CU[0],CPIStack.ScalarMemInst,0.000478316326530716,cycles/inst
GPU[1].SA[6].CU[0],CPIStack.Special,0.000159438775510284,cycles/inst
GPU[1].SA[6].CU[0],CPIStack.VALU,0.894610969387755,cycles/inst
GPU[1].SA[6].CU[0],CPIStack.VMem,0.0165816326530614,cycles/inst
GPU[1].SA[6].CU[0],CPIStack.VMemInst,0.00318877551020405,cycles/inst
GPU[1].SA[6].CU[0],CPIStack.total,1.7125318877551,cycles/inst
GPU[1].SA[6].CU[0],SIMDCPIStack.Branch,0.00199203187251053,cycles/inst
GPU[1].SA[6].CU[0],SIMDCPIStack.Fetch,0.0851593625498004,cycles/inst
GPU[1].SA[6].CU[0],SIMDCPIStack.Idle,0.000498007968127527,cycles/inst
GPU[1].SA[6].CU[0],SIMDCPIStack.ScalarInst,0.0191733067729074,cycles/inst
GPU[1].SA[6].CU[0],SIMDCPIStack.ScalarMem,0.0946215139442235,cycles/inst
GPU[1].SA[6].CU[0],SIMDCPIStack.ScalarMemInst,0.000747011952191397,cycles/inst
GPU[1].SA[6].CU[0],SIMDCPIStack.Special,0.000249003984063869,cycles/inst
GPU[1].SA[6].CU[0],SIMDCPIStack.VALU,1.39716135458167,cycles/inst
GPU[1].SA[6].CU[0],SIMDCPIStack.VMem,0.0258964143426297,cycles/inst
GPU[1].SA[6].CU[0],SIMDCPIStack.VMemInst,0.00498007968127485,cycles/inst
GPU[1].SA[6].CU[0],SIMDCPIStack.total,2.67455179282869,cycles/inst
GPU[1].SA[6].CU[1],CPIStack.Branch,0.00223214285714289,cycles/inst
GPU[1].SA[6].CU[1],CPIStack.Fetch,0.0551658163265307,cycles/inst
GPU[1].SA[6].CU[1],CPIStack.Idle,0.000159438775510149,cycles/inst
GPU[1].SA[6].CU[1],CPIStack.ScalarInst,0.0151466836734694,cycles/inst
GPU[1].SA[6].CU[1],CPIStack.ScalarMem,0.0610650510204085,cycles/inst
GPU[1].SA[6].CU[1],CPIStack.ScalarMemInst,0.00143494897959188,cycles/inst
GPU[1].SA[6].CU[1],CPIStack.Special,0.0,cycles/inst
GPU[1].SA[6].CU[1],CPIStack.VALU,0.938456632653061,cycles/inst
GPU[1].SA[6].CU[1],CPIStack.VMem,0.0272640306122444,cycles/inst
GPU[1].SA[6].CU[1],CPIStack.VMemInst,0.00334821428571433,cycles/inst
GPU[1].SA[6].CU[1],CPIStack.total,1.7125318877551,cycles/inst
GPU[1].SA[6].CU[1],SIMDCPIStack.Branch,0.00348605577689248,cycles/inst
GPU[1].SA[6].CU[1],SIMDCPIStack.Fetch,0.0861553784860559,cycles/inst
GPU[1].SA[6].CU[1],SIMDCPIStack.Idle,0.000249003984063658,cycles/inst
GPU[1].SA[6].CU[1],SIMDCPIStack.ScalarInst,0.0236553784860558,cycles/inst
GPU[1].SA[6].CU[1],SIMDCPIStack.ScalarMem,0.0953685258964149,cycles/inst
GPU[1].SA[6].CU[1],SIMDCPIStack.ScalarMemInst,0.00224103585657377,cycles/inst
GPU[1].SA[6].CU[1],SIMDCPIStack.Special,0.0,cycles/inst
GPU[1].SA[6].CU[1],SIMDCPIStack.VALU,1.4656374501992,cycles/inst
GPU[1].SA[6].CU[1],SIMDCPIStack.VMem,0.0425796812748997,cycles/inst
GPU[1].SA[6].CU[1],SIMDCPIStack.VMemInst,0.00522908366533872,cycles/inst
GPU[1].SA[6].CU[1],SIMDCPIStack.total,2.67455179282869,cycles/inst
GPU[1].SA[6].CU[2],CPIStack.Branch,0.00334821428571487,cycles/inst
GPU[1].SA[6].CU[2],CPIStack.Fetch,0.055484693877551,cycles/inst
GPU[1].SA[6].CU[2],CPIStack.Idle,0.000318877551020432,cycles/inst
GPU[1].SA[6].CU[2],CPIStack.ScalarInst,0.0226403061224489,cycles/inst
GPU[1].SA[6].CU[2],CPIStack.ScalarMem,0.0739795918367344,cycles/inst
GPU[1].SA[6].CU[2],CPIStack.ScalarMemInst,0.000478316326530716,cycles/inst
GPU[1].SA[6].CU[2],CPIStack.Special,0.000159438775510284,cycles/inst
GPU[1].SA[6].CU[2],CPIStack.VALU,0.830357142857143,cycles/inst
GPU[1].SA[6].CU[2],CPIStack.VMem,0.03172831632653,cycles/inst
GPU[1].SA[6].CU[2],CPIStack.VMemInst,0.00334821428571433,cycles/inst
GPU[1].SA[6].CU[2],CPIStack.total,1.7125318877551,cycles/inst
GPU[1].SA[6].CU[2],SIMDCPIStack.Branch,0.00522908366533957,cycles/inst
GPU[1].SA[6].CU[2],SIMDCPIStack.Fetch,0.0866533864541832,cycles/inst
GPU[1].SA[6].CU[2],SIMDCPIStack.Idle,0.000498007968127527,cycles/inst
GPU[1].SA[6].CU[2],SIMDCPIStack.ScalarInst,0.0353585657370517,cycles/inst
GPU[1].SA[6].CU[2],SIMDCPIStack.ScalarMem,0.115537848605577,cycles/inst
GPU[1].SA[6].CU[2],SIMDCPIStack.ScalarMemInst,0.000747011952191397,cycles/inst
GPU[1].SA[6].CU[2],SIMDCPIStack.Special,0.000249003984063869,cycles/inst
GPU[1].SA[6].CU[2],SIMDCPIStack.VALU,1.29681274900398,cycles/inst
GPU[1].SA[6].CU[2],SIMDCPIStack.VMem,0.0495517928286842,cycles/inst
GPU[1].SA[6].CU[2],SIMDCPIStack.VMemInst,0.00522908366533872,cycles/inst
GPU[1].SA[6].CU[2],SIMDCPIStack.total,2.67455179282869,cycles/inst
GPU[1].SA[6].CU[3],CPIStack.Branch,0.00271045918367347,cycles/inst
GPU[1].SA[6].CU[3],CPIStack.Fetch,0.0545280612244897,cycles/inst
GPU[1].SA[6].CU[3],CPIStack.Idle,0.000318877551020162,cycles/inst
GPU[1].SA[6].CU[3],CPIStack.ScalarInst,0.0140306122448979,cycles/inst
GPU[1].SA[6].CU[3],CPIStack.ScalarMem,0.0714285714285715,cycles/inst
GPU[1].SA[6].CU[3],CPIStack.ScalarMemInst,0.000956632653061161,cycles/inst
GPU[1].SA[6].CU[3],CPIStack.Special,0.000159438775510284,cycles/inst
GPU[1].SA[6].CU[3],CPIStack.VALU,0.890784438775511,cycles/inst
GPU[1].SA[6].CU[3],CPIStack.VMem,0.0226403061224487,cycles/inst
GPU[1].SA[6].CU[3],CPIStack.VMemInst,0.00446428571428551,cycles/inst
GPU[1].SA[6].CU[3],CPIStack.total,1.7125318877551,cycles/inst
GPU[1].SA[6].CU[3],SIMDCPIStack.Branch,0.00423306772908367,cycles/inst
GPU[1].SA[6].CU[3],SIMDCPIStack.Fetch,0.0851593625498007,cycles/inst
GPU[1].SA[6].CU[3],SIMDCPIStack.Idle,0.000498007968127106,cycles/inst
GPU[1].SA[6].CU[3],SIMDCPIStack.ScalarInst,0.0219123505976095,cycles/inst
GPU[1].SA[6].CU[3],SIMDCPIStack.ScalarMem,0.111553784860558,cycles/inst
GPU[1].SA[6].CU[3],SIMDCPIStack.ScalarMemInst,0.00149402390438237,cycles/inst
GPU[1].SA[6].CU[3],SIMDCPIStack.Special,0.000249003984063869,cycles/inst
GPU[1].SA[6].CU[3],SIMDCPIStack.VALU,1.39118525896414,cycles/inst
GPU[1].SA[6].CU[3],SIMDCPIStack.VMem,0.0353585657370513,cycles/inst
GPU[1].SA[6].CU[3],SIMDCPIStack.VMemInst,0.00697211155378454,cycles/inst
GPU[1].SA[6].CU[3],SIMDCPIStack.total,2.67455179282869,cycles/inst
GPU[1].SA[7].CU[0],CPIStack.Branch,0.00271045918367374,cycles/inst
GPU[1].SA[7].CU[0],CPIStack.Fetch,0.0545280612244896,cycles/inst
GPU[1].SA[7].CU[0],CPIStack.Idle,0.000318877551020432,cycles/inst
GPU[1].SA[7].CU[0],CPIStack.ScalarInst,0.0169005102040814,cycles/inst
GPU[1].SA[7].CU[0],CPIStack.ScalarMem,0.0599489795918372,cycles/inst
GPU[1].SA[7].CU[0],CPIStack.ScalarMemInst,0.000956632653061296,cycles/inst
GPU[1].SA[7].CU[0],CPIStack.Special,0.000159438775510284,cycles/inst
GPU[1].SA[7].CU[0],CPIStack.VALU,0.904177295918367,cycles/inst
GPU[1].SA[7].CU[0],CPIStack.VMem,0.0157844387755102,cycles/inst
GPU[1].SA[7].CU[0],CPIStack.VMemInst,0.0043048469387755,cycles/inst
GPU[1].SA[7].CU[0],CPIStack.total,1.7125318877551,cycles/inst
GPU[1].SA[7].CU[0],SIMDCPIStack.Branch,0.00423306772908409,cycles/inst
GPU[1].SA[7].CU[0],SIMDCPIStack.Fetch,0.0851593625498004,cycles/inst
GPU[1].SA[7].CU[0],SIMDCPIStack.Idle,0.000498007968127527,cycles/inst
GPU[1].SA[7].CU[0],SIMDCPIStack.ScalarInst,0.0263944223107566,cycles/inst
GPU[1].SA[7].CU[0],SIMDCPIStack.ScalarMem,0.0936254980079688,cycles/inst
GPU[1].SA[7].CU[0],SIMDCPIStack.ScalarMemInst,0.00149402390438258,cycles/inst
GPU[1].SA[7].CU[0],SIMDCPIStack.Special,0.000249003984063869,cycles/inst
GPU[1].SA[7].CU[0],SIMDCPIStack.VALU,1.4121015936255,cycles/inst
GPU[1].SA[7].CU[0],SIMDCPIStack.VMem,0.0246513944223108,cycles/inst
GPU[1].SA[7].CU[0],SIMDCPIStack.VMemInst,0.00672310756972109,cycles/inst
GPU[1].SA[7].CU[0],SIMDCPIStack.total,2.67455179282869,cycles/inst
GPU[1].SA[7].CU[1],CPIStack.Branch,0.00127551020408146,cycles/inst
GPU[1].SA[7].CU[1],CPIStack.Fetch,0.0532525510204081,cycles/inst
GPU[1].SA[7].CU[1],CPIStack.Idle,0.000159438775510149,cycles/inst
GPU[1].SA[7].CU[1],CPIStack.ScalarInst,0.00797193877551094,cycles/inst
GPU[1].SA[7].CU[1],CPIStack.ScalarMem,0.061065051020408,cycles/inst
GPU[1].SA[7].CU[1],CPIStack.ScalarMemInst,0.000478316326530716,cycles/inst
GPU[1].SA[7].CU[1],CPIStack.Special,0.0,cycles/inst
GPU[1].SA[7].CU[1],CPIStack.VALU,0.958227040816326,cycles/inst
GPU[1].SA[7].CU[1],CPIStack.VMem,0.0220025510204081,cycles/inst
GPU[1].SA[7].CU[1],CPIStack.VMemInst,0.00446428571428551,cycles/inst
GPU[1].SA[7].CU[1],CPIStack.total,1.7125318877551,cycles/inst
GPU[1].SA[7].CU[1],SIMDCPIStack.Branch,0.00199203187250969,cycles/inst
GPU[1].SA[7].CU[1],SIMDCPIStack.Fetch,0.0831673306772907,cycles/inst
GPU[1].SA[7].CU[1],SIMDCPIStack.Idle,0.000249003984063658,cycles/inst
GPU[1].SA[7].CU[1],SIMDCPIStack.ScalarInst,0.0124501992031884,cycles/inst
GPU[1].SA[7].CU[1],SIMDCPIStack.ScalarMem,0.095368525896414,cycles/inst
GPU[1].SA[7].CU[1],SIMDCPIStack.ScalarMemInst,0.000747011952191397,cycles/inst
GPU[1].SA[7].CU[1],SIMDCPIStack.Special,0.0,cycles/inst
GPU[1].SA[7].CU[1],SIMDCPIStack.VALU,1.49651394422311,cycles/inst
GPU[1].SA[7].CU[1],SIMDCPIStack.VMem,0.0343625498007967,cycles/inst
GPU[1].SA[7].CU[1],SIMDCPIStack.VMemInst,0.00697211155378454,cycles/inst
GPU[1].SA[7].CU[1],SIMDCPIStack.total,2.67455179282869,cycles/inst
GPU[1].SA[7].CU[2],CPIStack.Branch,0.00286989795918375,cycles/inst
GPU[1].SA[7].CU[2],CPIStack.Fetch,0.0562818877551019,cycles/inst
GPU[1].SA[7].CU[2],CPIStack.Idle,0.000159438775510149,cycles/inst
GPU[1].SA[7].CU[2],CPIStack.ScalarInst,0.0234374999999998,cycles/inst
GPU[1].SA[7].CU[2],CPIStack.ScalarMem,0.0747767857142859,cycles/inst
GPU[1].SA[7].CU[2],CPIStack.ScalarMemInst,0.000956632653061296,cycles/inst
GPU[1].SA[7].CU[2],CPIStack.Special,0.0,cycles/inst
GPU[1].SA[7].CU[2],CPIStack.VALU,0.846301020408163,cycles/inst
GPU[1].SA[7].CU[2],CPIStack.VMem,0.0338010204081634,cycles/inst
GPU[1].SA[7].CU[2],CPIStack.VMemInst,0.00239158163265317,cycles/inst
GPU[1].SA[7].CU[2],CPIStack.total,1.7125318877551,cycles/inst
GPU[1].SA[7].CU[2],SIMDCPIStack.Branch,0.00448207171314754,cycles/inst
GPU[1].SA[7].CU[2],SIMDCPIStack.Fetch,0.0878984063745017,cycles/inst
GPU[1].SA[7].CU[2],SIMDCPIStack.Idle,0.000249003984063658,cycles/inst
GPU[1].SA[7].CU[2],SIMDCPIStack.ScalarInst,0.0366035856573702,cycles/inst
GPU[1].SA[7].CU[2],SIMDCPIStack.ScalarMem,0.116782868525897,cycles/inst
GPU[1].SA[7].CU[2],SIMDCPIStack.ScalarMemInst,0.00149402390438258,cycles/inst
GPU[1].SA[7].CU[2],SIMDCPIStack.Special,0.0,cycles/inst
GPU[1].SA[7].CU[2],SIMDCPIStack.VALU,1.32171314741036,cycles/inst
GPU[1].SA[7].CU[2],SIMDCPIStack.VMem,0.0527888446215141,cycles/inst
GPU[1].SA[7].CU[2],SIMDCPIStack.VMemInst,0.00373505976095635,cycles/inst
GPU[1].SA[7].CU[2],SIMDCPIStack.total,2.67455179282869,cycles/inst
GPU[1].SA[7].CU[3],CPIStack.Branch,0.00334821428571406,cycles/inst
GPU[1].SA[7].CU[3],CPIStack.Fetch,0.0561224489795917,cycles/inst
GPU[1].SA[7].CU[3],CPIStack.Idle,0.000478316326530446,cycles/inst
GPU[1].SA[7].CU[3],CPIStack.ScalarInst,0.0149872448979591,cycles/inst
GPU[1].SA[7].CU[3],CPIStack.ScalarMem,0.0722257653061224,cycles/inst
GPU[1].SA[7].CU[3],CPIStack.ScalarMemInst,0.000956632653061161,cycles/inst
GPU[1].SA[7].CU[3],CPIStack.Special,0.000318877551020297,cycles/inst
GPU[1].SA[7].CU[3],CPIStack.VALU,0.910076530612245,cycles/inst
GPU[1].SA[7].CU[3],CPIStack.VMem,0.0261479591836738,cycles/inst
GPU[1].SA[7].CU[3],CPIStack.VMemInst,0.00462372448979606,cycles/inst
GPU[1].SA[7].CU[3],CPIStack.total,1.7125318877551,cycles/inst
GPU[1].SA[7].CU[3],SIMDCPIStack.Branch,0.0052290836653383,cycles/inst
GPU[1].SA[7].CU[3],SIMDCPIStack.Fetch,0.0876494023904381,cycles/inst
GPU[1].SA[7].CU[3],SIMDCPIStack.Idle,0.000747011952190975,cycles/inst
GPU[1].SA[7].CU[3],SIMDCPIStack.ScalarInst,0.0234063745019919,cycles/inst
GPU[1].SA[7].CU[3],SIMDCPIStack.ScalarMem,0.112798804780876,cycles/inst
GPU[1].SA[7].CU[3],SIMDCPIStack.ScalarMemInst,0.00149402390438237,cycles/inst
GPU[1].SA[7].CU[3],SIMDCPIStack.Special,0.000498007968127317,cycles/inst
GPU[1].SA[7].CU[3],SIMDCPIStack.VALU,1.42131474103586,cycles/inst
GPU[1].SA[7].CU[3],SIMDCPIStack.VMem,0.0408366533864547,cycles/inst
GPU[1].SA[7].CU[3],SIMDCPIStack.VMemInst,0.00722111553784883,cycles/inst
GPU[1].SA[7].CU[3],SIMDCPIStack.total,2.67455179282869,cycles/inst
GPU[1].SA[8].CU[0],CPIStack.Branch,0.00175382653061231,cycles/inst
GPU[1].SA[8].CU[0],CPIStack.Fetch,0.054209183673469,cycles/inst
GPU[1].SA[8].CU[0],CPIStack.Idle,0.000159438775510284,cycles/inst
GPU[1].SA[8].CU[0],CPIStack.ScalarInst,0.0176977040816326,cycles/inst
GPU[1].SA[8].CU[0],CPIStack.ScalarMem,0.0613839285714284,cycles/inst
GPU[1].SA[8].CU[0],CPIStack.ScalarMemInst,0.000478316326530716,cycles/inst
GPU[1].SA[8].CU[0],CPIStack.Special,0.0,cycles/inst
GPU[1].SA[8].CU[0],CPIStack.VALU,0.877710459183674,cycles/inst
GPU[1].SA[8].CU[0],CPIStack.VMem,0.0208864795918369,cycles/inst
GPU[1].SA[8].CU[0],CPIStack.VMemInst,0.00286989795918375,cycles/inst
GPU[1].SA[8].CU[0],CPIStack.total,1.71237244897959,cycles/inst
GPU[1].SA[8].CU[0],SIMDCPIStack.Branch,0.0027390438247013,cycles/inst
GPU[1].SA[8].CU[0],SIMDCPIStack.Fetch,0.0846613545816727,cycles/inst
GPU[1].SA[8].CU[0],SIMDCPIStack.Idle,0.000249003984063869,cycles/inst
GPU[1].SA[8].CU[0],SIMDCPIStack.ScalarInst,0.0276394422310756,cycles/inst
GPU[1].SA[8].CU[0],SIMDCPIStack.ScalarMem,0.0958665338645416,cycles/inst
GPU[1].SA[8].CU[0],SIMDCPIStack.ScalarMemInst,0.000747011952191397,cycles/inst
GPU[1].SA[8].CU[0],SIMDCPIStack.Special,0.0,cycles/inst
GPU[1].SA[8].CU[0],SIMDCPIStack.VALU,1.37076693227092,cycles/inst
GPU[1].SA[8].CU[0],SIMDCPIStack.VMem,0.0326195219123508,cycles/inst
GPU[1].SA[8].CU[0],SIMDCPIStack.VMemInst,0.00448207171314754,cycles/inst
GPU[1].SA[8].CU[0],SIMDCPIStack.total,2.67430278884462,cycles/inst
GPU[1].SA[8].CU[1],CPIStack.Branch,0.00127551020408173,cycles/inst
GPU[1].SA[8].CU[1],CPIStack.Fetch,0.0546874999999999,cycles/inst
GPU[1].SA[8].CU[1],CPIStack.Idle,0.000318877551020297,cycles/inst
GPU[1].SA[8].CU[1],CPIStack.ScalarInst,0.0117984693877556,cycles/inst
GPU[1].SA[8].CU[1],CPIStack.ScalarMem,0.0602678571428571,cycles/inst
GPU[1].SA[8].CU[1],CPIStack.ScalarMemInst,0.000956632653061296,cycles/inst
GPU[1].SA[8].CU[1],CPIStack.Special,0.000159438775510284,cycles/inst
GPU[1].SA[8].CU[1],CPIStack.VALU,0.916613520408163,cycles/inst
GPU[1].SA[8].CU[1],CPIStack.VMem,0.036033163265306,cycles/inst
GPU[1].SA[8].CU[1],CPIStack.VMemInst,0.00398596938775493,cycles/inst
GPU[1].SA[8].CU[1],CPIStack.total,1.71237244897959,cycles/inst
GPU[1].SA[8].CU[1],SIMDCPIStack.Branch,0.00199203187251011,cycles/inst
GPU[1].SA[8].CU[1],SIMDCPIStack.Fetch,0.0854083665338643,cycles/inst
GPU[1].SA[8].CU[1],SIMDCPIStack.Idle,0.000498007968127317,cycles/inst
GPU[1].SA[8].CU[1],SIMDCPIStack.ScalarInst,0.0184262948207179,cycles/inst
GPU[1].SA[8].CU[1],SIMDCPIStack.ScalarMem,0.0941235059760955,cycles/inst
GPU[1].SA[8].CU[1],SIMDCPIStack.ScalarMemInst,0.00149402390438258,cycles/inst
GPU[1].SA[8].CU[1],SIMDCPIStack.Special,0.000249003984063869,cycles/inst
GPU[1].SA[8].CU[1],SIMDCPIStack.VALU,1.43152390438247,cycles/inst
GPU[1].SA[8].CU[1],SIMDCPIStack.VMem,0.0562749003984062,cycles/inst
GPU[1].SA[8].CU[1],SIMDCPIStack.VMemInst,0.00622509960159335,cycles/inst
GPU[1].SA[8].CU[1],SIMDCPIStack.total,2.67430278884462,cycles/inst
GPU[1].SA[8].CU[2],CPIStack.Branch,0.0023915816326529,cycles/inst
GPU[1].SA[8].CU[2],CPIStack.Fetch,0.0553252551020407,cycles/inst
GPU[1].SA[8].CU[2],CPIStack.Idle,0.000318877551020567,cycles/inst
GPU[1].SA[8].CU[2],CPIStack.ScalarInst,0.0159438775510211,cycles/inst
GPU[1].SA[8].CU[2],CPIStack.ScalarMem,0.0747767857142853,cycles/inst
GPU[1].SA[8].CU[2],CPIStack.ScalarMemInst,0.000956632653061296,cycles/inst
GPU[1].SA[8].CU[2],CPIStack.Special,0.000159438775510013,cycles/inst
GPU[1].SA[8].CU[2],CPIStack.VALU,0.891103316326531,cycles/inst
GPU[1].SA[8].CU[2],CPIStack.VMem,0.0344387755102042,cycles/inst
GPU[1].SA[8].CU[2],CPIStack.VMemInst,0.00446428571428578,cycles/inst
GPU[1].SA[8].CU[2],CPIStack.total,1.71237244897959,cycles/inst
GPU[1].SA[8].CU[2],SIMDCPIStack.Branch,0.00373505976095593,cycles/inst
GPU[1].SA[8].CU[2],SIMDCPIStack.Fetch,0.0864043824701194,cycles/inst
GPU[1].SA[8].CU[2],SIMDCPIStack.Idle,0.000498007968127738,cycles/inst
GPU[1].SA[8].CU[2],SIMDCPIStack.ScalarInst,0.0249003984063755,cycles/inst
GPU[1].SA[8].CU[2],SIMDCPIStack.ScalarMem,0.116782868525896,cycles/inst
GPU[1].SA[8].CU[2],SIMDCPIStack.ScalarMemInst,0.00149402390438258,cycles/inst
GPU[1].SA[8].CU[2],SIMDCPIStack.Special,0.000249003984063447,cycles/inst
GPU[1].SA[8].CU[2],SIMDCPIStack.VALU,1.39168326693227,cycles/inst
GPU[1].SA[8].CU[2],SIMDCPIStack.VMem,0.0537848605577692,cycles/inst
GPU[1].SA[8].CU[2],SIMDCPIStack.VMemInst,0.00697211155378496,cycles/inst
GPU[1].SA[8].CU[2],SIMDCPIStack.total,2.67430278884462,cycles/inst
GPU[1].SA[8].CU[3],CPIStack.Branch,0.00398596938775493,cycles/inst
GPU[1].SA[8].CU[3],CPIStack.Fetch,0.0559630102040815,cycles/inst
GPU[1].SA[8].CU[3],CPIStack.Idle,0.000318877551020297,cycles/inst
GPU[1].SA[8].CU[3],CPIStack.ScalarInst,0.0259885204081635,cycles/inst
GPU[1].SA[8].CU[3],CPIStack.ScalarMem,0.0749362244897959,cycles/inst
GPU[1].SA[8].CU[3],CPIStack.ScalarMemInst,0.000956632653061161,cycles/inst
GPU[1].SA[8].CU[3],CPIStack.Special,0.000159438775510284,cycles/inst
GPU[1].SA[8].CU[3],CPIStack.VALU,0.856505102040816,cycles/inst
GPU[1].SA[8].CU[3],CPIStack.VMem,0.0381058673469391,cycles/inst
GPU[1].SA[8].CU[3],CPIStack.VMemInst,0.00318877551020405,cycles/inst
GPU[1].SA[8].CU[3],CPIStack.total,1.71237244897959,cycles/inst
GPU[1].SA[8].CU[3],SIMDCPIStack.Branch,0.00622509960159335,cycles/inst
GPU[1].SA[8].CU[3],SIMDCPIStack.Fetch,0.0874003984063742,cycles/inst
GPU[1].SA[8].CU[3],SIMDCPIStack.Idle,0.000498007968127317,cycles/inst
GPU[1].SA[8].CU[3],SIMDCPIStack.ScalarInst,0.0405876494023908,cycles/inst
GPU[1].SA[8].CU[3],SIMDCPIStack.ScalarMem,0.11703187250996,cycles/inst
GPU[1].SA[8].CU[3],SIMDCPIStack.ScalarMemInst,0.00149402390438237,cycles/inst
GPU[1].SA[8].CU[3],SIMDCPIStack.Special,0.000249003984063869,cycles/inst
GPU[1].SA[8].CU[3],SIMDCPIStack.VALU,1.33764940239044,cycles/inst
GPU[1].SA[8].CU[3],SIMDCPIStack.VMem,0.0595119521912356,cycles/inst
GPU[1].SA[8].CU[3],SIMDCPIStack.VMemInst,0.00498007968127485,cycles/inst
GPU[1].SA[8].CU[3],SIMDCPIStack.total,2.67430278884462,cycles/inst
GPU[1].SA[9].CU[0],CPIStack.Branch,0.00430484693877577,cycles/inst
GPU[1].SA[9].CU[0],CPIStack.Fetch,0.0548469387755099,cycles/inst
GPU[1].SA[9].CU[0],CPIStack.Idle,0.000318877551020567,cycles/inst
GPU[1].SA[9].CU[0],CPIStack.ScalarInst,0.0207270408163263,cycles/inst
GPU[1].SA[9].CU[0],CPIStack.ScalarMem,0.0620216836734695,cycles/inst
GPU[1].SA[9].CU[0],CPIStack.ScalarMemInst,0.000478316326530716,cycles/inst
GPU[1].SA[9].CU[0],CPIStack.Special,0.000159438775510284,cycles/inst
GPU[1].SA[9].CU[0],CPIStack.VALU,0.894451530612245,cycles/inst
GPU[1].SA[9].CU[0],CPIStack.VMem,0.0207270408163261,cycles/inst
GPU[1].SA[9].CU[0],CPIStack.VMemInst,0.00318877551020405,cycles/inst
GPU[1].SA[9].CU[0],CPIStack.total,1.71237244897959,cycles/inst
GPU[1].SA[9].CU[0],SIMDCPIStack.Branch,0.00672310756972152,cycles/inst
GPU[1].SA[9].CU[0],SIMDCPIStack.Fetch,0.0856573705179278,cycles/inst
GPU[1].SA[9].CU[0],SIMDCPIStack.Idle,0.000498007968127738,cycles/inst
GPU[1].SA[9].CU[0],SIMDCPIStack.ScalarInst,0.0323705179282865,cycles/inst
GPU[1].SA[9].CU[0],SIMDCPIStack.ScalarMem,0.096862549800797,cycles/inst
GPU[1].SA[9].CU[0],SIMDCPIStack.ScalarMemInst,0.000747011952191397,cycles/inst
GPU[1].SA[9].CU[0],SIMDCPIStack.Special,0.000249003984063869,cycles/inst
GPU[1].SA[9].CU[0],SIMDCPIStack.VALU,1.39691235059761,cycles/inst
GPU[1].SA[9].CU[0],SIMDCPIStack.VMem,0.0323705179282861,cycles/inst
GPU[1].SA[9].CU[0],SIMDCPIStack.VMemInst,0.00498007968127485,cycles/inst
GPU[1].SA[9].CU[0],SIMDCPIStack.total,2.67430278884462,cycles/inst
GPU[1].SA[9].CU[1],CPIStack.Branch,0.00127551020408173,cycles/inst
GPU[1].SA[9].CU[1],CPIStack.Fetch,0.0530931122448978,cycles/inst
GPU[1].SA[9].CU[1],CPIStack.Idle,0.000159438775510284,cycles/inst
GPU[1].SA[9].CU[1],CPIStack.ScalarInst,0.0108418367346942,cycles/inst
GPU[1].SA[9].CU[1],CPIStack.ScalarMem,0.0594706632653059,cycles/inst
GPU[1].SA[9].CU[1],CPIStack.ScalarMemInst,0.000478316326530716,cycles/inst
GPU[1].SA[9].CU[1],CPIStack.Special,0.0,cycles/inst
GPU[1].SA[9].CU[1],CPIStack.VALU,0.905293367346939,cycles/inst
GPU[1].SA[9].CU[1],CPIStack.VMem,0.0299744897959185,cycles/inst
GPU[1].SA[9].CU[1],CPIStack.VMemInst,0.00366709183673436,cycles/inst
GPU[1].SA[9].CU[1],CPIStack.total,1.71237244897959,cycles/inst
GPU[1].SA[9].CU[1],SIMDCPIStack.Branch,0.00199203187251011,cycles/inst
GPU[1].SA[9].CU[1],SIMDCPIStack.Fetch,0.0829183266932269,cycles/inst
GPU[1].SA[9].CU[1],SIMDCPIStack.Idle,0.000249003984063869,cycles/inst
GPU[1].SA[9].CU[1],SIMDCPIStack.ScalarInst,0.0169322709163351,cycles/inst
GPU[1].SA[9].CU[1],SIMDCPIStack.ScalarMem,0.0928784860557766,cycles/inst
GPU[1].SA[9].CU[1],SIMDCPIStack.ScalarMemInst,0.000747011952191397,cycles/inst
GPU[1].SA[9].CU[1],SIMDCPIStack.Special,0.0,cycles/inst
GPU[1].SA[9].CU[1],SIMDCPIStack.VALU,1.41384462151394,cycles/inst
GPU[1].SA[9].CU[1],SIMDCPIStack.VMem,0.0468127490039842,cycles/inst
GPU[1].SA[9].CU[1],SIMDCPIStack.VMemInst,0.00572709163346562,cycles/inst
GPU[1].SA[9].CU[1],SIMDCPIStack.total,2.67430278884462,cycles/inst
GPU[1].SA[9].CU[2],CPIStack.Branch,0.00398596938775574,cycles/inst
GPU[1].SA[9].CU[2],CPIStack.Fetch,0.0553252551020407,cycles/inst
GPU[1].SA[9].CU[2],CPIStack.Idle,0.000318877551020567,cycles/inst
GPU[1].SA[9].CU[2],CPIStack.ScalarInst,0.0250318877551024,cycles/inst
GPU[1].SA[9].CU[2],CPIStack.ScalarMem,0.0752551020408159,cycles/inst
GPU[1].SA[9].CU[2],CPIStack.ScalarMemInst,0.000956632653061296,cycles/inst
GPU[1].SA[9].CU[2],CPIStack.Special,0.000318877551020297,cycles/inst
GPU[1].SA[9].CU[2],CPIStack.VALU,0.891262755102041,cycles/inst
GPU[1].SA[9].CU[2],CPIStack.VMem,0.0326849489795914,cycles/inst
GPU[1].SA[9].CU[2],CPIStack.VMemInst,0.00446428571428578,cycles/inst
GPU[1].SA[9].CU[2],CPIStack.total,1.71237244897959,cycles/inst
GPU[1].SA[9].CU[2],SIMDCPIStack.Branch,0.00622509960159462,cycles/inst
GPU[1].SA[9].CU[2],SIMDCPIStack.Fetch,0.0864043824701194,cycles/inst
GPU[1].SA[9].CU[2],SIMDCPIStack.Idle,0.000498007968127738,cycles/inst
GPU[1].SA[9].CU[2],SIMDCPIStack.ScalarInst,0.0390936254980085,cycles/inst
GPU[1].SA[9].CU[2],SIMDCPIStack.ScalarMem,0.117529880478087,cycles/inst
GPU[1].SA[9].CU[2],SIMDCPIStack.ScalarMemInst,0.00149402390438258,cycles/inst
GPU[1].SA[9].CU[2],SIMDCPIStack.Special,0.000498007968127317,cycles/inst
GPU[1].SA[9].CU[2],SIMDCPIStack.VALU,1.39193227091633,cycles/inst
GPU[1].SA[9].CU[2],SIMDCPIStack.VMem,0.051045816733067,cycles/inst
GPU[1].SA[9].CU[2],SIMDCPIStack.VMemInst,0.00697211155378496,cycles/inst
GPU[1].SA[9].CU[2],SIMDCPIStack.total,2.67430278884462,cycles/inst
GPU[1].SA[9].CU[3],CPIStack.Branch,0.00302933673469377,cycles/inst
GPU[1].SA[9].CU[3],CPIStack.Fetch,0.0543686224489794,cycles/inst
GPU[1].SA[9].CU[3],CPIStack.Idle,0.000318877551020567,cycles/inst
GPU[1].SA[9].CU[3],CPIStack.ScalarInst,0.0173788265306117,cycles/inst
GPU[1].SA[9].CU[3],CPIStack.ScalarMem,0.0730229591836738,cycles/inst
GPU[1].SA[9].CU[3],CPIStack.ScalarMemInst,0.000478316326530581,cycles/inst
GPU[1].SA[9].CU[3],CPIStack.Special,0.000159438775510284,cycles/inst
GPU[1].SA[9].CU[3],CPIStack.VALU,0.878826530612245,cycles/inst
GPU[1].SA[9].CU[3],CPIStack.VMem,0.0290178571428576,cycles/inst
GPU[1].SA[9].CU[3],CPIStack.VMemInst,0.00318877551020405,cycles/inst
GPU[1].SA[9].CU[3],CPIStack.total,1.71237244897959,cycles/inst
GPU[1].SA[9].CU[3],SIMDCPIStack.Branch,0.00473107569721098,cycles/inst
GPU[1].SA[9].CU[3],SIMDCPIStack.Fetch,0.0849103585657368,cycles/inst
GPU[1].SA[9].CU[3],SIMDCPIStack.Idle,0.000498007968127738,cycles/inst
GPU[1].SA[9].CU[3],SIMDCPIStack.ScalarInst,0.0271414342629474,cycles/inst
GPU[1].SA[9].CU[3],SIMDCPIStack.ScalarMem,0.114043824701196,cycles/inst
GPU[1].SA[9].CU[3],SIMDCPIStack.ScalarMemInst,0.000747011952191186,cycles/inst
GPU[1].SA[9].CU[3],SIMDCPIStack.Special,0.000249003984063869,cycles/inst
GPU[1].SA[9].CU[3],SIMDCPIStack.VALU,1.37250996015936,cycles/inst
GPU[1].SA[9].CU[3],SIMDCPIStack.VMem,0.0453187250996023,cycles/inst
GPU[1].SA[9].CU[3],SIMDCPIStack.VMemInst,0.00498007968127485,cycles/inst
GPU[1].SA[9].CU[3],SIMDCPIStack.total,2.67430278884462,cycles/inst
GPU[1].SA[10].CU[0],CPIStack.Branch,0.00271045918367347,cycles/inst
GPU[1].SA[10].CU[0],CPIStack.Fetch,0.0553252551020406,cycles/inst
GPU[1].SA[10].CU[0],CPIStack.Idle,0.000318877551020432,cycles/inst
GPU[1].SA[10].CU[0],CPIStack.ScalarInst,0.0108418367346939,cycles/inst
GPU[1].SA[10].CU[0],CPIStack.ScalarMem,0.0615433673469392,cycles/inst
GPU[1].SA[10].CU[0],CPIStack.ScalarMemInst,0.000956632653061296,cycles/inst
GPU[1].SA[10].CU[0],CPIStack.Special,0.000159438775510284,cycles/inst
GPU[1].SA[10].CU[0],CPIStack.VALU,0.90704719387755,cycles/inst
GPU[1].SA[10].CU[0],CPIStack.VMem,0.0251913265306124,cycles/inst
GPU[1].SA[10].CU[0],CPIStack.VMemInst,0.00350765306122435,cycles/inst
GPU[1].SA[10].CU[0],CPIStack.total,1.71221301020408,cycles/inst
GPU[1].SA[10].CU[0],SIMDCPIStack.Branch,0.00423306772908367,cycles/inst
GPU[1].SA[10].CU[0],SIMDCPIStack.Fetch,0.0864043824701192,cycles/inst
GPU[1].SA[10].CU[0],SIMDCPIStack.Idle,0.000498007968127527,cycles/inst
GPU[1].SA[10].CU[0],SIMDCPIStack.ScalarInst,0.0169322709163347,cycles/inst
GPU[1].SA[10].CU[0],SIMDCPIStack.ScalarMem,0.0961155378486063,cycles/inst
GPU[1].SA[10].CU[0],SIMDCPIStack.ScalarMemInst,0.00149402390438258,cycles/inst
GPU[1].SA[10].CU[0],SIMDCPIStack.Special,0.000249003984063869,cycles/inst
GPU[1].SA[10].CU[0],SIMDCPIStack.VALU,1.41658366533864,cycles/inst
GPU[1].SA[10].CU[0],SIMDCPIStack.VMem,0.0393426294820719,cycles/inst
GPU[1].SA[10].CU[0],SIMDCPIStack.VMemInst,0.00547808764940217,cycles/inst
GPU[1].SA[10].CU[0],SIMDCPIStack.total,2.67405378486056,cycles/inst
GPU[1].SA[10].CU[1],CPIStack.Branch,0.00127551020408173,cycles/inst
GPU[1].SA[10].CU[1],CPIStack.Fetch,0.0545280612244897,cycles/inst
GPU[1].SA[10].CU[1],CPIStack.Idle,0.000318877551020162,cycles/inst
GPU[1].SA[10].CU[1],CPIStack.ScalarInst,0.0090880102040813,cycles/inst
GPU[1].SA[10].CU[1],CPIStack.ScalarMem,0.0607461734693879,cycles/inst
GPU[1].SA[10].CU[1],CPIStack.ScalarMemInst,0.000478316326530716,cycles/inst
GPU[1].SA[10].CU[1],CPIStack.Special,0.0,cycles/inst
GPU[1].SA[10].CU[1],CPIStack.VALU,0.893176020408164,cycles/inst
GPU[1].SA[10].CU[1],CPIStack.VMem,0.0301339285714287,cycles/inst
GPU[1].SA[10].CU[1],CPIStack.VMemInst,0.00318877551020405,cycles/inst
GPU[1].SA[10].CU[1],CPIStack.total,1.71221301020408,cycles/inst
GPU[1].SA[10].CU[1],SIMDCPIStack.Branch,0.00199203187251011,cycles/inst
GPU[1].SA[10].CU[1],SIMDCPIStack.Fetch,0.0851593625498007,cycles/inst
GPU[1].SA[10].CU[1],SIMDCPIStack.Idle,0.000498007968127106,cycles/inst
GPU[1].SA[10].CU[1],SIMDCPIStack.ScalarInst,0.014193227091633,cycles/inst
GPU[1].SA[10].CU[1],SIMDCPIStack.ScalarMem,0.0948705179282871,cycles/inst
GPU[1].SA[10].CU[1],SIMDCPIStack.ScalarMemInst,0.000747011952191397,cycles/inst
GPU[1].SA[10].CU[1],SIMDCPIStack.Special,0.0,cycles/inst
GPU[1].SA[10].CU[1],SIMDCPIStack.VALU,1.3949203187251,cycles/inst
GPU[1].SA[10].CU[1],SIMDCPIStack.VMem,0.0470617529880481,cycles/inst
GPU[1].SA[10].CU[1],SIMDCPIStack.VMemInst,0.00498007968127485,cycles/inst
GPU[1].SA[10].CU[1],SIMDCPIStack.total,2.67405378486056,cycles/inst
GPU[1].SA[10].CU[2],CPIStack.Branch,0.00255102040816346,cycles/inst
GPU[1].SA[10].CU[2],CPIStack.Fetch,0.0551658163265306,cycles/inst
GPU[1].SA[10].CU[2],CPIStack.Idle,0.000318877551020432,cycles/inst
GPU[1].SA[10].CU[2],CPIStack.ScalarInst,0.0208864795918363,cycles/inst
GPU[1].SA[10].CU[2],CPIStack.ScalarMem,0.0747767857142853,cycles/inst
GPU[1].SA[10].CU[2],CPIStack.ScalarMemInst,0.000956632653061296,cycles/inst
GPU[1].SA[10].CU[2],CPIStack.Special,0.000159438775510284,cycles/inst
GPU[1].SA[10].CU[2],CPIStack.VALU,0.900829081632654,cycles/inst
GPU[1].SA[10].CU[2],CPIStack.VMem,0.0320471938775511,cycles/inst
GPU[1].SA[10].CU[2],CPIStack.VMemInst,0.00558035714285695,cycles/inst
GPU[1].SA[10].CU[2],CPIStack.total,1.71221301020408,cycles/inst
GPU[1].SA[10].CU[2],SIMDCPIStack.Branch,0.00398406374502022,cycles/inst
GPU[1].SA[10].CU[2],SIMDCPIStack.Fetch,0.0861553784860557,cycles/inst
GPU[1].SA[10].CU[2],SIMDCPIStack.Idle,0.000498007968127527,cycles/inst
GPU[1].SA[10].CU[2],SIMDCPIStack.ScalarInst,0.03261952191235,cycles/inst
GPU[1].SA[10].CU[2],SIMDCPIStack.ScalarMem,0.116782868525896,cycles/inst
GPU[1].SA[10].CU[2],SIMDCPIStack.ScalarMemInst,0.00149402390438258,cycles/inst
GPU[1].SA[10].CU[2],SIMDCPIStack.Special,0.000249003984063869,cycles/inst
GPU[1].SA[10].CU[2],SIMDCPIStack.VALU,1.40687250996016,cycles/inst
GPU[1].SA[10].CU[2],SIMDCPIStack.VMem,0.0500498007968128,cycles/inst
GPU[1].SA[10].CU[2],SIMDCPIStack.VMemInst,0.00871513944223078,cycles/inst
GPU[1].SA[10].CU[2],SIMDCPIStack.total,2.67405378486056,cycles/inst
GPU[1].SA[10].CU[3],CPIStack.Branch,0.00159438775510203,cycles/inst
GPU[1].SA[10].CU[3],CPIStack.Fetch,0.0526147959183672,cycles/inst
GPU[1].SA[10].CU[3],CPIStack.Idle,0.000159438775510149,cycles/inst
GPU[1].SA[10].CU[3],CPIStack.ScalarInst,0.0130739795918362,cycles/inst
GPU[1].SA[10].CU[3],CPIStack.ScalarMem,0.0728635204081633,cycles/inst
GPU[1].SA[10].CU[3],CPIStack.ScalarMemInst,0.000478316326530581,cycles/inst
GPU[1].SA[10].CU[3],CPIStack.Special,0.0,cycles/inst
GPU[1].SA[10].CU[3],CPIStack.VALU,0.886320153061225,cycles/inst
GPU[1].SA[10].CU[3],CPIStack.VMem,0.0199298469387757,cycles/inst
GPU[1].SA[10].CU[3],CPIStack.VMemInst,0.000318877551020297,cycles/inst
GPU[1].SA[10].CU[3],CPIStack.total,1.71221301020408,cycles/inst
GPU[1].SA[10].CU[3],SIMDCPIStack.Branch,0.00249003984063743,cycles/inst
GPU[1].SA[10].CU[3],SIMDCPIStack.Fetch,0.0821713147410357,cycles/inst
GPU[1].SA[10].CU[3],SIMDCPIStack.Idle,0.000249003984063658,cycles/inst
GPU[1].SA[10].CU[3],SIMDCPIStack.ScalarInst,0.0204183266932263,cycles/inst
GPU[1].SA[10].CU[3],SIMDCPIStack.ScalarMem,0.113794820717131,cycles/inst
GPU[1].SA[10].CU[3],SIMDCPIStack.ScalarMemInst,0.000747011952191186,cycles/inst
GPU[1].SA[10].CU[3],SIMDCPIStack.Special,0.0,cycles/inst
GPU[1].SA[10].CU[3],SIMDCPIStack.VALU,1.38421314741036,cycles/inst
GPU[1].SA[10].CU[3],SIMDCPIStack.VMem,0.0311254980079685,cycles/inst
GPU[1].SA[10].CU[3],SIMDCPIStack.VMemInst,0.000498007968127317,cycles/inst
GPU[1].SA[10].CU[3],SIMDCPIStack.total,2.67405378486056,cycles/inst
GPU[1].SA[11].CU[0],CPIStack.Branch,0.00382653061224573,cycles/inst
GPU[1].SA[11].CU[0],CPIStack.Fetch,0.0573979591836732,cycles/inst
GPU[1].SA[11].CU[0],CPIStack.Idle,0.000637755102040729,cycles/inst
GPU[1].SA[11].CU[0],CPIStack.ScalarInst,0.0215242346938772,cycles/inst
GPU[1].SA[11].CU[0],CPIStack.ScalarMem,0.0623405612244901,cycles/inst
GPU[1].SA[11].CU[0],CPIStack.ScalarMemInst,0.00143494897959188,cycles/inst
GPU[1].SA[11].CU[0],CPIStack.Special,0.000478316326530581,cycles/inst
GPU[1].SA[11].CU[0],CPIStack.VALU,0.87531887755102,cycles/inst
GPU[1].SA[11].CU[0],CPIStack.VMem,0.0301339285714282,cycles/inst
GPU[1].SA[11].CU[0],CPIStack.VMemInst,0.00589923469387752,cycles/inst
GPU[1].SA[11].CU[0],CPIStack.total,1.71221301020408,cycles/inst
GPU[1].SA[11].CU[0],SIMDCPIStack.Branch,0.00597609561753117,cycles/inst
GPU[1].SA[11].CU[0],SIMDCPIStack.Fetch,0.0896414342629478,cycles/inst
GPU[1].SA[11].CU[0],SIMDCPIStack.Idle,0.000996015936254844,cycles/inst
GPU[1].SA[11].CU[0],SIMDCPIStack.ScalarInst,0.033615537848605,cycles/inst
GPU[1].SA[11].CU[0],SIMDCPIStack.ScalarMem,0.0973605577689248,cycles/inst
GPU[1].SA[11].CU[0],SIMDCPIStack.ScalarMemInst,0.00224103585657377,cycles/inst
GPU[1].SA[11].CU[0],SIMDCPIStack.Special,0.000747011952191186,cycles/inst
GPU[1].SA[11].CU[0],SIMDCPIStack.VALU,1.36703187250996,cycles/inst
GPU[1].SA[11].CU[0],SIMDCPIStack.VMem,0.0470617529880472,cycles/inst
GPU[1].SA[11].CU[0],SIMDCPIStack.VMemInst,0.00921314741035852,cycles/inst
GPU[1].SA[11].CU[0],SIMDCPIStack.total,2.67405378486056,cycles/inst
GPU[1].SA[11].CU[1],CPIStack.Branch,0.00223214285714262,cycles/inst
GPU[1].SA[11].CU[1],CPIStack.Fetch,0.0556441326530614,cycles/inst
GPU[1].SA[11].CU[1],CPIStack.Idle,0.000478316326530446,cycles/inst
GPU[1].SA[11].CU[1],CPIStack.ScalarInst,0.0119579081632651,cycles/inst
GPU[1].SA[11].CU[1],CPIStack.ScalarMem,0.0618622448979594,cycles/inst
GPU[1].SA[11].CU[1],CPIStack.ScalarMemInst,0.000956632653061296,cycles/inst
GPU[1].SA[11].CU[1],CPIStack.Special,0.000318877551020297,cycles/inst
GPU[1].SA[11].CU[1],CPIStack.VALU,0.951849489795918,cycles/inst
GPU[1].SA[11].CU[1],CPIStack.VMem,0.0352359693877554,cycles/inst
GPU[1].SA[11].CU[1],CPIStack.VMemInst,0.00446428571428578,cycles/inst
GPU[1].SA[11].CU[1],CPIStack.total,1.71221301020408,cycles/inst
GPU[1].SA[11].CU[1],SIMDCPIStack.Branch,0.00348605577689206,cycles/inst
GPU[1].SA[11].CU[1],SIMDCPIStack.Fetch,0.0869023904382473,cycles/inst
GPU[1].SA[11].CU[1],SIMDCPIStack.Idle,0.000747011952190975,cycles/inst
GPU[1].SA[11].CU[1],SIMDCPIStack.ScalarInst,0.0186752988047805,cycles/inst
GPU[1].SA[11].CU[1],SIMDCPIStack.ScalarMem,0.0966135458167334,cycles/inst
GPU[1].SA[11].CU[1],SIMDCPIStack.ScalarMemInst,0.00149402390438258,cycles/inst
GPU[1].SA[11].CU[1],SIMDCPIStack.Special,0.000498007968127317,cycles/inst
GPU[1].SA[11].CU[1],SIMDCPIStack.VALU,1.48655378486056,cycles/inst
GPU[1].SA[11].CU[1],SIMDCPIStack.VMem,0.0550298804780881,cycles/inst
GPU[1].SA[11].CU[1],SIMDCPIStack.VMemInst,0.00697211155378496,cycles/inst
GPU[1].SA[11].CU[1],SIMDCPIStack.total,2.67405378486056,cycles/inst
GPU[1].SA[11].CU[2],CPIStack.Branch,0.00286989795918402,cycles/inst
GPU[1].SA[11].CU[2],CPIStack.Fetch,0.0538903061224491,cycles/inst
GPU[1].SA[11].CU[2],CPIStack.Idle,0.000318877551020162,cycles/inst
GPU[1].SA[11].CU[2],CPIStack.ScalarInst,0.0127551020408162,cycles/inst
GPU[1].SA[11].CU[2],CPIStack.ScalarMem,0.0741390306122447,cycles/inst
GPU[1].SA[11].CU[2],CPIStack.ScalarMemInst,0.000956632653061566,cycles/inst
GPU[1].SA[11].CU[2],CPIStack.Special,0.000159438775510284,cycles/inst
GPU[1].SA[11].CU[2],CPIStack.VALU,0.88345025510204,cycles/inst
GPU[1].SA[11].CU[2],CPIStack.VMem,0.0310905612244899,cycles/inst
GPU[1].SA[11].CU[2],CPIStack.VMemInst,0.00414540816326521,cycles/inst
GPU[1].SA[11].CU[2],CPIStack.total,1.71221301020408,cycles/inst
GPU[1].SA[11].CU[2],SIMDCPIStack.Branch,0.00448207171314796,cycles/inst
GPU[1].SA[11].CU[2],SIMDCPIStack.Fetch,0.084163346613546,cycles/inst
GPU[1].SA[11].CU[2],SIMDCPIStack.Idle,0.000498007968127106,cycles/inst
GPU[1].SA[11].CU[2],SIMDCPIStack.ScalarInst,0.0199203187250994,cycles/inst
GPU[1].SA[11].CU[2],SIMDCPIStack.ScalarMem,0.115786852589641,cycles/inst
GPU[1].SA[11].CU[2],SIMDCPIStack.ScalarMemInst,0.001494023904383,cycles/inst
GPU[1].SA[11].CU[2],SIMDCPIStack.Special,0.000249003984063869,cycles/inst
GPU[1].SA[11].CU[2],SIMDCPIStack.VALU,1.37973107569721,cycles/inst
GPU[1].SA[11].CU[2],SIMDCPIStack.VMem,0.0485557768924305,cycles/inst
GPU[1].SA[11].CU[2],SIMDCPIStack.VMemInst,0.00647410358565722,cycles/inst
GPU[1].SA[11].CU[2],SIMDCPIStack.total,2.67405378486056,cycles/inst
GPU[1].SA[11].CU[3],CPIStack.Branch,0.00271045918367374,cycles/inst
GPU[1].SA[11].CU[3],CPIStack.Fetch,0.0543686224489796,cycles/inst
GPU[1].SA[11].CU[3],CPIStack.Idle,0.000478316326530716,cycles/inst
GPU[1].SA[11].CU[3],CPIStack.ScalarInst,0.0138711734693874,cycles/inst
GPU[1].SA[11].CU[3],CPIStack.ScalarMem,0.0715880102040818,cycles/inst
GPU[1].SA[11].CU[3],CPIStack.ScalarMemInst,0.000956632653061161,cycles/inst
GPU[1].SA[11].CU[3],CPIStack.Special,0.000318877551020297,cycles/inst
GPU[1].SA[11].CU[3],CPIStack.VALU,0.889349489795918,cycles/inst
GPU[1].SA[11].CU[3],CPIStack.VMem,0.0247130102040818,cycles/inst
GPU[1].SA[11].CU[3],CPIStack.VMemInst,0.00446428571428578,cycles/inst
GPU[1].SA[11].CU[3],CPIStack.total,1.71221301020408,cycles/inst
GPU[1].SA[11].CU[3],SIMDCPIStack.Branch,0.00423306772908409,cycles/inst
GPU[1].SA[11].CU[3],SIMDCPIStack.Fetch,0.084910358565737,cycles/inst
GPU[1].SA[11].CU[3],SIMDCPIStack.Idle,0.000747011952191397,cycles/inst
GPU[1].SA[11].CU[3],SIMDCPIStack.ScalarInst,0.0216633466135452,cycles/inst
GPU[1].SA[11].CU[3],SIMDCPIStack.ScalarMem,0.111802788844622,cycles/inst
GPU[1].SA[11].CU[3],SIMDCPIStack.ScalarMemInst,0.00149402390438237,cycles/inst
GPU[1].SA[11].CU[3],SIMDCPIStack.Special,0.000498007968127317,cycles/inst
GPU[1].SA[11].CU[3],SIMDCPIStack.VALU,1.38894422310757,cycles/inst
GPU[1].SA[11].CU[3],SIMDCPIStack.VMem,0.0385956175298807,cycles/inst
GPU[1].SA[11].CU[3],SIMDCPIStack.VMemInst,0.00697211155378496,cycles/inst
GPU[1].SA[11].CU[3],SIMDCPIStack.total,2.67405378486056,cycles/inst
GPU[1].SA[12].CU[0],CPIStack.Branch,0.001275510204082,cycles/inst
GPU[1].SA[12].CU[0],CPIStack.Fetch,0.054049744897959,cycles/inst
GPU[1].SA[12].CU[0],CPIStack.Idle,0.000318877551020432,cycles/inst
GPU[1].SA[12].CU[0],CPIStack.ScalarInst,0.00813137755101987,cycles/inst
GPU[1].SA[12].CU[0],CPIStack.ScalarMem,0.0607461734693875,cycles/inst
GPU[1].SA[12].CU[0],CPIStack.ScalarMemInst,0.000956632653061566,cycles/inst
GPU[1].SA[12].CU[0],CPIStack.Special,0.000159438775510013,cycles/inst
GPU[1].SA[12].CU[0],CPIStack.VALU,0.928571428571429,cycles/inst
GPU[1].SA[12].CU[0],CPIStack.VMem,0.0167410714285714,cycles/inst
GPU[1].SA[12].CU[0],CPIStack.VMemInst,0.00446428571428578,cycles/inst
GPU[1].SA[12].CU[0],CPIStack.total,1.71205357142857,cycles/inst
GPU[1].SA[12].CU[0],SIMDCPIStack.Branch,0.00199203187251053,cycles/inst
GPU[1].SA[12].CU[0],SIMDCPIStack.Fetch,0.0844123505976093,cycles/inst
GPU[1].SA[12].CU[0],SIMDCPIStack.Idle,0.000498007968127527,cycles/inst
GPU[1].SA[12].CU[0],SIMDCPIStack.ScalarInst,0.0126992031872502,cycles/inst
GPU[1].SA[12].CU[0],SIMDCPIStack.ScalarMem,0.0948705179282865,cycles/inst
GPU[1].SA[12].CU[0],SIMDCPIStack.ScalarMemInst,0.001494023904383,cycles/inst
GPU[1].SA[12].CU[0],SIMDCPIStack.Special,0.000249003984063447,cycles/inst
GPU[1].SA[12].CU[0],SIMDCPIStack.VALU,1.45019920318725,cycles/inst
GPU[1].SA[12].CU[0],SIMDCPIStack.VMem,0.0261454183266932,cycles/inst
GPU[1].SA[12].CU[0],SIMDCPIStack.VMemInst,0.00697211155378496,cycles/inst
GPU[1].SA[12].CU[0],SIMDCPIStack.total,2.67380478087649,cycles/inst
GPU[1].SA[12].CU[1],CPIStack.Branch,0.00159438775510176,cycles/inst
GPU[1].SA[12].CU[1],CPIStack.Fetch,0.0543686224489796,cycles/inst
GPU[1].SA[12].CU[1],CPIStack.Idle,0.000318877551020432,cycles/inst
GPU[1].SA[12].CU[1],CPIStack.ScalarInst,0.0186543367346937,cycles/inst
GPU[1].SA[12].CU[1],CPIStack.ScalarMem,0.0610650510204085,cycles/inst
GPU[1].SA[12].CU[1],CPIStack.ScalarMemInst,0.000956632653061296,cycles/inst
GPU[1].SA[12].CU[1],CPIStack.Special,0.000159438775510284,cycles/inst
GPU[1].SA[12].CU[1],CPIStack.VALU,0.853316326530612,cycles/inst
GPU[1].SA[12].CU[1],CPIStack.VMem,0.0306122448979591,cycles/inst
GPU[1].SA[12].CU[1],CPIStack.VMemInst,0.00446428571428578,cycles/inst
GPU[1].SA[12].CU[1],CPIStack.total,1.71205357142857,cycles/inst
GPU[1].SA[12].CU[1],SIMDCPIStack.Branch,0.002490039840637,cycles/inst
GPU[1].SA[12].CU[1],SIMDCPIStack.Fetch,0.084910358565737,cycles/inst
GPU[1].SA[12].CU[1],SIMDCPIStack.Idle,0.000498007968127527,cycles/inst
GPU[1].SA[12].CU[1],SIMDCPIStack.ScalarInst,0.0291334661354579,cycles/inst
GPU[1].SA[12].CU[1],SIMDCPIStack.ScalarMem,0.0953685258964149,cycles/inst
GPU[1].SA[12].CU[1],SIMDCPIStack.ScalarMemInst,0.00149402390438258,cycles/inst
GPU[1].SA[12].CU[1],SIMDCPIStack.Special,0.000249003984063869,cycles/inst
GPU[1].SA[12].CU[1],SIMDCPIStack.VALU,1.33266932270916,cycles/inst
GPU[1].SA[12].CU[1],SIMDCPIStack.VMem,0.0478087649402388,cycles/inst
GPU[1].SA[12].CU[1],SIMDCPIStack.VMemInst,0.00697211155378496,cycles/inst
GPU[1].SA[12].CU[1],SIMDCPIStack.total,2.67380478087649,cycles/inst
GPU[1].SA[12].CU[2],CPIStack.Branch,0.00255102040816346,cycles/inst
GPU[1].SA[12].CU[2],CPIStack.Fetch,0.0550063775510204,cycles/inst
GPU[1].SA[12].CU[2],CPIStack.Idle,0.000159438775510149,cycles/inst
GPU[1].SA[12].CU[2],CPIStack.ScalarInst,0.0234375000000001,cycles/inst
GPU[1].SA[12].CU[2],CPIStack.ScalarMem,0.075733418367347,cycles/inst
GPU[1].SA[12].CU[2],CPIStack.ScalarMemInst,0.000478316326530716,cycles/inst
GPU[1].SA[12].CU[2],CPIStack.Special,0.0,cycles/inst
GPU[1].SA[12].CU[2],CPIStack.VALU,0.813297193877551,cycles/inst
GPU[1].SA[12].CU[2],CPIStack.VMem,0.0403380102040815,cycles/inst
GPU[1].SA[12].CU[2],CPIStack.VMemInst,0.00302933673469404,cycles/inst
GPU[1].SA[12].CU[2],CPIStack.total,1.71205357142857,cycles/inst
GPU[1].SA[12].CU[2],SIMDCPIStack.Branch,0.00398406374502022,cycles/inst
GPU[1].SA[12].CU[2],SIMDCPIStack.Fetch,0.0859063745019921,cycles/inst
GPU[1].SA[12].CU[2],SIMDCPIStack.Idle,0.000249003984063658,cycles/inst
GPU[1].SA[12].CU[2],SIMDCPIStack.ScalarInst,0.0366035856573706,cycles/inst
GPU[1].SA[12].CU[2],SIMDCPIStack.ScalarMem,0.118276892430279,cycles/inst
GPU[1].SA[12].CU[2],SIMDCPIStack.ScalarMemInst,0.000747011952191397,cycles/inst
GPU[1].SA[12].CU[2],SIMDCPIStack.Special,0.0,cycles/inst
GPU[1].SA[12].CU[2],SIMDCPIStack.VALU,1.27016932270916,cycles/inst
GPU[1].SA[12].CU[2],SIMDCPIStack.VMem,0.0629980079681273,cycles/inst
GPU[1].SA[12].CU[2],SIMDCPIStack.VMemInst,0.00473107569721141,cycles/inst
GPU[1].SA[12].CU[2],SIMDCPIStack.total,2.67380478087649,cycles/inst
GPU[1].SA[12].CU[3],CPIStack.Branch,0.00302933673469377,cycles/inst
GPU[1].SA[12].CU[3],CPIStack.Fetch,0.052933673469388,cycles/inst
GPU[1].SA[12].CU[3],CPIStack.Idle,0.000318877551020162,cycles/inst
GPU[1].SA[12].CU[3],CPIStack.ScalarInst,0.0124362244897954,cycles/inst
GPU[1].SA[12].CU[3],CPIStack.ScalarMem,0.0706313775510207,cycles/inst
GPU[1].SA[12].CU[3],CPIStack.ScalarMemInst,0.000478316326530581,cycles/inst
GPU[1].SA[12].CU[3],CPIStack.Special,0.000159438775510013,cycles/inst
GPU[1].SA[12].CU[3],CPIStack.VALU,0.924585459183674,cycles/inst
GPU[1].SA[12].CU[3],CPIStack.VMem,0.0227997448979592,cycles/inst
GPU[1].SA[12].CU[3],CPIStack.VMemInst,0.00318877551020405,cycles/inst
GPU[1].SA[12].CU[3],CPIStack.total,1.71205357142857,cycles/inst
GPU[1].SA[12].CU[3],SIMDCPIStack.Branch,0.00473107569721098,cycles/inst
GPU[1].SA[12].CU[3],SIMDCPIStack.Fetch,0.0826693227091637,cycles/inst
GPU[1].SA[12].CU[3],SIMDCPIStack.Idle,0.000498007968127106,cycles/inst
GPU[1].SA[12].CU[3],SIMDCPIStack.ScalarInst,0.0194223107569713,cycles/inst
GPU[1].SA[12].CU[3],SIMDCPIStack.ScalarMem,0.110308764940239,cycles/inst
GPU[1].SA[12].CU[3],SIMDCPIStack.ScalarMemInst,0.000747011952191186,cycles/inst
GPU[1].SA[12].CU[3],SIMDCPIStack.Special,0.000249003984063447,cycles/inst
GPU[1].SA[12].CU[3],SIMDCPIStack.VALU,1.44397410358566,cycles/inst
GPU[1].SA[12].CU[3],SIMDCPIStack.VMem,0.0356075697211156,cycles/inst
GPU[1].SA[12].CU[3],SIMDCPIStack.VMemInst,0.00498007968127485,cycles/inst
GPU[1].SA[12].CU[3],SIMDCPIStack.total,2.67380478087649,cycles/inst
GPU[1].SA[13].CU[0],CPIStack.Branch,0.00175382653061204,cycles/inst
GPU[1].SA[13].CU[0],CPIStack.Fetch,0.054049744897959,cycles/inst
GPU[1].SA[13].CU[0],CPIStack.Idle,0.000318877551020432,cycles/inst
GPU[1].SA[13].CU[0],CPIStack.ScalarInst,0.00653698979591839,cycles/inst
GPU[1].SA[13].CU[0],CPIStack.ScalarMem,0.0604272959183675,cycles/inst
GPU[1].SA[13].CU[0],CPIStack.ScalarMemInst,0.000478316326530716,cycles/inst
GPU[1].SA[13].CU[0],CPIStack.Special,0.000159438775510013,cycles/inst
GPU[1].SA[13].CU[0],CPIStack.VALU,0.919005102040817,cycles/inst
GPU[1].SA[13].CU[0],CPIStack.VMem,0.0148278061224488,cycles/inst
GPU[1].SA[13].CU[0],CPIStack.VMemInst,0.00318877551020432,cycles/inst
GPU[1].SA[13].CU[0],CPIStack.total,1.71205357142857,cycles/inst
GPU[1].SA[13].CU[0],SIMDCPIStack.Branch,0.00273904382470087,cycles/inst
GPU[1].SA[13].CU[0],SIMDCPIStack.Fetch,0.0844123505976093,cycles/inst
GPU[1].SA[13].CU[0],SIMDCPIStack.Idle,0.000498007968127527,cycles/inst
GPU[1].SA[13].CU[0],SIMDCPIStack.ScalarInst,0.0102091633466136,cycles/inst
GPU[1].SA[13].CU[0],SIMDCPIStack.ScalarMem,0.0943725099601596,cycles/inst
GPU[1].SA[13].CU[0],SIMDCPIStack.ScalarMemInst,0.000747011952191397,cycles/inst
GPU[1].SA[13].CU[0],SIMDCPIStack.Special,0.000249003984063447,cycles/inst
GPU[1].SA[13].CU[0],SIMDCPIStack.VALU,1.43525896414343,cycles/inst
GPU[1].SA[13].CU[0],SIMDCPIStack.VMem,0.023157370517928,cycles/inst
GPU[1].SA[13].CU[0],SIMDCPIStack.VMemInst,0.00498007968127528,cycles/inst
GPU[1].SA[13].CU[0],SIMDCPIStack.total,2.67380478087649,cycles/inst
GPU[1].SA[13].CU[1],CPIStack.Branch,0.00143494897959201,cycles/inst
GPU[1].SA[13].CU[1],CPIStack.Fetch,0.0535714285714287,cycles/inst
GPU[1].SA[13].CU[1],CPIStack.Idle,0.000159438775510149,cycles/inst
GPU[1].SA[13].CU[1],CPIStack.ScalarInst,0.0159438775510205,cycles/inst
GPU[1].SA[13].CU[1],CPIStack.ScalarMem,0.0602678571428574,cycles/inst
GPU[1].SA[13].CU[1],CPIStack.ScalarMemInst,0.000478316326530716,cycles/inst
GPU[1].SA[13].CU[1],CPIStack.Special,0.0,cycles/inst
GPU[1].SA[13].CU[1],CPIStack.VALU,0.848214285714285,cycles/inst
GPU[1].SA[13].CU[1],CPIStack.VMem,0.030293367346939,cycles/inst
GPU[1].SA[13].CU[1],CPIStack.VMemInst,0.00223214285714289,cycles/inst
GPU[1].SA[13].CU[1],CPIStack.total,1.71205357142857,cycles/inst
GPU[1].SA[13].CU[1],SIMDCPIStack.Branch,0.00224103585657398,cycles/inst
GPU[1].SA[13].CU[1],SIMDCPIStack.Fetch,0.0836653386454185,cycles/inst
GPU[1].SA[13].CU[1],SIMDCPIStack.Idle,0.000249003984063658,cycles/inst
GPU[1].SA[13].CU[1],SIMDCPIStack.ScalarInst,0.0249003984063747,cycles/inst
GPU[1].SA[13].CU[1],SIMDCPIStack.ScalarMem,0.0941235059760959,cycles/inst
GPU[1].SA[13].CU[1],SIMDCPIStack.ScalarMemInst,0.000747011952191397,cycles/inst
GPU[1].SA[13].CU[1],SIMDCPIStack.Special,0.0,cycles/inst
GPU[1].SA[13].CU[1],SIMDCPIStack.VALU,1.32470119521912,cycles/inst
GPU[1].SA[13].CU[1],SIMDCPIStack.VMem,0.0473107569721119,cycles/inst
GPU[1].SA[13].CU[1],SIMDCPIStack.VMemInst,0.00348605577689248,cycles/inst
GPU[1].SA[13].CU[1],SIMDCPIStack.total,2.67380478087649,cycles/inst
GPU[1].SA[13].CU[2],CPIStack.Branch,0.00286989795918402,cycles/inst
GPU[1].SA[13].CU[2],CPIStack.Fetch,0.0534119897959184,cycles/inst
GPU[1].SA[13].CU[2],CPIStack.Idle,0.000159438775510149,cycles/inst
GPU[1].SA[13].CU[2],CPIStack.ScalarInst,0.021843112244898,cycles/inst
GPU[1].SA[13].CU[2],CPIStack.ScalarMem,0.0757334183673473,cycles/inst
GPU[1].SA[13].CU[2],CPIStack.ScalarMemInst,0.000478316326530716,cycles/inst
GPU[1].SA[13].CU[2],CPIStack.Special,0.000159438775510013,cycles/inst
GPU[1].SA[13].CU[2],CPIStack.VALU,0.849968112244897,cycles/inst
GPU[1].SA[13].CU[2],CPIStack.VMem,0.0345982142857145,cycles/inst
GPU[1].SA[13].CU[2],CPIStack.VMemInst,0.0,cycles/inst
GPU[1].SA[13].CU[2],CPIStack.total,1.71205357142857,cycles/inst
GPU[1].SA[13].CU[2],SIMDCPIStack.Branch,0.00448207171314796,cycles/inst
GPU[1].SA[13].CU[2],SIMDCPIStack.Fetch,0.0834163346613546,cycles/inst
GPU[1].SA[13].CU[2],SIMDCPIStack.Idle,0.000249003984063658,cycles/inst
GPU[1].SA[13].CU[2],SIMDCPIStack.ScalarInst,0.0341135458167332,cycles/inst
GPU[1].SA[13].CU[2],SIMDCPIStack.ScalarMem,0.118276892430279,cycles/inst
GPU[1].SA[13].CU[2],SIMDCPIStack.ScalarMemInst,0.000747011952191397,cycles/inst
GPU[1].SA[13].CU[2],SIMDCPIStack.Special,0.000249003984063447,cycles/inst
GPU[1].SA[13].CU[2],SIMDCPIStack.VALU,1.32744023904382,cycles/inst
GPU[1].SA[13].CU[2],SIMDCPIStack.VMem,0.054033864541833,cycles/inst
GPU[1].SA[13].CU[2],SIMDCPIStack.VMemInst,0.0,cycles/inst
GPU[1].SA[13].CU[2],SIMDCPIStack.total,2.67380478087649,cycles/inst
GPU[1].SA[13].CU[3],CPIStack.Branch,0.00239158163265317,cycles/inst
GPU[1].SA[13].CU[3],CPIStack.Fetch,0.0524553571428571,cycles/inst
GPU[1].SA[13].CU[3],CPIStack.Idle,0.000159438775510149,cycles/inst
GPU[1].SA[13].CU[3],CPIStack.ScalarInst,0.018813775510204,cycles/inst
GPU[1].SA[13].CU[3],CPIStack.ScalarMem,0.071269132653061,cycles/inst
GPU[1].SA[13].CU[3],CPIStack.ScalarMemInst,0.000478316326530581,cycles/inst
GPU[1].SA[13].CU[3],CPIStack.Special,0.0,cycles/inst
GPU[1].SA[13].CU[3],CPIStack.VALU,0.892697704081633,cycles/inst
GPU[1].SA[13].CU[3],CPIStack.VMem,0.0218431122448983,cycles/inst
GPU[1].SA[13].CU[3],CPIStack.VMemInst,0.00111607142857144,cycles/inst
GPU[1].SA[13].CU[3],CPIStack.total,1.71205357142857,cycles/inst
GPU[1].SA[13].CU[3],SIMDCPIStack.Branch,0.00373505976095635,cycles/inst
GPU[1].SA[13].CU[3],SIMDCPIStack.Fetch,0.081922310756972,cycles/inst
GPU[1].SA[13].CU[3],SIMDCPIStack.Idle,0.000249003984063658,cycles/inst
GPU[1].SA[13].CU[3],SIMDCPIStack.ScalarInst,0.0293824701195218,cycles/inst
GPU[1].SA[13].CU[3],SIMDCPIStack.ScalarMem,0.111304780876494,cycles/inst
GPU[1].SA[13].CU[3],SIMDCPIStack.ScalarMemInst,0.000747011952191186,cycles/inst
GPU[1].SA[13].CU[3],SIMDCPIStack.Special,0.0,cycles/inst
GPU[1].SA[13].CU[3],SIMDCPIStack.VALU,1.39417330677291,cycles/inst
GPU[1].SA[13].CU[3],SIMDCPIStack.VMem,0.0341135458167336,cycles/inst
GPU[1].SA[13].CU[3],SIMDCPIStack.VMemInst,0.00174302788844624,cycles/inst
GPU[1].SA[13].CU[3],SIMDCPIStack.total,2.67380478087649,cycles/inst
GPU[1].SA[14].CU[0],CPIStack.Branch,0.00239158163265317,cycles/inst
GPU[1].SA[14].CU[0],CPIStack.Fetch,0.0538903061224487,cycles/inst
GPU[1].SA[14].CU[0],CPIStack.Idle,0.000318877551020567,cycles/inst
GPU[1].SA[14].CU[0],CPIStack.ScalarInst,0.00733418367346926,cycles/inst
GPU[1].SA[14].CU[0],CPIStack.ScalarMem,0.0607461734693881,cycles/inst
GPU[1].SA[14].CU[0],CPIStack.ScalarMemInst,0.000478316326530716,cycles/inst
GPU[1].SA[14].CU[0],CPIStack.Special,0.000159438775510284,cycles/inst
GPU[1].SA[14].CU[0],CPIStack.VALU,0.944515306122449,cycles/inst
GPU[1].SA[14].CU[0],CPIStack.VMem,0.0192920918367346,cycles/inst
GPU[1].SA[14].CU[0],CPIStack.VMemInst,0.00318877551020405,cycles/inst
GPU[1].SA[14].CU[0],CPIStack.total,1.71189413265306,cycles/inst
GPU[1].SA[14].CU[0],SIMDCPIStack.Branch,0.00373505976095635,cycles/inst
GPU[1].SA[14].CU[0],SIMDCPIStack.Fetch,0.0841633466135454,cycles/inst
GPU[1].SA[14].CU[0],SIMDCPIStack.Idle,0.000498007968127738,cycles/inst
GPU[1].SA[14].CU[0],SIMDCPIStack.ScalarInst,0.0114541832669321,cycles/inst
GPU[1].SA[14].CU[0],SIMDCPIStack.ScalarMem,0.0948705179282873,cycles/inst
GPU[1].SA[14].CU[0],SIMDCPIStack.ScalarMemInst,0.000747011952191397,cycles/inst
GPU[1].SA[14].CU[0],SIMDCPIStack.Special,0.000249003984063869,cycles/inst
GPU[1].SA[14].CU[0],SIMDCPIStack.VALU,1.47509960159363,cycles/inst
GPU[1].SA[14].CU[0],SIMDCPIStack.VMem,0.030129482071713,cycles/inst
GPU[1].SA[14].CU[0],SIMDCPIStack.VMemInst,0.00498007968127485,cycles/inst
GPU[1].SA[14].CU[0],SIMDCPIStack.total,2.67355577689243,cycles/inst
GPU[1].SA[14].CU[1],CPIStack.Branch,0.00223214285714316,cycles/inst
GPU[1].SA[14].CU[1],CPIStack.Fetch,0.0542091836734693,cycles/inst
GPU[1].SA[14].CU[1],CPIStack.Idle,0.000318877551020297,cycles/inst
GPU[1].SA[14].CU[1],CPIStack.ScalarInst,0.0103635204081638,cycles/inst
GPU[1].SA[14].CU[1],CPIStack.ScalarMem,0.0602678571428571,cycles/inst
GPU[1].SA[14].CU[1],CPIStack.ScalarMemInst,0.000956632653061296,cycles/inst
GPU[1].SA[14].CU[1],CPIStack.Special,0.000159438775510284,cycles/inst
GPU[1].SA[14].CU[1],CPIStack.VALU,0.939891581632652,cycles/inst
GPU[1].SA[14].CU[1],CPIStack.VMem,0.029017857142857,cycles/inst
GPU[1].SA[14].CU[1],CPIStack.VMemInst,0.00446428571428578,cycles/inst
GPU[1].SA[14].CU[1],CPIStack.total,1.71189413265306,cycles/inst
GPU[1].SA[14].CU[1],SIMDCPIStack.Branch,0.0034860557768929,cycles/inst
GPU[1].SA[14].CU[1],SIMDCPIStack.Fetch,0.0846613545816731,cycles/inst
GPU[1].SA[14].CU[1],SIMDCPIStack.Idle,0.000498007968127317,cycles/inst
GPU[1].SA[14].CU[1],SIMDCPIStack.ScalarInst,0.0161852589641443,cycles/inst
GPU[1].SA[14].CU[1],SIMDCPIStack.ScalarMem,0.0941235059760955,cycles/inst
GPU[1].SA[14].CU[1],SIMDCPIStack.ScalarMemInst,0.00149402390438258,cycles/inst
GPU[1].SA[14].CU[1],SIMDCPIStack.Special,0.000249003984063869,cycles/inst
GPU[1].SA[14].CU[1],SIMDCPIStack.VALU,1.46787848605578,cycles/inst
GPU[1].SA[14].CU[1],SIMDCPIStack.VMem,0.0453187250996014,cycles/inst
GPU[1].SA[14].CU[1],SIMDCPIStack.VMemInst,0.00697211155378496,cycles/inst
GPU[1].SA[14].CU[1],SIMDCPIStack.total,2.67355577689243,cycles/inst
GPU[1].SA[14].CU[2],CPIStack.Branch,0.0033482142857146,cycles/inst
GPU[1].SA[14].CU[2],CPIStack.Fetch,0.0548469387755101,cycles/inst
GPU[1].SA[14].CU[2],CPIStack.Idle,0.000318877551020567,cycles/inst
GPU[1].SA[14].CU[2],CPIStack.ScalarInst,0.0161033163265305,cycles/inst
GPU[1].SA[14].CU[2],CPIStack.ScalarMem,0.0742984693877553,cycles/inst
GPU[1].SA[14].CU[2],CPIStack.ScalarMemInst,0.000478316326530716,cycles/inst
GPU[1].SA[14].CU[2],CPIStack.Special,0.000159438775510284,cycles/inst
GPU[1].SA[14].CU[2],CPIStack.VALU,0.895248724489795,cycles/inst
GPU[1].SA[14].CU[2],CPIStack.VMem,0.0293367346938781,cycles/inst
GPU[1].SA[14].CU[2],CPIStack.VMemInst,0.00334821428571433,cycles/inst
GPU[1].SA[14].CU[2],CPIStack.total,1.71189413265306,cycles/inst
GPU[1].SA[14].CU[2],SIMDCPIStack.Branch,0.00522908366533914,cycles/inst
GPU[1].SA[14].CU[2],SIMDCPIStack.Fetch,0.0856573705179282,cycles/inst
GPU[1].SA[14].CU[2],SIMDCPIStack.Idle,0.000498007968127738,cycles/inst
GPU[1].SA[14].CU[2],SIMDCPIStack.ScalarInst,0.0251494023904381,cycles/inst
GPU[1].SA[14].CU[2],SIMDCPIStack.ScalarMem,0.116035856573705,cycles/inst
GPU[1].SA[14].CU[2],SIMDCPIStack.ScalarMemInst,0.000747011952191397,cycles/inst
GPU[1].SA[14].CU[2],SIMDCPIStack.Special,0.000249003984063869,cycles/inst
GPU[1].SA[14].CU[2],SIMDCPIStack.VALU,1.39815737051793,cycles/inst
GPU[1].SA[14].CU[2],SIMDCPIStack.VMem,0.04581673306773,cycles/inst
GPU[1].SA[14].CU[2],SIMDCPIStack.VMemInst,0.00522908366533872,cycles/inst
GPU[1].SA[14].CU[2],SIMDCPIStack.total,2.67355577689243,cycles/inst
GPU[1].SA[14].CU[3],CPIStack.Branch,0.00382653061224492,cycles/inst
GPU[1].SA[14].CU[3],CPIStack.Fetch,0.0532525510204082,cycles/inst
GPU[1].SA[14].CU[3],CPIStack.Idle,0.000159438775510284,cycles/inst
GPU[1].SA[14].CU[3],CPIStack.ScalarInst,0.0255102040816327,cycles/inst
GPU[1].SA[14].CU[3],CPIStack.ScalarMem,0.0728635204081633,cycles/inst
GPU[1].SA[14].CU[3],CPIStack.ScalarMemInst,0.000478316326530581,cycles/inst
GPU[1].SA[14].CU[3],CPIStack.Special,0.0,cycles/inst
GPU[1].SA[14].CU[3],CPIStack.VALU,0.880899234693877,cycles/inst
GPU[1].SA[14].CU[3],CPIStack.VMem,0.0248724489795924,cycles/inst
GPU[1].SA[14].CU[3],CPIStack.VMemInst,0.0023915816326529,cycles/inst
GPU[1].SA[14].CU[3],CPIStack.total,1.71189413265306,cycles/inst
GPU[1].SA[14].CU[3],SIMDCPIStack.Branch,0.00597609561752991,cycles/inst
GPU[1].SA[14].CU[3],SIMDCPIStack.Fetch,0.083167330677291,cycles/inst
GPU[1].SA[14].CU[3],SIMDCPIStack.Idle,0.000249003984063869,cycles/inst
GPU[1].SA[14].CU[3],SIMDCPIStack.ScalarInst,0.0398406374501992,cycles/inst
GPU[1].SA[14].CU[3],SIMDCPIStack.ScalarMem,0.113794820717131,cycles/inst
GPU[1].SA[14].CU[3],SIMDCPIStack.ScalarMemInst,0.000747011952191186,cycles/inst
GPU[1].SA[14].CU[3],SIMDCPIStack.Special,0.0,cycles/inst
GPU[1].SA[14].CU[3],SIMDCPIStack.VALU,1.37574701195219,cycles/inst
GPU[1].SA[14].CU[3],SIMDCPIStack.VMem,0.038844621513945,cycles/inst
GPU[1].SA[14].CU[3],SIMDCPIStack.VMemInst,0.00373505976095593,cycles/inst
GPU[1].SA[14].CU[3],SIMDCPIStack.total,2.67355577689243,cycles/inst
GPU[1].SA[15].CU[0],CPIStack.Branch,0.00271045918367347,cycles/inst
GPU[1].SA[15].CU[0],CPIStack.Fetch,0.0532525510204078,cycles/inst
GPU[1].SA[15].CU[0],CPIStack.Idle,0.000159438775510284,cycles/inst
GPU[1].SA[15].CU[0],CPIStack.ScalarInst,0.0216836734693878,cycles/inst
GPU[1].SA[15].CU[0],CPIStack.ScalarMem,0.0613839285714284,cycles/inst
GPU[1].SA[15].CU[0],CPIStack.ScalarMemInst,0.000956632653061296,cycles/inst
GPU[1].SA[15].CU[0],CPIStack.Special,0.0,cycles/inst
GPU[1].SA[15].CU[0],CPIStack.VALU,0.908482142857143,cycles/inst
GPU[1].SA[15].CU[0],CPIStack.VMem,0.0175382653061231,cycles/inst
GPU[1].SA[15].CU[0],CPIStack.VMemInst,0.00286989795918348,cycles/inst
GPU[1].SA[15].CU[0],CPIStack.total,1.71189413265306,cycles/inst
GPU[1].SA[15].CU[0],SIMDCPIStack.Branch,0.00423306772908367,cycles/inst
GPU[1].SA[15].CU[0],SIMDCPIStack.Fetch,0.0831673306772903,cycles/inst
GPU[1].SA[15].CU[0],SIMDCPIStack.Idle,0.000249003984063869,cycles/inst
GPU[1].SA[15].CU[0],SIMDCPIStack.ScalarInst,0.0338645418326693,cycles/inst
GPU[1].SA[15].CU[0],SIMDCPIStack.ScalarMem,0.0958665338645416,cycles/inst
GPU[1].SA[15].CU[0],SIMDCPIStack.ScalarMemInst,0.00149402390438258,cycles/inst
GPU[1].SA[15].CU[0],SIMDCPIStack.Special,0.0,cycles/inst
GPU[1].SA[15].CU[0],SIMDCPIStack.VALU,1.41882470119522,cycles/inst
GPU[1].SA[15].CU[0],SIMDCPIStack.VMem,0.027390438247013,cycles/inst
GPU[1].SA[15].CU[0],SIMDCPIStack.VMemInst,0.00448207171314711,cycles/inst
GPU[1].SA[15].CU[0],SIMDCPIStack.total,2.67355577689243,cycles/inst
GPU[1].SA[15].CU[1],CPIStack.Branch,0.00318877551020405,cycles/inst
GPU[1].SA[15].CU[1],CPIStack.Fetch,0.0542091836734695,cycles/inst
GPU[1].SA[15].CU[1],CPIStack.Idle,0.000318877551020297,cycles/inst
GPU[1].SA[15].CU[1],CPIStack.ScalarInst,0.0227997448979592,cycles/inst
GPU[1].SA[15].CU[1],CPIStack.ScalarMem,0.0628188775510205,cycles/inst
GPU[1].SA[15].CU[1],CPIStack.ScalarMemInst,0.000956632653061296,cycles/inst
GPU[1].SA[15].CU[1],CPIStack.Special,0.000318877551020297,cycles/inst
GPU[1].SA[15].CU[1],CPIStack.VALU,0.898596938775511,cycles/inst
GPU[1].SA[15].CU[1],CPIStack.VMem,0.0400191326530609,cycles/inst
GPU[1].SA[15].CU[1],CPIStack.VMemInst,0.00446428571428578,cycles/inst
GPU[1].SA[15].CU[1],CPIStack.total,1.71189413265306,cycles/inst
GPU[1].SA[15].CU[1],SIMDCPIStack.Branch,0.00498007968127485,cycles/inst
GPU[1].SA[15].CU[1],SIMDCPIStack.Fetch,0.0846613545816736,cycles/inst
GPU[1].SA[15].CU[1],SIMDCPIStack.Idle,0.000498007968127317,cycles/inst
GPU[1].SA[15].CU[1],SIMDCPIStack.ScalarInst,0.0356075697211156,cycles/inst
GPU[1].SA[15].CU[1],SIMDCPIStack.ScalarMem,0.0981075697211157,cycles/inst
GPU[1].SA[15].CU[1],SIMDCPIStack.ScalarMemInst,0.00149402390438258,cycles/inst
GPU[1].SA[15].CU[1],SIMDCPIStack.Special,0.000498007968127317,cycles/inst
GPU[1].SA[15].CU[1],SIMDCPIStack.VALU,1.40338645418327,cycles/inst
GPU[1].SA[15].CU[1],SIMDCPIStack.VMem,0.0624999999999995,cycles/inst
GPU[1].SA[15].CU[1],SIMDCPIStack.VMemInst,0.00697211155378496,cycles/inst
GPU[1].SA[15].CU[1],SIMDCPIStack.total,2.67355577689243,cycles/inst
GPU[1].SA[15].CU[2],CPIStack.Branch,0.00255102040816373,cycles/inst
GPU[1].SA[15].CU[2],CPIStack.Fetch,0.0564413265306122,cycles/inst
GPU[1].SA[15].CU[2],CPIStack.Idle,0.000478316326530581,cycles/inst
GPU[1].SA[15].CU[2],CPIStack.ScalarInst,0.0167410714285717,cycles/inst
GPU[1].SA[15].CU[2],CPIStack.ScalarMem,0.0749362244897956,cycles/inst
GPU[1].SA[15].CU[2],CPIStack.ScalarMemInst,0.000956632653061296,cycles/inst
GPU[1].SA[15].CU[2],CPIStack.Special,0.000159438775510284,cycles/inst
GPU[1].SA[15].CU[2],CPIStack.VALU,0.906728316326531,cycles/inst
GPU[1].SA[15].CU[2],CPIStack.VMem,0.0307716836734691,cycles/inst
GPU[1].SA[15].CU[2],CPIStack.VMemInst,0.00446428571428551,cycles/inst
GPU[1].SA[15].CU[2],CPIStack.total,1.71189413265306,cycles/inst
GPU[1].SA[15].CU[2],SIMDCPIStack.Branch,0.00398406374502064,cycles/inst
GPU[1].SA[15].CU[2],SIMDCPIStack.Fetch,0.0881474103585656,cycles/inst
GPU[1].SA[15].CU[2],SIMDCPIStack.Idle,0.000747011952191186,cycles/inst
GPU[1].SA[15].CU[2],SIMDCPIStack.ScalarInst,0.0261454183266936,cycles/inst
GPU[1].SA[15].CU[2],SIMDCPIStack.ScalarMem,0.11703187250996,cycles/inst
GPU[1].SA[15].CU[2],SIMDCPIStack.ScalarMemInst,0.00149402390438258,cycles/inst
GPU[1].SA[15].CU[2],SIMDCPIStack.Special,0.000249003984063869,cycles/inst
GPU[1].SA[15].CU[2],SIMDCPIStack.VALU,1.41608565737052,cycles/inst
GPU[1].SA[15].CU[2],SIMDCPIStack.VMem,0.0480577689243023,cycles/inst
GPU[1].SA[15].CU[2],SIMDCPIStack.VMemInst,0.00697211155378454,cycles/inst
GPU[1].SA[15].CU[2],SIMDCPIStack.total,2.67355577689243,cycles/inst
GPU[1].SA[15].CU[3],CPIStack.Branch,0.00462372448979579,cycles/inst
GPU[1].SA[15].CU[3],CPIStack.Fetch,0.0522959183673468,cycles/inst
GPU[1].SA[15].CU[3],CPIStack.Idle,0.000159438775510284,cycles/inst
GPU[1].SA[15].CU[3],CPIStack.ScalarInst,0.0234375000000001,cycles/inst
GPU[1].SA[15].CU[3],CPIStack.ScalarMem,0.0711096938775512,cycles/inst
GPU[1].SA[15].CU[3],CPIStack.ScalarMemInst,0.000478316326530581,cycles/inst
GPU[1].SA[15].CU[3],CPIStack.Special,0.000318877551020297,cycles/inst
GPU[1].SA[15].CU[3],CPIStack.VALU,0.912786989795918,cycles/inst
GPU[1].SA[15].CU[3],CPIStack.VMem,0.0181760204081634,cycles/inst
GPU[1].SA[15].CU[3],CPIStack.VMemInst,0.00143494897959201,cycles/inst
GPU[1].SA[15].CU[3],CPIStack.total,1.71189413265306,cycles/inst
GPU[1].SA[15].CU[3],SIMDCPIStack.Branch,0.00722111553784841,cycles/inst
GPU[1].SA[15].CU[3],SIMDCPIStack.Fetch,0.0816733067729082,cycles/inst
GPU[1].SA[15].CU[3],SIMDCPIStack.Idle,0.000249003984063869,cycles/inst
GPU[1].SA[15].CU[3],SIMDCPIStack.ScalarInst,0.0366035856573706,cycles/inst
GPU[1].SA[15].CU[3],SIMDCPIStack.ScalarMem,0.111055776892431,cycles/inst
GPU[1].SA[15].CU[3],SIMDCPIStack.ScalarMemInst,0.000747011952191186,cycles/inst
GPU[1].SA[15].CU[3],SIMDCPIStack.Special,0.000498007968127317,cycles/inst
GPU[1].SA[15].CU[3],SIMDCPIStack.VALU,1.42554780876494,cycles/inst
GPU[1].SA[15].CU[3],SIMDCPIStack.VMem,0.0283864541832672,cycles/inst
GPU[1].SA[15].CU[3],SIMDCPIStack.VMemInst,0.00224103585657398,cycles/inst
GPU[1].SA[15].CU[3],SIMDCPIStack.total,2.67355577689243,cycles/inst
GPU[1].SA[0].CU[0].SIMD0,busy_time,4.016e-06,second
GPU[1].SA[0].CU[0].SIMD1,busy_time,4.016e-06,second
GPU[1].SA[0].CU[0].SIMD2,busy_time,4.016e-06,second
GPU[1].SA[0].CU[0].SIMD3,busy_time,4.016e-06,second
GPU[1].SA[0].CU[1].SIMD0,busy_time,4.016e-06,second
GPU[1].SA[0].CU[1].SIMD1,busy_time,4.016e-06,second
GPU[1].SA[0].CU[1].SIMD2,busy_time,4.016e-06,second
GPU[1].SA[0].CU[1].SIMD3,busy_time,4.016e-06,second
GPU[1].SA[0].CU[2].SIMD0,busy_time,4.016e-06,second
GPU[1].SA[0].CU[2].SIMD1,busy_time,4.016e-06,second
GPU[1].SA[0].CU[2].SIMD2,busy_time,4.016e-06,second
GPU[1].SA[0].CU[2].SIMD3,busy_time,4.016e-06,second
GPU[1].SA[0].CU[3].SIMD0,busy_time,4.016e-06,second
GPU[1].SA[0].CU[3].SIMD1,busy_time,4.016e-06,second
GPU[1].SA[0].CU[3].SIMD2,busy_time,4.016e-06,second
GPU[1].SA[0].CU[3].SIMD3,busy_time,4.016e-06,second
GPU[1].SA[1].CU[0].SIMD0,busy_time,4.016e-06,second
GPU[1].SA[1].CU[0].SIMD1,busy_time,4.016e-06,second
GPU[1].SA[1].CU[0].SIMD2,busy_time,4.016e-06,second
GPU[1].SA[1].CU[0].SIMD3,busy_time,4.016e-06,second
GPU[1].SA[1].CU[1].SIMD0,busy_time,4.016e-06,second
GPU[1].SA[1].CU[1].SIMD1,busy_time,4.016e-06,second
GPU[1].SA[1].CU[1].SIMD2,busy_time,4.016e-06,second
GPU[1].SA[1].CU[1].SIMD3,busy_time,4.016e-06,second
GPU[1].SA[1].CU[2].SIMD0,busy_time,4.016e-06,second
GPU[1].SA[1].CU[2].SIMD1,busy_time,4.016e-06,second
GPU[1].SA[1].CU[2].SIMD2,busy_time,4.016e-06,second
GPU[1].SA[1].CU[2].SIMD3,busy_time,4.016e-06,second
GPU[1].SA[1].CU[3].SIMD0,busy_time,4.016e-06,second
GPU[1].SA[1].CU[3].SIMD1,busy_time,4.016e-06,second
GPU[1].SA[1].CU[3].SIMD2,busy_time,4.016e-06,second
GPU[1].SA[1].CU[3].SIMD3,busy_time,4.016e-06,second
GPU[1].SA[2].CU[0].SIMD0,busy_time,4.016e-06,second
GPU[1].SA[2].CU[0].SIMD1,busy_time,4.016e-06,second
GPU[1].SA[2].CU[0].SIMD2,busy_time,4.016e-06,second
GPU[1].SA[2].CU[0].SIMD3,busy_time,4.016e-06,second
GPU[1].SA[2].CU[1].SIMD0,busy_time,4.016e-06,second
GPU[1].SA[2].CU[1].SIMD1,busy_time,4.016e-06,second
GPU[1].SA[2].CU[1].SIMD2,busy_time,4.016e-06,second
GPU[1].SA[2].CU[1].SIMD3,busy_time,4.016e-06,second
GPU[1].SA[2].CU[2].SIMD0,busy_time,4.016e-06,second
GPU[1].SA[2].CU[2].SIMD1,busy_time,4.016e-06,second
GPU[1].SA[2].CU[2].SIMD2,busy_time,4.016e-06,second
GPU[1].SA[2].CU[2].SIMD3,busy_time,4.016e-06,second
GPU[1].SA[2].CU[3].SIMD0,busy_time,4.016e-06,second
GPU[1].SA[2].CU[3].SIMD1,busy_time,4.016e-06,second
GPU[1].SA[2].CU[3].SIMD2,busy_time,4.016e-06,second
GPU[1].SA[2].CU[3].SIMD3,busy_time,4.016e-06,second
GPU[1].SA[3].CU[0].SIMD0,busy_time,4.016e-06,second
GPU[1].SA[3].CU[0].SIMD1,busy_time,4.016e-06,second
GPU[1].SA[3].CU[0].SIMD2,busy_time,4.016e-06,second
GPU[1].SA[3].CU[0].SIMD3,busy_time,4.016e-06,second
GPU[1].SA[3].CU[1].SIMD0,busy_time,4.016e-06,second
GPU[1].SA[3].CU[1].SIMD1,busy_time,4.016e-06,second
GPU[1].SA[3].CU[1].SIMD2,busy_time,4.016e-06,second
GPU[1].SA[3].CU[1].SIMD3,busy_time,4.016e-06,second
GPU[1].SA[3].CU[2].SIMD0,busy_time,4.016e-06,second
GPU[1].SA[3].CU[2].SIMD1,busy_time,4.016e-06,second
GPU[1].SA[3].CU[2].SIMD2,busy_time,4.016e-06,second
GPU[1].SA[3].CU[2].SIMD3,busy_time,4.016e-06,second
GPU[1].SA[3].CU[3].SIMD0,busy_time,4.016e-06,second
GPU[1].SA[3].CU[3].SIMD1,busy_time,4.016e-06,second
GPU[1].SA[3].CU[3].SIMD2,busy_time,4.016e-06,second
GPU[1].SA[3].CU[3].SIMD3,busy_time,4.016e-06,second
GPU[1].SA[4].CU[0].SIMD0,busy_time,4.016e-06,second
GPU[1].SA[4].CU[0].SIMD1,busy_time,4.016e-06,second
GPU[1].SA[4].CU[0].SIMD2,busy_time,4.016e-06,second
GPU[1].SA[4].CU[0].SIMD3,busy_time,4.016e-06,second
GPU[1].SA[4].CU[1].SIMD0,busy_time,4.016e-06,second
GPU[1].SA[4].CU[1].SIMD1,busy_time,4.016e-06,second
GPU[1].SA[4].CU[1].SIMD2,busy_time,4.016e-06,second
GPU[1].SA[4].CU[1].SIMD3,busy_time,4.016e-06,second
GPU[1].SA[4].CU[2].SIMD0,busy_time,4.016e-06,second
GPU[1].SA[4].CU[2].SIMD1,busy_time,4.016e-06,second
GPU[1].SA[4].CU[2].SIMD2,busy_time,4.016e-06,second
GPU[1].SA[4].CU[2].SIMD3,busy_time,4.016e-06,second
GPU[1].SA[4].CU[3].SIMD0,busy_time,4.016e-06,second
GPU[1].SA[4].CU[3].SIMD1,busy_time,4.016e-06,second
GPU[1].SA[4].CU[3].SIMD2,busy_time,4.016e-06,second
GPU[1].SA[4].CU[3].SIMD3,busy_time,4.016e-06,second
GPU[1].SA[5].CU[0].SIMD0,busy_time,4.016e-06,second
GPU[1].SA[5].CU[0].SIMD1,busy_time,4.016e-06,second
GPU[1].SA[5].CU[0].SIMD2,busy_time,4.016e-06,second
GPU[1].SA[5].CU[0].SIMD3,busy_time,4.016e-06,second
GPU[1].SA[5].CU[1].SIMD0,busy_time,4.016e-06,second
GPU[1].SA[5].CU[1].SIMD1,busy_time,4.016e-06,second
GPU[1].SA[5].CU[1].SIMD2,busy_time,4.016e-06,second
GPU[1].SA[5].CU[1].SIMD3,busy_time,4.016e-06,second
GPU[1].SA[5].CU[2].SIMD0,busy_time,4.016e-06,second
GPU[1].SA[5].CU[2].SIMD1,busy_time,4.016e-06,second
GPU[1].SA[5].CU[2].SIMD2,busy_time,4.016e-06,second
GPU[1].SA[5].CU[2].SIMD3,busy_time,4.016e-06,second
GPU[1].SA[5].CU[3].SIMD0,busy_time,4.016e-06,second
GPU[1].SA[5].CU[3].SIMD1,busy_time,4.016e-06,second
GPU[1].SA[5].CU[3].SIMD2,busy_time,4.016e-06,second
GPU[1].SA[5].CU[3].SIMD3,busy_time,4.016e-06,second
GPU[1].SA[6].CU[0].SIMD0,busy_time,4.016e-06,second
GPU[1].SA[6].CU[0].SIMD1,busy_time,4.016e-06,second
GPU[1].SA[6].CU[0].SIMD2,busy_time,4.016e-06,second
GPU[1].SA[6].CU[0].SIMD3,busy_time,4.016e-06,second
GPU[1].SA[6].CU[1].SIMD0,busy_time,4.016e-06,second
GPU[1].SA[6].CU[1].SIMD1,busy_time,4.016e-06,second
GPU[1].SA[6].CU[1].SIMD2,busy_time,4.016e-06,second
GPU[1].SA[6].CU[1].SIMD3,busy_time,4.016e-06,second
GPU[1].SA[6].CU[2].SIMD0,busy_time,4.016e-06,second
GPU[1].SA[6].CU[2].SIMD1,busy_time,4.016e-06,second
GPU[1].SA[6].CU[2].SIMD2,busy_time,4.016e-06,second
GPU[1].SA[6].CU[2].SIMD3,busy_time,4.016e-06,second
GPU[1].SA[6].CU[3].SIMD0,busy_time,4.016e-06,second
GPU[1].SA[6].CU[3].SIMD1,busy_time,4.016e-06,second
GPU[1].SA[6].CU[3].SIMD2,busy_time,4.016e-06,second
GPU[1].SA[6].CU[3].SIMD3,busy_time,4.016e-06,second
GPU[1].SA[7].CU[0].SIMD0,busy_time,4.016e-06,second
GPU[1].SA[7].CU[0].SIMD1,busy_time,4.016e-06,second
GPU[1].SA[7].CU[0].SIMD2,busy_time,4.016e-06,second
GPU[1].SA[7].CU[0].SIMD3,busy_time,4.016e-06,second
GPU[1].SA[7].CU[1].SIMD0,busy_time,4.016e-06,second
GPU[1].SA[7].CU[1].SIMD1,busy_time,4.016e-06,second
GPU[1].SA[7].CU[1].SIMD2,busy_time,4.016e-06,second
GPU[1].SA[7].CU[1].SIMD3,busy_time,4.016e-06,second
GPU[1].SA[7].CU[2].SIMD0,busy_time,4.016e-06,second
GPU[1].SA[7].CU[2].SIMD1,busy_time,4.016e-06,second
GPU[1].SA[7].CU[2].SIMD2,busy_time,4.016e-06,second
GPU[1].SA[7].CU[2].SIMD3,busy_time,4.016e-06,second
GPU[1].SA[7].CU[3].SIMD0,busy_time,4.016e-06,second
GPU[1].SA[7].CU[3].SIMD1,busy_time,4.016e-06,second
GPU[1].SA[7].CU[3].SIMD2,busy_time,4.016e-06,second
GPU[1].SA[7].CU[3].SIMD3,busy_time,4.016e-06,second
GPU[1].SA[8].CU[0].SIMD0,busy_time,4.016e-06,second
GPU[1].SA[8].CU[0].SIMD1,busy_time,4.016e-06,second
GPU[1].SA[8].CU[0].SIMD2,busy_time,4.016e-06,second
GPU[1].SA[8].CU[0].SIMD3,busy_time,4.016e-06,second
GPU[1].SA[8].CU[1].SIMD0,busy_time,4.016e-06,second
GPU[1].SA[8].CU[1].SIMD1,busy_time,4.016e-06,second
GPU[1].SA[8].CU[1].SIMD2,busy_time,4.016e-06,second
GPU[1].SA[8].CU[1].SIMD3,busy_time,4.016e-06,second
GPU[1].SA[8].CU[2].SIMD0,busy_time,4.016e-06,second
GPU[1].SA[8].CU[2].SIMD1,busy_time,4.016e-06,second
GPU[1].SA[8].CU[2].SIMD2,busy_time,4.016e-06,second
GPU[1].SA[8].CU[2].SIMD3,busy_time,4.016e-06,second
GPU[1].SA[8].CU[3].SIMD0,busy_time,4.016e-06,second
GPU[1].SA[8].CU[3].SIMD1,busy_time,4.016e-06,second
GPU[1].SA[8].CU[3].SIMD2,busy_time,4.016e-06,second
GPU[1].SA[8].CU[3].SIMD3,busy_time,4.016e-06,second
GPU[1].SA[9].CU[0].SIMD0,busy_time,4.016e-06,second
GPU[1].SA[9].CU[0].SIMD1,busy_time,4.016e-06,second
GPU[1].SA[9].CU[0].SIMD2,busy_time,4.016e-06,second
GPU[1].SA[9].CU[0].SIMD3,busy_time,4.016e-06,second
GPU[1].SA[9].CU[1].SIMD0,busy_time,4.016e-06,second
GPU[1].SA[9].CU[1].SIMD1,busy_time,4.016e-06,second
GPU[1].SA[9].CU[1].SIMD2,busy_time,4.016e-06,second
GPU[1].SA[9].CU[1].SIMD3,busy_time,4.016e-06,second
GPU[1].SA[9].CU[2].SIMD0,busy_time,4.016e-06,second
GPU[1].SA[9].CU[2].SIMD1,busy_time,4.016e-06,second
GPU[1].SA[9].CU[2].SIMD2,busy_time,4.016e-06,second
GPU[1].SA[9].CU[2].SIMD3,busy_time,4.016e-06,second
GPU[1].SA[9].CU[3].SIMD0,busy_time,4.016e-06,second
GPU[1].SA[9].CU[3].SIMD1,busy_time,4.016e-06,second
GPU[1].SA[9].CU[3].SIMD2,busy_time,4.016e-06,second
GPU[1].SA[9].CU[3].SIMD3,busy_time,4.016e-06,second
GPU[1].SA[10].CU[0].SIMD0,busy_time,4.016e-06,second
GPU[1].SA[10].CU[0].SIMD1,busy_time,4.016e-06,second
GPU[1].SA[10].CU[0].SIMD2,busy_time,4.016e-06,second
GPU[1].SA[10].CU[0].SIMD3,busy_time,4.016e-06,second
GPU[1].SA[10].CU[1].SIMD0,busy_time,4.016e-06,second
GPU[1].SA[10].CU[1].SIMD1,busy_time,4.016e-06,second
GPU[1].SA[10].CU[1].SIMD2,busy_time,4.016e-06,second
GPU[1].SA[10].CU[1].SIMD3,busy_time,4.016e-06,second
GPU[1].SA[10].CU[2].SIMD0,busy_time,4.016e-06,second
GPU[1].SA[10].CU[2].SIMD1,busy_time,4.016e-06,second
GPU[1].SA[10].CU[2].SIMD2,busy_time,4.016e-06,second
GPU[1].SA[10].CU[2].SIMD3,busy_time,4.016e-06,second
GPU[1].SA[10].CU[3].SIMD0,busy_time,4.016e-06,second
GPU[1].SA[10].CU[3].SIMD1,busy_time,4.016e-06,second
GPU[1].SA[10].CU[3].SIMD2,busy_time,4.016e-06,second
GPU[1].SA[10].CU[3].SIMD3,busy_time,4.016e-06,second
GPU[1].SA[11].CU[0].SIMD0,busy_time,4.016e-06,second
GPU[1].SA[11].CU[0].SIMD1,busy_time,4.016e-06,second
GPU[1].SA[11].CU[0].SIMD2,busy_time,4.016e-06,second
GPU[1].SA[11].CU[0].SIMD3,busy_time,4.016e-06,second
GPU[1].SA[11].CU[1].SIMD0,busy_time,4.016e-06,second
GPU[1].SA[11].CU[1].SIMD1,busy_time,4.016e-06,second
GPU[1].SA[11].CU[1].SIMD2,busy_time,4.016e-06,second
GPU[1].SA[11].CU[1].SIMD3,busy_time,4.016e-06,second
GPU[1].SA[11].CU[2].SIMD0,busy_time,4.016e-06,second
GPU[1].SA[11].CU[2].SIMD1,busy_time,4.016e-06,second
GPU[1].SA[11].CU[2].SIMD2,busy_time,4.016e-06,second
GPU[1].SA[11].CU[2].SIMD3,busy_time,4.016e-06,second
GPU[1].SA[11].CU[3].SIMD0,busy_time,4.016e-06,second
GPU[1].SA[11].CU[3].SIMD1,busy_time,4.016e-06,second
GPU[1].SA[11].CU[3].SIMD2,busy_time,4.016e-06,second
GPU[1].SA[11].CU[3].SIMD3,busy_time,4.016e-06,second
GPU[1].SA[12].CU[0].SIMD0,busy_time,4.016e-06,second
GPU[1].SA[12].CU[0].SIMD1,busy_time,4.016e-06,second
GPU[1].SA[12].CU[0].SIMD2,busy_time,4.016e-06,second
GPU[1].SA[12].CU[0].SIMD3,busy_time,4.016e-06,second
GPU[1].SA[12].CU[1].SIMD0,busy_time,4.016e-06,second
GPU[1].SA[12].CU[1].SIMD1,busy_time,4.016e-06,second
GPU[1].SA[12].CU[1].SIMD2,busy_time,4.016e-06,second
GPU[1].SA[12].CU[1].SIMD3,busy_time,4.016e-06,second
GPU[1].SA[12].CU[2].SIMD0,busy_time,4.016e-06,second
GPU[1].SA[12].CU[2].SIMD1,busy_time,4.016e-06,second
GPU[1].SA[12].CU[2].SIMD2,busy_time,4.016e-06,second
GPU[1].SA[12].CU[2].SIMD3,busy_time,4.016e-06,second
GPU[1].SA[12].CU[3].SIMD0,busy_time,4.016e-06,second
GPU[1].SA[12].CU[3].SIMD1,busy_time,4.016e-06,second
GPU[1].SA[12].CU[3].SIMD2,busy_time,4.016e-06,second
GPU[1].SA[12].CU[3].SIMD3,busy_time,4.016e-06,second
GPU[1].SA[13].CU[0].SIMD0,busy_time,4.016e-06,second
GPU[1].SA[13].CU[0].SIMD1,busy_time,4.016e-06,second
GPU[1].SA[13].CU[0].SIMD2,busy_time,4.016e-06,second
GPU[1].SA[13].CU[0].SIMD3,busy_time,4.016e-06,second
GPU[1].SA[13].CU[1].SIMD0,busy_time,4.016e-06,second
GPU[1].SA[13].CU[1].SIMD1,busy_time,4.016e-06,second
GPU[1].SA[13].CU[1].SIMD2,busy_time,4.016e-06,second
GPU[1].SA[13].CU[1].SIMD3,busy_time,4.016e-06,second
GPU[1].SA[13].CU[2].SIMD0,busy_time,4.016e-06,second
GPU[1].SA[13].CU[2].SIMD1,busy_time,4.016e-06,second
GPU[1].SA[13].CU[2].SIMD2,busy_time,4.016e-06,second
GPU[1].SA[13].CU[2].SIMD3,busy_time,4.016e-06,second
GPU[1].SA[13].CU[3].SIMD0,busy_time,4.016e-06,second
GPU[1].SA[13].CU[3].SIMD1,busy_time,4.016e-06,second
GPU[1].SA[13].CU[3].SIMD2,busy_time,4.016e-06,second
GPU[1].SA[13].CU[3].SIMD3,busy_time,4.016e-06,second
GPU[1].SA[14].CU[0].SIMD0,busy_time,4.016e-06,second
GPU[1].SA[14].CU[0].SIMD1,busy_time,4.016e-06,second
GPU[1].SA[14].CU[0].SIMD2,busy_time,4.016e-06,second
GPU[1].SA[14].CU[0].SIMD3,busy_time,4.016e-06,second
GPU[1].SA[14].CU[1].SIMD0,busy_time,4.016e-06,second
GPU[1].SA[14].CU[1].SIMD1,busy_time,4.016e-06,second
GPU[1].SA[14].CU[1].SIMD2,busy_time,4.016e-06,second
GPU[1].SA[14].CU[1].SIMD3,busy_time,4.016e-06,second
GPU[1].SA[14].CU[2].SIMD0,busy_time,4.016e-06,second
GPU[1].SA[14].CU[2].SIMD1,busy_time,4.016e-06,second
GPU[1].SA[14].CU[2].SIMD2,busy_time,4.016e-06,second
GPU[1].SA[14].CU[2].SIMD3,busy_time,4.016e-06,second
GPU[1].SA[14].CU[3].SIMD0,busy_time,4.016e-06,second
GPU[1].SA[14].CU[3].SIMD1,busy_time,4.016e-06,second
GPU[1].SA[14].CU[3].SIMD2,busy_time,4.016e-06,second
GPU[1].SA[14].CU[3].SIMD3,busy_time,4.016e-06,second
GPU[1].SA[15].CU[0].SIMD0,busy_time,4.016e-06,second
GPU[1].SA[15].CU[0].SIMD1,busy_time,4.016e-06,second
GPU[1].SA[15].CU[0].SIMD2,busy_time,4.016e-06,second
GPU[1].SA[15].CU[0].SIMD3,busy_time,4.016e-06,second
GPU[1].SA[15].CU[1].SIMD0,busy_time,4.016e-06,second
GPU[1].SA[15].CU[1].SIMD1,busy_time,4.016e-06,second
GPU[1].SA[15].CU[1].SIMD2,busy_time,4.016e-06,second
GPU[1].SA[15].CU[1].SIMD3,busy_time,4.016e-06,second
GPU[1].SA[15].CU[2].SIMD0,busy_time,4.016e-06,second
GPU[1].SA[15].CU[2].SIMD1,busy_time,4.016e-06,second
GPU[1].SA[15].CU[2].SIMD2,busy_time,4.016e-06,second
GPU[1].SA[15].CU[2].SIMD3,busy_time,4.016e-06,second
GPU[1].SA[15].CU[3].SIMD0,busy_time,4.016e-06,second
GPU[1].SA[15].CU[3].SIMD1,busy_time,4.016e-06,second
GPU[1].SA[15].CU[3].SIMD2,busy_time,4.016e-06,second
GPU[1].SA[15].CU[3].SIMD3,busy_time,4.016e-06,second
GPU[1].L2Cache[0],req_average_latency,7.5859e-08,second
GPU[1].L2Cache[1],req_average_latency,7.2075e-08,second
GPU[1].L2Cache[2],req_average_latency,7.4975e-08,second
GPU[1].L2Cache[3],req_average_latency,7.0252e-08,second
GPU[1].L2Cache[4],req_average_latency,6.6818e-08,second
GPU[1].L2Cache[5],req_average_latency,7.0685e-08,second
GPU[1].L2Cache[6],req_average_latency,6.7981e-08,second
GPU[1].L2Cache[7],req_average_latency,5.688e-08,second
GPU[1].L2Cache[8],req_average_latency,7.416e-08,second
GPU[1].L2Cache[9],req_average_latency,7.6603e-08,second
GPU[1].L2Cache[10],req_average_latency,7.1298e-08,second
GPU[1].L2Cache[11],req_average_latency,7.5222e-08,second
GPU[1].L2Cache[12],req_average_latency,6.5447e-08,second
GPU[1].L2Cache[13],req_average_latency,6.6164e-08,second
GPU[1].L2Cache[14],req_average_latency,6.8014e-08,second
GPU[1].L2Cache[15],req_average_latency,5.3861e-08,second
GPU[1].SA[0].L1VCache[0],req_average_latency,3.1716e-08,second
GPU[1].SA[0].L1VCache[1],req_average_latency,3.1953e-08,second
GPU[1].SA[0].L1VCache[2],req_average_latency,3.0991e-08,second
GPU[1].SA[0].L1VCache[3],req_average_latency,3.1702e-08,second
GPU[1].SA[0].L1SCache,req_average_latency,8.957e-09,second
GPU[1].SA[0].L1ICache,req_average_latency,5.77e-09,second
GPU[1].SA[1].L1VCache[0],req_average_latency,3.1141e-08,second
GPU[1].SA[1].L1VCache[1],req_average_latency,3.3646e-08,second
GPU[1].SA[1].L1VCache[2],req_average_latency,3.1622e-08,second
GPU[1].SA[1].L1VCache[3],req_average_latency,3.1352e-08,second
GPU[1].SA[1].L1SCache,req_average_latency,8.957e-09,second
GPU[1].SA[1].L1ICache,req_average_latency,5.788e-09,second
GPU[1].SA[2].L1VCache[0],req_average_latency,3.1067e-08,second
GPU[1].SA[2].L1VCache[1],req_average_latency,3.1814e-08,second
GPU[1].SA[2].L1VCache[2],req_average_latency,3.0767e-08,second
GPU[1].SA[2].L1VCache[3],req_average_latency,3.1653e-08,second
GPU[1].SA[2].L1SCache,req_average_latency,8.957e-09,second
GPU[1].SA[2].L1ICache,req_average_latency,5.768e-09,second
GPU[1].SA[3].L1VCache[0],req_average_latency,3.0857e-08,second
GPU[1].SA[3].L1VCache[1],req_average_latency,3.1674e-08,second
GPU[1].SA[3].L1VCache[2],req_average_latency,3.1226e-08,second
GPU[1].SA[3].L1VCache[3],req_average_latency,3.0964e-08,second
GPU[1].SA[3].L1SCache,req_average_latency,8.957e-09,second
GPU[1].SA[3].L1ICache,req_average_latency,5.772e-09,second
GPU[1].SA[4].L1VCache[0],req_average_latency,3.2359e-08,second
GPU[1].SA[4].L1VCache[1],req_average_latency,3.3787e-08,second
GPU[1].SA[4].L1VCache[2],req_average_latency,3.1149e-08,second
GPU[1].SA[4].L1VCache[3],req_average_latency,3.1357e-08,second
GPU[1].SA[4].L1SCache,req_average_latency,8.957e-09,second
GPU[1].SA[4].L1ICache,req_average_latency,5.772e-09,second
GPU[1].SA[5].L1VCache[0],req_average_latency,3.1461e-08,second
GPU[1].SA[5].L1VCache[1],req_average_latency,3.2018e-08,second
GPU[1].SA[5].L1VCache[2],req_average_latency,3.1322e-08,second
GPU[1].SA[5].L1VCache[3],req_average_latency,3.1488e-08,second
GPU[1].SA[5].L1SCache,req_average_latency,8.957e-09,second
GPU[1].SA[5].L1ICache,req_average_latency,5.764e-09,second
GPU[1].SA[6].L1VCache[0],req_average_latency,3.1741e-08,second
GPU[1].SA[6].L1VCache[1],req_average_latency,3.1825e-08,second
GPU[1].SA[6].L1VCache[2],req_average_latency,3.1754e-08,second
GPU[1].SA[6].L1VCache[3],req_average_latency,3.3235e-08,second
GPU[1].SA[6].L1SCache,req_average_latency,8.957e-09,second
GPU[1].SA[6].L1ICache,req_average_latency,5.785e-09,second
GPU[1].SA[7].L1VCache[0],req_average_latency,3.1773e-08,second
GPU[1].SA[7].L1VCache[1],req_average_latency,3.2275e-08,second
GPU[1].SA[7].L1VCache[2],req_average_latency,3.1694e-08,second
GPU[1].SA[7].L1VCache[3],req_average_latency,3.2557e-08,second
GPU[1].SA[7].L1SCache,req_average_latency,8.957e-09,second
GPU[1].SA[7].L1ICache,req_average_latency,5.76e-09,second
GPU[1].SA[8].L1VCache[0],req_average_latency,3.1695e-08,second
GPU[1].SA[8].L1VCache[1],req_average_latency,3.2053e-08,second
GPU[1].SA[8].L1VCache[2],req_average_latency,3.1945e-08,second
GPU[1].SA[8].L1VCache[3],req_average_latency,3.147e-08,second
GPU[1].SA[8].L1SCache,req_average_latency,8.957e-09,second
GPU[1].SA[8].L1ICache,req_average_latency,5.758e-09,second
GPU[1].SA[9].L1VCache[0],req_average_latency,3.2054e-08,second
GPU[1].SA[9].L1VCache[1],req_average_latency,3.2575e-08,second
GPU[1].SA[9].L1VCache[2],req_average_latency,3.1946e-08,second
GPU[1].SA[9].L1VCache[3],req_average_latency,3.212e-08,second
GPU[1].SA[9].L1SCache,req_average_latency,8.957e-09,second
GPU[1].SA[9].L1ICache,req_average_latency,5.755e-09,second
GPU[1].SA[10].L1VCache[0],req_average_latency,3.199e-08,second
GPU[1].SA[10].L1VCache[1],req_average_latency,3.2333e-08,second
GPU[1].SA[10].L1VCache[2],req_average_latency,3.1838e-08,second
GPU[1].SA[10].L1VCache[3],req_average_latency,3.1872e-08,second
GPU[1].SA[10].L1SCache,req_average_latency,8.957e-09,second
GPU[1].SA[10].L1ICache,req_average_latency,5.756e-09,second
GPU[1].SA[11].L1VCache[0],req_average_latency,3.1859e-08,second
GPU[1].SA[11].L1VCache[1],req_average_latency,3.2272e-08,second
GPU[1].SA[11].L1VCache[2],req_average_latency,3.1728e-08,second
GPU[1].SA[11].L1VCache[3],req_average_latency,3.1804e-08,second
GPU[1].SA[11].L1SCache,req_average_latency,8.957e-09,second
GPU[1].SA[11].L1ICache,req_average_latency,5.771e-09,second
GPU[1].SA[12].L1VCache[0],req_average_latency,3.177e-08,second
GPU[1].SA[12].L1VCache[1],req_average_latency,3.2192e-08,second
GPU[1].SA[12].L1VCache[2],req_average_latency,3.2137e-08,second
GPU[1].SA[12].L1VCache[3],req_average_latency,3.1739e-08,second
GPU[1].SA[12].L1SCache,req_average_latency,8.957e-09,second
GPU[1].SA[12].L1ICache,req_average_latency,5.755e-09,second
GPU[1].SA[13].L1VCache[0],req_average_latency,3.2224e-08,second
GPU[1].SA[13].L1VCache[1],req_average_latency,3.2781e-08,second
GPU[1].SA[13].L1VCache[2],req_average_latency,3.1949e-08,second
GPU[1].SA[13].L1VCache[3],req_average_latency,3.1691e-08,second
GPU[1].SA[13].L1SCache,req_average_latency,8.957e-09,second
GPU[1].SA[13].L1ICache,req_average_latency,5.747e-09,second
GPU[1].SA[14].L1VCache[0],req_average_latency,3.1651e-08,second
GPU[1].SA[14].L1VCache[1],req_average_latency,3.2766e-08,second
GPU[1].SA[14].L1VCache[2],req_average_latency,3.1274e-08,second
GPU[1].SA[14].L1VCache[3],req_average_latency,3.2812e-08,second
GPU[1].SA[14].L1SCache,req_average_latency,8.957e-09,second
GPU[1].SA[14].L1ICache,req_average_latency,5.744e-09,second
GPU[1].SA[15].L1VCache[0],req_average_latency,3.1423e-08,second
GPU[1].SA[15].L1VCache[1],req_average_latency,3.2082e-08,second
GPU[1].SA[15].L1VCache[2],req_average_latency,3.1671e-08,second
GPU[1].SA[15].L1VCache[3],req_average_latency,3.1549e-08,second
GPU[1].SA[15].L1SCache,req_average_latency,8.957e-09,second
GPU[1].SA[15].L1ICache,req_average_latency,5.744e-09,second
GPU[1].L2Cache[0],read-hit,40.0,count
GPU[1].L2Cache[0],read-miss,262.0,count
GPU[1].L2Cache[0],read-mshr-hit,75.0,count
GPU[1].L2Cache[0],write-hit,0.0,count
GPU[1].L2Cache[0],write-miss,256.0,count
GPU[1].L2Cache[0],write-mshr-hit,0.0,count
GPU[1].L2Cache[1],read-hit,44.0,count
GPU[1].L2Cache[1],read-miss,258.0,count
GPU[1].L2Cache[1],read-mshr-hit,30.0,count
GPU[1].L2Cache[1],write-hit,0.0,count
GPU[1].L2Cache[1],write-miss,256.0,count
GPU[1].L2Cache[1],write-mshr-hit,0.0,count
GPU[1].L2Cache[2],read-hit,78.0,count
GPU[1].L2Cache[2],read-miss,258.0,count
GPU[1].L2Cache[2],read-mshr-hit,30.0,count
GPU[1].L2Cache[2],write-hit,0.0,count
GPU[1].L2Cache[2],write-miss,256.0,count
GPU[1].L2Cache[2],write-mshr-hit,0.0,count
GPU[1].L2Cache[3],read-hit,103.0,count
GPU[1].L2Cache[3],read-miss,257.0,count
GPU[1].L2Cache[3],read-mshr-hit,5.0,count
GPU[1].L2Cache[3],write-hit,0.0,count
GPU[1].L2Cache[3],write-miss,256.0,count
GPU[1].L2Cache[3],write-mshr-hit,0.0,count
GPU[1].L2Cache[4],read-hit,74.0,count
GPU[1].L2Cache[4],read-miss,256.0,count
GPU[1].L2Cache[4],read-mshr-hit,0.0,count
GPU[1].L2Cache[4],write-hit,0.0,count
GPU[1].L2Cache[4],write-miss,256.0,count
GPU[1].L2Cache[4],write-mshr-hit,0.0,count
GPU[1].L2Cache[5],read-hit,34.0,count
GPU[1].L2Cache[5],read-miss,256.0,count
GPU[1].L2Cache[5],read-mshr-hit,0.0,count
GPU[1].L2Cache[5],write-hit,0.0,count
GPU[1].L2Cache[5],write-miss,256.0,count
GPU[1].L2Cache[5],write-mshr-hit,0.0,count
GPU[1].L2Cache[6],read-hit,61.0,count
GPU[1].L2Cache[6],read-miss,256.0,count
GPU[1].L2Cache[6],read-mshr-hit,0.0,count
GPU[1].L2Cache[6],write-hit,0.0,count
GPU[1].L2Cache[6],write-miss,256.0,count
GPU[1].L2Cache[6],write-mshr-hit,0.0,count
GPU[1].L2Cache[7],read-hit,205.0,count
GPU[1].L2Cache[7],read-miss,256.0,count
GPU[1].L2Cache[7],read-mshr-hit,0.0,count
GPU[1].L2Cache[7],write-hit,0.0,count
GPU[1].L2Cache[7],write-miss,256.0,count
GPU[1].L2Cache[7],write-mshr-hit,0.0,count
GPU[1].L2Cache[8],read-hit,66.0,count
GPU[1].L2Cache[8],read-miss,256.0,count
GPU[1].L2Cache[8],read-mshr-hit,0.0,count
GPU[1].L2Cache[8],write-hit,0.0,count
GPU[1].L2Cache[8],write-miss,256.0,count
GPU[1].L2Cache[8],write-mshr-hit,0.0,count
GPU[1].L2Cache[9],read-hit,42.0,count
GPU[1].L2Cache[9],read-miss,256.0,count
GPU[1].L2Cache[9],read-mshr-hit,0.0,count
GPU[1].L2Cache[9],write-hit,0.0,count
GPU[1].L2Cache[9],write-miss,256.0,count
GPU[1].L2Cache[9],write-mshr-hit,0.0,count
GPU[1].L2Cache[10],read-hit,103.0,count
GPU[1].L2Cache[10],read-miss,256.0,count
GPU[1].L2Cache[10],read-mshr-hit,0.0,count
GPU[1].L2Cache[10],write-hit,0.0,count
GPU[1].L2Cache[10],write-miss,256.0,count
GPU[1].L2Cache[10],write-mshr-hit,0.0,count
GPU[1].L2Cache[11],read-hit,63.0,count
GPU[1].L2Cache[11],read-miss,256.0,count
GPU[1].L2Cache[11],read-mshr-hit,0.0,count
GPU[1].L2Cache[11],write-hit,0.0,count
GPU[1].L2Cache[11],write-miss,256.0,count
GPU[1].L2Cache[11],write-mshr-hit,0.0,count
GPU[1].L2Cache[12],read-hit,88.0,count
GPU[1].L2Cache[12],read-miss,256.0,count
GPU[1].L2Cache[12],read-mshr-hit,0.0,count
GPU[1].L2Cache[12],write-hit,0.0,count
GPU[1].L2Cache[12],write-miss,256.0,count
GPU[1].L2Cache[12],write-mshr-hit,0.0,count
GPU[1].L2Cache[13],read-hit,79.0,count
GPU[1].L2Cache[13],read-miss,256.0,count
GPU[1].L2Cache[13],read-mshr-hit,0.0,count
GPU[1].L2Cache[13],write-hit,0.0,count
GPU[1].L2Cache[13],write-miss,256.0,count
GPU[1].L2Cache[13],write-mshr-hit,0.0,count
GPU[1].L2Cache[14],read-hit,58.0,count
GPU[1].L2Cache[14],read-miss,256.0,count
GPU[1].L2Cache[14],read-mshr-hit,0.0,count
GPU[1].L2Cache[14],write-hit,0.0,count
GPU[1].L2Cache[14],write-miss,256.0,count
GPU[1].L2Cache[14],write-mshr-hit,0.0,count
GPU[1].L2Cache[15],read-hit,258.0,count
GPU[1].L2Cache[15],read-miss,256.0,count
GPU[1].L2Cache[15],read-mshr-hit,0.0,count
GPU[1].L2Cache[15],write-hit,0.0,count
GPU[1].L2Cache[15],write-miss,256.0,count
GPU[1].L2Cache[15],write-mshr-hit,0.0,count
GPU[1].SA[0].L1VCache[0],read-hit,1158.0,count
GPU[1].SA[0].L1VCache[0],read-miss,105.0,count
GPU[1].SA[0].L1VCache[0],read-mshr-hit,1.0,count
GPU[1].SA[0].L1VCache[0],write-hit,0.0,count
GPU[1].SA[0].L1VCache[0],write-miss,64.0,count
GPU[1].SA[0].L1VCache[0],write-mshr-hit,0.0,count
GPU[1].SA[0].L1VCache[1],read-hit,1196.0,count
GPU[1].SA[0].L1VCache[1],read-miss,68.0,count
GPU[1].SA[0].L1VCache[1],read-mshr-hit,0.0,count
GPU[1].SA[0].L1VCache[1],write-hit,0.0,count
GPU[1].SA[0].L1VCache[1],write-miss,64.0,count
GPU[1].SA[0].L1VCache[1],write-mshr-hit,0.0,count
GPU[1].SA[0].L1VCache[2],read-hit,1196.0,count
GPU[1].SA[0].L1VCache[2],read-miss,68.0,count
GPU[1].SA[0].L1VCache[2],read-mshr-hit,0.0,count
GPU[1].SA[0].L1VCache[2],write-hit,0.0,count
GPU[1].SA[0].L1VCache[2],write-miss,64.0,count
GPU[1].SA[0].L1VCache[2],write-mshr-hit,0.0,count
GPU[1].SA[0].L1VCache[3],read-hit,1152.0,count
GPU[1].SA[0].L1VCache[3],read-miss,112.0,count
GPU[1].SA[0].L1VCache[3],read-mshr-hit,0.0,count
GPU[1].SA[0].L1VCache[3],write-hit,0.0,count
GPU[1].SA[0].L1VCache[3],write-miss,64.0,count
GPU[1].SA[0].L1VCache[3],write-mshr-hit,0.0,count
GPU[1].SA[0].L1SCache,read-hit,1232.0,count
GPU[1].SA[0].L1SCache,read-miss,3.0,count
GPU[1].SA[0].L1SCache,read-mshr-hit,45.0,count
GPU[1].SA[0].L1SCache,write-hit,0.0,count
GPU[1].SA[0].L1SCache,write-miss,0.0,count
GPU[1].SA[0].L1SCache,write-mshr-hit,0.0,count
GPU[1].SA[0].L1ICache,read-hit,5587.0,count
GPU[1].SA[0].L1ICache,read-miss,7.0,count
GPU[1].SA[0].L1ICache,read-mshr-hit,90.0,count
GPU[1].SA[0].L1ICache,write-hit,0.0,count
GPU[1].SA[0].L1ICache,write-miss,0.0,count
GPU[1].SA[0].L1ICache,write-mshr-hit,0.0,count
GPU[1].SA[1].L1VCache[0],read-hit,1195.0,count
GPU[1].SA[1].L1VCache[0],read-miss,68.0,count
GPU[1].SA[1].L1VCache[0],read-mshr-hit,1.0,count
GPU[1].SA[1].L1VCache[0],write-hit,0.0,count
GPU[1].SA[1].L1VCache[0],write-miss,64.0,count
GPU[1].SA[1].L1VCache[0],write-mshr-hit,0.0,count
GPU[1].SA[1].L1VCache[1],read-hit,1102.0,count
GPU[1].SA[1].L1VCache[1],read-miss,161.0,count
GPU[1].SA[1].L1VCache[1],read-mshr-hit,1.0,count
GPU[1].SA[1].L1VCache[1],write-hit,0.0,count
GPU[1].SA[1].L1VCache[1],write-miss,64.0,count
GPU[1].SA[1].L1VCache[1],write-mshr-hit,0.0,count
GPU[1].SA[1].L1VCache[2],read-hit,1147.0,count
GPU[1].SA[1].L1VCache[2],read-miss,115.0,count
GPU[1].SA[1].L1VCache[2],read-mshr-hit,2.0,count
GPU[1].SA[1].L1VCache[2],write-hit,0.0,count
GPU[1].SA[1].L1VCache[2],write-miss,64.0,count
GPU[1].SA[1].L1VCache[2],write-mshr-hit,0.0,count
GPU[1].SA[1].L1VCache[3],read-hit,1161.0,count
GPU[1].SA[1].L1VCache[3],read-miss,103.0,count
GPU[1].SA[1].L1VCache[3],read-mshr-hit,0.0,count
GPU[1].SA[1].L1VCache[3],write-hit,0.0,count
GPU[1].SA[1].L1VCache[3],write-miss,64.0,count
GPU[1].SA[1].L1VCache[3],write-mshr-hit,0.0,count
GPU[1].SA[1].L1SCache,read-hit,1232.0,count
GPU[1].SA[1].L1SCache,read-miss,3.0,count
GPU[1].SA[1].L1SCache,read-mshr-hit,45.0,count
GPU[1].SA[1].L1SCache,write-hit,0.0,count
GPU[1].SA[1].L1SCache,write-miss,0.0,count
GPU[1].SA[1].L1SCache,write-mshr-hit,0.0,count
GPU[1].SA[1].L1ICache,read-hit,5587.0,count
GPU[1].SA[1].L1ICache,read-miss,7.0,count
GPU[1].SA[1].L1ICache,read-mshr-hit,90.0,count
GPU[1].SA[1].L1ICache,write-hit,0.0,count
GPU[1].SA[1].L1ICache,write-miss,0.0,count
GPU[1].SA[1].L1ICache,write-mshr-hit,0.0,count
GPU[1].SA[2].L1VCache[0],read-hit,1195.0,count
GPU[1].SA[2].L1VCache[0],read-miss,68.0,count
GPU[1].SA[2].L1VCache[0],read-mshr-hit,1.0,count
GPU[1].SA[2].L1VCache[0],write-hit,0.0,count
GPU[1].SA[2].L1VCache[0],write-miss,64.0,count
GPU[1].SA[2].L1VCache[0],write-mshr-hit,0.0,count
GPU[1].SA[2].L1VCache[1],read-hit,1196.0,count
GPU[1].SA[2].L1VCache[1],read-miss,68.0,count
GPU[1].SA[2].L1VCache[1],read-mshr-hit,0.0,count
GPU[1].SA[2].L1VCache[1],write-hit,0.0,count
GPU[1].SA[2].L1VCache[1],write-miss,64.0,count
GPU[1].SA[2].L1VCache[1],write-mshr-hit,0.0,count
GPU[1].SA[2].L1VCache[2],read-hit,1196.0,count
GPU[1].SA[2].L1VCache[2],read-miss,68.0,count
GPU[1].SA[2].L1VCache[2],read-mshr-hit,0.0,count
GPU[1].SA[2].L1VCache[2],write-hit,0.0,count
GPU[1].SA[2].L1VCache[2],write-miss,64.0,count
GPU[1].SA[2].L1VCache[2],write-mshr-hit,0.0,count
GPU[1].SA[2].L1VCache[3],read-hit,1137.0,count
GPU[1].SA[2].L1VCache[3],read-miss,127.0,count
GPU[1].SA[2].L1VCache[3],read-mshr-hit,0.0,count
GPU[1].SA[2].L1VCache[3],write-hit,0.0,count
GPU[1].SA[2].L1VCache[3],write-miss,64.0,count
GPU[1].SA[2].L1VCache[3],write-mshr-hit,0.0,count
GPU[1].SA[2].L1SCache,read-hit,1232.0,count
GPU[1].SA[2].L1SCache,read-miss,3.0,count
GPU[1].SA[2].L1SCache,read-mshr-hit,45.0,count
GPU[1].SA[2].L1SCache,write-hit,0.0,count
GPU[1].SA[2].L1SCache,write-miss,0.0,count
GPU[1].SA[2].L1SCache,write-mshr-hit,0.0,count
GPU[1].SA[2].L1ICache,read-hit,5587.0,count
GPU[1].SA[2].L1ICache,read-miss,7.0,count
GPU[1].SA[2].L1ICache,read-mshr-hit,90.0,count
GPU[1].SA[2].L1ICache,write-hit,0.0,count
GPU[1].SA[2].L1ICache,write-miss,0.0,count
GPU[1].SA[2].L1ICache,write-mshr-hit,0.0,count
GPU[1].SA[3].L1VCache[0],read-hit,1196.0,count
GPU[1].SA[3].L1VCache[0],read-miss,68.0,count
GPU[1].SA[3].L1VCache[0],read-mshr-hit,0.0,count
GPU[1].SA[3].L1VCache[0],write-hit,0.0,count
GPU[1].SA[3].L1VCache[0],write-miss,64.0,count
GPU[1].SA[3].L1VCache[0],write-mshr-hit,0.0,count
GPU[1].SA[3].L1VCache[1],read-hit,1196.0,count
GPU[1].SA[3].L1VCache[1],read-miss,68.0,count
GPU[1].SA[3].L1VCache[1],read-mshr-hit,0.0,count
GPU[1].SA[3].L1VCache[1],write-hit,0.0,count
GPU[1].SA[3].L1VCache[1],write-miss,64.0,count
GPU[1].SA[3].L1VCache[1],write-mshr-hit,0.0,count
GPU[1].SA[3].L1VCache[2],read-hit,1157.0,count
GPU[1].SA[3].L1VCache[2],read-miss,107.0,count
GPU[1].SA[3].L1VCache[2],read-mshr-hit,0.0,count
GPU[1].SA[3].L1VCache[2],write-hit,0.0,count
GPU[1].SA[3].L1VCache[2],write-miss,64.0,count
GPU[1].SA[3].L1VCache[2],write-mshr-hit,0.0,count
GPU[1].SA[3].L1VCache[3],read-hit,1196.0,count
GPU[1].SA[3].L1VCache[3],read-miss,68.0,count
GPU[1].SA[3].L1VCache[3],read-mshr-hit,0.0,count
GPU[1].SA[3].L1VCache[3],write-hit,0.0,count
GPU[1].SA[3].L1VCache[3],write-miss,64.0,count
GPU[1].SA[3].L1VCache[3],write-mshr-hit,0.0,count
GPU[1].SA[3].L1SCache,read-hit,1232.0,count
GPU[1].SA[3].L1SCache,read-miss,3.0,count
GPU[1].SA[3].L1SCache,read-mshr-hit,45.0,count
GPU[1].SA[3].L1SCache,write-hit,0.0,count
GPU[1].SA[3].L1SCache,write-miss,0.0,count
GPU[1].SA[3].L1SCache,write-mshr-hit,0.0,count
GPU[1].SA[3].L1ICache,read-hit,5586.0,count
GPU[1].SA[3].L1ICache,read-miss,7.0,count
GPU[1].SA[3].L1ICache,read-mshr-hit,91.0,count
GPU[1].SA[3].L1ICache,write-hit,0.0,count
GPU[1].SA[3].L1ICache,write-miss,0.0,count
GPU[1].SA[3].L1ICache,write-mshr-hit,0.0,count
GPU[1].SA[4].L1VCache[0],read-hit,1104.0,count
GPU[1].SA[4].L1VCache[0],read-miss,152.0,count
GPU[1].SA[4].L1VCache[0],read-mshr-hit,8.0,count
GPU[1].SA[4].L1VCache[0],write-hit,0.0,count
GPU[1].SA[4].L1VCache[0],write-miss,64.0,count
GPU[1].SA[4].L1VCache[0],write-mshr-hit,0.0,count
GPU[1].SA[4].L1VCache[1],read-hit,1139.0,count
GPU[1].SA[4].L1VCache[1],read-miss,125.0,count
GPU[1].SA[4].L1VCache[1],read-mshr-hit,0.0,count
GPU[1].SA[4].L1VCache[1],write-hit,0.0,count
GPU[1].SA[4].L1VCache[1],write-miss,64.0,count
GPU[1].SA[4].L1VCache[1],write-mshr-hit,0.0,count
GPU[1].SA[4].L1VCache[2],read-hit,1196.0,count
GPU[1].SA[4].L1VCache[2],read-miss,68.0,count
GPU[1].SA[4].L1VCache[2],read-mshr-hit,0.0,count
GPU[1].SA[4].L1VCache[2],write-hit,0.0,count
GPU[1].SA[4].L1VCache[2],write-miss,64.0,count
GPU[1].SA[4].L1VCache[2],write-mshr-hit,0.0,count
GPU[1].SA[4].L1VCache[3],read-hit,1196.0,count
GPU[1].SA[4].L1VCache[3],read-miss,68.0,count
GPU[1].SA[4].L1VCache[3],read-mshr-hit,0.0,count
GPU[1].SA[4].L1VCache[3],write-hit,0.0,count
GPU[1].SA[4].L1VCache[3],write-miss,64.0,count
GPU[1].SA[4].L1VCache[3],write-mshr-hit,0.0,count
GPU[1].SA[4].L1SCache,read-hit,1232.0,count
GPU[1].SA[4].L1SCache,read-miss,3.0,count
GPU[1].SA[4].L1SCache,read-mshr-hit,45.0,count
GPU[1].SA[4].L1SCache,write-hit,0.0,count
GPU[1].SA[4].L1SCache,write-miss,0.0,count
GPU[1].SA[4].L1SCache,write-mshr-hit,0.0,count
GPU[1].SA[4].L1ICache,read-hit,5587.0,count
GPU[1].SA[4].L1ICache,read-miss,7.0,count
GPU[1].SA[4].L1ICache,read-mshr-hit,90.0,count
GPU[1].SA[4].L1ICache,write-hit,0.0,count
GPU[1].SA[4].L1ICache,write-miss,0.0,count
GPU[1].SA[4].L1ICache,write-mshr-hit,0.0,count
GPU[1].SA[5].L1VCache[0],read-hit,1196.0,count
GPU[1].SA[5].L1VCache[0],read-miss,68.0,count
GPU[1].SA[5].L1VCache[0],read-mshr-hit,0.0,count
GPU[1].SA[5].L1VCache[0],write-hit,0.0,count
GPU[1].SA[5].L1VCache[0],write-miss,64.0,count
GPU[1].SA[5].L1VCache[0],write-mshr-hit,0.0,count
GPU[1].SA[5].L1VCache[1],read-hit,1196.0,count
GPU[1].SA[5].L1VCache[1],read-miss,68.0,count
GPU[1].SA[5].L1VCache[1],read-mshr-hit,0.0,count
GPU[1].SA[5].L1VCache[1],write-hit,0.0,count
GPU[1].SA[5].L1VCache[1],write-miss,64.0,count
GPU[1].SA[5].L1VCache[1],write-mshr-hit,0.0,count
GPU[1].SA[5].L1VCache[2],read-hit,1196.0,count
GPU[1].SA[5].L1VCache[2],read-miss,68.0,count
GPU[1].SA[5].L1VCache[2],read-mshr-hit,0.0,count
GPU[1].SA[5].L1VCache[2],write-hit,0.0,count
GPU[1].SA[5].L1VCache[2],write-miss,64.0,count
GPU[1].SA[5].L1VCache[2],write-mshr-hit,0.0,count
GPU[1].SA[5].L1VCache[3],read-hit,1196.0,count
GPU[1].SA[5].L1VCache[3],read-miss,68.0,count
GPU[1].SA[5].L1VCache[3],read-mshr-hit,0.0,count
GPU[1].SA[5].L1VCache[3],write-hit,0.0,count
GPU[1].SA[5].L1VCache[3],write-miss,64.0,count
GPU[1].SA[5].L1VCache[3],write-mshr-hit,0.0,count
GPU[1].SA[5].L1SCache,read-hit,1232.0,count
GPU[1].SA[5].L1SCache,read-miss,3.0,count
GPU[1].SA[5].L1SCache,read-mshr-hit,45.0,count
GPU[1].SA[5].L1SCache,write-hit,0.0,count
GPU[1].SA[5].L1SCache,write-miss,0.0,count
GPU[1].SA[5].L1SCache,write-mshr-hit,0.0,count
GPU[1].SA[5].L1ICache,read-hit,5587.0,count
GPU[1].SA[5].L1ICache,read-miss,7.0,count
GPU[1].SA[5].L1ICache,read-mshr-hit,90.0,count
GPU[1].SA[5].L1ICache,write-hit,0.0,count
GPU[1].SA[5].L1ICache,write-miss,0.0,count
GPU[1].SA[5].L1ICache,write-mshr-hit,0.0,count
GPU[1].SA[6].L1VCache[0],read-hit,1148.0,count
GPU[1].SA[6].L1VCache[0],read-miss,115.0,count
GPU[1].SA[6].L1VCache[0],read-mshr-hit,1.0,count
GPU[1].SA[6].L1VCache[0],write-hit,0.0,count
GPU[1].SA[6].L1VCache[0],write-miss,64.0,count
GPU[1].SA[6].L1VCache[0],write-mshr-hit,0.0,count
GPU[1].SA[6].L1VCache[1],read-hit,1196.0,count
GPU[1].SA[6].L1VCache[1],read-miss,68.0,count
GPU[1].SA[6].L1VCache[1],read-mshr-hit,0.0,count
GPU[1].SA[6].L1VCache[1],write-hit,0.0,count
GPU[1].SA[6].L1VCache[1],write-miss,64.0,count
GPU[1].SA[6].L1VCache[1],write-mshr-hit,0.0,count
GPU[1].SA[6].L1VCache[2],read-hit,1158.0,count
GPU[1].SA[6].L1VCache[2],read-miss,106.0,count
GPU[1].SA[6].L1VCache[2],read-mshr-hit,0.0,count
GPU[1].SA[6].L1VCache[2],write-hit,0.0,count
GPU[1].SA[6].L1VCache[2],write-miss,64.0,count
GPU[1].SA[6].L1VCache[2],write-mshr-hit,0.0,count
GPU[1].SA[6].L1VCache[3],read-hit,1131.0,count
GPU[1].SA[6].L1VCache[3],read-miss,133.0,count
GPU[1].SA[6].L1VCache[3],read-mshr-hit,0.0,count
GPU[1].SA[6].L1VCache[3],write-hit,0.0,count
GPU[1].SA[6].L1VCache[3],write-miss,64.0,count
GPU[1].SA[6].L1VCache[3],write-mshr-hit,0.0,count
GPU[1].SA[6].L1SCache,read-hit,1232.0,count
GPU[1].SA[6].L1SCache,read-miss,3.0,count
GPU[1].SA[6].L1SCache,read-mshr-hit,45.0,count
GPU[1].SA[6].L1SCache,write-hit,0.0,count
GPU[1].SA[6].L1SCache,write-miss,0.0,count
GPU[1].SA[6].L1SCache,write-mshr-hit,0.0,count
GPU[1].SA[6].L1ICache,read-hit,5587.0,count
GPU[1].SA[6].L1ICache,read-miss,7.0,count
GPU[1].SA[6].L1ICache,read-mshr-hit,90.0,count
GPU[1].SA[6].L1ICache,write-hit,0.0,count
GPU[1].SA[6].L1ICache,write-miss,0.0,count
GPU[1].SA[6].L1ICache,write-mshr-hit,0.0,count
GPU[1].SA[7].L1VCache[0],read-hit,1196.0,count
GPU[1].SA[7].L1VCache[0],read-miss,68.0,count
GPU[1].SA[7].L1VCache[0],read-mshr-hit,0.0,count
GPU[1].SA[7].L1VCache[0],write-hit,0.0,count
GPU[1].SA[7].L1VCache[0],write-miss,64.0,count
GPU[1].SA[7].L1VCache[0],write-mshr-hit,0.0,count
GPU[1].SA[7].L1VCache[1],read-hit,1196.0,count
GPU[1].SA[7].L1VCache[1],read-miss,68.0,count
GPU[1].SA[7].L1VCache[1],read-mshr-hit,0.0,count
GPU[1].SA[7].L1VCache[1],write-hit,0.0,count
GPU[1].SA[7].L1VCache[1],write-miss,64.0,count
GPU[1].SA[7].L1VCache[1],write-mshr-hit,0.0,count
GPU[1].SA[7].L1VCache[2],read-hit,1196.0,count
GPU[1].SA[7].L1VCache[2],read-miss,68.0,count
GPU[1].SA[7].L1VCache[2],read-mshr-hit,0.0,count
GPU[1].SA[7].L1VCache[2],write-hit,0.0,count
GPU[1].SA[7].L1VCache[2],write-miss,64.0,count
GPU[1].SA[7].L1VCache[2],write-mshr-hit,0.0,count
GPU[1].SA[7].L1VCache[3],read-hit,1135.0,count
GPU[1].SA[7].L1VCache[3],read-miss,129.0,count
GPU[1].SA[7].L1VCache[3],read-mshr-hit,0.0,count
GPU[1].SA[7].L1VCache[3],write-hit,0.0,count
GPU[1].SA[7].L1VCache[3],write-miss,64.0,count
GPU[1].SA[7].L1VCache[3],write-mshr-hit,0.0,count
GPU[1].SA[7].L1SCache,read-hit,1232.0,count
GPU[1].SA[7].L1SCache,read-miss,3.0,count
GPU[1].SA[7].L1SCache,read-mshr-hit,45.0,count
GPU[1].SA[7].L1SCache,write-hit,0.0,count
GPU[1].SA[7].L1SCache,write-miss,0.0,count
GPU[1].SA[7].L1SCache,write-mshr-hit,0.0,count
GPU[1].SA[7].L1ICache,read-hit,5587.0,count
GPU[1].SA[7].L1ICache,read-miss,7.0,count
GPU[1].SA[7].L1ICache,read-mshr-hit,90.0,count
GPU[1].SA[7].L1ICache,write-hit,0.0,count
GPU[1].SA[7].L1ICache,write-miss,0.0,count
GPU[1].SA[7].L1ICache,write-mshr-hit,0.0,count
GPU[1].SA[8].L1VCache[0],read-hit,1196.0,count
GPU[1].SA[8].L1VCache[0],read-miss,68.0,count
GPU[1].SA[8].L1VCache[0],read-mshr-hit,0.0,count
GPU[1].SA[8].L1VCache[0],write-hit,0.0,count
GPU[1].SA[8].L1VCache[0],write-miss,64.0,count
GPU[1].SA[8].L1VCache[0],write-mshr-hit,0.0,count
GPU[1].SA[8].L1VCache[1],read-hit,1196.0,count
GPU[1].SA[8].L1VCache[1],read-miss,68.0,count
GPU[1].SA[8].L1VCache[1],read-mshr-hit,0.0,count
GPU[1].SA[8].L1VCache[1],write-hit,0.0,count
GPU[1].SA[8].L1VCache[1],write-miss,64.0,count
GPU[1].SA[8].L1VCache[1],write-mshr-hit,0.0,count
GPU[1].SA[8].L1VCache[2],read-hit,1159.0,count
GPU[1].SA[8].L1VCache[2],read-miss,103.0,count
GPU[1].SA[8].L1VCache[2],read-mshr-hit,2.0,count
GPU[1].SA[8].L1VCache[2],write-hit,0.0,count
GPU[1].SA[8].L1VCache[2],write-miss,64.0,count
GPU[1].SA[8].L1VCache[2],write-mshr-hit,0.0,count
GPU[1].SA[8].L1VCache[3],read-hit,1196.0,count
GPU[1].SA[8].L1VCache[3],read-miss,68.0,count
GPU[1].SA[8].L1VCache[3],read-mshr-hit,0.0,count
GPU[1].SA[8].L1VCache[3],write-hit,0.0,count
GPU[1].SA[8].L1VCache[3],write-miss,64.0,count
GPU[1].SA[8].L1VCache[3],write-mshr-hit,0.0,count
GPU[1].SA[8].L1SCache,read-hit,1232.0,count
GPU[1].SA[8].L1SCache,read-miss,3.0,count
GPU[1].SA[8].L1SCache,read-mshr-hit,45.0,count
GPU[1].SA[8].L1SCache,write-hit,0.0,count
GPU[1].SA[8].L1SCache,write-miss,0.0,count
GPU[1].SA[8].L1SCache,write-mshr-hit,0.0,count
GPU[1].SA[8].L1ICache,read-hit,5587.0,count
GPU[1].SA[8].L1ICache,read-miss,7.0,count
GPU[1].SA[8].L1ICache,read-mshr-hit,90.0,count
GPU[1].SA[8].L1ICache,write-hit,0.0,count
GPU[1].SA[8].L1ICache,write-miss,0.0,count
GPU[1].SA[8].L1ICache,write-mshr-hit,0.0,count
GPU[1].SA[9].L1VCache[0],read-hit,1196.0,count
GPU[1].SA[9].L1VCache[0],read-miss,68.0,count
GPU[1].SA[9].L1VCache[0],read-mshr-hit,0.0,count
GPU[1].SA[9].L1VCache[0],write-hit,0.0,count
GPU[1].SA[9].L1VCache[0],write-miss,64.0,count
GPU[1].SA[9].L1VCache[0],write-mshr-hit,0.0,count
GPU[1].SA[9].L1VCache[1],read-hit,1196.0,count
GPU[1].SA[9].L1VCache[1],read-miss,68.0,count
GPU[1].SA[9].L1VCache[1],read-mshr-hit,0.0,count
GPU[1].SA[9].L1VCache[1],write-hit,0.0,count
GPU[1].SA[9].L1VCache[1],write-miss,64.0,count
GPU[1].SA[9].L1VCache[1],write-mshr-hit,0.0,count
GPU[1].SA[9].L1VCache[2],read-hit,1196.0,count
GPU[1].SA[9].L1VCache[2],read-miss,68.0,count
GPU[1].SA[9].L1VCache[2],read-mshr-hit,0.0,count
GPU[1].SA[9].L1VCache[2],write-hit,0.0,count
GPU[1].SA[9].L1VCache[2],write-miss,64.0,count
GPU[1].SA[9].L1VCache[2],write-mshr-hit,0.0,count
GPU[1].SA[9].L1VCache[3],read-hit,1196.0,count
GPU[1].SA[9].L1VCache[3],read-miss,68.0,count
GPU[1].SA[9].L1VCache[3],read-mshr-hit,0.0,count
GPU[1].SA[9].L1VCache[3],write-hit,0.0,count
GPU[1].SA[9].L1VCache[3],write-miss,64.0,count
GPU[1].SA[9].L1VCache[3],write-mshr-hit,0.0,count
GPU[1].SA[9].L1SCache,read-hit,1232.0,count
GPU[1].SA[9].L1SCache,read-miss,3.0,count
GPU[1].SA[9].L1SCache,read-mshr-hit,45.0,count
GPU[1].SA[9].L1SCache,write-hit,0.0,count
GPU[1].SA[9].L1SCache,write-miss,0.0,count
GPU[1].SA[9].L1SCache,write-mshr-hit,0.0,count
GPU[1].SA[9].L1ICache,read-hit,5587.0,count
GPU[1].SA[9].L1ICache,read-miss,7.0,count
GPU[1].SA[9].L1ICache,read-mshr-hit,90.0,count
GPU[1].SA[9].L1ICache,write-hit,0.0,count
GPU[1].SA[9].L1ICache,write-miss,0.0,count
GPU[1].SA[9].L1ICache,write-mshr-hit,0.0,count
GPU[1].SA[10].L1VCache[0],read-hit,1196.0,count
GPU[1].SA[10].L1VCache[0],read-miss,68.0,count
GPU[1].SA[10].L1VCache[0],read-mshr-hit,0.0,count
GPU[1].SA[10].L1VCache[0],write-hit,0.0,count
GPU[1].SA[10].L1VCache[0],write-miss,64.0,count
GPU[1].SA[10].L1VCache[0],write-mshr-hit,0.0,count
GPU[1].SA[10].L1VCache[1],read-hit,1196.0,count
GPU[1].SA[10].L1VCache[1],read-miss,68.0,count
GPU[1].SA[10].L1VCache[1],read-mshr-hit,0.0,count
GPU[1].SA[10].L1VCache[1],write-hit,0.0,count
GPU[1].SA[10].L1VCache[1],write-miss,64.0,count
GPU[1].SA[10].L1VCache[1],write-mshr-hit,0.0,count
GPU[1].SA[10].L1VCache[2],read-hit,1196.0,count
GPU[1].SA[10].L1VCache[2],read-miss,68.0,count
GPU[1].SA[10].L1VCache[2],read-mshr-hit,0.0,count
GPU[1].SA[10].L1VCache[2],write-hit,0.0,count
GPU[1].SA[10].L1VCache[2],write-miss,64.0,count
GPU[1].SA[10].L1VCache[2],write-mshr-hit,0.0,count
GPU[1].SA[10].L1VCache[3],read-hit,1196.0,count
GPU[1].SA[10].L1VCache[3],read-miss,68.0,count
GPU[1].SA[10].L1VCache[3],read-mshr-hit,0.0,count
GPU[1].SA[10].L1VCache[3],write-hit,0.0,count
GPU[1].SA[10].L1VCache[3],write-miss,64.0,count
GPU[1].SA[10].L1VCache[3],write-mshr-hit,0.0,count
GPU[1].SA[10].L1SCache,read-hit,1232.0,count
GPU[1].SA[10].L1SCache,read-miss,3.0,count
GPU[1].SA[10].L1SCache,read-mshr-hit,45.0,count
GPU[1].SA[10].L1SCache,write-hit,0.0,count
GPU[1].SA[10].L1SCache,write-miss,0.0,count
GPU[1].SA[10].L1SCache,write-mshr-hit,0.0,count
GPU[1].SA[10].L1ICache,read-hit,5586.0,count
GPU[1].SA[10].L1ICache,read-miss,7.0,count
GPU[1].SA[10].L1ICache,read-mshr-hit,91.0,count
GPU[1].SA[10].L1ICache,write-hit,0.0,count
GPU[1].SA[10].L1ICache,write-miss,0.0,count
GPU[1].SA[10].L1ICache,write-mshr-hit,0.0,count
GPU[1].SA[11].L1VCache[0],read-hit,1195.0,count
GPU[1].SA[11].L1VCache[0],read-miss,68.0,count
GPU[1].SA[11].L1VCache[0],read-mshr-hit,1.0,count
GPU[1].SA[11].L1VCache[0],write-hit,0.0,count
GPU[1].SA[11].L1VCache[0],write-miss,64.0,count
GPU[1].SA[11].L1VCache[0],write-mshr-hit,0.0,count
GPU[1].SA[11].L1VCache[1],read-hit,1196.0,count
GPU[1].SA[11].L1VCache[1],read-miss,68.0,count
GPU[1].SA[11].L1VCache[1],read-mshr-hit,0.0,count
GPU[1].SA[11].L1VCache[1],write-hit,0.0,count
GPU[1].SA[11].L1VCache[1],write-miss,64.0,count
GPU[1].SA[11].L1VCache[1],write-mshr-hit,0.0,count
GPU[1].SA[11].L1VCache[2],read-hit,1196.0,count
GPU[1].SA[11].L1VCache[2],read-miss,68.0,count
GPU[1].SA[11].L1VCache[2],read-mshr-hit,0.0,count
GPU[1].SA[11].L1VCache[2],write-hit,0.0,count
GPU[1].SA[11].L1VCache[2],write-miss,64.0,count
GPU[1].SA[11].L1VCache[2],write-mshr-hit,0.0,count
GPU[1].SA[11].L1VCache[3],read-hit,1196.0,count
GPU[1].SA[11].L1VCache[3],read-miss,68.0,count
GPU[1].SA[11].L1VCache[3],read-mshr-hit,0.0,count
GPU[1].SA[11].L1VCache[3],write-hit,0.0,count
GPU[1].SA[11].L1VCache[3],write-miss,64.0,count
GPU[1].SA[11].L1VCache[3],write-mshr-hit,0.0,count
GPU[1].SA[11].L1SCache,read-hit,1232.0,count
GPU[1].SA[11].L1SCache,read-miss,3.0,count
GPU[1].SA[11].L1SCache,read-mshr-hit,45.0,count
GPU[1].SA[11].L1SCache,write-hit,0.0,count
GPU[1].SA[11].L1SCache,write-miss,0.0,count
GPU[1].SA[11].L1SCache,write-mshr-hit,0.0,count
GPU[1].SA[11].L1ICache,read-hit,5587.0,count
GPU[1].SA[11].L1ICache,read-miss,7.0,count
GPU[1].SA[11].L1ICache,read-mshr-hit,90.0,count
GPU[1].SA[11].L1ICache,write-hit,0.0,count
GPU[1].SA[11].L1ICache,write-miss,0.0,count
GPU[1].SA[11].L1ICache,write-mshr-hit,0.0,count
GPU[1].SA[12].L1VCache[0],read-hit,1195.0,count
GPU[1].SA[12].L1VCache[0],read-miss,68.0,count
GPU[1].SA[12].L1VCache[0],read-mshr-hit,1.0,count
GPU[1].SA[12].L1VCache[0],write-hit,0.0,count
GPU[1].SA[12].L1VCache[0],write-miss,64.0,count
GPU[1].SA[12].L1VCache[0],write-mshr-hit,0.0,count
GPU[1].SA[12].L1VCache[1],read-hit,1196.0,count
GPU[1].SA[12].L1VCache[1],read-miss,68.0,count
GPU[1].SA[12].L1VCache[1],read-mshr-hit,0.0,count
GPU[1].SA[12].L1VCache[1],write-hit,0.0,count
GPU[1].SA[12].L1VCache[1],write-miss,64.0,count
GPU[1].SA[12].L1VCache[1],write-mshr-hit,0.0,count
GPU[1].SA[12].L1VCache[2],read-hit,1158.0,count
GPU[1].SA[12].L1VCache[2],read-miss,103.0,count
GPU[1].SA[12].L1VCache[2],read-mshr-hit,3.0,count
GPU[1].SA[12].L1VCache[2],write-hit,0.0,count
GPU[1].SA[12].L1VCache[2],write-miss,64.0,count
GPU[1].SA[12].L1VCache[2],write-mshr-hit,0.0,count
GPU[1].SA[12].L1VCache[3],read-hit,1196.0,count
GPU[1].SA[12].L1VCache[3],read-miss,68.0,count
GPU[1].SA[12].L1VCache[3],read-mshr-hit,0.0,count
GPU[1].SA[12].L1VCache[3],write-hit,0.0,count
GPU[1].SA[12].L1VCache[3],write-miss,64.0,count
GPU[1].SA[12].L1VCache[3],write-mshr-hit,0.0,count
GPU[1].SA[12].L1SCache,read-hit,1232.0,count
GPU[1].SA[12].L1SCache,read-miss,3.0,count
GPU[1].SA[12].L1SCache,read-mshr-hit,45.0,count
GPU[1].SA[12].L1SCache,write-hit,0.0,count
GPU[1].SA[12].L1SCache,write-miss,0.0,count
GPU[1].SA[12].L1SCache,write-mshr-hit,0.0,count
GPU[1].SA[12].L1ICache,read-hit,5587.0,count
GPU[1].SA[12].L1ICache,read-miss,7.0,count
GPU[1].SA[12].L1ICache,read-mshr-hit,90.0,count
GPU[1].SA[12].L1ICache,write-hit,0.0,count
GPU[1].SA[12].L1ICache,write-miss,0.0,count
GPU[1].SA[12].L1ICache,write-mshr-hit,0.0,count
GPU[1].SA[13].L1VCache[0],read-hit,1149.0,count
GPU[1].SA[13].L1VCache[0],read-miss,114.0,count
GPU[1].SA[13].L1VCache[0],read-mshr-hit,1.0,count
GPU[1].SA[13].L1VCache[0],write-hit,0.0,count
GPU[1].SA[13].L1VCache[0],write-miss,64.0,count
GPU[1].SA[13].L1VCache[0],write-mshr-hit,0.0,count
GPU[1].SA[13].L1VCache[1],read-hit,1135.0,count
GPU[1].SA[13].L1VCache[1],read-miss,129.0,count
GPU[1].SA[13].L1VCache[1],read-mshr-hit,0.0,count
GPU[1].SA[13].L1VCache[1],write-hit,0.0,count
GPU[1].SA[13].L1VCache[1],write-miss,64.0,count
GPU[1].SA[13].L1VCache[1],write-mshr-hit,0.0,count
GPU[1].SA[13].L1VCache[2],read-hit,1156.0,count
GPU[1].SA[13].L1VCache[2],read-miss,107.0,count
GPU[1].SA[13].L1VCache[2],read-mshr-hit,1.0,count
GPU[1].SA[13].L1VCache[2],write-hit,0.0,count
GPU[1].SA[13].L1VCache[2],write-miss,64.0,count
GPU[1].SA[13].L1VCache[2],write-mshr-hit,0.0,count
GPU[1].SA[13].L1VCache[3],read-hit,1196.0,count
GPU[1].SA[13].L1VCache[3],read-miss,68.0,count
GPU[1].SA[13].L1VCache[3],read-mshr-hit,0.0,count
GPU[1].SA[13].L1VCache[3],write-hit,0.0,count
GPU[1].SA[13].L1VCache[3],write-miss,64.0,count
GPU[1].SA[13].L1VCache[3],write-mshr-hit,0.0,count
GPU[1].SA[13].L1SCache,read-hit,1232.0,count
GPU[1].SA[13].L1SCache,read-miss,3.0,count
GPU[1].SA[13].L1SCache,read-mshr-hit,45.0,count
GPU[1].SA[13].L1SCache,write-hit,0.0,count
GPU[1].SA[13].L1SCache,write-miss,0.0,count
GPU[1].SA[13].L1SCache,write-mshr-hit,0.0,count
GPU[1].SA[13].L1ICache,read-hit,5587.0,count
GPU[1].SA[13].L1ICache,read-miss,7.0,count
GPU[1].SA[13].L1ICache,read-mshr-hit,90.0,count
GPU[1].SA[13].L1ICache,write-hit,0.0,count
GPU[1].SA[13].L1ICache,write-miss,0.0,count
GPU[1].SA[13].L1ICache,write-mshr-hit,0.0,count
GPU[1].SA[14].L1VCache[0],read-hit,1195.0,count
GPU[1].SA[14].L1VCache[0],read-miss,68.0,count
GPU[1].SA[14].L1VCache[0],read-mshr-hit,1.0,count
GPU[1].SA[14].L1VCache[0],write-hit,0.0,count
GPU[1].SA[14].L1VCache[0],write-miss,64.0,count
GPU[1].SA[14].L1VCache[0],write-mshr-hit,0.0,count
GPU[1].SA[14].L1VCache[1],read-hit,1125.0,count
GPU[1].SA[14].L1VCache[1],read-miss,134.0,count
GPU[1].SA[14].L1VCache[1],read-mshr-hit,5.0,count
GPU[1].SA[14].L1VCache[1],write-hit,0.0,count
GPU[1].SA[14].L1VCache[1],write-miss,64.0,count
GPU[1].SA[14].L1VCache[1],write-mshr-hit,0.0,count
GPU[1].SA[14].L1VCache[2],read-hit,1196.0,count
GPU[1].SA[14].L1VCache[2],read-miss,68.0,count
GPU[1].SA[14].L1VCache[2],read-mshr-hit,0.0,count
GPU[1].SA[14].L1VCache[2],write-hit,0.0,count
GPU[1].SA[14].L1VCache[2],write-miss,64.0,count
GPU[1].SA[14].L1VCache[2],write-mshr-hit,0.0,count
GPU[1].SA[14].L1VCache[3],read-hit,1091.0,count
GPU[1].SA[14].L1VCache[3],read-miss,173.0,count
GPU[1].SA[14].L1VCache[3],read-mshr-hit,0.0,count
GPU[1].SA[14].L1VCache[3],write-hit,0.0,count
GPU[1].SA[14].L1VCache[3],write-miss,64.0,count
GPU[1].SA[14].L1VCache[3],write-mshr-hit,0.0,count
GPU[1].SA[14].L1SCache,read-hit,1232.0,count
GPU[1].SA[14].L1SCache,read-miss,3.0,count
GPU[1].SA[14].L1SCache,read-mshr-hit,45.0,count
GPU[1].SA[14].L1SCache,write-hit,0.0,count
GPU[1].SA[14].L1SCache,write-miss,0.0,count
GPU[1].SA[14].L1SCache,write-mshr-hit,0.0,count
GPU[1].SA[14].L1ICache,read-hit,5587.0,count
GPU[1].SA[14].L1ICache,read-miss,7.0,count
GPU[1].SA[14].L1ICache,read-mshr-hit,90.0,count
GPU[1].SA[14].L1ICache,write-hit,0.0,count
GPU[1].SA[14].L1ICache,write-miss,0.0,count
GPU[1].SA[14].L1ICache,write-mshr-hit,0.0,count
GPU[1].SA[15].L1VCache[0],read-hit,1195.0,count
GPU[1].SA[15].L1VCache[0],read-miss,68.0,count
GPU[1].SA[15].L1VCache[0],read-mshr-hit,1.0,count
GPU[1].SA[15].L1VCache[0],write-hit,0.0,count
GPU[1].SA[15].L1VCache[0],write-miss,64.0,count
GPU[1].SA[15].L1VCache[0],write-mshr-hit,0.0,count
GPU[1].SA[15].L1VCache[1],read-hit,1196.0,count
GPU[1].SA[15].L1VCache[1],read-miss,68.0,count
GPU[1].SA[15].L1VCache[1],read-mshr-hit,0.0,count
GPU[1].SA[15].L1VCache[1],write-hit,0.0,count
GPU[1].SA[15].L1VCache[1],write-miss,64.0,count
GPU[1].SA[15].L1VCache[1],write-mshr-hit,0.0,count
GPU[1].SA[15].L1VCache[2],read-hit,1155.0,count
GPU[1].SA[15].L1VCache[2],read-miss,106.0,count
GPU[1].SA[15].L1VCache[2],read-mshr-hit,3.0,count
GPU[1].SA[15].L1VCache[2],write-hit,0.0,count
GPU[1].SA[15].L1VCache[2],write-miss,64.0,count
GPU[1].SA[15].L1VCache[2],write-mshr-hit,0.0,count
GPU[1].SA[15].L1VCache[3],read-hit,1196.0,count
GPU[1].SA[15].L1VCache[3],read-miss,68.0,count
GPU[1].SA[15].L1VCache[3],read-mshr-hit,0.0,count
GPU[1].SA[15].L1VCache[3],write-hit,0.0,count
GPU[1].SA[15].L1VCache[3],write-miss,64.0,count
GPU[1].SA[15].L1VCache[3],write-mshr-hit,0.0,count
GPU[1].SA[15].L1SCache,read-hit,1232.0,count
GPU[1].SA[15].L1SCache,read-miss,3.0,count
GPU[1].SA[15].L1SCache,read-mshr-hit,45.0,count
GPU[1].SA[15].L1SCache,write-hit,0.0,count
GPU[1].SA[15].L1SCache,write-miss,0.0,count
GPU[1].SA[15].L1SCache,write-mshr-hit,0.0,count
GPU[1].SA[15].L1ICache,read-hit,5587.0,count
GPU[1].SA[15].L1ICache,read-miss,7.0,count
GPU[1].SA[15].L1ICache,read-mshr-hit,90.0,count
GPU[1].SA[15].L1ICache,write-hit,0.0,count
GPU[1].SA[15].L1ICache,write-miss,0.0,count
GPU[1].SA[15].L1ICache,write-mshr-hit,0.0,count
GPU[1].L2Cache[0],prefetch_requests,0.0,count
GPU[1].L2Cache[0],prefetch_hits,0.0,count
GPU[1].L2Cache[0],cache_pollution,0.0,count
GPU[1].L2Cache[0],demand_read_hits,40.0,count
GPU[1].L2Cache[0],demand_read_misses,262.0,count
GPU[1].L2Cache[0],demand_read_mshr_hits,75.0,count
GPU[1].L2Cache[0],prefetch_cache_hits,0.0,count
GPU[1].L2Cache[0],prefetch_mshr_hits,0.0,count
GPU[1].L2Cache[0],prefetch_misses,0.0,count
GPU[1].L2Cache[0],mshr_hits,75.0,count
GPU[1].L2Cache[0],mshr_misses,262.0,count
GPU[1].L2Cache[1],prefetch_requests,0.0,count
GPU[1].L2Cache[1],prefetch_hits,0.0,count
GPU[1].L2Cache[1],cache_pollution,0.0,count
GPU[1].L2Cache[1],demand_read_hits,44.0,count
GPU[1].L2Cache[1],demand_read_misses,258.0,count
GPU[1].L2Cache[1],demand_read_mshr_hits,30.0,count
GPU[1].L2Cache[1],prefetch_cache_hits,0.0,count
GPU[1].L2Cache[1],prefetch_mshr_hits,0.0,count
GPU[1].L2Cache[1],prefetch_misses,0.0,count
GPU[1].L2Cache[1],mshr_hits,30.0,count
GPU[1].L2Cache[1],mshr_misses,258.0,count
GPU[1].L2Cache[2],prefetch_requests,0.0,count
GPU[1].L2Cache[2],prefetch_hits,0.0,count
GPU[1].L2Cache[2],cache_pollution,0.0,count
GPU[1].L2Cache[2],demand_read_hits,78.0,count
GPU[1].L2Cache[2],demand_read_misses,258.0,count
GPU[1].L2Cache[2],demand_read_mshr_hits,30.0,count
GPU[1].L2Cache[2],prefetch_cache_hits,0.0,count
GPU[1].L2Cache[2],prefetch_mshr_hits,0.0,count
GPU[1].L2Cache[2],prefetch_misses,0.0,count
GPU[1].L2Cache[2],mshr_hits,30.0,count
GPU[1].L2Cache[2],mshr_misses,258.0,count
GPU[1].L2Cache[3],prefetch_requests,0.0,count
GPU[1].L2Cache[3],prefetch_hits,0.0,count
GPU[1].L2Cache[3],cache_pollution,0.0,count
GPU[1].L2Cache[3],demand_read_hits,103.0,count
GPU[1].L2Cache[3],demand_read_misses,257.0,count
GPU[1].L2Cache[3],demand_read_mshr_hits,5.0,count
GPU[1].L2Cache[3],prefetch_cache_hits,0.0,count
GPU[1].L2Cache[3],prefetch_mshr_hits,0.0,count
GPU[1].L2Cache[3],prefetch_misses,0.0,count
GPU[1].L2Cache[3],mshr_hits,5.0,count
GPU[1].L2Cache[3],mshr_misses,257.0,count
GPU[1].L2Cache[4],prefetch_requests,0.0,count
GPU[1].L2Cache[4],prefetch_hits,0.0,count
GPU[1].L2Cache[4],cache_pollution,0.0,count
GPU[1].L2Cache[4],demand_read_hits,74.0,count
GPU[1].L2Cache[4],demand_read_misses,256.0,count
GPU[1].L2Cache[4],demand_read_mshr_hits,0.0,count
GPU[1].L2Cache[4],prefetch_cache_hits,0.0,count
GPU[1].L2Cache[4],prefetch_mshr_hits,0.0,count
GPU[1].L2Cache[4],prefetch_misses,0.0,count
GPU[1].L2Cache[4],mshr_hits,0.0,count
GPU[1].L2Cache[4],mshr_misses,256.0,count
GPU[1].L2Cache[5],prefetch_requests,0.0,count
GPU[1].L2Cache[5],prefetch_hits,0.0,count
GPU[1].L2Cache[5],cache_pollution,0.0,count
GPU[1].L2Cache[5],demand_read_hits,34.0,count
GPU[1].L2Cache[5],demand_read_misses,256.0,count
GPU[1].L2Cache[5],demand_read_mshr_hits,0.0,count
GPU[1].L2Cache[5],prefetch_cache_hits,0.0,count
GPU[1].L2Cache[5],prefetch_mshr_hits,0.0,count
GPU[1].L2Cache[5],prefetch_misses,0.0,count
GPU[1].L2Cache[5],mshr_hits,0.0,count
GPU[1].L2Cache[5],mshr_misses,256.0,count
GPU[1].L2Cache[6],prefetch_requests,0.0,count
GPU[1].L2Cache[6],prefetch_hits,0.0,count
GPU[1].L2Cache[6],cache_pollution,0.0,count
GPU[1].L2Cache[6],demand_read_hits,61.0,count
GPU[1].L2Cache[6],demand_read_misses,256.0,count
GPU[1].L2Cache[6],demand_read_mshr_hits,0.0,count
GPU[1].L2Cache[6],prefetch_cache_hits,0.0,count
GPU[1].L2Cache[6],prefetch_mshr_hits,0.0,count
GPU[1].L2Cache[6],prefetch_misses,0.0,count
GPU[1].L2Cache[6],mshr_hits,0.0,count
GPU[1].L2Cache[6],mshr_misses,256.0,count
GPU[1].L2Cache[7],prefetch_requests,0.0,count
GPU[1].L2Cache[7],prefetch_hits,0.0,count
GPU[1].L2Cache[7],cache_pollution,0.0,count
GPU[1].L2Cache[7],demand_read_hits,205.0,count
GPU[1].L2Cache[7],demand_read_misses,256.0,count
GPU[1].L2Cache[7],demand_read_mshr_hits,0.0,count
GPU[1].L2Cache[7],prefetch_cache_hits,0.0,count
GPU[1].L2Cache[7],prefetch_mshr_hits,0.0,count
GPU[1].L2Cache[7],prefetch_misses,0.0,count
GPU[1].L2Cache[7],mshr_hits,0.0,count
GPU[1].L2Cache[7],mshr_misses,256.0,count
GPU[1].L2Cache[8],prefetch_requests,0.0,count
GPU[1].L2Cache[8],prefetch_hits,0.0,count
GPU[1].L2Cache[8],cache_pollution,0.0,count
GPU[1].L2Cache[8],demand_read_hits,66.0,count
GPU[1].L2Cache[8],demand_read_misses,256.0,count
GPU[1].L2Cache[8],demand_read_mshr_hits,0.0,count
GPU[1].L2Cache[8],prefetch_cache_hits,0.0,count
GPU[1].L2Cache[8],prefetch_mshr_hits,0.0,count
GPU[1].L2Cache[8],prefetch_misses,0.0,count
GPU[1].L2Cache[8],mshr_hits,0.0,count
GPU[1].L2Cache[8],mshr_misses,256.0,count
GPU[1].L2Cache[9],prefetch_requests,0.0,count
GPU[1].L2Cache[9],prefetch_hits,0.0,count
GPU[1].L2Cache[9],cache_pollution,0.0,count
GPU[1].L2Cache[9],demand_read_hits,42.0,count
GPU[1].L2Cache[9],demand_read_misses,256.0,count
GPU[1].L2Cache[9],demand_read_mshr_hits,0.0,count
GPU[1].L2Cache[9],prefetch_cache_hits,0.0,count
GPU[1].L2Cache[9],prefetch_mshr_hits,0.0,count
GPU[1].L2Cache[9],prefetch_misses,0.0,count
GPU[1].L2Cache[9],mshr_hits,0.0,count
GPU[1].L2Cache[9],mshr_misses,256.0,count
GPU[1].L2Cache[10],prefetch_requests,0.0,count
GPU[1].L2Cache[10],prefetch_hits,0.0,count
GPU[1].L2Cache[10],cache_pollution,0.0,count
GPU[1].L2Cache[10],demand_read_hits,103.0,count
GPU[1].L2Cache[10],demand_read_misses,256.0,count
GPU[1].L2Cache[10],demand_read_mshr_hits,0.0,count
GPU[1].L2Cache[10],prefetch_cache_hits,0.0,count
GPU[1].L2Cache[10],prefetch_mshr_hits,0.0,count
GPU[1].L2Cache[10],prefetch_misses,0.0,count
GPU[1].L2Cache[10],mshr_hits,0.0,count
GPU[1].L2Cache[10],mshr_misses,256.0,count
GPU[1].L2Cache[11],prefetch_requests,0.0,count
GPU[1].L2Cache[11],prefetch_hits,0.0,count
GPU[1].L2Cache[11],cache_pollution,0.0,count
GPU[1].L2Cache[11],demand_read_hits,63.0,count
GPU[1].L2Cache[11],demand_read_misses,256.0,count
GPU[1].L2Cache[11],demand_read_mshr_hits,0.0,count
GPU[1].L2Cache[11],prefetch_cache_hits,0.0,count
GPU[1].L2Cache[11],prefetch_mshr_hits,0.0,count
GPU[1].L2Cache[11],prefetch_misses,0.0,count
GPU[1].L2Cache[11],mshr_hits,0.0,count
GPU[1].L2Cache[11],mshr_misses,256.0,count
GPU[1].L2Cache[12],prefetch_requests,0.0,count
GPU[1].L2Cache[12],prefetch_hits,0.0,count
GPU[1].L2Cache[12],cache_pollution,0.0,count
GPU[1].L2Cache[12],demand_read_hits,88.0,count
GPU[1].L2Cache[12],demand_read_misses,256.0,count
GPU[1].L2Cache[12],demand_read_mshr_hits,0.0,count
GPU[1].L2Cache[12],prefetch_cache_hits,0.0,count
GPU[1].L2Cache[12],prefetch_mshr_hits,0.0,count
GPU[1].L2Cache[12],prefetch_misses,0.0,count
GPU[1].L2Cache[12],mshr_hits,0.0,count
GPU[1].L2Cache[12],mshr_misses,256.0,count
GPU[1].L2Cache[13],prefetch_requests,0.0,count
GPU[1].L2Cache[13],prefetch_hits,0.0,count
GPU[1].L2Cache[13],cache_pollution,0.0,count
GPU[1].L2Cache[13],demand_read_hits,79.0,count
GPU[1].L2Cache[13],demand_read_misses,256.0,count
GPU[1].L2Cache[13],demand_read_mshr_hits,0.0,count
GPU[1].L2Cache[13],prefetch_cache_hits,0.0,count
GPU[1].L2Cache[13],prefetch_mshr_hits,0.0,count
GPU[1].L2Cache[13],prefetch_misses,0.0,count
GPU[1].L2Cache[13],mshr_hits,0.0,count
GPU[1].L2Cache[13],mshr_misses,256.0,count
GPU[1].L2Cache[14],prefetch_requests,0.0,count
GPU[1].L2Cache[14],prefetch_hits,0.0,count
GPU[1].L2Cache[14],cache_pollution,0.0,count
GPU[1].L2Cache[14],demand_read_hits,58.0,count
GPU[1].L2Cache[14],demand_read_misses,256.0,count
GPU[1].L2Cache[14],demand_read_mshr_hits,0.0,count
GPU[1].L2Cache[14],prefetch_cache_hits,0.0,count
GPU[1].L2Cache[14],prefetch_mshr_hits,0.0,count
GPU[1].L2Cache[14],prefetch_misses,0.0,count
GPU[1].L2Cache[14],mshr_hits,0.0,count
GPU[1].L2Cache[14],mshr_misses,256.0,count
GPU[1].L2Cache[15],prefetch_requests,0.0,count
GPU[1].L2Cache[15],prefetch_hits,0.0,count
GPU[1].L2Cache[15],cache_pollution,0.0,count
GPU[1].L2Cache[15],demand_read_hits,258.0,count
GPU[1].L2Cache[15],demand_read_misses,256.0,count
GPU[1].L2Cache[15],demand_read_mshr_hits,0.0,count
GPU[1].L2Cache[15],prefetch_cache_hits,0.0,count
GPU[1].L2Cache[15],prefetch_mshr_hits,0.0,count
GPU[1].L2Cache[15],prefetch_misses,0.0,count
GPU[1].L2Cache[15],mshr_hits,0.0,count
GPU[1].L2Cache[15],mshr_misses,256.0,count
GPU[1].L2TLB,hit,212.0,count
GPU[1].L2TLB,miss,133.0,count
GPU[1].L2TLB,mshr-hit,295.0,count
GPU[1].SA[0].L1VTLB[0],hit,1256.0,count
GPU[1].SA[0].L1VTLB[0],miss,12.0,count
GPU[1].SA[0].L1VTLB[0],mshr-hit,60.0,count
GPU[1].SA[0].L1VTLB[1],hit,1272.0,count
GPU[1].SA[0].L1VTLB[1],miss,8.0,count
GPU[1].SA[0].L1VTLB[1],mshr-hit,48.0,count
GPU[1].SA[0].L1VTLB[2],hit,1248.0,count
GPU[1].SA[0].L1VTLB[2],miss,8.0,count
GPU[1].SA[0].L1VTLB[2],mshr-hit,72.0,count
GPU[1].SA[0].L1VTLB[3],hit,1244.0,count
GPU[1].SA[0].L1VTLB[3],miss,8.0,count
GPU[1].SA[0].L1VTLB[3],mshr-hit,76.0,count
GPU[1].SA[0].L1STLB,hit,1036.0,count
GPU[1].SA[0].L1STLB,miss,3.0,count
GPU[1].SA[0].L1STLB,mshr-hit,241.0,count
GPU[1].SA[0].L1ITLB,hit,6.0,count
GPU[1].SA[0].L1ITLB,miss,1.0,count
GPU[1].SA[0].L1ITLB,mshr-hit,0.0,count
GPU[1].SA[1].L1VTLB[0],hit,1256.0,count
GPU[1].SA[1].L1VTLB[0],miss,12.0,count
GPU[1].SA[1].L1VTLB[0],mshr-hit,60.0,count
GPU[1].SA[1].L1VTLB[1],hit,1273.0,count
GPU[1].SA[1].L1VTLB[1],miss,8.0,count
GPU[1].SA[1].L1VTLB[1],mshr-hit,47.0,count
GPU[1].SA[1].L1VTLB[2],hit,1248.0,count
GPU[1].SA[1].L1VTLB[2],miss,8.0,count
GPU[1].SA[1].L1VTLB[2],mshr-hit,72.0,count
GPU[1].SA[1].L1VTLB[3],hit,1236.0,count
GPU[1].SA[1].L1VTLB[3],miss,8.0,count
GPU[1].SA[1].L1VTLB[3],mshr-hit,84.0,count
GPU[1].SA[1].L1STLB,hit,1036.0,count
GPU[1].SA[1].L1STLB,miss,3.0,count
GPU[1].SA[1].L1STLB,mshr-hit,241.0,count
GPU[1].SA[1].L1ITLB,hit,6.0,count
GPU[1].SA[1].L1ITLB,miss,1.0,count
GPU[1].SA[1].L1ITLB,mshr-hit,0.0,count
GPU[1].SA[2].L1VTLB[0],hit,1252.0,count
GPU[1].SA[2].L1VTLB[0],miss,12.0,count
GPU[1].SA[2].L1VTLB[0],mshr-hit,64.0,count
GPU[1].SA[2].L1VTLB[1],hit,1268.0,count
GPU[1].SA[2].L1VTLB[1],miss,8.0,count
GPU[1].SA[2].L1VTLB[1],mshr-hit,52.0,count
GPU[1].SA[2].L1VTLB[2],hit,1244.0,count
GPU[1].SA[2].L1VTLB[2],miss,8.0,count
GPU[1].SA[2].L1VTLB[2],mshr-hit,76.0,count
GPU[1].SA[2].L1VTLB[3],hit,1248.0,count
GPU[1].SA[2].L1VTLB[3],miss,8.0,count
GPU[1].SA[2].L1VTLB[3],mshr-hit,72.0,count
GPU[1].SA[2].L1STLB,hit,1036.0,count
GPU[1].SA[2].L1STLB,miss,3.0,count
GPU[1].SA[2].L1STLB,mshr-hit,241.0,count
GPU[1].SA[2].L1ITLB,hit,6.0,count
GPU[1].SA[2].L1ITLB,miss,1.0,count
GPU[1].SA[2].L1ITLB,mshr-hit,0.0,count
GPU[1].SA[3].L1VTLB[0],hit,1256.0,count
GPU[1].SA[3].L1VTLB[0],miss,12.0,count
GPU[1].SA[3].L1VTLB[0],mshr-hit,60.0,count
GPU[1].SA[3].L1VTLB[1],hit,1272.0,count
GPU[1].SA[3].L1VTLB[1],miss,8.0,count
GPU[1].SA[3].L1VTLB[1],mshr-hit,48.0,count
GPU[1].SA[3].L1VTLB[2],hit,1240.0,count
GPU[1].SA[3].L1VTLB[2],miss,8.0,count
GPU[1].SA[3].L1VTLB[2],mshr-hit,80.0,count
GPU[1].SA[3].L1VTLB[3],hit,1248.0,count
GPU[1].SA[3].L1VTLB[3],miss,8.0,count
GPU[1].SA[3].L1VTLB[3],mshr-hit,72.0,count
GPU[1].SA[3].L1STLB,hit,1036.0,count
GPU[1].SA[3].L1STLB,miss,3.0,count
GPU[1].SA[3].L1STLB,mshr-hit,241.0,count
GPU[1].SA[3].L1ITLB,hit,6.0,count
GPU[1].SA[3].L1ITLB,miss,1.0,count
GPU[1].SA[3].L1ITLB,mshr-hit,0.0,count
GPU[1].SA[4].L1VTLB[0],hit,1248.0,count
GPU[1].SA[4].L1VTLB[0],miss,12.0,count
GPU[1].SA[4].L1VTLB[0],mshr-hit,68.0,count
GPU[1].SA[4].L1VTLB[1],hit,1271.0,count
GPU[1].SA[4].L1VTLB[1],miss,8.0,count
GPU[1].SA[4].L1VTLB[1],mshr-hit,49.0,count
GPU[1].SA[4].L1VTLB[2],hit,1248.0,count
GPU[1].SA[4].L1VTLB[2],miss,8.0,count
GPU[1].SA[4].L1VTLB[2],mshr-hit,72.0,count
GPU[1].SA[4].L1VTLB[3],hit,1248.0,count
GPU[1].SA[4].L1VTLB[3],miss,8.0,count
GPU[1].SA[4].L1VTLB[3],mshr-hit,72.0,count
GPU[1].SA[4].L1STLB,hit,1036.0,count
GPU[1].SA[4].L1STLB,miss,3.0,count
GPU[1].SA[4].L1STLB,mshr-hit,241.0,count
GPU[1].SA[4].L1ITLB,hit,6.0,count
GPU[1].SA[4].L1ITLB,miss,1.0,count
GPU[1].SA[4].L1ITLB,mshr-hit,0.0,count
GPU[1].SA[5].L1VTLB[0],hit,1252.0,count
GPU[1].SA[5].L1VTLB[0],miss,12.0,count
GPU[1].SA[5].L1VTLB[0],mshr-hit,64.0,count
GPU[1].SA[5].L1VTLB[1],hit,1276.0,count
GPU[1].SA[5].L1VTLB[1],miss,8.0,count
GPU[1].SA[5].L1VTLB[1],mshr-hit,44.0,count
GPU[1].SA[5].L1VTLB[2],hit,1248.0,count
GPU[1].SA[5].L1VTLB[2],miss,8.0,count
GPU[1].SA[5].L1VTLB[2],mshr-hit,72.0,count
GPU[1].SA[5].L1VTLB[3],hit,1240.0,count
GPU[1].SA[5].L1VTLB[3],miss,8.0,count
GPU[1].SA[5].L1VTLB[3],mshr-hit,80.0,count
GPU[1].SA[5].L1STLB,hit,1036.0,count
GPU[1].SA[5].L1STLB,miss,3.0,count
GPU[1].SA[5].L1STLB,mshr-hit,241.0,count
GPU[1].SA[5].L1ITLB,hit,6.0,count
GPU[1].SA[5].L1ITLB,miss,1.0,count
GPU[1].SA[5].L1ITLB,mshr-hit,0.0,count
GPU[1].SA[6].L1VTLB[0],hit,1252.0,count
GPU[1].SA[6].L1VTLB[0],miss,12.0,count
GPU[1].SA[6].L1VTLB[0],mshr-hit,64.0,count
GPU[1].SA[6].L1VTLB[1],hit,1268.0,count
GPU[1].SA[6].L1VTLB[1],miss,8.0,count
GPU[1].SA[6].L1VTLB[1],mshr-hit,52.0,count
GPU[1].SA[6].L1VTLB[2],hit,1224.0,count
GPU[1].SA[6].L1VTLB[2],miss,8.0,count
GPU[1].SA[6].L1VTLB[2],mshr-hit,96.0,count
GPU[1].SA[6].L1VTLB[3],hit,1248.0,count
GPU[1].SA[6].L1VTLB[3],miss,8.0,count
GPU[1].SA[6].L1VTLB[3],mshr-hit,72.0,count
GPU[1].SA[6].L1STLB,hit,1036.0,count
GPU[1].SA[6].L1STLB,miss,3.0,count
GPU[1].SA[6].L1STLB,mshr-hit,241.0,count
GPU[1].SA[6].L1ITLB,hit,6.0,count
GPU[1].SA[6].L1ITLB,miss,1.0,count
GPU[1].SA[6].L1ITLB,mshr-hit,0.0,count
GPU[1].SA[7].L1VTLB[0],hit,1249.0,count
GPU[1].SA[7].L1VTLB[0],miss,12.0,count
GPU[1].SA[7].L1VTLB[0],mshr-hit,67.0,count
GPU[1].SA[7].L1VTLB[1],hit,1272.0,count
GPU[1].SA[7].L1VTLB[1],miss,8.0,count
GPU[1].SA[7].L1VTLB[1],mshr-hit,48.0,count
GPU[1].SA[7].L1VTLB[2],hit,1240.0,count
GPU[1].SA[7].L1VTLB[2],miss,8.0,count
GPU[1].SA[7].L1VTLB[2],mshr-hit,80.0,count
GPU[1].SA[7].L1VTLB[3],hit,1248.0,count
GPU[1].SA[7].L1VTLB[3],miss,8.0,count
GPU[1].SA[7].L1VTLB[3],mshr-hit,72.0,count
GPU[1].SA[7].L1STLB,hit,1036.0,count
GPU[1].SA[7].L1STLB,miss,3.0,count
GPU[1].SA[7].L1STLB,mshr-hit,241.0,count
GPU[1].SA[7].L1ITLB,hit,6.0,count
GPU[1].SA[7].L1ITLB,miss,1.0,count
GPU[1].SA[7].L1ITLB,mshr-hit,0.0,count
GPU[1].SA[8].L1VTLB[0],hit,1250.0,count
GPU[1].SA[8].L1VTLB[0],miss,12.0,count
GPU[1].SA[8].L1VTLB[0],mshr-hit,66.0,count
GPU[1].SA[8].L1VTLB[1],hit,1275.0,count
GPU[1].SA[8].L1VTLB[1],miss,8.0,count
GPU[1].SA[8].L1VTLB[1],mshr-hit,45.0,count
GPU[1].SA[8].L1VTLB[2],hit,1248.0,count
GPU[1].SA[8].L1VTLB[2],miss,8.0,count
GPU[1].SA[8].L1VTLB[2],mshr-hit,72.0,count
GPU[1].SA[8].L1VTLB[3],hit,1244.0,count
GPU[1].SA[8].L1VTLB[3],miss,8.0,count
GPU[1].SA[8].L1VTLB[3],mshr-hit,76.0,count
GPU[1].SA[8].L1STLB,hit,1036.0,count
GPU[1].SA[8].L1STLB,miss,3.0,count
GPU[1].SA[8].L1STLB,mshr-hit,241.0,count
GPU[1].SA[8].L1ITLB,hit,6.0,count
GPU[1].SA[8].L1ITLB,miss,1.0,count
GPU[1].SA[8].L1ITLB,mshr-hit,0.0,count
GPU[1].SA[9].L1VTLB[0],hit,1248.0,count
GPU[1].SA[9].L1VTLB[0],miss,12.0,count
GPU[1].SA[9].L1VTLB[0],mshr-hit,68.0,count
GPU[1].SA[9].L1VTLB[1],hit,1276.0,count
GPU[1].SA[9].L1VTLB[1],miss,8.0,count
GPU[1].SA[9].L1VTLB[1],mshr-hit,44.0,count
GPU[1].SA[9].L1VTLB[2],hit,1248.0,count
GPU[1].SA[9].L1VTLB[2],miss,8.0,count
GPU[1].SA[9].L1VTLB[2],mshr-hit,72.0,count
GPU[1].SA[9].L1VTLB[3],hit,1244.0,count
GPU[1].SA[9].L1VTLB[3],miss,8.0,count
GPU[1].SA[9].L1VTLB[3],mshr-hit,76.0,count
GPU[1].SA[9].L1STLB,hit,1036.0,count
GPU[1].SA[9].L1STLB,miss,3.0,count
GPU[1].SA[9].L1STLB,mshr-hit,241.0,count
GPU[1].SA[9].L1ITLB,hit,6.0,count
GPU[1].SA[9].L1ITLB,miss,1.0,count
GPU[1].SA[9].L1ITLB,mshr-hit,0.0,count
GPU[1].SA[10].L1VTLB[0],hit,1258.0,count
GPU[1].SA[10].L1VTLB[0],miss,12.0,count
GPU[1].SA[10].L1VTLB[0],mshr-hit,58.0,count
GPU[1].SA[10].L1VTLB[1],hit,1276.0,count
GPU[1].SA[10].L1VTLB[1],miss,8.0,count
GPU[1].SA[10].L1VTLB[1],mshr-hit,44.0,count
GPU[1].SA[10].L1VTLB[2],hit,1248.0,count
GPU[1].SA[10].L1VTLB[2],miss,8.0,count
GPU[1].SA[10].L1VTLB[2],mshr-hit,72.0,count
GPU[1].SA[10].L1VTLB[3],hit,1248.0,count
GPU[1].SA[10].L1VTLB[3],miss,8.0,count
GPU[1].SA[10].L1VTLB[3],mshr-hit,72.0,count
GPU[1].SA[10].L1STLB,hit,1036.0,count
GPU[1].SA[10].L1STLB,miss,3.0,count
GPU[1].SA[10].L1STLB,mshr-hit,241.0,count
GPU[1].SA[10].L1ITLB,hit,6.0,count
GPU[1].SA[10].L1ITLB,miss,1.0,count
GPU[1].SA[10].L1ITLB,mshr-hit,0.0,count
GPU[1].SA[11].L1VTLB[0],hit,1251.0,count
GPU[1].SA[11].L1VTLB[0],miss,12.0,count
GPU[1].SA[11].L1VTLB[0],mshr-hit,65.0,count
GPU[1].SA[11].L1VTLB[1],hit,1276.0,count
GPU[1].SA[11].L1VTLB[1],miss,8.0,count
GPU[1].SA[11].L1VTLB[1],mshr-hit,44.0,count
GPU[1].SA[11].L1VTLB[2],hit,1248.0,count
GPU[1].SA[11].L1VTLB[2],miss,8.0,count
GPU[1].SA[11].L1VTLB[2],mshr-hit,72.0,count
GPU[1].SA[11].L1VTLB[3],hit,1248.0,count
GPU[1].SA[11].L1VTLB[3],miss,8.0,count
GPU[1].SA[11].L1VTLB[3],mshr-hit,72.0,count
GPU[1].SA[11].L1STLB,hit,1036.0,count
GPU[1].SA[11].L1STLB,miss,3.0,count
GPU[1].SA[11].L1STLB,mshr-hit,241.0,count
GPU[1].SA[11].L1ITLB,hit,6.0,count
GPU[1].SA[11].L1ITLB,miss,1.0,count
GPU[1].SA[11].L1ITLB,mshr-hit,0.0,count
GPU[1].SA[12].L1VTLB[0],hit,1260.0,count
GPU[1].SA[12].L1VTLB[0],miss,12.0,count
GPU[1].SA[12].L1VTLB[0],mshr-hit,56.0,count
GPU[1].SA[12].L1VTLB[1],hit,1276.0,count
GPU[1].SA[12].L1VTLB[1],miss,8.0,count
GPU[1].SA[12].L1VTLB[1],mshr-hit,44.0,count
GPU[1].SA[12].L1VTLB[2],hit,1236.0,count
GPU[1].SA[12].L1VTLB[2],miss,8.0,count
GPU[1].SA[12].L1VTLB[2],mshr-hit,84.0,count
GPU[1].SA[12].L1VTLB[3],hit,1248.0,count
GPU[1].SA[12].L1VTLB[3],miss,8.0,count
GPU[1].SA[12].L1VTLB[3],mshr-hit,72.0,count
GPU[1].SA[12].L1STLB,hit,1036.0,count
GPU[1].SA[12].L1STLB,miss,3.0,count
GPU[1].SA[12].L1STLB,mshr-hit,241.0,count
GPU[1].SA[12].L1ITLB,hit,6.0,count
GPU[1].SA[12].L1ITLB,miss,1.0,count
GPU[1].SA[12].L1ITLB,mshr-hit,0.0,count
GPU[1].SA[13].L1VTLB[0],hit,1260.0,count
GPU[1].SA[13].L1VTLB[0],miss,12.0,count
GPU[1].SA[13].L1VTLB[0],mshr-hit,56.0,count
GPU[1].SA[13].L1VTLB[1],hit,1272.0,count
GPU[1].SA[13].L1VTLB[1],miss,8.0,count
GPU[1].SA[13].L1VTLB[1],mshr-hit,48.0,count
GPU[1].SA[13].L1VTLB[2],hit,1236.0,count
GPU[1].SA[13].L1VTLB[2],miss,8.0,count
GPU[1].SA[13].L1VTLB[2],mshr-hit,84.0,count
GPU[1].SA[13].L1VTLB[3],hit,1244.0,count
GPU[1].SA[13].L1VTLB[3],miss,8.0,count
GPU[1].SA[13].L1VTLB[3],mshr-hit,76.0,count
GPU[1].SA[13].L1STLB,hit,1036.0,count
GPU[1].SA[13].L1STLB,miss,3.0,count
GPU[1].SA[13].L1STLB,mshr-hit,241.0,count
GPU[1].SA[13].L1ITLB,hit,6.0,count
GPU[1].SA[13].L1ITLB,miss,1.0,count
GPU[1].SA[13].L1ITLB,mshr-hit,0.0,count
GPU[1].SA[14].L1VTLB[0],hit,1260.0,count
GPU[1].SA[14].L1VTLB[0],miss,12.0,count
GPU[1].SA[14].L1VTLB[0],mshr-hit,56.0,count
GPU[1].SA[14].L1VTLB[1],hit,1276.0,count
GPU[1].SA[14].L1VTLB[1],miss,8.0,count
GPU[1].SA[14].L1VTLB[1],mshr-hit,44.0,count
GPU[1].SA[14].L1VTLB[2],hit,1240.0,count
GPU[1].SA[14].L1VTLB[2],miss,8.0,count
GPU[1].SA[14].L1VTLB[2],mshr-hit,80.0,count
GPU[1].SA[14].L1VTLB[3],hit,1248.0,count
GPU[1].SA[14].L1VTLB[3],miss,8.0,count
GPU[1].SA[14].L1VTLB[3],mshr-hit,72.0,count
GPU[1].SA[14].L1STLB,hit,1036.0,count
GPU[1].SA[14].L1STLB,miss,3.0,count
GPU[1].SA[14].L1STLB,mshr-hit,241.0,count
GPU[1].SA[14].L1ITLB,hit,6.0,count
GPU[1].SA[14].L1ITLB,miss,1.0,count
GPU[1].SA[14].L1ITLB,mshr-hit,0.0,count
GPU[1].SA[15].L1VTLB[0],hit,1260.0,count
GPU[1].SA[15].L1VTLB[0],miss,12.0,count
GPU[1].SA[15].L1VTLB[0],mshr-hit,56.0,count
GPU[1].SA[15].L1VTLB[1],hit,1276.0,count
GPU[1].SA[15].L1VTLB[1],miss,8.0,count
GPU[1].SA[15].L1VTLB[1],mshr-hit,44.0,count
GPU[1].SA[15].L1VTLB[2],hit,1248.0,count
GPU[1].SA[15].L1VTLB[2],miss,8.0,count
GPU[1].SA[15].L1VTLB[2],mshr-hit,72.0,count
GPU[1].SA[15].L1VTLB[3],hit,1248.0,count
GPU[1].SA[15].L1VTLB[3],miss,8.0,count
GPU[1].SA[15].L1VTLB[3],mshr-hit,72.0,count
GPU[1].SA[15].L1STLB,hit,1036.0,count
GPU[1].SA[15].L1STLB,miss,3.0,count
GPU[1].SA[15].L1STLB,mshr-hit,241.0,count
GPU[1].SA[15].L1ITLB,hit,6.0,count
GPU[1].SA[15].L1ITLB,miss,1.0,count
GPU[1].SA[15].L1ITLB,mshr-hit,0.0,count
GPU[1].RDMA,outgoing_trans_count,0.0,count
GPU[1].RDMA,incoming_trans_count,0.0,count
GPU[1].DRAM[0],read_trans_count,262.0,count
GPU[1].DRAM[0],write_trans_count,261.0,count
GPU[1].DRAM[0],read_avg_latency,9.90000000000002e-08,second
GPU[1].DRAM[0],write_avg_latency,9.90000000000002e-08,second
GPU[1].DRAM[0],read_size,16768.0,bytes
GPU[1].DRAM[0],write_size,16704.0,bytes
GPU[1].DRAM[1],read_trans_count,258.0,count
GPU[1].DRAM[1],write_trans_count,258.0,count
GPU[1].DRAM[1],read_avg_latency,9.90000000000002e-08,second
GPU[1].DRAM[1],write_avg_latency,9.90000000000002e-08,second
GPU[1].DRAM[1],read_size,16512.0,bytes
GPU[1].DRAM[1],write_size,16484.0,bytes
GPU[1].DRAM[2],read_trans_count,258.0,count
GPU[1].DRAM[2],write_trans_count,256.0,count
GPU[1].DRAM[2],read_avg_latency,9.90000000000002e-08,second
GPU[1].DRAM[2],write_avg_latency,9.90000000000002e-08,second
GPU[1].DRAM[2],read_size,16512.0,bytes
GPU[1].DRAM[2],write_size,16384.0,bytes
GPU[1].DRAM[3],read_trans_count,257.0,count
GPU[1].DRAM[3],write_trans_count,256.0,count
GPU[1].DRAM[3],read_avg_latency,9.90000000000002e-08,second
GPU[1].DRAM[3],write_avg_latency,9.90000000000002e-08,second
GPU[1].DRAM[3],read_size,16448.0,bytes
GPU[1].DRAM[3],write_size,16384.0,bytes
GPU[1].DRAM[4],read_trans_count,256.0,count
GPU[1].DRAM[4],write_trans_count,256.0,count
GPU[1].DRAM[4],read_avg_latency,9.90000000000002e-08,second
GPU[1].DRAM[4],write_avg_latency,9.90000000000002e-08,second
GPU[1].DRAM[4],read_size,16384.0,bytes
GPU[1].DRAM[4],write_size,16384.0,bytes
GPU[1].DRAM[5],read_trans_count,256.0,count
GPU[1].DRAM[5],write_trans_count,256.0,count
GPU[1].DRAM[5],read_avg_latency,9.90000000000002e-08,second
GPU[1].DRAM[5],write_avg_latency,9.90000000000002e-08,second
GPU[1].DRAM[5],read_size,16384.0,bytes
GPU[1].DRAM[5],write_size,16384.0,bytes
GPU[1].DRAM[6],read_trans_count,256.0,count
GPU[1].DRAM[6],write_trans_count,256.0,count
GPU[1].DRAM[6],read_avg_latency,9.90000000000002e-08,second
GPU[1].DRAM[6],write_avg_latency,9.90000000000002e-08,second
GPU[1].DRAM[6],read_size,16384.0,bytes
GPU[1].DRAM[6],write_size,16384.0,bytes
GPU[1].DRAM[7],read_trans_count,256.0,count
GPU[1].DRAM[7],write_trans_count,256.0,count
GPU[1].DRAM[7],read_avg_latency,9.90000000000002e-08,second
GPU[1].DRAM[7],write_avg_latency,9.90000000000002e-08,second
GPU[1].DRAM[7],read_size,16384.0,bytes
GPU[1].DRAM[7],write_size,16384.0,bytes
GPU[1].DRAM[8],read_trans_count,256.0,count
GPU[1].DRAM[8],write_trans_count,256.0,count
GPU[1].DRAM[8],read_avg_latency,9.90000000000002e-08,second
GPU[1].DRAM[8],write_avg_latency,9.90000000000002e-08,second
GPU[1].DRAM[8],read_size,16384.0,bytes
GPU[1].DRAM[8],write_size,16384.0,bytes
GPU[1].DRAM[9],read_trans_count,256.0,count
GPU[1].DRAM[9],write_trans_count,256.0,count
GPU[1].DRAM[9],read_avg_latency,9.90000000000002e-08,second
GPU[1].DRAM[9],write_avg_latency,9.90000000000002e-08,second
GPU[1].DRAM[9],read_size,16384.0,bytes
GPU[1].DRAM[9],write_size,16384.0,bytes
GPU[1].DRAM[10],read_trans_count,256.0,count
GPU[1].DRAM[10],write_trans_count,256.0,count
GPU[1].DRAM[10],read_avg_latency,9.90000000000002e-08,second
GPU[1].DRAM[10],write_avg_latency,9.90000000000002e-08,second
GPU[1].DRAM[10],read_size,16384.0,bytes
GPU[1].DRAM[10],write_size,16384.0,bytes
GPU[1].DRAM[11],read_trans_count,256.0,count
GPU[1].DRAM[11],write_trans_count,256.0,count
GPU[1].DRAM[11],read_avg_latency,9.90000000000002e-08,second
GPU[1].DRAM[11],write_avg_latency,9.90000000000002e-08,second
GPU[1].DRAM[11],read_size,16384.0,bytes
GPU[1].DRAM[11],write_size,16384.0,bytes
GPU[1].DRAM[12],read_trans_count,256.0,count
GPU[1].DRAM[12],write_trans_count,256.0,count
GPU[1].DRAM[12],read_avg_latency,9.90000000000002e-08,second
GPU[1].DRAM[12],write_avg_latency,9.90000000000002e-08,second
GPU[1].DRAM[12],read_size,16384.0,bytes
GPU[1].DRAM[12],write_size,16384.0,bytes
GPU[1].DRAM[13],read_trans_count,256.0,count
GPU[1].DRAM[13],write_trans_count,256.0,count
GPU[1].DRAM[13],read_avg_latency,9.90000000000002e-08,second
GPU[1].DRAM[13],write_avg_latency,9.90000000000002e-08,second
GPU[1].DRAM[13],read_size,16384.0,bytes
GPU[1].DRAM[13],write_size,16384.0,bytes
GPU[1].DRAM[14],read_trans_count,256.0,count
GPU[1].DRAM[14],write_trans_count,256.0,count
GPU[1].DRAM[14],read_avg_latency,9.90000000000002e-08,second
GPU[1].DRAM[14],write_avg_latency,9.90000000000002e-08,second
GPU[1].DRAM[14],read_size,16384.0,bytes
GPU[1].DRAM[14],write_size,16384.0,bytes
GPU[1].DRAM[15],read_trans_count,256.0,count
GPU[1].DRAM[15],write_trans_count,256.0,count
GPU[1].DRAM[15],read_avg_latency,9.90000000000002e-08,second
GPU[1].DRAM[15],write_avg_latency,9.90000000000002e-08,second
GPU[1].DRAM[15],read_size,16384.0,bytes
GPU[1].DRAM[15],write_size,16384.0,bytes
