Location,What,Value,Unit
Driver,kernel_time,1.0746e-05,second
GPU[1].CommandProcessor,kernel_time,1.0744e-05,second
GPU[1].SA[0].CU[0],cu_inst_count,6272.0,count
GPU[1].SA[0].CU[0],cu_CPI,1.71332908163265,cycles/inst
GPU[1].SA[0].CU[0],simd_inst_count,4016.0,count
GPU[1].SA[0].CU[0],simd_CPI,2.675796812749,cycles/inst
GPU[1].SA[0].CU[1],cu_inst_count,6272.0,count
GPU[1].SA[0].CU[1],cu_CPI,1.71332908163265,cycles/inst
GPU[1].SA[0].CU[1],simd_inst_count,4016.0,count
GPU[1].SA[0].CU[1],simd_CPI,2.675796812749,cycles/inst
GPU[1].SA[0].CU[2],cu_inst_count,6272.0,count
GPU[1].SA[0].CU[2],cu_CPI,1.71332908163265,cycles/inst
GPU[1].SA[0].CU[2],simd_inst_count,4016.0,count
GPU[1].SA[0].CU[2],simd_CPI,2.675796812749,cycles/inst
GPU[1].SA[0].CU[3],cu_inst_count,6272.0,count
GPU[1].SA[0].CU[3],cu_CPI,1.71332908163265,cycles/inst
GPU[1].SA[0].CU[3],simd_inst_count,4016.0,count
GPU[1].SA[0].CU[3],simd_CPI,2.675796812749,cycles/inst
GPU[1].SA[1].CU[0],cu_inst_count,6272.0,count
GPU[1].SA[1].CU[0],cu_CPI,1.71332908163265,cycles/inst
GPU[1].SA[1].CU[0],simd_inst_count,4016.0,count
GPU[1].SA[1].CU[0],simd_CPI,2.675796812749,cycles/inst
GPU[1].SA[1].CU[1],cu_inst_count,6272.0,count
GPU[1].SA[1].CU[1],cu_CPI,1.71332908163265,cycles/inst
GPU[1].SA[1].CU[1],simd_inst_count,4016.0,count
GPU[1].SA[1].CU[1],simd_CPI,2.675796812749,cycles/inst
GPU[1].SA[1].CU[2],cu_inst_count,6272.0,count
GPU[1].SA[1].CU[2],cu_CPI,1.71332908163265,cycles/inst
GPU[1].SA[1].CU[2],simd_inst_count,4016.0,count
GPU[1].SA[1].CU[2],simd_CPI,2.675796812749,cycles/inst
GPU[1].SA[1].CU[3],cu_inst_count,6272.0,count
GPU[1].SA[1].CU[3],cu_CPI,1.71332908163265,cycles/inst
GPU[1].SA[1].CU[3],simd_inst_count,4016.0,count
GPU[1].SA[1].CU[3],simd_CPI,2.675796812749,cycles/inst
GPU[1].SA[2].CU[0],cu_inst_count,6272.0,count
GPU[1].SA[2].CU[0],cu_CPI,1.71332908163265,cycles/inst
GPU[1].SA[2].CU[0],simd_inst_count,4016.0,count
GPU[1].SA[2].CU[0],simd_CPI,2.675796812749,cycles/inst
GPU[1].SA[2].CU[1],cu_inst_count,6272.0,count
GPU[1].SA[2].CU[1],cu_CPI,1.71332908163265,cycles/inst
GPU[1].SA[2].CU[1],simd_inst_count,4016.0,count
GPU[1].SA[2].CU[1],simd_CPI,2.675796812749,cycles/inst
GPU[1].SA[2].CU[2],cu_inst_count,6272.0,count
GPU[1].SA[2].CU[2],cu_CPI,1.71332908163265,cycles/inst
GPU[1].SA[2].CU[2],simd_inst_count,4016.0,count
GPU[1].SA[2].CU[2],simd_CPI,2.675796812749,cycles/inst
GPU[1].SA[2].CU[3],cu_inst_count,6272.0,count
GPU[1].SA[2].CU[3],cu_CPI,1.71332908163265,cycles/inst
GPU[1].SA[2].CU[3],simd_inst_count,4016.0,count
GPU[1].SA[2].CU[3],simd_CPI,2.675796812749,cycles/inst
GPU[1].SA[3].CU[0],cu_inst_count,6272.0,count
GPU[1].SA[3].CU[0],cu_CPI,1.71332908163265,cycles/inst
GPU[1].SA[3].CU[0],simd_inst_count,4016.0,count
GPU[1].SA[3].CU[0],simd_CPI,2.675796812749,cycles/inst
GPU[1].SA[3].CU[1],cu_inst_count,6272.0,count
GPU[1].SA[3].CU[1],cu_CPI,1.71332908163265,cycles/inst
GPU[1].SA[3].CU[1],simd_inst_count,4016.0,count
GPU[1].SA[3].CU[1],simd_CPI,2.675796812749,cycles/inst
GPU[1].SA[3].CU[2],cu_inst_count,6272.0,count
GPU[1].SA[3].CU[2],cu_CPI,1.71332908163265,cycles/inst
GPU[1].SA[3].CU[2],simd_inst_count,4016.0,count
GPU[1].SA[3].CU[2],simd_CPI,2.675796812749,cycles/inst
GPU[1].SA[3].CU[3],cu_inst_count,6272.0,count
GPU[1].SA[3].CU[3],cu_CPI,1.71332908163265,cycles/inst
GPU[1].SA[3].CU[3],simd_inst_count,4016.0,count
GPU[1].SA[3].CU[3],simd_CPI,2.675796812749,cycles/inst
GPU[1].SA[4].CU[0],cu_inst_count,6272.0,count
GPU[1].SA[4].CU[0],cu_CPI,1.71332908163265,cycles/inst
GPU[1].SA[4].CU[0],simd_inst_count,4016.0,count
GPU[1].SA[4].CU[0],simd_CPI,2.675796812749,cycles/inst
GPU[1].SA[4].CU[1],cu_inst_count,6272.0,count
GPU[1].SA[4].CU[1],cu_CPI,1.71332908163265,cycles/inst
GPU[1].SA[4].CU[1],simd_inst_count,4016.0,count
GPU[1].SA[4].CU[1],simd_CPI,2.675796812749,cycles/inst
GPU[1].SA[4].CU[2],cu_inst_count,6272.0,count
GPU[1].SA[4].CU[2],cu_CPI,1.71332908163265,cycles/inst
GPU[1].SA[4].CU[2],simd_inst_count,4016.0,count
GPU[1].SA[4].CU[2],simd_CPI,2.675796812749,cycles/inst
GPU[1].SA[4].CU[3],cu_inst_count,6272.0,count
GPU[1].SA[4].CU[3],cu_CPI,1.71332908163265,cycles/inst
GPU[1].SA[4].CU[3],simd_inst_count,4016.0,count
GPU[1].SA[4].CU[3],simd_CPI,2.675796812749,cycles/inst
GPU[1].SA[5].CU[0],cu_inst_count,6272.0,count
GPU[1].SA[5].CU[0],cu_CPI,1.71332908163265,cycles/inst
GPU[1].SA[5].CU[0],simd_inst_count,4016.0,count
GPU[1].SA[5].CU[0],simd_CPI,2.675796812749,cycles/inst
GPU[1].SA[5].CU[1],cu_inst_count,6272.0,count
GPU[1].SA[5].CU[1],cu_CPI,1.71332908163265,cycles/inst
GPU[1].SA[5].CU[1],simd_inst_count,4016.0,count
GPU[1].SA[5].CU[1],simd_CPI,2.675796812749,cycles/inst
GPU[1].SA[5].CU[2],cu_inst_count,6272.0,count
GPU[1].SA[5].CU[2],cu_CPI,1.71332908163265,cycles/inst
GPU[1].SA[5].CU[2],simd_inst_count,4016.0,count
GPU[1].SA[5].CU[2],simd_CPI,2.675796812749,cycles/inst
GPU[1].SA[5].CU[3],cu_inst_count,6272.0,count
GPU[1].SA[5].CU[3],cu_CPI,1.71332908163265,cycles/inst
GPU[1].SA[5].CU[3],simd_inst_count,4016.0,count
GPU[1].SA[5].CU[3],simd_CPI,2.675796812749,cycles/inst
GPU[1].SA[6].CU[0],cu_inst_count,6272.0,count
GPU[1].SA[6].CU[0],cu_CPI,1.71332908163265,cycles/inst
GPU[1].SA[6].CU[0],simd_inst_count,4016.0,count
GPU[1].SA[6].CU[0],simd_CPI,2.675796812749,cycles/inst
GPU[1].SA[6].CU[1],cu_inst_count,6272.0,count
GPU[1].SA[6].CU[1],cu_CPI,1.71332908163265,cycles/inst
GPU[1].SA[6].CU[1],simd_inst_count,4016.0,count
GPU[1].SA[6].CU[1],simd_CPI,2.675796812749,cycles/inst
GPU[1].SA[6].CU[2],cu_inst_count,6272.0,count
GPU[1].SA[6].CU[2],cu_CPI,1.71332908163265,cycles/inst
GPU[1].SA[6].CU[2],simd_inst_count,4016.0,count
GPU[1].SA[6].CU[2],simd_CPI,2.675796812749,cycles/inst
GPU[1].SA[6].CU[3],cu_inst_count,6272.0,count
GPU[1].SA[6].CU[3],cu_CPI,1.71332908163265,cycles/inst
GPU[1].SA[6].CU[3],simd_inst_count,4016.0,count
GPU[1].SA[6].CU[3],simd_CPI,2.675796812749,cycles/inst
GPU[1].SA[7].CU[0],cu_inst_count,6272.0,count
GPU[1].SA[7].CU[0],cu_CPI,1.71332908163265,cycles/inst
GPU[1].SA[7].CU[0],simd_inst_count,4016.0,count
GPU[1].SA[7].CU[0],simd_CPI,2.675796812749,cycles/inst
GPU[1].SA[7].CU[1],cu_inst_count,6272.0,count
GPU[1].SA[7].CU[1],cu_CPI,1.71332908163265,cycles/inst
GPU[1].SA[7].CU[1],simd_inst_count,4016.0,count
GPU[1].SA[7].CU[1],simd_CPI,2.675796812749,cycles/inst
GPU[1].SA[7].CU[2],cu_inst_count,6272.0,count
GPU[1].SA[7].CU[2],cu_CPI,1.71332908163265,cycles/inst
GPU[1].SA[7].CU[2],simd_inst_count,4016.0,count
GPU[1].SA[7].CU[2],simd_CPI,2.675796812749,cycles/inst
GPU[1].SA[7].CU[3],cu_inst_count,6272.0,count
GPU[1].SA[7].CU[3],cu_CPI,1.71332908163265,cycles/inst
GPU[1].SA[7].CU[3],simd_inst_count,4016.0,count
GPU[1].SA[7].CU[3],simd_CPI,2.675796812749,cycles/inst
GPU[1].SA[8].CU[0],cu_inst_count,6272.0,count
GPU[1].SA[8].CU[0],cu_CPI,1.71332908163265,cycles/inst
GPU[1].SA[8].CU[0],simd_inst_count,4016.0,count
GPU[1].SA[8].CU[0],simd_CPI,2.675796812749,cycles/inst
GPU[1].SA[8].CU[1],cu_inst_count,6272.0,count
GPU[1].SA[8].CU[1],cu_CPI,1.71332908163265,cycles/inst
GPU[1].SA[8].CU[1],simd_inst_count,4016.0,count
GPU[1].SA[8].CU[1],simd_CPI,2.675796812749,cycles/inst
GPU[1].SA[8].CU[2],cu_inst_count,6272.0,count
GPU[1].SA[8].CU[2],cu_CPI,1.71332908163265,cycles/inst
GPU[1].SA[8].CU[2],simd_inst_count,4016.0,count
GPU[1].SA[8].CU[2],simd_CPI,2.675796812749,cycles/inst
GPU[1].SA[8].CU[3],cu_inst_count,6272.0,count
GPU[1].SA[8].CU[3],cu_CPI,1.71332908163265,cycles/inst
GPU[1].SA[8].CU[3],simd_inst_count,4016.0,count
GPU[1].SA[8].CU[3],simd_CPI,2.675796812749,cycles/inst
GPU[1].SA[9].CU[0],cu_inst_count,6272.0,count
GPU[1].SA[9].CU[0],cu_CPI,1.71332908163265,cycles/inst
GPU[1].SA[9].CU[0],simd_inst_count,4016.0,count
GPU[1].SA[9].CU[0],simd_CPI,2.675796812749,cycles/inst
GPU[1].SA[9].CU[1],cu_inst_count,6272.0,count
GPU[1].SA[9].CU[1],cu_CPI,1.71332908163265,cycles/inst
GPU[1].SA[9].CU[1],simd_inst_count,4016.0,count
GPU[1].SA[9].CU[1],simd_CPI,2.675796812749,cycles/inst
GPU[1].SA[9].CU[2],cu_inst_count,6272.0,count
GPU[1].SA[9].CU[2],cu_CPI,1.71332908163265,cycles/inst
GPU[1].SA[9].CU[2],simd_inst_count,4016.0,count
GPU[1].SA[9].CU[2],simd_CPI,2.675796812749,cycles/inst
GPU[1].SA[9].CU[3],cu_inst_count,6272.0,count
GPU[1].SA[9].CU[3],cu_CPI,1.71332908163265,cycles/inst
GPU[1].SA[9].CU[3],simd_inst_count,4016.0,count
GPU[1].SA[9].CU[3],simd_CPI,2.675796812749,cycles/inst
GPU[1].SA[10].CU[0],cu_inst_count,6272.0,count
GPU[1].SA[10].CU[0],cu_CPI,1.71332908163265,cycles/inst
GPU[1].SA[10].CU[0],simd_inst_count,4016.0,count
GPU[1].SA[10].CU[0],simd_CPI,2.675796812749,cycles/inst
GPU[1].SA[10].CU[1],cu_inst_count,6272.0,count
GPU[1].SA[10].CU[1],cu_CPI,1.71332908163265,cycles/inst
GPU[1].SA[10].CU[1],simd_inst_count,4016.0,count
GPU[1].SA[10].CU[1],simd_CPI,2.675796812749,cycles/inst
GPU[1].SA[10].CU[2],cu_inst_count,6272.0,count
GPU[1].SA[10].CU[2],cu_CPI,1.71332908163265,cycles/inst
GPU[1].SA[10].CU[2],simd_inst_count,4016.0,count
GPU[1].SA[10].CU[2],simd_CPI,2.675796812749,cycles/inst
GPU[1].SA[10].CU[3],cu_inst_count,6272.0,count
GPU[1].SA[10].CU[3],cu_CPI,1.71332908163265,cycles/inst
GPU[1].SA[10].CU[3],simd_inst_count,4016.0,count
GPU[1].SA[10].CU[3],simd_CPI,2.675796812749,cycles/inst
GPU[1].SA[11].CU[0],cu_inst_count,6272.0,count
GPU[1].SA[11].CU[0],cu_CPI,1.71332908163265,cycles/inst
GPU[1].SA[11].CU[0],simd_inst_count,4016.0,count
GPU[1].SA[11].CU[0],simd_CPI,2.675796812749,cycles/inst
GPU[1].SA[11].CU[1],cu_inst_count,6272.0,count
GPU[1].SA[11].CU[1],cu_CPI,1.71332908163265,cycles/inst
GPU[1].SA[11].CU[1],simd_inst_count,4016.0,count
GPU[1].SA[11].CU[1],simd_CPI,2.675796812749,cycles/inst
GPU[1].SA[11].CU[2],cu_inst_count,6272.0,count
GPU[1].SA[11].CU[2],cu_CPI,1.71332908163265,cycles/inst
GPU[1].SA[11].CU[2],simd_inst_count,4016.0,count
GPU[1].SA[11].CU[2],simd_CPI,2.675796812749,cycles/inst
GPU[1].SA[11].CU[3],cu_inst_count,6272.0,count
GPU[1].SA[11].CU[3],cu_CPI,1.71332908163265,cycles/inst
GPU[1].SA[11].CU[3],simd_inst_count,4016.0,count
GPU[1].SA[11].CU[3],simd_CPI,2.675796812749,cycles/inst
GPU[1].SA[12].CU[0],cu_inst_count,6272.0,count
GPU[1].SA[12].CU[0],cu_CPI,1.71332908163265,cycles/inst
GPU[1].SA[12].CU[0],simd_inst_count,4016.0,count
GPU[1].SA[12].CU[0],simd_CPI,2.675796812749,cycles/inst
GPU[1].SA[12].CU[1],cu_inst_count,6272.0,count
GPU[1].SA[12].CU[1],cu_CPI,1.71332908163265,cycles/inst
GPU[1].SA[12].CU[1],simd_inst_count,4016.0,count
GPU[1].SA[12].CU[1],simd_CPI,2.675796812749,cycles/inst
GPU[1].SA[12].CU[2],cu_inst_count,6272.0,count
GPU[1].SA[12].CU[2],cu_CPI,1.71332908163265,cycles/inst
GPU[1].SA[12].CU[2],simd_inst_count,4016.0,count
GPU[1].SA[12].CU[2],simd_CPI,2.675796812749,cycles/inst
GPU[1].SA[12].CU[3],cu_inst_count,6272.0,count
GPU[1].SA[12].CU[3],cu_CPI,1.71332908163265,cycles/inst
GPU[1].SA[12].CU[3],simd_inst_count,4016.0,count
GPU[1].SA[12].CU[3],simd_CPI,2.675796812749,cycles/inst
GPU[1].SA[13].CU[0],cu_inst_count,6272.0,count
GPU[1].SA[13].CU[0],cu_CPI,1.71332908163265,cycles/inst
GPU[1].SA[13].CU[0],simd_inst_count,4016.0,count
GPU[1].SA[13].CU[0],simd_CPI,2.675796812749,cycles/inst
GPU[1].SA[13].CU[1],cu_inst_count,6272.0,count
GPU[1].SA[13].CU[1],cu_CPI,1.71332908163265,cycles/inst
GPU[1].SA[13].CU[1],simd_inst_count,4016.0,count
GPU[1].SA[13].CU[1],simd_CPI,2.675796812749,cycles/inst
GPU[1].SA[13].CU[2],cu_inst_count,6272.0,count
GPU[1].SA[13].CU[2],cu_CPI,1.71332908163265,cycles/inst
GPU[1].SA[13].CU[2],simd_inst_count,4016.0,count
GPU[1].SA[13].CU[2],simd_CPI,2.675796812749,cycles/inst
GPU[1].SA[13].CU[3],cu_inst_count,6272.0,count
GPU[1].SA[13].CU[3],cu_CPI,1.71332908163265,cycles/inst
GPU[1].SA[13].CU[3],simd_inst_count,4016.0,count
GPU[1].SA[13].CU[3],simd_CPI,2.675796812749,cycles/inst
GPU[1].SA[14].CU[0],cu_inst_count,6272.0,count
GPU[1].SA[14].CU[0],cu_CPI,1.71332908163265,cycles/inst
GPU[1].SA[14].CU[0],simd_inst_count,4016.0,count
GPU[1].SA[14].CU[0],simd_CPI,2.675796812749,cycles/inst
GPU[1].SA[14].CU[1],cu_inst_count,6272.0,count
GPU[1].SA[14].CU[1],cu_CPI,1.71332908163265,cycles/inst
GPU[1].SA[14].CU[1],simd_inst_count,4016.0,count
GPU[1].SA[14].CU[1],simd_CPI,2.675796812749,cycles/inst
GPU[1].SA[14].CU[2],cu_inst_count,6272.0,count
GPU[1].SA[14].CU[2],cu_CPI,1.71332908163265,cycles/inst
GPU[1].SA[14].CU[2],simd_inst_count,4016.0,count
GPU[1].SA[14].CU[2],simd_CPI,2.675796812749,cycles/inst
GPU[1].SA[14].CU[3],cu_inst_count,6272.0,count
GPU[1].SA[14].CU[3],cu_CPI,1.71332908163265,cycles/inst
GPU[1].SA[14].CU[3],simd_inst_count,4016.0,count
GPU[1].SA[14].CU[3],simd_CPI,2.675796812749,cycles/inst
GPU[1].SA[15].CU[0],cu_inst_count,6272.0,count
GPU[1].SA[15].CU[0],cu_CPI,1.71332908163265,cycles/inst
GPU[1].SA[15].CU[0],simd_inst_count,4016.0,count
GPU[1].SA[15].CU[0],simd_CPI,2.675796812749,cycles/inst
GPU[1].SA[15].CU[1],cu_inst_count,6272.0,count
GPU[1].SA[15].CU[1],cu_CPI,1.71332908163265,cycles/inst
GPU[1].SA[15].CU[1],simd_inst_count,4016.0,count
GPU[1].SA[15].CU[1],simd_CPI,2.675796812749,cycles/inst
GPU[1].SA[15].CU[2],cu_inst_count,6272.0,count
GPU[1].SA[15].CU[2],cu_CPI,1.71332908163265,cycles/inst
GPU[1].SA[15].CU[2],simd_inst_count,4016.0,count
GPU[1].SA[15].CU[2],simd_CPI,2.675796812749,cycles/inst
GPU[1].SA[15].CU[3],cu_inst_count,6272.0,count
GPU[1].SA[15].CU[3],cu_CPI,1.71332908163265,cycles/inst
GPU[1].SA[15].CU[3],simd_inst_count,4016.0,count
GPU[1].SA[15].CU[3],simd_CPI,2.675796812749,cycles/inst
GPU[1].SA[0].CU[0],CPIStack.Branch,0.00191326530612286,cycles/inst
GPU[1].SA[0].CU[0],CPIStack.Fetch,0.0543686224489793,cycles/inst
GPU[1].SA[0].CU[0],CPIStack.Idle,0.000159438775510284,cycles/inst
GPU[1].SA[0].CU[0],CPIStack.ScalarInst,0.0161033163265303,cycles/inst
GPU[1].SA[0].CU[0],CPIStack.ScalarMem,0.0609056122448983,cycles/inst
GPU[1].SA[0].CU[0],CPIStack.ScalarMemInst,0.000478316326530716,cycles/inst
GPU[1].SA[0].CU[0],CPIStack.Special,0.0,cycles/inst
GPU[1].SA[0].CU[0],CPIStack.VALU,0.855548469387754,cycles/inst
GPU[1].SA[0].CU[0],CPIStack.VMem,0.0186543367346943,cycles/inst
GPU[1].SA[0].CU[0],CPIStack.VMemInst,0.00239158163265317,cycles/inst
GPU[1].SA[0].CU[0],CPIStack.total,1.71285076530612,cycles/inst
GPU[1].SA[0].CU[0],SIMDCPIStack.Branch,0.00298804780876559,cycles/inst
GPU[1].SA[0].CU[0],SIMDCPIStack.Fetch,0.0849103585657366,cycles/inst
GPU[1].SA[0].CU[0],SIMDCPIStack.Idle,0.000249003984063869,cycles/inst
GPU[1].SA[0].CU[0],SIMDCPIStack.ScalarInst,0.0251494023904377,cycles/inst
GPU[1].SA[0].CU[0],SIMDCPIStack.ScalarMem,0.0951195219123512,cycles/inst
GPU[1].SA[0].CU[0],SIMDCPIStack.ScalarMemInst,0.000747011952191397,cycles/inst
GPU[1].SA[0].CU[0],SIMDCPIStack.Special,0.0,cycles/inst
GPU[1].SA[0].CU[0],SIMDCPIStack.VALU,1.33615537848605,cycles/inst
GPU[1].SA[0].CU[0],SIMDCPIStack.VMem,0.0291334661354588,cycles/inst
GPU[1].SA[0].CU[0],SIMDCPIStack.VMemInst,0.00373505976095635,cycles/inst
GPU[1].SA[0].CU[0],SIMDCPIStack.total,2.67504980079681,cycles/inst
GPU[1].SA[0].CU[1],CPIStack.Branch,0.00175382653061231,cycles/inst
GPU[1].SA[0].CU[1],CPIStack.Fetch,0.0537308673469387,cycles/inst
GPU[1].SA[0].CU[1],CPIStack.Idle,0.000159438775510284,cycles/inst
GPU[1].SA[0].CU[1],CPIStack.ScalarInst,0.0103635204081633,cycles/inst
GPU[1].SA[0].CU[1],CPIStack.ScalarMem,0.0594706632653062,cycles/inst
GPU[1].SA[0].CU[1],CPIStack.ScalarMemInst,0.000478316326530716,cycles/inst
GPU[1].SA[0].CU[1],CPIStack.Special,0.0,cycles/inst
GPU[1].SA[0].CU[1],CPIStack.VALU,0.890465561224489,cycles/inst
GPU[1].SA[0].CU[1],CPIStack.VMem,0.0318877551020408,cycles/inst
GPU[1].SA[0].CU[1],CPIStack.VMemInst,0.00207270408163288,cycles/inst
GPU[1].SA[0].CU[1],CPIStack.total,1.71285076530612,cycles/inst
GPU[1].SA[0].CU[1],SIMDCPIStack.Branch,0.0027390438247013,cycles/inst
GPU[1].SA[0].CU[1],SIMDCPIStack.Fetch,0.0839143426294819,cycles/inst
GPU[1].SA[0].CU[1],SIMDCPIStack.Idle,0.000249003984063869,cycles/inst
GPU[1].SA[0].CU[1],SIMDCPIStack.ScalarInst,0.0161852589641435,cycles/inst
GPU[1].SA[0].CU[1],SIMDCPIStack.ScalarMem,0.092878486055777,cycles/inst
GPU[1].SA[0].CU[1],SIMDCPIStack.ScalarMemInst,0.000747011952191397,cycles/inst
GPU[1].SA[0].CU[1],SIMDCPIStack.Special,0.0,cycles/inst
GPU[1].SA[0].CU[1],SIMDCPIStack.VALU,1.39068725099602,cycles/inst
GPU[1].SA[0].CU[1],SIMDCPIStack.VMem,0.0498007968127489,cycles/inst
GPU[1].SA[0].CU[1],SIMDCPIStack.VMemInst,0.00323705179282903,cycles/inst
GPU[1].SA[0].CU[1],SIMDCPIStack.total,2.67504980079681,cycles/inst
GPU[1].SA[0].CU[2],CPIStack.Branch,0.00286989795918429,cycles/inst
GPU[1].SA[0].CU[2],CPIStack.Fetch,0.0559630102040816,cycles/inst
GPU[1].SA[0].CU[2],CPIStack.Idle,0.000318877551020567,cycles/inst
GPU[1].SA[0].CU[2],CPIStack.ScalarInst,0.0169005102040814,cycles/inst
GPU[1].SA[0].CU[2],CPIStack.ScalarMem,0.075733418367347,cycles/inst
GPU[1].SA[0].CU[2],CPIStack.ScalarMemInst,0.000956632653061296,cycles/inst
GPU[1].SA[0].CU[2],CPIStack.Special,0.000159438775510284,cycles/inst
GPU[1].SA[0].CU[2],CPIStack.VALU,0.889668367346938,cycles/inst
GPU[1].SA[0].CU[2],CPIStack.VMem,0.0266262755102036,cycles/inst
GPU[1].SA[0].CU[2],CPIStack.VMemInst,0.00446428571428578,cycles/inst
GPU[1].SA[0].CU[2],CPIStack.total,1.71285076530612,cycles/inst
GPU[1].SA[0].CU[2],SIMDCPIStack.Branch,0.00448207171314838,cycles/inst
GPU[1].SA[0].CU[2],SIMDCPIStack.Fetch,0.0874003984063744,cycles/inst
GPU[1].SA[0].CU[2],SIMDCPIStack.Idle,0.000498007968127738,cycles/inst
GPU[1].SA[0].CU[2],SIMDCPIStack.ScalarInst,0.0263944223107566,cycles/inst
GPU[1].SA[0].CU[2],SIMDCPIStack.ScalarMem,0.118276892430279,cycles/inst
GPU[1].SA[0].CU[2],SIMDCPIStack.ScalarMemInst,0.00149402390438258,cycles/inst
GPU[1].SA[0].CU[2],SIMDCPIStack.Special,0.000249003984063869,cycles/inst
GPU[1].SA[0].CU[2],SIMDCPIStack.VALU,1.3894422310757,cycles/inst
GPU[1].SA[0].CU[2],SIMDCPIStack.VMem,0.0415836653386446,cycles/inst
GPU[1].SA[0].CU[2],SIMDCPIStack.VMemInst,0.00697211155378496,cycles/inst
GPU[1].SA[0].CU[2],SIMDCPIStack.total,2.67504980079681,cycles/inst
GPU[1].SA[0].CU[3],CPIStack.Branch,0.0036670918367349,cycles/inst
GPU[1].SA[0].CU[3],CPIStack.Fetch,0.056441326530612,cycles/inst
GPU[1].SA[0].CU[3],CPIStack.Idle,0.000318877551020567,cycles/inst
GPU[1].SA[0].CU[3],CPIStack.ScalarInst,0.0301339285714287,cycles/inst
GPU[1].SA[0].CU[3],CPIStack.ScalarMem,0.0722257653061227,cycles/inst
GPU[1].SA[0].CU[3],CPIStack.ScalarMemInst,0.000478316326530581,cycles/inst
GPU[1].SA[0].CU[3],CPIStack.Special,0.000159438775510284,cycles/inst
GPU[1].SA[0].CU[3],CPIStack.VALU,0.832748724489795,cycles/inst
GPU[1].SA[0].CU[3],CPIStack.VMem,0.0341198979591839,cycles/inst
GPU[1].SA[0].CU[3],CPIStack.VMemInst,0.00318877551020405,cycles/inst
GPU[1].SA[0].CU[3],CPIStack.total,1.71285076530612,cycles/inst
GPU[1].SA[0].CU[3],SIMDCPIStack.Branch,0.00572709163346646,cycles/inst
GPU[1].SA[0].CU[3],SIMDCPIStack.Fetch,0.0881474103585654,cycles/inst
GPU[1].SA[0].CU[3],SIMDCPIStack.Idle,0.000498007968127738,cycles/inst
GPU[1].SA[0].CU[3],SIMDCPIStack.ScalarInst,0.0470617529880481,cycles/inst
GPU[1].SA[0].CU[3],SIMDCPIStack.ScalarMem,0.112798804780877,cycles/inst
GPU[1].SA[0].CU[3],SIMDCPIStack.ScalarMemInst,0.000747011952191186,cycles/inst
GPU[1].SA[0].CU[3],SIMDCPIStack.Special,0.000249003984063869,cycles/inst
GPU[1].SA[0].CU[3],SIMDCPIStack.VALU,1.30054780876494,cycles/inst
GPU[1].SA[0].CU[3],SIMDCPIStack.VMem,0.0532868525896419,cycles/inst
GPU[1].SA[0].CU[3],SIMDCPIStack.VMemInst,0.00498007968127485,cycles/inst
GPU[1].SA[0].CU[3],SIMDCPIStack.total,2.67504980079681,cycles/inst
GPU[1].SA[1].CU[0],CPIStack.Branch,0.00143494897959201,cycles/inst
GPU[1].SA[1].CU[0],CPIStack.Fetch,0.0534119897959181,cycles/inst
GPU[1].SA[1].CU[0],CPIStack.Idle,0.000159438775510284,cycles/inst
GPU[1].SA[1].CU[0],CPIStack.ScalarInst,0.00526147959183639,cycles/inst
GPU[1].SA[1].CU[0],CPIStack.ScalarMem,0.0594706632653063,cycles/inst
GPU[1].SA[1].CU[0],CPIStack.ScalarMemInst,0.000797193877551283,cycles/inst
GPU[1].SA[1].CU[0],CPIStack.Special,0.0,cycles/inst
GPU[1].SA[1].CU[0],CPIStack.VALU,0.951849489795918,cycles/inst
GPU[1].SA[1].CU[0],CPIStack.VMem,0.017059948979592,cycles/inst
GPU[1].SA[1].CU[0],CPIStack.VMemInst,0.00478316326530581,cycles/inst
GPU[1].SA[1].CU[0],CPIStack.total,1.71285076530612,cycles/inst
GPU[1].SA[1].CU[0],SIMDCPIStack.Branch,0.00224103585657398,cycles/inst
GPU[1].SA[1].CU[0],SIMDCPIStack.Fetch,0.0834163346613542,cycles/inst
GPU[1].SA[1].CU[0],SIMDCPIStack.Idle,0.000249003984063869,cycles/inst
GPU[1].SA[1].CU[0],SIMDCPIStack.ScalarInst,0.00821713147410304,cycles/inst
GPU[1].SA[1].CU[0],SIMDCPIStack.ScalarMem,0.0928784860557772,cycles/inst
GPU[1].SA[1].CU[0],SIMDCPIStack.ScalarMemInst,0.00124501992031913,cycles/inst
GPU[1].SA[1].CU[0],SIMDCPIStack.Special,0.0,cycles/inst
GPU[1].SA[1].CU[0],SIMDCPIStack.VALU,1.48655378486056,cycles/inst
GPU[1].SA[1].CU[0],SIMDCPIStack.VMem,0.0266434262948209,cycles/inst
GPU[1].SA[1].CU[0],SIMDCPIStack.VMemInst,0.00747011952191186,cycles/inst
GPU[1].SA[1].CU[0],SIMDCPIStack.total,2.67504980079681,cycles/inst
GPU[1].SA[1].CU[1],CPIStack.Branch,0.00223214285714316,cycles/inst
GPU[1].SA[1].CU[1],CPIStack.Fetch,0.0569196428571427,cycles/inst
GPU[1].SA[1].CU[1],CPIStack.Idle,0.000478316326530581,cycles/inst
GPU[1].SA[1].CU[1],CPIStack.ScalarInst,0.0133928571428576,cycles/inst
GPU[1].SA[1].CU[1],CPIStack.ScalarMem,0.0613839285714283,cycles/inst
GPU[1].SA[1].CU[1],CPIStack.ScalarMemInst,0.00143494897959215,cycles/inst
GPU[1].SA[1].CU[1],CPIStack.Special,0.000318877551020567,cycles/inst
GPU[1].SA[1].CU[1],CPIStack.VALU,0.925542091836735,cycles/inst
GPU[1].SA[1].CU[1],CPIStack.VMem,0.0353954081632649,cycles/inst
GPU[1].SA[1].CU[1],CPIStack.VMemInst,0.00573979591836724,cycles/inst
GPU[1].SA[1].CU[1],CPIStack.total,1.71285076530612,cycles/inst
GPU[1].SA[1].CU[1],SIMDCPIStack.Branch,0.0034860557768929,cycles/inst
GPU[1].SA[1].CU[1],SIMDCPIStack.Fetch,0.0888944223107568,cycles/inst
GPU[1].SA[1].CU[1],SIMDCPIStack.Idle,0.000747011952191186,cycles/inst
GPU[1].SA[1].CU[1],SIMDCPIStack.ScalarInst,0.0209163346613553,cycles/inst
GPU[1].SA[1].CU[1],SIMDCPIStack.ScalarMem,0.0958665338645413,cycles/inst
GPU[1].SA[1].CU[1],SIMDCPIStack.ScalarMemInst,0.00224103585657419,cycles/inst
GPU[1].SA[1].CU[1],SIMDCPIStack.Special,0.000498007968127738,cycles/inst
GPU[1].SA[1].CU[1],SIMDCPIStack.VALU,1.44546812749004,cycles/inst
GPU[1].SA[1].CU[1],SIMDCPIStack.VMem,0.0552788844621507,cycles/inst
GPU[1].SA[1].CU[1],SIMDCPIStack.VMemInst,0.00896414342629465,cycles/inst
GPU[1].SA[1].CU[1],SIMDCPIStack.total,2.67504980079681,cycles/inst
GPU[1].SA[1].CU[2],CPIStack.Branch,0.00334821428571433,cycles/inst
GPU[1].SA[1].CU[2],CPIStack.Fetch,0.0559630102040818,cycles/inst
GPU[1].SA[1].CU[2],CPIStack.Idle,0.000318877551020297,cycles/inst
GPU[1].SA[1].CU[2],CPIStack.ScalarInst,0.0197704081632649,cycles/inst
GPU[1].SA[1].CU[2],CPIStack.ScalarMem,0.0757334183673468,cycles/inst
GPU[1].SA[1].CU[2],CPIStack.ScalarMemInst,0.000956632653061296,cycles/inst
GPU[1].SA[1].CU[2],CPIStack.Special,0.000318877551020567,cycles/inst
GPU[1].SA[1].CU[2],CPIStack.VALU,0.917091836734693,cycles/inst
GPU[1].SA[1].CU[2],CPIStack.VMem,0.0286989795918375,cycles/inst
GPU[1].SA[1].CU[2],CPIStack.VMemInst,0.00446428571428578,cycles/inst
GPU[1].SA[1].CU[2],CPIStack.total,1.71285076530612,cycles/inst
GPU[1].SA[1].CU[2],SIMDCPIStack.Branch,0.00522908366533872,cycles/inst
GPU[1].SA[1].CU[2],SIMDCPIStack.Fetch,0.0874003984063748,cycles/inst
GPU[1].SA[1].CU[2],SIMDCPIStack.Idle,0.000498007968127317,cycles/inst
GPU[1].SA[1].CU[2],SIMDCPIStack.ScalarInst,0.0308764940239037,cycles/inst
GPU[1].SA[1].CU[2],SIMDCPIStack.ScalarMem,0.118276892430279,cycles/inst
GPU[1].SA[1].CU[2],SIMDCPIStack.ScalarMemInst,0.00149402390438258,cycles/inst
GPU[1].SA[1].CU[2],SIMDCPIStack.Special,0.000498007968127738,cycles/inst
GPU[1].SA[1].CU[2],SIMDCPIStack.VALU,1.43227091633466,cycles/inst
GPU[1].SA[1].CU[2],SIMDCPIStack.VMem,0.0448207171314754,cycles/inst
GPU[1].SA[1].CU[2],SIMDCPIStack.VMemInst,0.00697211155378496,cycles/inst
GPU[1].SA[1].CU[2],SIMDCPIStack.total,2.67504980079681,cycles/inst
GPU[1].SA[1].CU[3],CPIStack.Branch,0.00414540816326467,cycles/inst
GPU[1].SA[1].CU[3],CPIStack.Fetch,0.0564413265306123,cycles/inst
GPU[1].SA[1].CU[3],CPIStack.Idle,0.000318877551020567,cycles/inst
GPU[1].SA[1].CU[3],CPIStack.ScalarInst,0.028858418367347,cycles/inst
GPU[1].SA[1].CU[3],CPIStack.ScalarMem,0.0736607142857141,cycles/inst
GPU[1].SA[1].CU[3],CPIStack.ScalarMemInst,0.000478316326530581,cycles/inst
GPU[1].SA[1].CU[3],CPIStack.Special,0.000159438775510013,cycles/inst
GPU[1].SA[1].CU[3],CPIStack.VALU,0.871014030612245,cycles/inst
GPU[1].SA[1].CU[3],CPIStack.VMem,0.0381058673469397,cycles/inst
GPU[1].SA[1].CU[3],CPIStack.VMemInst,0.00318877551020432,cycles/inst
GPU[1].SA[1].CU[3],CPIStack.total,1.71285076530612,cycles/inst
GPU[1].SA[1].CU[3],SIMDCPIStack.Branch,0.00647410358565638,cycles/inst
GPU[1].SA[1].CU[3],SIMDCPIStack.Fetch,0.0881474103585658,cycles/inst
GPU[1].SA[1].CU[3],SIMDCPIStack.Idle,0.000498007968127738,cycles/inst
GPU[1].SA[1].CU[3],SIMDCPIStack.ScalarInst,0.045069721115538,cycles/inst
GPU[1].SA[1].CU[3],SIMDCPIStack.ScalarMem,0.11503984063745,cycles/inst
GPU[1].SA[1].CU[3],SIMDCPIStack.ScalarMemInst,0.000747011952191186,cycles/inst
GPU[1].SA[1].CU[3],SIMDCPIStack.Special,0.000249003984063447,cycles/inst
GPU[1].SA[1].CU[3],SIMDCPIStack.VALU,1.36030876494024,cycles/inst
GPU[1].SA[1].CU[3],SIMDCPIStack.VMem,0.0595119521912365,cycles/inst
GPU[1].SA[1].CU[3],SIMDCPIStack.VMemInst,0.00498007968127528,cycles/inst
GPU[1].SA[1].CU[3],SIMDCPIStack.total,2.67504980079681,cycles/inst
GPU[1].SA[2].CU[0],CPIStack.Branch,0.00191326530612259,cycles/inst
GPU[1].SA[2].CU[0],CPIStack.Fetch,0.05484693877551,cycles/inst
GPU[1].SA[2].CU[0],CPIStack.Idle,0.000318877551020432,cycles/inst
GPU[1].SA[2].CU[0],CPIStack.ScalarInst,0.0100446428571425,cycles/inst
GPU[1].SA[2].CU[0],CPIStack.ScalarMem,0.0602678571428572,cycles/inst
GPU[1].SA[2].CU[0],CPIStack.ScalarMemInst,0.000956632653061296,cycles/inst
GPU[1].SA[2].CU[0],CPIStack.Special,0.000159438775510284,cycles/inst
GPU[1].SA[2].CU[0],CPIStack.VALU,0.903380102040817,cycles/inst
GPU[1].SA[2].CU[0],CPIStack.VMem,0.0191326530612246,cycles/inst
GPU[1].SA[2].CU[0],CPIStack.VMemInst,0.00382653061224492,cycles/inst
GPU[1].SA[2].CU[0],CPIStack.total,1.71269132653061,cycles/inst
GPU[1].SA[2].CU[0],SIMDCPIStack.Branch,0.00298804780876516,cycles/inst
GPU[1].SA[2].CU[0],SIMDCPIStack.Fetch,0.085657370517928,cycles/inst
GPU[1].SA[2].CU[0],SIMDCPIStack.Idle,0.000498007968127527,cycles/inst
GPU[1].SA[2].CU[0],SIMDCPIStack.ScalarInst,0.0156872509960153,cycles/inst
GPU[1].SA[2].CU[0],SIMDCPIStack.ScalarMem,0.0941235059760957,cycles/inst
GPU[1].SA[2].CU[0],SIMDCPIStack.ScalarMemInst,0.00149402390438258,cycles/inst
GPU[1].SA[2].CU[0],SIMDCPIStack.Special,0.000249003984063869,cycles/inst
GPU[1].SA[2].CU[0],SIMDCPIStack.VALU,1.41085657370518,cycles/inst
GPU[1].SA[2].CU[0],SIMDCPIStack.VMem,0.0298804780876495,cycles/inst
GPU[1].SA[2].CU[0],SIMDCPIStack.VMemInst,0.00597609561752991,cycles/inst
GPU[1].SA[2].CU[0],SIMDCPIStack.total,2.67480079681275,cycles/inst
GPU[1].SA[2].CU[1],CPIStack.Branch,0.0023915816326529,cycles/inst
GPU[1].SA[2].CU[1],CPIStack.Fetch,0.0551658163265306,cycles/inst
GPU[1].SA[2].CU[1],CPIStack.Idle,0.000318877551020432,cycles/inst
GPU[1].SA[2].CU[1],CPIStack.ScalarInst,0.0143494897959182,cycles/inst
GPU[1].SA[2].CU[1],CPIStack.ScalarMem,0.0618622448979586,cycles/inst
GPU[1].SA[2].CU[1],CPIStack.ScalarMemInst,0.000956632653061296,cycles/inst
GPU[1].SA[2].CU[1],CPIStack.Special,0.000159438775510013,cycles/inst
GPU[1].SA[2].CU[1],CPIStack.VALU,0.901945153061225,cycles/inst
GPU[1].SA[2].CU[1],CPIStack.VMem,0.0312500000000005,cycles/inst
GPU[1].SA[2].CU[1],CPIStack.VMemInst,0.00510204081632691,cycles/inst
GPU[1].SA[2].CU[1],CPIStack.total,1.71269132653061,cycles/inst
GPU[1].SA[2].CU[1],SIMDCPIStack.Branch,0.00373505976095593,cycles/inst
GPU[1].SA[2].CU[1],SIMDCPIStack.Fetch,0.0861553784860557,cycles/inst
GPU[1].SA[2].CU[1],SIMDCPIStack.Idle,0.000498007968127527,cycles/inst
GPU[1].SA[2].CU[1],SIMDCPIStack.ScalarInst,0.0224103585657368,cycles/inst
GPU[1].SA[2].CU[1],SIMDCPIStack.ScalarMem,0.0966135458167321,cycles/inst
GPU[1].SA[2].CU[1],SIMDCPIStack.ScalarMemInst,0.00149402390438258,cycles/inst
GPU[1].SA[2].CU[1],SIMDCPIStack.Special,0.000249003984063447,cycles/inst
GPU[1].SA[2].CU[1],SIMDCPIStack.VALU,1.40861553784861,cycles/inst
GPU[1].SA[2].CU[1],SIMDCPIStack.VMem,0.0488047808764947,cycles/inst
GPU[1].SA[2].CU[1],SIMDCPIStack.VMemInst,0.00796812749004044,cycles/inst
GPU[1].SA[2].CU[1],SIMDCPIStack.total,2.67480079681275,cycles/inst
GPU[1].SA[2].CU[2],CPIStack.Branch,0.00398596938775493,cycles/inst
GPU[1].SA[2].CU[2],CPIStack.Fetch,0.0558035714285714,cycles/inst
GPU[1].SA[2].CU[2],CPIStack.Idle,0.000318877551020432,cycles/inst
GPU[1].SA[2].CU[2],CPIStack.ScalarInst,0.0237563775510201,cycles/inst
GPU[1].SA[2].CU[2],CPIStack.ScalarMem,0.0763711734693873,cycles/inst
GPU[1].SA[2].CU[2],CPIStack.ScalarMemInst,0.000956632653061296,cycles/inst
GPU[1].SA[2].CU[2],CPIStack.Special,0.000159438775510013,cycles/inst
GPU[1].SA[2].CU[2],CPIStack.VALU,0.873086734693878,cycles/inst
GPU[1].SA[2].CU[2],CPIStack.VMem,0.0344387755102045,cycles/inst
GPU[1].SA[2].CU[2],CPIStack.VMemInst,0.00510204081632664,cycles/inst
GPU[1].SA[2].CU[2],CPIStack.total,1.71269132653061,cycles/inst
GPU[1].SA[2].CU[2],SIMDCPIStack.Branch,0.00622509960159335,cycles/inst
GPU[1].SA[2].CU[2],SIMDCPIStack.Fetch,0.0871513944223108,cycles/inst
GPU[1].SA[2].CU[2],SIMDCPIStack.Idle,0.000498007968127527,cycles/inst
GPU[1].SA[2].CU[2],SIMDCPIStack.ScalarInst,0.0371015936254975,cycles/inst
GPU[1].SA[2].CU[2],SIMDCPIStack.ScalarMem,0.119272908366533,cycles/inst
GPU[1].SA[2].CU[2],SIMDCPIStack.ScalarMemInst,0.00149402390438258,cycles/inst
GPU[1].SA[2].CU[2],SIMDCPIStack.Special,0.000249003984063447,cycles/inst
GPU[1].SA[2].CU[2],SIMDCPIStack.VALU,1.36354581673307,cycles/inst
GPU[1].SA[2].CU[2],SIMDCPIStack.VMem,0.0537848605577696,cycles/inst
GPU[1].SA[2].CU[2],SIMDCPIStack.VMemInst,0.00796812749004002,cycles/inst
GPU[1].SA[2].CU[2],SIMDCPIStack.total,2.67480079681275,cycles/inst
GPU[1].SA[2].CU[3],CPIStack.Branch,0.00159438775510176,cycles/inst
GPU[1].SA[2].CU[3],CPIStack.Fetch,0.0548469387755101,cycles/inst
GPU[1].SA[2].CU[3],CPIStack.Idle,0.000318877551020432,cycles/inst
GPU[1].SA[2].CU[3],CPIStack.ScalarInst,0.0164221938775506,cycles/inst
GPU[1].SA[2].CU[3],CPIStack.ScalarMem,0.071109693877551,cycles/inst
GPU[1].SA[2].CU[3],CPIStack.ScalarMemInst,0.000956632653061431,cycles/inst
GPU[1].SA[2].CU[3],CPIStack.Special,0.0,cycles/inst
GPU[1].SA[2].CU[3],CPIStack.VALU,0.900829081632654,cycles/inst
GPU[1].SA[2].CU[3],CPIStack.VMem,0.015625,cycles/inst
GPU[1].SA[2].CU[3],CPIStack.VMemInst,0.00318877551020405,cycles/inst
GPU[1].SA[2].CU[3],CPIStack.total,1.71269132653061,cycles/inst
GPU[1].SA[2].CU[3],SIMDCPIStack.Branch,0.002490039840637,cycles/inst
GPU[1].SA[2].CU[3],SIMDCPIStack.Fetch,0.0856573705179282,cycles/inst
GPU[1].SA[2].CU[3],SIMDCPIStack.Idle,0.000498007968127527,cycles/inst
GPU[1].SA[2].CU[3],SIMDCPIStack.ScalarInst,0.025647410358565,cycles/inst
GPU[1].SA[2].CU[3],SIMDCPIStack.ScalarMem,0.11105577689243,cycles/inst
GPU[1].SA[2].CU[3],SIMDCPIStack.ScalarMemInst,0.00149402390438279,cycles/inst
GPU[1].SA[2].CU[3],SIMDCPIStack.Special,0.0,cycles/inst
GPU[1].SA[2].CU[3],SIMDCPIStack.VALU,1.40687250996016,cycles/inst
GPU[1].SA[2].CU[3],SIMDCPIStack.VMem,0.0244023904382469,cycles/inst
GPU[1].SA[2].CU[3],SIMDCPIStack.VMemInst,0.00498007968127485,cycles/inst
GPU[1].SA[2].CU[3],SIMDCPIStack.total,2.67480079681275,cycles/inst
GPU[1].SA[3].CU[0],CPIStack.Branch,0.00430484693877577,cycles/inst
GPU[1].SA[3].CU[0],CPIStack.Fetch,0.053252551020408,cycles/inst
GPU[1].SA[3].CU[0],CPIStack.Idle,0.000159438775510149,cycles/inst
GPU[1].SA[3].CU[0],CPIStack.ScalarInst,0.0258290816326524,cycles/inst
GPU[1].SA[3].CU[0],CPIStack.ScalarMem,0.0632971938775507,cycles/inst
GPU[1].SA[3].CU[0],CPIStack.ScalarMemInst,0.000478316326530716,cycles/inst
GPU[1].SA[3].CU[0],CPIStack.Special,0.0,cycles/inst
GPU[1].SA[3].CU[0],CPIStack.VALU,0.92091836734694,cycles/inst
GPU[1].SA[3].CU[0],CPIStack.VMem,0.0286989795918367,cycles/inst
GPU[1].SA[3].CU[0],CPIStack.VMemInst,0.0,cycles/inst
GPU[1].SA[3].CU[0],CPIStack.total,1.71269132653061,cycles/inst
GPU[1].SA[3].CU[0],SIMDCPIStack.Branch,0.00672310756972152,cycles/inst
GPU[1].SA[3].CU[0],SIMDCPIStack.Fetch,0.0831673306772906,cycles/inst
GPU[1].SA[3].CU[0],SIMDCPIStack.Idle,0.000249003984063658,cycles/inst
GPU[1].SA[3].CU[0],SIMDCPIStack.ScalarInst,0.0403386454183257,cycles/inst
GPU[1].SA[3].CU[0],SIMDCPIStack.ScalarMem,0.0988545816733063,cycles/inst
GPU[1].SA[3].CU[0],SIMDCPIStack.ScalarMemInst,0.000747011952191397,cycles/inst
GPU[1].SA[3].CU[0],SIMDCPIStack.Special,0.0,cycles/inst
GPU[1].SA[3].CU[0],SIMDCPIStack.VALU,1.43824701195219,cycles/inst
GPU[1].SA[3].CU[0],SIMDCPIStack.VMem,0.0448207171314741,cycles/inst
GPU[1].SA[3].CU[0],SIMDCPIStack.VMemInst,0.0,cycles/inst
GPU[1].SA[3].CU[0],SIMDCPIStack.total,2.67480079681275,cycles/inst
GPU[1].SA[3].CU[1],CPIStack.Branch,0.00255102040816292,cycles/inst
GPU[1].SA[3].CU[1],CPIStack.Fetch,0.0566007653061226,cycles/inst
GPU[1].SA[3].CU[1],CPIStack.Idle,0.000318877551020432,cycles/inst
GPU[1].SA[3].CU[1],CPIStack.ScalarInst,0.0161033163265305,cycles/inst
GPU[1].SA[3].CU[1],CPIStack.ScalarMem,0.061065051020408,cycles/inst
GPU[1].SA[3].CU[1],CPIStack.ScalarMemInst,0.000478316326530716,cycles/inst
GPU[1].SA[3].CU[1],CPIStack.Special,0.000159438775510284,cycles/inst
GPU[1].SA[3].CU[1],CPIStack.VALU,0.893654336734694,cycles/inst
GPU[1].SA[3].CU[1],CPIStack.VMem,0.0304528061224493,cycles/inst
GPU[1].SA[3].CU[1],CPIStack.VMemInst,0.00318877551020405,cycles/inst
GPU[1].SA[3].CU[1],CPIStack.total,1.71269132653061,cycles/inst
GPU[1].SA[3].CU[1],SIMDCPIStack.Branch,0.00398406374501938,cycles/inst
GPU[1].SA[3].CU[1],SIMDCPIStack.Fetch,0.0883964143426297,cycles/inst
GPU[1].SA[3].CU[1],SIMDCPIStack.Idle,0.000498007968127527,cycles/inst
GPU[1].SA[3].CU[1],SIMDCPIStack.ScalarInst,0.0251494023904381,cycles/inst
GPU[1].SA[3].CU[1],SIMDCPIStack.ScalarMem,0.095368525896414,cycles/inst
GPU[1].SA[3].CU[1],SIMDCPIStack.ScalarMemInst,0.000747011952191397,cycles/inst
GPU[1].SA[3].CU[1],SIMDCPIStack.Special,0.000249003984063869,cycles/inst
GPU[1].SA[3].CU[1],SIMDCPIStack.VALU,1.39566733067729,cycles/inst
GPU[1].SA[3].CU[1],SIMDCPIStack.VMem,0.0475597609561758,cycles/inst
GPU[1].SA[3].CU[1],SIMDCPIStack.VMemInst,0.00498007968127485,cycles/inst
GPU[1].SA[3].CU[1],SIMDCPIStack.total,2.67480079681275,cycles/inst
GPU[1].SA[3].CU[2],CPIStack.Branch,0.00286989795918375,cycles/inst
GPU[1].SA[3].CU[2],CPIStack.Fetch,0.0558035714285714,cycles/inst
GPU[1].SA[3].CU[2],CPIStack.Idle,0.000318877551020162,cycles/inst
GPU[1].SA[3].CU[2],CPIStack.ScalarInst,0.020248724489796,cycles/inst
GPU[1].SA[3].CU[2],CPIStack.ScalarMem,0.0755739795918365,cycles/inst
GPU[1].SA[3].CU[2],CPIStack.ScalarMemInst,0.000478316326530716,cycles/inst
GPU[1].SA[3].CU[2],CPIStack.Special,0.000159438775510284,cycles/inst
GPU[1].SA[3].CU[2],CPIStack.VALU,0.914381377551022,cycles/inst
GPU[1].SA[3].CU[2],CPIStack.VMem,0.0435267857142853,cycles/inst
GPU[1].SA[3].CU[2],CPIStack.VMemInst,0.00318877551020405,cycles/inst
GPU[1].SA[3].CU[2],CPIStack.total,1.71269132653061,cycles/inst
GPU[1].SA[3].CU[2],SIMDCPIStack.Branch,0.00448207171314754,cycles/inst
GPU[1].SA[3].CU[2],SIMDCPIStack.Fetch,0.0871513944223108,cycles/inst
GPU[1].SA[3].CU[2],SIMDCPIStack.Idle,0.000498007968127106,cycles/inst
GPU[1].SA[3].CU[2],SIMDCPIStack.ScalarInst,0.0316235059760958,cycles/inst
GPU[1].SA[3].CU[2],SIMDCPIStack.ScalarMem,0.118027888446215,cycles/inst
GPU[1].SA[3].CU[2],SIMDCPIStack.ScalarMemInst,0.000747011952191397,cycles/inst
GPU[1].SA[3].CU[2],SIMDCPIStack.Special,0.000249003984063869,cycles/inst
GPU[1].SA[3].CU[2],SIMDCPIStack.VALU,1.42803784860558,cycles/inst
GPU[1].SA[3].CU[2],SIMDCPIStack.VMem,0.0679780876494017,cycles/inst
GPU[1].SA[3].CU[2],SIMDCPIStack.VMemInst,0.00498007968127485,cycles/inst
GPU[1].SA[3].CU[2],SIMDCPIStack.total,2.67480079681275,cycles/inst
GPU[1].SA[3].CU[3],CPIStack.Branch,0.00366709183673409,cycles/inst
GPU[1].SA[3].CU[3],CPIStack.Fetch,0.0532525510204081,cycles/inst
GPU[1].SA[3].CU[3],CPIStack.Idle,0.000159438775510149,cycles/inst
GPU[1].SA[3].CU[3],CPIStack.ScalarInst,0.0231186224489795,cycles/inst
GPU[1].SA[3].CU[3],CPIStack.ScalarMem,0.0736607142857147,cycles/inst
GPU[1].SA[3].CU[3],CPIStack.ScalarMemInst,0.000478316326530581,cycles/inst
GPU[1].SA[3].CU[3],CPIStack.Special,0.0,cycles/inst
GPU[1].SA[3].CU[3],CPIStack.VALU,0.879942602040817,cycles/inst
GPU[1].SA[3].CU[3],CPIStack.VMem,0.0368303571428569,cycles/inst
GPU[1].SA[3].CU[3],CPIStack.VMemInst,0.000318877551020297,cycles/inst
GPU[1].SA[3].CU[3],CPIStack.total,1.71269132653061,cycles/inst
GPU[1].SA[3].CU[3],SIMDCPIStack.Branch,0.0057270916334652,cycles/inst
GPU[1].SA[3].CU[3],SIMDCPIStack.Fetch,0.0831673306772907,cycles/inst
GPU[1].SA[3].CU[3],SIMDCPIStack.Idle,0.000249003984063658,cycles/inst
GPU[1].SA[3].CU[3],SIMDCPIStack.ScalarInst,0.0361055776892429,cycles/inst
GPU[1].SA[3].CU[3],SIMDCPIStack.ScalarMem,0.115039840637451,cycles/inst
GPU[1].SA[3].CU[3],SIMDCPIStack.ScalarMemInst,0.000747011952191186,cycles/inst
GPU[1].SA[3].CU[3],SIMDCPIStack.Special,0.0,cycles/inst
GPU[1].SA[3].CU[3],SIMDCPIStack.VALU,1.37425298804781,cycles/inst
GPU[1].SA[3].CU[3],SIMDCPIStack.VMem,0.0575199203187247,cycles/inst
GPU[1].SA[3].CU[3],SIMDCPIStack.VMemInst,0.000498007968127317,cycles/inst
GPU[1].SA[3].CU[3],SIMDCPIStack.total,2.67480079681275,cycles/inst
GPU[1].SA[4].CU[0],CPIStack.Branch,0.00239158163265317,cycles/inst
GPU[1].SA[4].CU[0],CPIStack.Fetch,0.0546874999999997,cycles/inst
GPU[1].SA[4].CU[0],CPIStack.Idle,0.000318877551020567,cycles/inst
GPU[1].SA[4].CU[0],CPIStack.ScalarInst,0.0132334183673468,cycles/inst
GPU[1].SA[4].CU[0],CPIStack.ScalarMem,0.0610650510204078,cycles/inst
GPU[1].SA[4].CU[0],CPIStack.ScalarMemInst,0.000956632653061566,cycles/inst
GPU[1].SA[4].CU[0],CPIStack.Special,0.000159438775510013,cycles/inst
GPU[1].SA[4].CU[0],CPIStack.VALU,0.966996173469388,cycles/inst
GPU[1].SA[4].CU[0],CPIStack.VMem,0.028380102040817,cycles/inst
GPU[1].SA[4].CU[0],CPIStack.VMemInst,0.00462372448979552,cycles/inst
GPU[1].SA[4].CU[0],CPIStack.total,1.7125318877551,cycles/inst
GPU[1].SA[4].CU[0],SIMDCPIStack.Branch,0.00373505976095635,cycles/inst
GPU[1].SA[4].CU[0],SIMDCPIStack.Fetch,0.0854083665338641,cycles/inst
GPU[1].SA[4].CU[0],SIMDCPIStack.Idle,0.000498007968127738,cycles/inst
GPU[1].SA[4].CU[0],SIMDCPIStack.ScalarInst,0.0206673306772906,cycles/inst
GPU[1].SA[4].CU[0],SIMDCPIStack.ScalarMem,0.0953685258964138,cycles/inst
GPU[1].SA[4].CU[0],SIMDCPIStack.ScalarMemInst,0.001494023904383,cycles/inst
GPU[1].SA[4].CU[0],SIMDCPIStack.Special,0.000249003984063447,cycles/inst
GPU[1].SA[4].CU[0],SIMDCPIStack.VALU,1.51020916334661,cycles/inst
GPU[1].SA[4].CU[0],SIMDCPIStack.VMem,0.0443227091633476,cycles/inst
GPU[1].SA[4].CU[0],SIMDCPIStack.VMemInst,0.00722111553784799,cycles/inst
GPU[1].SA[4].CU[0],SIMDCPIStack.total,2.67455179282869,cycles/inst
GPU[1].SA[4].CU[1],CPIStack.Branch,0.00302933673469404,cycles/inst
GPU[1].SA[4].CU[1],CPIStack.Fetch,0.0558035714285712,cycles/inst
GPU[1].SA[4].CU[1],CPIStack.Idle,0.000318877551020567,cycles/inst
GPU[1].SA[4].CU[1],CPIStack.ScalarInst,0.0215242346938772,cycles/inst
GPU[1].SA[4].CU[1],CPIStack.ScalarMem,0.0618622448979591,cycles/inst
GPU[1].SA[4].CU[1],CPIStack.ScalarMemInst,0.000956632653061296,cycles/inst
GPU[1].SA[4].CU[1],CPIStack.Special,0.000159438775510013,cycles/inst
GPU[1].SA[4].CU[1],CPIStack.VALU,0.856823979591837,cycles/inst
GPU[1].SA[4].CU[1],CPIStack.VMem,0.036033163265306,cycles/inst
GPU[1].SA[4].CU[1],CPIStack.VMemInst,0.00398596938775547,cycles/inst
GPU[1].SA[4].CU[1],CPIStack.total,1.7125318877551,cycles/inst
GPU[1].SA[4].CU[1],SIMDCPIStack.Branch,0.00473107569721141,cycles/inst
GPU[1].SA[4].CU[1],SIMDCPIStack.Fetch,0.0871513944223103,cycles/inst
GPU[1].SA[4].CU[1],SIMDCPIStack.Idle,0.000498007968127738,cycles/inst
GPU[1].SA[4].CU[1],SIMDCPIStack.ScalarInst,0.033615537848605,cycles/inst
GPU[1].SA[4].CU[1],SIMDCPIStack.ScalarMem,0.0966135458167329,cycles/inst
GPU[1].SA[4].CU[1],SIMDCPIStack.ScalarMemInst,0.00149402390438258,cycles/inst
GPU[1].SA[4].CU[1],SIMDCPIStack.Special,0.000249003984063447,cycles/inst
GPU[1].SA[4].CU[1],SIMDCPIStack.VALU,1.33814741035857,cycles/inst
GPU[1].SA[4].CU[1],SIMDCPIStack.VMem,0.0562749003984062,cycles/inst
GPU[1].SA[4].CU[1],SIMDCPIStack.VMemInst,0.0062250996015942,cycles/inst
GPU[1].SA[4].CU[1],SIMDCPIStack.total,2.67455179282869,cycles/inst
GPU[1].SA[4].CU[2],CPIStack.Branch,0.00286989795918348,cycles/inst
GPU[1].SA[4].CU[2],CPIStack.Fetch,0.0540497448979591,cycles/inst
GPU[1].SA[4].CU[2],CPIStack.Idle,0.000159438775510284,cycles/inst
GPU[1].SA[4].CU[2],CPIStack.ScalarInst,0.0157844387755102,cycles/inst
GPU[1].SA[4].CU[2],CPIStack.ScalarMem,0.0733418367346939,cycles/inst
GPU[1].SA[4].CU[2],CPIStack.ScalarMemInst,0.000478316326530716,cycles/inst
GPU[1].SA[4].CU[2],CPIStack.Special,0.000159438775510284,cycles/inst
GPU[1].SA[4].CU[2],CPIStack.VALU,0.853316326530612,cycles/inst
GPU[1].SA[4].CU[2],CPIStack.VMem,0.0385841836734697,cycles/inst
GPU[1].SA[4].CU[2],CPIStack.VMemInst,0.00111607142857144,cycles/inst
GPU[1].SA[4].CU[2],CPIStack.total,1.7125318877551,cycles/inst
GPU[1].SA[4].CU[2],SIMDCPIStack.Branch,0.00448207171314711,cycles/inst
GPU[1].SA[4].CU[2],SIMDCPIStack.Fetch,0.0844123505976095,cycles/inst
GPU[1].SA[4].CU[2],SIMDCPIStack.Idle,0.000249003984063869,cycles/inst
GPU[1].SA[4].CU[2],SIMDCPIStack.ScalarInst,0.0246513944223108,cycles/inst
GPU[1].SA[4].CU[2],SIMDCPIStack.ScalarMem,0.114541832669323,cycles/inst
GPU[1].SA[4].CU[2],SIMDCPIStack.ScalarMemInst,0.000747011952191397,cycles/inst
GPU[1].SA[4].CU[2],SIMDCPIStack.Special,0.000249003984063869,cycles/inst
GPU[1].SA[4].CU[2],SIMDCPIStack.VALU,1.33266932270916,cycles/inst
GPU[1].SA[4].CU[2],SIMDCPIStack.VMem,0.0602589641434268,cycles/inst
GPU[1].SA[4].CU[2],SIMDCPIStack.VMemInst,0.00174302788844624,cycles/inst
GPU[1].SA[4].CU[2],SIMDCPIStack.total,2.67455179282869,cycles/inst
GPU[1].SA[4].CU[3],CPIStack.Branch,0.00239158163265317,cycles/inst
GPU[1].SA[4].CU[3],CPIStack.Fetch,0.0530931122448978,cycles/inst
GPU[1].SA[4].CU[3],CPIStack.Idle,0.000159438775510284,cycles/inst
GPU[1].SA[4].CU[3],CPIStack.ScalarInst,0.0133928571428571,cycles/inst
GPU[1].SA[4].CU[3],CPIStack.ScalarMem,0.0719068877551021,cycles/inst
GPU[1].SA[4].CU[3],CPIStack.ScalarMemInst,0.000478316326530581,cycles/inst
GPU[1].SA[4].CU[3],CPIStack.Special,0.0,cycles/inst
GPU[1].SA[4].CU[3],CPIStack.VALU,0.850924744897959,cycles/inst
GPU[1].SA[4].CU[3],CPIStack.VMem,0.0232780612244901,cycles/inst
GPU[1].SA[4].CU[3],CPIStack.VMemInst,0.00334821428571433,cycles/inst
GPU[1].SA[4].CU[3],CPIStack.total,1.7125318877551,cycles/inst
GPU[1].SA[4].CU[3],SIMDCPIStack.Branch,0.00373505976095635,cycles/inst
GPU[1].SA[4].CU[3],SIMDCPIStack.Fetch,0.0829183266932269,cycles/inst
GPU[1].SA[4].CU[3],SIMDCPIStack.Idle,0.000249003984063869,cycles/inst
GPU[1].SA[4].CU[3],SIMDCPIStack.ScalarInst,0.0209163346613545,cycles/inst
GPU[1].SA[4].CU[3],SIMDCPIStack.ScalarMem,0.112300796812749,cycles/inst
GPU[1].SA[4].CU[3],SIMDCPIStack.ScalarMemInst,0.000747011952191186,cycles/inst
GPU[1].SA[4].CU[3],SIMDCPIStack.Special,0.0,cycles/inst
GPU[1].SA[4].CU[3],SIMDCPIStack.VALU,1.32893426294821,cycles/inst
GPU[1].SA[4].CU[3],SIMDCPIStack.VMem,0.0363545816733072,cycles/inst
GPU[1].SA[4].CU[3],SIMDCPIStack.VMemInst,0.00522908366533872,cycles/inst
GPU[1].SA[4].CU[3],SIMDCPIStack.total,2.67455179282869,cycles/inst
GPU[1].SA[5].CU[0],CPIStack.Branch,0.00366709183673463,cycles/inst
GPU[1].SA[5].CU[0],CPIStack.Fetch,0.0554846938775511,cycles/inst
GPU[1].SA[5].CU[0],CPIStack.Idle,0.000159438775510284,cycles/inst
GPU[1].SA[5].CU[0],CPIStack.ScalarInst,0.0194515306122446,cycles/inst
GPU[1].SA[5].CU[0],CPIStack.ScalarMem,0.0628188775510201,cycles/inst
GPU[1].SA[5].CU[0],CPIStack.ScalarMemInst,0.000956632653061566,cycles/inst
GPU[1].SA[5].CU[0],CPIStack.Special,0.0,cycles/inst
GPU[1].SA[5].CU[0],CPIStack.VALU,0.849649234693878,cycles/inst
GPU[1].SA[5].CU[0],CPIStack.VMem,0.0395408163265306,cycles/inst
GPU[1].SA[5].CU[0],CPIStack.VMemInst,0.0023915816326529,cycles/inst
GPU[1].SA[5].CU[0],CPIStack.total,1.7125318877551,cycles/inst
GPU[1].SA[5].CU[0],SIMDCPIStack.Branch,0.00572709163346604,cycles/inst
GPU[1].SA[5].CU[0],SIMDCPIStack.Fetch,0.0866533864541835,cycles/inst
GPU[1].SA[5].CU[0],SIMDCPIStack.Idle,0.000249003984063869,cycles/inst
GPU[1].SA[5].CU[0],SIMDCPIStack.ScalarInst,0.0303784860557764,cycles/inst
GPU[1].SA[5].CU[0],SIMDCPIStack.ScalarMem,0.0981075697211151,cycles/inst
GPU[1].SA[5].CU[0],SIMDCPIStack.ScalarMemInst,0.001494023904383,cycles/inst
GPU[1].SA[5].CU[0],SIMDCPIStack.Special,0.0,cycles/inst
GPU[1].SA[5].CU[0],SIMDCPIStack.VALU,1.3269422310757,cycles/inst
GPU[1].SA[5].CU[0],SIMDCPIStack.VMem,0.0617529880478088,cycles/inst
GPU[1].SA[5].CU[0],SIMDCPIStack.VMemInst,0.00373505976095593,cycles/inst
GPU[1].SA[5].CU[0],SIMDCPIStack.total,2.67455179282869,cycles/inst
GPU[1].SA[5].CU[1],CPIStack.Branch,0.00175382653061231,cycles/inst
GPU[1].SA[5].CU[1],CPIStack.Fetch,0.0534119897959183,cycles/inst
GPU[1].SA[5].CU[1],CPIStack.Idle,0.000159438775510284,cycles/inst
GPU[1].SA[5].CU[1],CPIStack.ScalarInst,0.0106823979591836,cycles/inst
GPU[1].SA[5].CU[1],CPIStack.ScalarMem,0.0596301020408165,cycles/inst
GPU[1].SA[5].CU[1],CPIStack.ScalarMemInst,0.000478316326530716,cycles/inst
GPU[1].SA[5].CU[1],CPIStack.Special,0.0,cycles/inst
GPU[1].SA[5].CU[1],CPIStack.VALU,0.927455357142857,cycles/inst
GPU[1].SA[5].CU[1],CPIStack.VMem,0.0299744897959176,cycles/inst
GPU[1].SA[5].CU[1],CPIStack.VMemInst,0.0033482142857146,cycles/inst
GPU[1].SA[5].CU[1],CPIStack.total,1.7125318877551,cycles/inst
GPU[1].SA[5].CU[1],SIMDCPIStack.Branch,0.0027390438247013,cycles/inst
GPU[1].SA[5].CU[1],SIMDCPIStack.Fetch,0.0834163346613544,cycles/inst
GPU[1].SA[5].CU[1],SIMDCPIStack.Idle,0.000249003984063869,cycles/inst
GPU[1].SA[5].CU[1],SIMDCPIStack.ScalarInst,0.0166832669322708,cycles/inst
GPU[1].SA[5].CU[1],SIMDCPIStack.ScalarMem,0.0931274900398409,cycles/inst
GPU[1].SA[5].CU[1],SIMDCPIStack.ScalarMemInst,0.000747011952191397,cycles/inst
GPU[1].SA[5].CU[1],SIMDCPIStack.Special,0.0,cycles/inst
GPU[1].SA[5].CU[1],SIMDCPIStack.VALU,1.4484561752988,cycles/inst
GPU[1].SA[5].CU[1],SIMDCPIStack.VMem,0.0468127490039829,cycles/inst
GPU[1].SA[5].CU[1],SIMDCPIStack.VMemInst,0.00522908366533914,cycles/inst
GPU[1].SA[5].CU[1],SIMDCPIStack.total,2.67455179282869,cycles/inst
GPU[1].SA[5].CU[2],CPIStack.Branch,0.00207270408163288,cycles/inst
GPU[1].SA[5].CU[2],CPIStack.Fetch,0.0556441326530614,cycles/inst
GPU[1].SA[5].CU[2],CPIStack.Idle,0.000318877551020297,cycles/inst
GPU[1].SA[5].CU[2],CPIStack.ScalarInst,0.018973214285714,cycles/inst
GPU[1].SA[5].CU[2],CPIStack.ScalarMem,0.0739795918367344,cycles/inst
GPU[1].SA[5].CU[2],CPIStack.ScalarMemInst,0.000956632653061296,cycles/inst
GPU[1].SA[5].CU[2],CPIStack.Special,0.0,cycles/inst
GPU[1].SA[5].CU[2],CPIStack.VALU,0.845025510204082,cycles/inst
GPU[1].SA[5].CU[2],CPIStack.VMem,0.0353954081632654,cycles/inst
GPU[1].SA[5].CU[2],CPIStack.VMemInst,0.00318877551020405,cycles/inst
GPU[1].SA[5].CU[2],CPIStack.total,1.7125318877551,cycles/inst
GPU[1].SA[5].CU[2],SIMDCPIStack.Branch,0.00323705179282903,cycles/inst
GPU[1].SA[5].CU[2],SIMDCPIStack.Fetch,0.0869023904382473,cycles/inst
GPU[1].SA[5].CU[2],SIMDCPIStack.Idle,0.000498007968127317,cycles/inst
GPU[1].SA[5].CU[2],SIMDCPIStack.ScalarInst,0.0296314741035852,cycles/inst
GPU[1].SA[5].CU[2],SIMDCPIStack.ScalarMem,0.115537848605577,cycles/inst
GPU[1].SA[5].CU[2],SIMDCPIStack.ScalarMemInst,0.00149402390438258,cycles/inst
GPU[1].SA[5].CU[2],SIMDCPIStack.Special,0.0,cycles/inst
GPU[1].SA[5].CU[2],SIMDCPIStack.VALU,1.31972111553785,cycles/inst
GPU[1].SA[5].CU[2],SIMDCPIStack.VMem,0.0552788844621515,cycles/inst
GPU[1].SA[5].CU[2],SIMDCPIStack.VMemInst,0.00498007968127485,cycles/inst
GPU[1].SA[5].CU[2],SIMDCPIStack.total,2.67455179282869,cycles/inst
GPU[1].SA[5].CU[3],CPIStack.Branch,0.00239158163265317,cycles/inst
GPU[1].SA[5].CU[3],CPIStack.Fetch,0.0546874999999999,cycles/inst
GPU[1].SA[5].CU[3],CPIStack.Idle,0.000318877551020567,cycles/inst
GPU[1].SA[5].CU[3],CPIStack.ScalarInst,0.0122767857142856,cycles/inst
GPU[1].SA[5].CU[3],CPIStack.ScalarMem,0.0714285714285715,cycles/inst
GPU[1].SA[5].CU[3],CPIStack.ScalarMemInst,0.00143494897959201,cycles/inst
GPU[1].SA[5].CU[3],CPIStack.Special,0.000159438775510013,cycles/inst
GPU[1].SA[5].CU[3],CPIStack.VALU,0.900829081632653,cycles/inst
GPU[1].SA[5].CU[3],CPIStack.VMem,0.0251913265306124,cycles/inst
GPU[1].SA[5].CU[3],CPIStack.VMemInst,0.00510204081632637,cycles/inst
GPU[1].SA[5].CU[3],CPIStack.total,1.7125318877551,cycles/inst
GPU[1].SA[5].CU[3],SIMDCPIStack.Branch,0.00373505976095635,cycles/inst
GPU[1].SA[5].CU[3],SIMDCPIStack.Fetch,0.0854083665338643,cycles/inst
GPU[1].SA[5].CU[3],SIMDCPIStack.Idle,0.000498007968127738,cycles/inst
GPU[1].SA[5].CU[3],SIMDCPIStack.ScalarInst,0.0191733067729082,cycles/inst
GPU[1].SA[5].CU[3],SIMDCPIStack.ScalarMem,0.111553784860558,cycles/inst
GPU[1].SA[5].CU[3],SIMDCPIStack.ScalarMemInst,0.00224103585657398,cycles/inst
GPU[1].SA[5].CU[3],SIMDCPIStack.Special,0.000249003984063447,cycles/inst
GPU[1].SA[5].CU[3],SIMDCPIStack.VALU,1.40687250996016,cycles/inst
GPU[1].SA[5].CU[3],SIMDCPIStack.VMem,0.0393426294820719,cycles/inst
GPU[1].SA[5].CU[3],SIMDCPIStack.VMemInst,0.0079681274900396,cycles/inst
GPU[1].SA[5].CU[3],SIMDCPIStack.total,2.67455179282869,cycles/inst
GPU[1].SA[6].CU[0],CPIStack.Branch,0.00286989795918402,cycles/inst
GPU[1].SA[6].CU[0],CPIStack.Fetch,0.054049744897959,cycles/inst
GPU[1].SA[6].CU[0],CPIStack.Idle,0.000159438775510149,cycles/inst
GPU[1].SA[6].CU[0],CPIStack.ScalarInst,0.0207270408163258,cycles/inst
GPU[1].SA[6].CU[0],CPIStack.ScalarMem,0.0618622448979592,cycles/inst
GPU[1].SA[6].CU[0],CPIStack.ScalarMemInst,0.000478316326530716,cycles/inst
GPU[1].SA[6].CU[0],CPIStack.Special,0.000318877551020297,cycles/inst
GPU[1].SA[6].CU[0],CPIStack.VALU,0.894132653061224,cycles/inst
GPU[1].SA[6].CU[0],CPIStack.VMem,0.0350765306122456,cycles/inst
GPU[1].SA[6].CU[0],CPIStack.VMemInst,0.000797193877551148,cycles/inst
GPU[1].SA[6].CU[0],CPIStack.total,1.71237244897959,cycles/inst
GPU[1].SA[6].CU[0],SIMDCPIStack.Branch,0.00448207171314796,cycles/inst
GPU[1].SA[6].CU[0],SIMDCPIStack.Fetch,0.0844123505976093,cycles/inst
GPU[1].SA[6].CU[0],SIMDCPIStack.Idle,0.000249003984063658,cycles/inst
GPU[1].SA[6].CU[0],SIMDCPIStack.ScalarInst,0.0323705179282857,cycles/inst
GPU[1].SA[6].CU[0],SIMDCPIStack.ScalarMem,0.0966135458167331,cycles/inst
GPU[1].SA[6].CU[0],SIMDCPIStack.ScalarMemInst,0.000747011952191397,cycles/inst
GPU[1].SA[6].CU[0],SIMDCPIStack.Special,0.000498007968127317,cycles/inst
GPU[1].SA[6].CU[0],SIMDCPIStack.VALU,1.39641434262948,cycles/inst
GPU[1].SA[6].CU[0],SIMDCPIStack.VMem,0.0547808764940251,cycles/inst
GPU[1].SA[6].CU[0],SIMDCPIStack.VMemInst,0.00124501992031892,cycles/inst
GPU[1].SA[6].CU[0],SIMDCPIStack.total,2.67430278884462,cycles/inst
GPU[1].SA[6].CU[1],CPIStack.Branch,0.00318877551020378,cycles/inst
GPU[1].SA[6].CU[1],CPIStack.Fetch,0.0548469387755101,cycles/inst
GPU[1].SA[6].CU[1],CPIStack.Idle,0.000318877551020432,cycles/inst
GPU[1].SA[6].CU[1],CPIStack.ScalarInst,0.0159438775510203,cycles/inst
GPU[1].SA[6].CU[1],CPIStack.ScalarMem,0.0604272959183671,cycles/inst
GPU[1].SA[6].CU[1],CPIStack.ScalarMemInst,0.000478316326530716,cycles/inst
GPU[1].SA[6].CU[1],CPIStack.Special,0.0,cycles/inst
GPU[1].SA[6].CU[1],CPIStack.VALU,0.900191326530612,cycles/inst
GPU[1].SA[6].CU[1],CPIStack.VMem,0.0277423469387758,cycles/inst
GPU[1].SA[6].CU[1],CPIStack.VMemInst,0.00350765306122462,cycles/inst
GPU[1].SA[6].CU[1],CPIStack.total,1.71237244897959,cycles/inst
GPU[1].SA[6].CU[1],SIMDCPIStack.Branch,0.00498007968127443,cycles/inst
GPU[1].SA[6].CU[1],SIMDCPIStack.Fetch,0.0856573705179282,cycles/inst
GPU[1].SA[6].CU[1],SIMDCPIStack.Idle,0.000498007968127527,cycles/inst
GPU[1].SA[6].CU[1],SIMDCPIStack.ScalarInst,0.0249003984063743,cycles/inst
GPU[1].SA[6].CU[1],SIMDCPIStack.ScalarMem,0.094372509960159,cycles/inst
GPU[1].SA[6].CU[1],SIMDCPIStack.ScalarMemInst,0.000747011952191397,cycles/inst
GPU[1].SA[6].CU[1],SIMDCPIStack.Special,0.0,cycles/inst
GPU[1].SA[6].CU[1],SIMDCPIStack.VALU,1.4058764940239,cycles/inst
GPU[1].SA[6].CU[1],SIMDCPIStack.VMem,0.0433266932270922,cycles/inst
GPU[1].SA[6].CU[1],SIMDCPIStack.VMemInst,0.00547808764940259,cycles/inst
GPU[1].SA[6].CU[1],SIMDCPIStack.total,2.67430278884462,cycles/inst
GPU[1].SA[6].CU[2],CPIStack.Branch,0.00350765306122462,cycles/inst
GPU[1].SA[6].CU[2],CPIStack.Fetch,0.0554846938775513,cycles/inst
GPU[1].SA[6].CU[2],CPIStack.Idle,0.000318877551020162,cycles/inst
GPU[1].SA[6].CU[2],CPIStack.ScalarInst,0.0176977040816323,cycles/inst
GPU[1].SA[6].CU[2],CPIStack.ScalarMem,0.0750956632653064,cycles/inst
GPU[1].SA[6].CU[2],CPIStack.ScalarMemInst,0.000478316326530716,cycles/inst
GPU[1].SA[6].CU[2],CPIStack.Special,0.000159438775510284,cycles/inst
GPU[1].SA[6].CU[2],CPIStack.VALU,0.885044642857143,cycles/inst
GPU[1].SA[6].CU[2],CPIStack.VMem,0.0393813775510203,cycles/inst
GPU[1].SA[6].CU[2],CPIStack.VMemInst,0.00318877551020405,cycles/inst
GPU[1].SA[6].CU[2],CPIStack.total,1.71237244897959,cycles/inst
GPU[1].SA[6].CU[2],SIMDCPIStack.Branch,0.00547808764940259,cycles/inst
GPU[1].SA[6].CU[2],SIMDCPIStack.Fetch,0.0866533864541837,cycles/inst
GPU[1].SA[6].CU[2],SIMDCPIStack.Idle,0.000498007968127106,cycles/inst
GPU[1].SA[6].CU[2],SIMDCPIStack.ScalarInst,0.0276394422310751,cycles/inst
GPU[1].SA[6].CU[2],SIMDCPIStack.ScalarMem,0.117280876494024,cycles/inst
GPU[1].SA[6].CU[2],SIMDCPIStack.ScalarMemInst,0.000747011952191397,cycles/inst
GPU[1].SA[6].CU[2],SIMDCPIStack.Special,0.000249003984063869,cycles/inst
GPU[1].SA[6].CU[2],SIMDCPIStack.VALU,1.38222111553785,cycles/inst
GPU[1].SA[6].CU[2],SIMDCPIStack.VMem,0.0615039840637449,cycles/inst
GPU[1].SA[6].CU[2],SIMDCPIStack.VMemInst,0.00498007968127485,cycles/inst
GPU[1].SA[6].CU[2],SIMDCPIStack.total,2.67430278884462,cycles/inst
GPU[1].SA[6].CU[3],CPIStack.Branch,0.00207270408163261,cycles/inst
GPU[1].SA[6].CU[3],CPIStack.Fetch,0.0529336734693877,cycles/inst
GPU[1].SA[6].CU[3],CPIStack.Idle,0.000159438775510149,cycles/inst
GPU[1].SA[6].CU[3],CPIStack.ScalarInst,0.0127551020408162,cycles/inst
GPU[1].SA[6].CU[3],CPIStack.ScalarMem,0.0704719387755104,cycles/inst
GPU[1].SA[6].CU[3],CPIStack.ScalarMemInst,0.000956632653061161,cycles/inst
GPU[1].SA[6].CU[3],CPIStack.Special,0.0,cycles/inst
GPU[1].SA[6].CU[3],CPIStack.VALU,0.917570153061224,cycles/inst
GPU[1].SA[6].CU[3],CPIStack.VMem,0.0199298469387755,cycles/inst
GPU[1].SA[6].CU[3],CPIStack.VMemInst,0.00446428571428605,cycles/inst
GPU[1].SA[6].CU[3],CPIStack.total,1.71237244897959,cycles/inst
GPU[1].SA[6].CU[3],SIMDCPIStack.Branch,0.00323705179282861,cycles/inst
GPU[1].SA[6].CU[3],SIMDCPIStack.Fetch,0.0826693227091632,cycles/inst
GPU[1].SA[6].CU[3],SIMDCPIStack.Idle,0.000249003984063658,cycles/inst
GPU[1].SA[6].CU[3],SIMDCPIStack.ScalarInst,0.0199203187250994,cycles/inst
GPU[1].SA[6].CU[3],SIMDCPIStack.ScalarMem,0.110059760956176,cycles/inst
GPU[1].SA[6].CU[3],SIMDCPIStack.ScalarMemInst,0.00149402390438237,cycles/inst
GPU[1].SA[6].CU[3],SIMDCPIStack.Special,0.0,cycles/inst
GPU[1].SA[6].CU[3],SIMDCPIStack.VALU,1.43301792828685,cycles/inst
GPU[1].SA[6].CU[3],SIMDCPIStack.VMem,0.031125498007968,cycles/inst
GPU[1].SA[6].CU[3],SIMDCPIStack.VMemInst,0.00697211155378538,cycles/inst
GPU[1].SA[6].CU[3],SIMDCPIStack.total,2.67430278884462,cycles/inst
GPU[1].SA[7].CU[0],CPIStack.Branch,0.00318877551020459,cycles/inst
GPU[1].SA[7].CU[0],CPIStack.Fetch,0.0545280612244896,cycles/inst
GPU[1].SA[7].CU[0],CPIStack.Idle,0.000318877551020432,cycles/inst
GPU[1].SA[7].CU[0],CPIStack.ScalarInst,0.0204081632653058,cycles/inst
GPU[1].SA[7].CU[0],CPIStack.ScalarMem,0.0621811224489798,cycles/inst
GPU[1].SA[7].CU[0],CPIStack.ScalarMemInst,0.000478316326530716,cycles/inst
GPU[1].SA[7].CU[0],CPIStack.Special,0.000159438775510284,cycles/inst
GPU[1].SA[7].CU[0],CPIStack.VALU,0.88313137755102,cycles/inst
GPU[1].SA[7].CU[0],CPIStack.VMem,0.0256696428571427,cycles/inst
GPU[1].SA[7].CU[0],CPIStack.VMemInst,0.00318877551020405,cycles/inst
GPU[1].SA[7].CU[0],CPIStack.total,1.71237244897959,cycles/inst
GPU[1].SA[7].CU[0],SIMDCPIStack.Branch,0.0049800796812757,cycles/inst
GPU[1].SA[7].CU[0],SIMDCPIStack.Fetch,0.0851593625498004,cycles/inst
GPU[1].SA[7].CU[0],SIMDCPIStack.Idle,0.000498007968127527,cycles/inst
GPU[1].SA[7].CU[0],SIMDCPIStack.ScalarInst,0.0318725099601588,cycles/inst
GPU[1].SA[7].CU[0],SIMDCPIStack.ScalarMem,0.0971115537848609,cycles/inst
GPU[1].SA[7].CU[0],SIMDCPIStack.ScalarMemInst,0.000747011952191397,cycles/inst
GPU[1].SA[7].CU[0],SIMDCPIStack.Special,0.000249003984063869,cycles/inst
GPU[1].SA[7].CU[0],SIMDCPIStack.VALU,1.37923306772908,cycles/inst
GPU[1].SA[7].CU[0],SIMDCPIStack.VMem,0.0400896414342627,cycles/inst
GPU[1].SA[7].CU[0],SIMDCPIStack.VMemInst,0.00498007968127485,cycles/inst
GPU[1].SA[7].CU[0],SIMDCPIStack.total,2.67430278884462,cycles/inst
GPU[1].SA[7].CU[1],CPIStack.Branch,0.00223214285714262,cycles/inst
GPU[1].SA[7].CU[1],CPIStack.Fetch,0.0548469387755101,cycles/inst
GPU[1].SA[7].CU[1],CPIStack.Idle,0.000318877551020432,cycles/inst
GPU[1].SA[7].CU[1],CPIStack.ScalarInst,0.018813775510204,cycles/inst
GPU[1].SA[7].CU[1],CPIStack.ScalarMem,0.0618622448979596,cycles/inst
GPU[1].SA[7].CU[1],CPIStack.ScalarMemInst,0.000956632653061296,cycles/inst
GPU[1].SA[7].CU[1],CPIStack.Special,0.000159438775510013,cycles/inst
GPU[1].SA[7].CU[1],CPIStack.VALU,0.92936862244898,cycles/inst
GPU[1].SA[7].CU[1],CPIStack.VMem,0.0366709183673469,cycles/inst
GPU[1].SA[7].CU[1],CPIStack.VMemInst,0.00621811224489836,cycles/inst
GPU[1].SA[7].CU[1],CPIStack.total,1.71237244897959,cycles/inst
GPU[1].SA[7].CU[1],SIMDCPIStack.Branch,0.00348605577689206,cycles/inst
GPU[1].SA[7].CU[1],SIMDCPIStack.Fetch,0.0856573705179282,cycles/inst
GPU[1].SA[7].CU[1],SIMDCPIStack.Idle,0.000498007968127527,cycles/inst
GPU[1].SA[7].CU[1],SIMDCPIStack.ScalarInst,0.0293824701195218,cycles/inst
GPU[1].SA[7].CU[1],SIMDCPIStack.ScalarMem,0.0966135458167338,cycles/inst
GPU[1].SA[7].CU[1],SIMDCPIStack.ScalarMemInst,0.00149402390438258,cycles/inst
GPU[1].SA[7].CU[1],SIMDCPIStack.Special,0.000249003984063447,cycles/inst
GPU[1].SA[7].CU[1],SIMDCPIStack.VALU,1.45144422310757,cycles/inst
GPU[1].SA[7].CU[1],SIMDCPIStack.VMem,0.0572709163346612,cycles/inst
GPU[1].SA[7].CU[1],SIMDCPIStack.VMemInst,0.00971115537848668,cycles/inst
GPU[1].SA[7].CU[1],SIMDCPIStack.total,2.67430278884462,cycles/inst
GPU[1].SA[7].CU[2],CPIStack.Branch,0.00318877551020432,cycles/inst
GPU[1].SA[7].CU[2],CPIStack.Fetch,0.053890306122449,cycles/inst
GPU[1].SA[7].CU[2],CPIStack.Idle,0.000159438775510149,cycles/inst
GPU[1].SA[7].CU[2],CPIStack.ScalarInst,0.0169005102040817,cycles/inst
GPU[1].SA[7].CU[2],CPIStack.ScalarMem,0.0755739795918365,cycles/inst
GPU[1].SA[7].CU[2],CPIStack.ScalarMemInst,0.000478316326530716,cycles/inst
GPU[1].SA[7].CU[2],CPIStack.Special,0.0,cycles/inst
GPU[1].SA[7].CU[2],CPIStack.VALU,0.891581632653061,cycles/inst
GPU[1].SA[7].CU[2],CPIStack.VMem,0.0341198979591837,cycles/inst
GPU[1].SA[7].CU[2],CPIStack.VMemInst,0.0,cycles/inst
GPU[1].SA[7].CU[2],CPIStack.total,1.71237244897959,cycles/inst
GPU[1].SA[7].CU[2],SIMDCPIStack.Branch,0.00498007968127528,cycles/inst
GPU[1].SA[7].CU[2],SIMDCPIStack.Fetch,0.0841633466135458,cycles/inst
GPU[1].SA[7].CU[2],SIMDCPIStack.Idle,0.000249003984063658,cycles/inst
GPU[1].SA[7].CU[2],SIMDCPIStack.ScalarInst,0.0263944223107571,cycles/inst
GPU[1].SA[7].CU[2],SIMDCPIStack.ScalarMem,0.118027888446215,cycles/inst
GPU[1].SA[7].CU[2],SIMDCPIStack.ScalarMemInst,0.000747011952191397,cycles/inst
GPU[1].SA[7].CU[2],SIMDCPIStack.Special,0.0,cycles/inst
GPU[1].SA[7].CU[2],SIMDCPIStack.VALU,1.39243027888446,cycles/inst
GPU[1].SA[7].CU[2],SIMDCPIStack.VMem,0.0532868525896414,cycles/inst
GPU[1].SA[7].CU[2],SIMDCPIStack.VMemInst,0.0,cycles/inst
GPU[1].SA[7].CU[2],SIMDCPIStack.total,2.67430278884462,cycles/inst
GPU[1].SA[7].CU[3],CPIStack.Branch,0.00414540816326521,cycles/inst
GPU[1].SA[7].CU[3],CPIStack.Fetch,0.0556441326530612,cycles/inst
GPU[1].SA[7].CU[3],CPIStack.Idle,0.000318877551020432,cycles/inst
GPU[1].SA[7].CU[3],CPIStack.ScalarInst,0.0224808673469389,cycles/inst
GPU[1].SA[7].CU[3],CPIStack.ScalarMem,0.0738201530612244,cycles/inst
GPU[1].SA[7].CU[3],CPIStack.ScalarMemInst,0.000478316326530581,cycles/inst
GPU[1].SA[7].CU[3],CPIStack.Special,0.000478316326530311,cycles/inst
GPU[1].SA[7].CU[3],CPIStack.VALU,0.867346938775511,cycles/inst
GPU[1].SA[7].CU[3],CPIStack.VMem,0.0349170918367343,cycles/inst
GPU[1].SA[7].CU[3],CPIStack.VMemInst,0.00318877551020405,cycles/inst
GPU[1].SA[7].CU[3],CPIStack.total,1.71237244897959,cycles/inst
GPU[1].SA[7].CU[3],SIMDCPIStack.Branch,0.00647410358565722,cycles/inst
GPU[1].SA[7].CU[3],SIMDCPIStack.Fetch,0.0869023904382469,cycles/inst
GPU[1].SA[7].CU[3],SIMDCPIStack.Idle,0.000498007968127527,cycles/inst
GPU[1].SA[7].CU[3],SIMDCPIStack.ScalarInst,0.0351095617529883,cycles/inst
GPU[1].SA[7].CU[3],SIMDCPIStack.ScalarMem,0.115288844621514,cycles/inst
GPU[1].SA[7].CU[3],SIMDCPIStack.ScalarMemInst,0.000747011952191186,cycles/inst
GPU[1].SA[7].CU[3],SIMDCPIStack.Special,0.000747011952190764,cycles/inst
GPU[1].SA[7].CU[3],SIMDCPIStack.VALU,1.35458167330677,cycles/inst
GPU[1].SA[7].CU[3],SIMDCPIStack.VMem,0.0545318725099595,cycles/inst
GPU[1].SA[7].CU[3],SIMDCPIStack.VMemInst,0.00498007968127485,cycles/inst
GPU[1].SA[7].CU[3],SIMDCPIStack.total,2.67430278884462,cycles/inst
GPU[1].SA[8].CU[0],CPIStack.Branch,0.00239158163265317,cycles/inst
GPU[1].SA[8].CU[0],CPIStack.Fetch,0.0527742346938773,cycles/inst
GPU[1].SA[8].CU[0],CPIStack.Idle,0.000159438775510284,cycles/inst
GPU[1].SA[8].CU[0],CPIStack.ScalarInst,0.00876913265306073,cycles/inst
GPU[1].SA[8].CU[0],CPIStack.ScalarMem,0.0597895408163266,cycles/inst
GPU[1].SA[8].CU[0],CPIStack.ScalarMemInst,0.000478316326530716,cycles/inst
GPU[1].SA[8].CU[0],CPIStack.Special,0.0,cycles/inst
GPU[1].SA[8].CU[0],CPIStack.VALU,0.951211734693877,cycles/inst
GPU[1].SA[8].CU[0],CPIStack.VMem,0.0216836734693883,cycles/inst
GPU[1].SA[8].CU[0],CPIStack.VMemInst,0.00334821428571433,cycles/inst
GPU[1].SA[8].CU[0],CPIStack.total,1.71221301020408,cycles/inst
GPU[1].SA[8].CU[0],SIMDCPIStack.Branch,0.00373505976095635,cycles/inst
GPU[1].SA[8].CU[0],SIMDCPIStack.Fetch,0.0824203187250992,cycles/inst
GPU[1].SA[8].CU[0],SIMDCPIStack.Idle,0.000249003984063869,cycles/inst
GPU[1].SA[8].CU[0],SIMDCPIStack.ScalarInst,0.0136952191235052,cycles/inst
GPU[1].SA[8].CU[0],SIMDCPIStack.ScalarMem,0.0933764940239045,cycles/inst
GPU[1].SA[8].CU[0],SIMDCPIStack.ScalarMemInst,0.000747011952191397,cycles/inst
GPU[1].SA[8].CU[0],SIMDCPIStack.Special,0.0,cycles/inst
GPU[1].SA[8].CU[0],SIMDCPIStack.VALU,1.4855577689243,cycles/inst
GPU[1].SA[8].CU[0],SIMDCPIStack.VMem,0.0338645418326702,cycles/inst
GPU[1].SA[8].CU[0],SIMDCPIStack.VMemInst,0.00522908366533872,cycles/inst
GPU[1].SA[8].CU[0],SIMDCPIStack.total,2.67405378486056,cycles/inst
GPU[1].SA[8].CU[1],CPIStack.Branch,0.00223214285714289,cycles/inst
GPU[1].SA[8].CU[1],CPIStack.Fetch,0.0562818877551019,cycles/inst
GPU[1].SA[8].CU[1],CPIStack.Idle,0.000318877551020567,cycles/inst
GPU[1].SA[8].CU[1],CPIStack.ScalarInst,0.0129145408163265,cycles/inst
GPU[1].SA[8].CU[1],CPIStack.ScalarMem,0.0610650510204082,cycles/inst
GPU[1].SA[8].CU[1],CPIStack.ScalarMemInst,0.000956632653061566,cycles/inst
GPU[1].SA[8].CU[1],CPIStack.Special,0.000159438775510013,cycles/inst
GPU[1].SA[8].CU[1],CPIStack.VALU,0.888871173469387,cycles/inst
GPU[1].SA[8].CU[1],CPIStack.VMem,0.0507015306122448,cycles/inst
GPU[1].SA[8].CU[1],CPIStack.VMemInst,0.00318877551020405,cycles/inst
GPU[1].SA[8].CU[1],CPIStack.total,1.71221301020408,cycles/inst
GPU[1].SA[8].CU[1],SIMDCPIStack.Branch,0.00348605577689248,cycles/inst
GPU[1].SA[8].CU[1],SIMDCPIStack.Fetch,0.0878984063745017,cycles/inst
GPU[1].SA[8].CU[1],SIMDCPIStack.Idle,0.000498007968127738,cycles/inst
GPU[1].SA[8].CU[1],SIMDCPIStack.ScalarInst,0.0201693227091633,cycles/inst
GPU[1].SA[8].CU[1],SIMDCPIStack.ScalarMem,0.0953685258964144,cycles/inst
GPU[1].SA[8].CU[1],SIMDCPIStack.ScalarMemInst,0.001494023904383,cycles/inst
GPU[1].SA[8].CU[1],SIMDCPIStack.Special,0.000249003984063447,cycles/inst
GPU[1].SA[8].CU[1],SIMDCPIStack.VALU,1.38819721115538,cycles/inst
GPU[1].SA[8].CU[1],SIMDCPIStack.VMem,0.0791832669322707,cycles/inst
GPU[1].SA[8].CU[1],SIMDCPIStack.VMemInst,0.00498007968127485,cycles/inst
GPU[1].SA[8].CU[1],SIMDCPIStack.total,2.67405378486056,cycles/inst
GPU[1].SA[8].CU[2],CPIStack.Branch,0.00430484693877577,cycles/inst
GPU[1].SA[8].CU[2],CPIStack.Fetch,0.0559630102040816,cycles/inst
GPU[1].SA[8].CU[2],CPIStack.Idle,0.000318877551020567,cycles/inst
GPU[1].SA[8].CU[2],CPIStack.ScalarInst,0.0345982142857137,cycles/inst
GPU[1].SA[8].CU[2],CPIStack.ScalarMem,0.0774872448979599,cycles/inst
GPU[1].SA[8].CU[2],CPIStack.ScalarMemInst,0.000956632653061296,cycles/inst
GPU[1].SA[8].CU[2],CPIStack.Special,0.000318877551020297,cycles/inst
GPU[1].SA[8].CU[2],CPIStack.VALU,0.878667091836734,cycles/inst
GPU[1].SA[8].CU[2],CPIStack.VMem,0.0455994897959184,cycles/inst
GPU[1].SA[8].CU[2],CPIStack.VMemInst,0.00318877551020432,cycles/inst
GPU[1].SA[8].CU[2],CPIStack.total,1.71221301020408,cycles/inst
GPU[1].SA[8].CU[2],SIMDCPIStack.Branch,0.00672310756972152,cycles/inst
GPU[1].SA[8].CU[2],SIMDCPIStack.Fetch,0.0874003984063744,cycles/inst
GPU[1].SA[8].CU[2],SIMDCPIStack.Idle,0.000498007968127738,cycles/inst
GPU[1].SA[8].CU[2],SIMDCPIStack.ScalarInst,0.0540338645418318,cycles/inst
GPU[1].SA[8].CU[2],SIMDCPIStack.ScalarMem,0.121015936254981,cycles/inst
GPU[1].SA[8].CU[2],SIMDCPIStack.ScalarMemInst,0.00149402390438258,cycles/inst
GPU[1].SA[8].CU[2],SIMDCPIStack.Special,0.000498007968127317,cycles/inst
GPU[1].SA[8].CU[2],SIMDCPIStack.VALU,1.3722609561753,cycles/inst
GPU[1].SA[8].CU[2],SIMDCPIStack.VMem,0.0712151394422312,cycles/inst
GPU[1].SA[8].CU[2],SIMDCPIStack.VMemInst,0.00498007968127528,cycles/inst
GPU[1].SA[8].CU[2],SIMDCPIStack.total,2.67405378486056,cycles/inst
GPU[1].SA[8].CU[3],CPIStack.Branch,0.00414540816326494,cycles/inst
GPU[1].SA[8].CU[3],CPIStack.Fetch,0.0559630102040815,cycles/inst
GPU[1].SA[8].CU[3],CPIStack.Idle,0.000318877551020567,cycles/inst
GPU[1].SA[8].CU[3],CPIStack.ScalarInst,0.0227997448979587,cycles/inst
GPU[1].SA[8].CU[3],CPIStack.ScalarMem,0.0722257653061227,cycles/inst
GPU[1].SA[8].CU[3],CPIStack.ScalarMemInst,0.000956632653061431,cycles/inst
GPU[1].SA[8].CU[3],CPIStack.Special,0.000159438775510013,cycles/inst
GPU[1].SA[8].CU[3],CPIStack.VALU,0.88265306122449,cycles/inst
GPU[1].SA[8].CU[3],CPIStack.VMem,0.0344387755102045,cycles/inst
GPU[1].SA[8].CU[3],CPIStack.VMemInst,0.00318877551020405,cycles/inst
GPU[1].SA[8].CU[3],CPIStack.total,1.71221301020408,cycles/inst
GPU[1].SA[8].CU[3],SIMDCPIStack.Branch,0.0064741035856568,cycles/inst
GPU[1].SA[8].CU[3],SIMDCPIStack.Fetch,0.0874003984063742,cycles/inst
GPU[1].SA[8].CU[3],SIMDCPIStack.Idle,0.000498007968127738,cycles/inst
GPU[1].SA[8].CU[3],SIMDCPIStack.ScalarInst,0.0356075697211147,cycles/inst
GPU[1].SA[8].CU[3],SIMDCPIStack.ScalarMem,0.112798804780877,cycles/inst
GPU[1].SA[8].CU[3],SIMDCPIStack.ScalarMemInst,0.00149402390438279,cycles/inst
GPU[1].SA[8].CU[3],SIMDCPIStack.Special,0.000249003984063447,cycles/inst
GPU[1].SA[8].CU[3],SIMDCPIStack.VALU,1.37848605577689,cycles/inst
GPU[1].SA[8].CU[3],SIMDCPIStack.VMem,0.0537848605577696,cycles/inst
GPU[1].SA[8].CU[3],SIMDCPIStack.VMemInst,0.00498007968127485,cycles/inst
GPU[1].SA[8].CU[3],SIMDCPIStack.total,2.67405378486056,cycles/inst
GPU[1].SA[9].CU[0],CPIStack.Branch,0.00239158163265317,cycles/inst
GPU[1].SA[9].CU[0],CPIStack.Fetch,0.0543686224489793,cycles/inst
GPU[1].SA[9].CU[0],CPIStack.Idle,0.000318877551020567,cycles/inst
GPU[1].SA[9].CU[0],CPIStack.ScalarInst,0.0140306122448974,cycles/inst
GPU[1].SA[9].CU[0],CPIStack.ScalarMem,0.061862244897959,cycles/inst
GPU[1].SA[9].CU[0],CPIStack.ScalarMemInst,0.000956632653061296,cycles/inst
GPU[1].SA[9].CU[0],CPIStack.Special,0.000159438775510284,cycles/inst
GPU[1].SA[9].CU[0],CPIStack.VALU,0.897161989795919,cycles/inst
GPU[1].SA[9].CU[0],CPIStack.VMem,0.0237563775510204,cycles/inst
GPU[1].SA[9].CU[0],CPIStack.VMemInst,0.0063775510204081,cycles/inst
GPU[1].SA[9].CU[0],CPIStack.total,1.71221301020408,cycles/inst
GPU[1].SA[9].CU[0],SIMDCPIStack.Branch,0.00373505976095635,cycles/inst
GPU[1].SA[9].CU[0],SIMDCPIStack.Fetch,0.0849103585657366,cycles/inst
GPU[1].SA[9].CU[0],SIMDCPIStack.Idle,0.000498007968127738,cycles/inst
GPU[1].SA[9].CU[0],SIMDCPIStack.ScalarInst,0.0219123505976087,cycles/inst
GPU[1].SA[9].CU[0],SIMDCPIStack.ScalarMem,0.0966135458167327,cycles/inst
GPU[1].SA[9].CU[0],SIMDCPIStack.ScalarMemInst,0.00149402390438258,cycles/inst
GPU[1].SA[9].CU[0],SIMDCPIStack.Special,0.000249003984063869,cycles/inst
GPU[1].SA[9].CU[0],SIMDCPIStack.VALU,1.40114541832669,cycles/inst
GPU[1].SA[9].CU[0],SIMDCPIStack.VMem,0.037101593625498,cycles/inst
GPU[1].SA[9].CU[0],SIMDCPIStack.VMemInst,0.00996015936254971,cycles/inst
GPU[1].SA[9].CU[0],SIMDCPIStack.total,2.67405378486056,cycles/inst
GPU[1].SA[9].CU[1],CPIStack.Branch,0.00175382653061204,cycles/inst
GPU[1].SA[9].CU[1],CPIStack.Fetch,0.0530931122448978,cycles/inst
GPU[1].SA[9].CU[1],CPIStack.Idle,0.000159438775510284,cycles/inst
GPU[1].SA[9].CU[1],CPIStack.ScalarInst,0.0140306122448977,cycles/inst
GPU[1].SA[9].CU[1],CPIStack.ScalarMem,0.0626594387755103,cycles/inst
GPU[1].SA[9].CU[1],CPIStack.ScalarMemInst,0.000478316326530716,cycles/inst
GPU[1].SA[9].CU[1],CPIStack.Special,0.000159438775510284,cycles/inst
GPU[1].SA[9].CU[1],CPIStack.VALU,0.911511479591837,cycles/inst
GPU[1].SA[9].CU[1],CPIStack.VMem,0.0382653061224489,cycles/inst
GPU[1].SA[9].CU[1],CPIStack.VMemInst,0.000478316326530581,cycles/inst
GPU[1].SA[9].CU[1],CPIStack.total,1.71221301020408,cycles/inst
GPU[1].SA[9].CU[1],SIMDCPIStack.Branch,0.00273904382470087,cycles/inst
GPU[1].SA[9].CU[1],SIMDCPIStack.Fetch,0.0829183266932269,cycles/inst
GPU[1].SA[9].CU[1],SIMDCPIStack.Idle,0.000249003984063869,cycles/inst
GPU[1].SA[9].CU[1],SIMDCPIStack.ScalarInst,0.0219123505976091,cycles/inst
GPU[1].SA[9].CU[1],SIMDCPIStack.ScalarMem,0.0978585657370519,cycles/inst
GPU[1].SA[9].CU[1],SIMDCPIStack.ScalarMemInst,0.000747011952191397,cycles/inst
GPU[1].SA[9].CU[1],SIMDCPIStack.Special,0.000249003984063869,cycles/inst
GPU[1].SA[9].CU[1],SIMDCPIStack.VALU,1.42355577689243,cycles/inst
GPU[1].SA[9].CU[1],SIMDCPIStack.VMem,0.0597609561752987,cycles/inst
GPU[1].SA[9].CU[1],SIMDCPIStack.VMemInst,0.000747011952191186,cycles/inst
GPU[1].SA[9].CU[1],SIMDCPIStack.total,2.67405378486056,cycles/inst
GPU[1].SA[9].CU[2],CPIStack.Branch,0.00334821428571433,cycles/inst
GPU[1].SA[9].CU[2],CPIStack.Fetch,0.0569196428571427,cycles/inst
GPU[1].SA[9].CU[2],CPIStack.Idle,0.000478316326530851,cycles/inst
GPU[1].SA[9].CU[2],CPIStack.ScalarInst,0.0197704081632649,cycles/inst
GPU[1].SA[9].CU[2],CPIStack.ScalarMem,0.075733418367347,cycles/inst
GPU[1].SA[9].CU[2],CPIStack.ScalarMemInst,0.00143494897959188,cycles/inst
GPU[1].SA[9].CU[2],CPIStack.Special,0.000318877551020297,cycles/inst
GPU[1].SA[9].CU[2],CPIStack.VALU,0.920280612244898,cycles/inst
GPU[1].SA[9].CU[2],CPIStack.VMem,0.0390625,cycles/inst
GPU[1].SA[9].CU[2],CPIStack.VMemInst,0.00573979591836751,cycles/inst
GPU[1].SA[9].CU[2],CPIStack.total,1.71221301020408,cycles/inst
GPU[1].SA[9].CU[2],SIMDCPIStack.Branch,0.00522908366533872,cycles/inst
GPU[1].SA[9].CU[2],SIMDCPIStack.Fetch,0.0888944223107568,cycles/inst
GPU[1].SA[9].CU[2],SIMDCPIStack.Idle,0.000747011952191608,cycles/inst
GPU[1].SA[9].CU[2],SIMDCPIStack.ScalarInst,0.0308764940239037,cycles/inst
GPU[1].SA[9].CU[2],SIMDCPIStack.ScalarMem,0.118276892430279,cycles/inst
GPU[1].SA[9].CU[2],SIMDCPIStack.ScalarMemInst,0.00224103585657377,cycles/inst
GPU[1].SA[9].CU[2],SIMDCPIStack.Special,0.000498007968127317,cycles/inst
GPU[1].SA[9].CU[2],SIMDCPIStack.VALU,1.43725099601594,cycles/inst
GPU[1].SA[9].CU[2],SIMDCPIStack.VMem,0.0610059760956176,cycles/inst
GPU[1].SA[9].CU[2],SIMDCPIStack.VMemInst,0.00896414342629507,cycles/inst
GPU[1].SA[9].CU[2],SIMDCPIStack.total,2.67405378486056,cycles/inst
GPU[1].SA[9].CU[3],CPIStack.Branch,0.00318877551020405,cycles/inst
GPU[1].SA[9].CU[3],CPIStack.Fetch,0.0527742346938774,cycles/inst
GPU[1].SA[9].CU[3],CPIStack.Idle,0.000159438775510284,cycles/inst
GPU[1].SA[9].CU[3],CPIStack.ScalarInst,0.0108418367346939,cycles/inst
GPU[1].SA[9].CU[3],CPIStack.ScalarMem,0.0703124999999998,cycles/inst
GPU[1].SA[9].CU[3],CPIStack.ScalarMemInst,0.000478316326530581,cycles/inst
GPU[1].SA[9].CU[3],CPIStack.Special,0.0,cycles/inst
GPU[1].SA[9].CU[3],CPIStack.VALU,0.894292091836735,cycles/inst
GPU[1].SA[9].CU[3],CPIStack.VMem,0.0175382653061226,cycles/inst
GPU[1].SA[9].CU[3],CPIStack.VMemInst,0.00127551020408173,cycles/inst
GPU[1].SA[9].CU[3],CPIStack.total,1.71221301020408,cycles/inst
GPU[1].SA[9].CU[3],SIMDCPIStack.Branch,0.00498007968127485,cycles/inst
GPU[1].SA[9].CU[3],SIMDCPIStack.Fetch,0.0824203187250994,cycles/inst
GPU[1].SA[9].CU[3],SIMDCPIStack.Idle,0.000249003984063869,cycles/inst
GPU[1].SA[9].CU[3],SIMDCPIStack.ScalarInst,0.0169322709163347,cycles/inst
GPU[1].SA[9].CU[3],SIMDCPIStack.ScalarMem,0.109810756972111,cycles/inst
GPU[1].SA[9].CU[3],SIMDCPIStack.ScalarMemInst,0.000747011952191186,cycles/inst
GPU[1].SA[9].CU[3],SIMDCPIStack.Special,0.0,cycles/inst
GPU[1].SA[9].CU[3],SIMDCPIStack.VALU,1.39666334661355,cycles/inst
GPU[1].SA[9].CU[3],SIMDCPIStack.VMem,0.0273904382470121,cycles/inst
GPU[1].SA[9].CU[3],SIMDCPIStack.VMemInst,0.00199203187251011,cycles/inst
GPU[1].SA[9].CU[3],SIMDCPIStack.total,2.67405378486056,cycles/inst
GPU[1].SA[10].CU[0],CPIStack.Branch,0.00191326530612259,cycles/inst
GPU[1].SA[10].CU[0],CPIStack.Fetch,0.0530931122448977,cycles/inst
GPU[1].SA[10].CU[0],CPIStack.Idle,0.000318877551020432,cycles/inst
GPU[1].SA[10].CU[0],CPIStack.ScalarInst,0.00876913265306128,cycles/inst
GPU[1].SA[10].CU[0],CPIStack.ScalarMem,0.0605867346938775,cycles/inst
GPU[1].SA[10].CU[0],CPIStack.ScalarMemInst,0.000478316326530716,cycles/inst
GPU[1].SA[10].CU[0],CPIStack.Special,0.000159438775510284,cycles/inst
GPU[1].SA[10].CU[0],CPIStack.VALU,0.90656887755102,cycles/inst
GPU[1].SA[10].CU[0],CPIStack.VMem,0.0234375000000001,cycles/inst
GPU[1].SA[10].CU[0],CPIStack.VMemInst,0.00318877551020405,cycles/inst
GPU[1].SA[10].CU[0],CPIStack.total,1.71205357142857,cycles/inst
GPU[1].SA[10].CU[0],SIMDCPIStack.Branch,0.00298804780876516,cycles/inst
GPU[1].SA[10].CU[0],SIMDCPIStack.Fetch,0.0829183266932267,cycles/inst
GPU[1].SA[10].CU[0],SIMDCPIStack.Idle,0.000498007968127527,cycles/inst
GPU[1].SA[10].CU[0],SIMDCPIStack.ScalarInst,0.0136952191235061,cycles/inst
GPU[1].SA[10].CU[0],SIMDCPIStack.ScalarMem,0.0946215139442231,cycles/inst
GPU[1].SA[10].CU[0],SIMDCPIStack.ScalarMemInst,0.000747011952191397,cycles/inst
GPU[1].SA[10].CU[0],SIMDCPIStack.Special,0.000249003984063869,cycles/inst
GPU[1].SA[10].CU[0],SIMDCPIStack.VALU,1.41583665338645,cycles/inst
GPU[1].SA[10].CU[0],SIMDCPIStack.VMem,0.0366035856573706,cycles/inst
GPU[1].SA[10].CU[0],SIMDCPIStack.VMemInst,0.00498007968127485,cycles/inst
GPU[1].SA[10].CU[0],SIMDCPIStack.total,2.67380478087649,cycles/inst
GPU[1].SA[10].CU[1],CPIStack.Branch,0.00334821428571433,cycles/inst
GPU[1].SA[10].CU[1],CPIStack.Fetch,0.0561224489795917,cycles/inst
GPU[1].SA[10].CU[1],CPIStack.Idle,0.000478316326530716,cycles/inst
GPU[1].SA[10].CU[1],CPIStack.ScalarInst,0.0204081632653066,cycles/inst
GPU[1].SA[10].CU[1],CPIStack.ScalarMem,0.0613839285714285,cycles/inst
GPU[1].SA[10].CU[1],CPIStack.ScalarMemInst,0.00143494897959188,cycles/inst
GPU[1].SA[10].CU[1],CPIStack.Special,0.000318877551020297,cycles/inst
GPU[1].SA[10].CU[1],CPIStack.VALU,0.939413265306123,cycles/inst
GPU[1].SA[10].CU[1],CPIStack.VMem,0.0484693877551014,cycles/inst
GPU[1].SA[10].CU[1],CPIStack.VMemInst,0.00573979591836751,cycles/inst
GPU[1].SA[10].CU[1],CPIStack.total,1.71205357142857,cycles/inst
GPU[1].SA[10].CU[1],SIMDCPIStack.Branch,0.00522908366533872,cycles/inst
GPU[1].SA[10].CU[1],SIMDCPIStack.Fetch,0.0876494023904381,cycles/inst
GPU[1].SA[10].CU[1],SIMDCPIStack.Idle,0.000747011952191397,cycles/inst
GPU[1].SA[10].CU[1],SIMDCPIStack.ScalarInst,0.0318725099601601,cycles/inst
GPU[1].SA[10].CU[1],SIMDCPIStack.ScalarMem,0.0958665338645418,cycles/inst
GPU[1].SA[10].CU[1],SIMDCPIStack.ScalarMemInst,0.00224103585657377,cycles/inst
GPU[1].SA[10].CU[1],SIMDCPIStack.Special,0.000498007968127317,cycles/inst
GPU[1].SA[10].CU[1],SIMDCPIStack.VALU,1.46713147410359,cycles/inst
GPU[1].SA[10].CU[1],SIMDCPIStack.VMem,0.0756972111553774,cycles/inst
GPU[1].SA[10].CU[1],SIMDCPIStack.VMemInst,0.00896414342629507,cycles/inst
GPU[1].SA[10].CU[1],SIMDCPIStack.total,2.67380478087649,cycles/inst
GPU[1].SA[10].CU[2],CPIStack.Branch,0.00350765306122489,cycles/inst
GPU[1].SA[10].CU[2],CPIStack.Fetch,0.0535714285714285,cycles/inst
GPU[1].SA[10].CU[2],CPIStack.Idle,0.000159438775510149,cycles/inst
GPU[1].SA[10].CU[2],CPIStack.ScalarInst,0.0197704081632652,cycles/inst
GPU[1].SA[10].CU[2],CPIStack.ScalarMem,0.0755739795918362,cycles/inst
GPU[1].SA[10].CU[2],CPIStack.ScalarMemInst,0.000478316326530716,cycles/inst
GPU[1].SA[10].CU[2],CPIStack.Special,0.0,cycles/inst
GPU[1].SA[10].CU[2],CPIStack.VALU,0.857461734693877,cycles/inst
GPU[1].SA[10].CU[2],CPIStack.VMem,0.0352359693877557,cycles/inst
GPU[1].SA[10].CU[2],CPIStack.VMemInst,0.0,cycles/inst
GPU[1].SA[10].CU[2],CPIStack.total,1.71205357142857,cycles/inst
GPU[1].SA[10].CU[2],SIMDCPIStack.Branch,0.00547808764940301,cycles/inst
GPU[1].SA[10].CU[2],SIMDCPIStack.Fetch,0.0836653386454183,cycles/inst
GPU[1].SA[10].CU[2],SIMDCPIStack.Idle,0.000249003984063658,cycles/inst
GPU[1].SA[10].CU[2],SIMDCPIStack.ScalarInst,0.0308764940239042,cycles/inst
GPU[1].SA[10].CU[2],SIMDCPIStack.ScalarMem,0.118027888446214,cycles/inst
GPU[1].SA[10].CU[2],SIMDCPIStack.ScalarMemInst,0.000747011952191397,cycles/inst
GPU[1].SA[10].CU[2],SIMDCPIStack.Special,0.0,cycles/inst
GPU[1].SA[10].CU[2],SIMDCPIStack.VALU,1.33914342629482,cycles/inst
GPU[1].SA[10].CU[2],SIMDCPIStack.VMem,0.0550298804780885,cycles/inst
GPU[1].SA[10].CU[2],SIMDCPIStack.VMemInst,0.0,cycles/inst
GPU[1].SA[10].CU[2],SIMDCPIStack.total,2.67380478087649,cycles/inst
GPU[1].SA[10].CU[3],CPIStack.Branch,0.00366709183673517,cycles/inst
GPU[1].SA[10].CU[3],CPIStack.Fetch,0.0556441326530613,cycles/inst
GPU[1].SA[10].CU[3],CPIStack.Idle,0.000318877551020432,cycles/inst
GPU[1].SA[10].CU[3],CPIStack.ScalarInst,0.0207270408163266,cycles/inst
GPU[1].SA[10].CU[3],CPIStack.ScalarMem,0.0719068877551018,cycles/inst
GPU[1].SA[10].CU[3],CPIStack.ScalarMemInst,0.000478316326530581,cycles/inst
GPU[1].SA[10].CU[3],CPIStack.Special,0.000159438775510013,cycles/inst
GPU[1].SA[10].CU[3],CPIStack.VALU,0.837213010204081,cycles/inst
GPU[1].SA[10].CU[3],CPIStack.VMem,0.034438775510204,cycles/inst
GPU[1].SA[10].CU[3],CPIStack.VMemInst,0.00318877551020432,cycles/inst
GPU[1].SA[10].CU[3],CPIStack.total,1.71205357142857,cycles/inst
GPU[1].SA[10].CU[3],SIMDCPIStack.Branch,0.00572709163346688,cycles/inst
GPU[1].SA[10].CU[3],SIMDCPIStack.Fetch,0.0869023904382471,cycles/inst
GPU[1].SA[10].CU[3],SIMDCPIStack.Idle,0.000498007968127527,cycles/inst
GPU[1].SA[10].CU[3],SIMDCPIStack.ScalarInst,0.032370517928287,cycles/inst
GPU[1].SA[10].CU[3],SIMDCPIStack.ScalarMem,0.112300796812749,cycles/inst
GPU[1].SA[10].CU[3],SIMDCPIStack.ScalarMemInst,0.000747011952191186,cycles/inst
GPU[1].SA[10].CU[3],SIMDCPIStack.Special,0.000249003984063447,cycles/inst
GPU[1].SA[10].CU[3],SIMDCPIStack.VALU,1.30751992031872,cycles/inst
GPU[1].SA[10].CU[3],SIMDCPIStack.VMem,0.0537848605577687,cycles/inst
GPU[1].SA[10].CU[3],SIMDCPIStack.VMemInst,0.00498007968127528,cycles/inst
GPU[1].SA[10].CU[3],SIMDCPIStack.total,2.67380478087649,cycles/inst
GPU[1].SA[11].CU[0],CPIStack.Branch,0.00271045918367347,cycles/inst
GPU[1].SA[11].CU[0],CPIStack.Fetch,0.0526147959183671,cycles/inst
GPU[1].SA[11].CU[0],CPIStack.Idle,0.000159438775510149,cycles/inst
GPU[1].SA[11].CU[0],CPIStack.ScalarInst,0.0169005102040811,cycles/inst
GPU[1].SA[11].CU[0],CPIStack.ScalarMem,0.0607461734693878,cycles/inst
GPU[1].SA[11].CU[0],CPIStack.ScalarMemInst,0.000478316326530716,cycles/inst
GPU[1].SA[11].CU[0],CPIStack.Special,0.000159438775510284,cycles/inst
GPU[1].SA[11].CU[0],CPIStack.VALU,0.884247448979592,cycles/inst
GPU[1].SA[11].CU[0],CPIStack.VMem,0.0173788265306123,cycles/inst
GPU[1].SA[11].CU[0],CPIStack.VMemInst,0.00111607142857144,cycles/inst
GPU[1].SA[11].CU[0],CPIStack.total,1.71205357142857,cycles/inst
GPU[1].SA[11].CU[0],SIMDCPIStack.Branch,0.00423306772908367,cycles/inst
GPU[1].SA[11].CU[0],SIMDCPIStack.Fetch,0.0821713147410355,cycles/inst
GPU[1].SA[11].CU[0],SIMDCPIStack.Idle,0.000249003984063658,cycles/inst
GPU[1].SA[11].CU[0],SIMDCPIStack.ScalarInst,0.0263944223107562,cycles/inst
GPU[1].SA[11].CU[0],SIMDCPIStack.ScalarMem,0.0948705179282869,cycles/inst
GPU[1].SA[11].CU[0],SIMDCPIStack.ScalarMemInst,0.000747011952191397,cycles/inst
GPU[1].SA[11].CU[0],SIMDCPIStack.Special,0.000249003984063869,cycles/inst
GPU[1].SA[11].CU[0],SIMDCPIStack.VALU,1.38097609561753,cycles/inst
GPU[1].SA[11].CU[0],SIMDCPIStack.VMem,0.0271414342629482,cycles/inst
GPU[1].SA[11].CU[0],SIMDCPIStack.VMemInst,0.00174302788844624,cycles/inst
GPU[1].SA[11].CU[0],SIMDCPIStack.total,2.67380478087649,cycles/inst
GPU[1].SA[11].CU[1],CPIStack.Branch,0.00207270408163261,cycles/inst
GPU[1].SA[11].CU[1],CPIStack.Fetch,0.0529336734693877,cycles/inst
GPU[1].SA[11].CU[1],CPIStack.Idle,0.000159438775510149,cycles/inst
GPU[1].SA[11].CU[1],CPIStack.ScalarInst,0.0119579081632659,cycles/inst
GPU[1].SA[11].CU[1],CPIStack.ScalarMem,0.0597895408163265,cycles/inst
GPU[1].SA[11].CU[1],CPIStack.ScalarMemInst,0.000637755102040999,cycles/inst
GPU[1].SA[11].CU[1],CPIStack.Special,0.0,cycles/inst
GPU[1].SA[11].CU[1],CPIStack.VALU,0.898437499999999,cycles/inst
GPU[1].SA[11].CU[1],CPIStack.VMem,0.0390625,cycles/inst
GPU[1].SA[11].CU[1],CPIStack.VMemInst,0.00366709183673463,cycles/inst
GPU[1].SA[11].CU[1],CPIStack.total,1.71205357142857,cycles/inst
GPU[1].SA[11].CU[1],SIMDCPIStack.Branch,0.00323705179282861,cycles/inst
GPU[1].SA[11].CU[1],SIMDCPIStack.Fetch,0.0826693227091632,cycles/inst
GPU[1].SA[11].CU[1],SIMDCPIStack.Idle,0.000249003984063658,cycles/inst
GPU[1].SA[11].CU[1],SIMDCPIStack.ScalarInst,0.0186752988047818,cycles/inst
GPU[1].SA[11].CU[1],SIMDCPIStack.ScalarMem,0.0933764940239043,cycles/inst
GPU[1].SA[11].CU[1],SIMDCPIStack.ScalarMemInst,0.000996015936255266,cycles/inst
GPU[1].SA[11].CU[1],SIMDCPIStack.Special,0.0,cycles/inst
GPU[1].SA[11].CU[1],SIMDCPIStack.VALU,1.4031374501992,cycles/inst
GPU[1].SA[11].CU[1],SIMDCPIStack.VMem,0.0610059760956176,cycles/inst
GPU[1].SA[11].CU[1],SIMDCPIStack.VMemInst,0.00572709163346604,cycles/inst
GPU[1].SA[11].CU[1],SIMDCPIStack.total,2.67380478087649,cycles/inst
GPU[1].SA[11].CU[2],CPIStack.Branch,0.0043048469387755,cycles/inst
GPU[1].SA[11].CU[2],CPIStack.Fetch,0.0567602040816326,cycles/inst
GPU[1].SA[11].CU[2],CPIStack.Idle,0.000478316326530716,cycles/inst
GPU[1].SA[11].CU[2],CPIStack.ScalarInst,0.0173788265306123,cycles/inst
GPU[1].SA[11].CU[2],CPIStack.ScalarMem,0.0758928571428573,cycles/inst
GPU[1].SA[11].CU[2],CPIStack.ScalarMemInst,0.00143494897959188,cycles/inst
GPU[1].SA[11].CU[2],CPIStack.Special,0.000318877551020297,cycles/inst
GPU[1].SA[11].CU[2],CPIStack.VALU,0.898915816326531,cycles/inst
GPU[1].SA[11].CU[2],CPIStack.VMem,0.0318877551020408,cycles/inst
GPU[1].SA[11].CU[2],CPIStack.VMemInst,0.00589923469387752,cycles/inst
GPU[1].SA[11].CU[2],CPIStack.total,1.71205357142857,cycles/inst
GPU[1].SA[11].CU[2],SIMDCPIStack.Branch,0.00672310756972109,cycles/inst
GPU[1].SA[11].CU[2],SIMDCPIStack.Fetch,0.0886454183266931,cycles/inst
GPU[1].SA[11].CU[2],SIMDCPIStack.Idle,0.000747011952191397,cycles/inst
GPU[1].SA[11].CU[2],SIMDCPIStack.ScalarInst,0.0271414342629482,cycles/inst
GPU[1].SA[11].CU[2],SIMDCPIStack.ScalarMem,0.118525896414343,cycles/inst
GPU[1].SA[11].CU[2],SIMDCPIStack.ScalarMemInst,0.00224103585657377,cycles/inst
GPU[1].SA[11].CU[2],SIMDCPIStack.Special,0.000498007968127317,cycles/inst
GPU[1].SA[11].CU[2],SIMDCPIStack.VALU,1.40388446215139,cycles/inst
GPU[1].SA[11].CU[2],SIMDCPIStack.VMem,0.0498007968127489,cycles/inst
GPU[1].SA[11].CU[2],SIMDCPIStack.VMemInst,0.00921314741035852,cycles/inst
GPU[1].SA[11].CU[2],SIMDCPIStack.total,2.67380478087649,cycles/inst
GPU[1].SA[11].CU[3],CPIStack.Branch,0.00286989795918348,cycles/inst
GPU[1].SA[11].CU[3],CPIStack.Fetch,0.0526147959183672,cycles/inst
GPU[1].SA[11].CU[3],CPIStack.Idle,0.000159438775510149,cycles/inst
GPU[1].SA[11].CU[3],CPIStack.ScalarInst,0.0221619897959186,cycles/inst
GPU[1].SA[11].CU[3],CPIStack.ScalarMem,0.0717474489795916,cycles/inst
GPU[1].SA[11].CU[3],CPIStack.ScalarMemInst,0.000478316326530581,cycles/inst
GPU[1].SA[11].CU[3],CPIStack.Special,0.000159438775510284,cycles/inst
GPU[1].SA[11].CU[3],CPIStack.VALU,0.837531887755102,cycles/inst
GPU[1].SA[11].CU[3],CPIStack.VMem,0.0293367346938781,cycles/inst
GPU[1].SA[11].CU[3],CPIStack.VMemInst,0.0,cycles/inst
GPU[1].SA[11].CU[3],CPIStack.total,1.71205357142857,cycles/inst
GPU[1].SA[11].CU[3],SIMDCPIStack.Branch,0.00448207171314711,cycles/inst
GPU[1].SA[11].CU[3],SIMDCPIStack.Fetch,0.0821713147410357,cycles/inst
GPU[1].SA[11].CU[3],SIMDCPIStack.Idle,0.000249003984063658,cycles/inst
GPU[1].SA[11].CU[3],SIMDCPIStack.ScalarInst,0.034611553784861,cycles/inst
GPU[1].SA[11].CU[3],SIMDCPIStack.ScalarMem,0.112051792828685,cycles/inst
GPU[1].SA[11].CU[3],SIMDCPIStack.ScalarMemInst,0.000747011952191186,cycles/inst
GPU[1].SA[11].CU[3],SIMDCPIStack.Special,0.000249003984063869,cycles/inst
GPU[1].SA[11].CU[3],SIMDCPIStack.VALU,1.30801792828685,cycles/inst
GPU[1].SA[11].CU[3],SIMDCPIStack.VMem,0.04581673306773,cycles/inst
GPU[1].SA[11].CU[3],SIMDCPIStack.VMemInst,0.0,cycles/inst
GPU[1].SA[11].CU[3],SIMDCPIStack.total,2.67380478087649,cycles/inst
GPU[1].SA[12].CU[0],CPIStack.Branch,0.00286989795918402,cycles/inst
GPU[1].SA[12].CU[0],CPIStack.Fetch,0.052455357142857,cycles/inst
GPU[1].SA[12].CU[0],CPIStack.Idle,0.000159438775510149,cycles/inst
GPU[1].SA[12].CU[0],CPIStack.ScalarInst,0.0116390306122448,cycles/inst
GPU[1].SA[12].CU[0],CPIStack.ScalarMem,0.0601084183673469,cycles/inst
GPU[1].SA[12].CU[0],CPIStack.ScalarMemInst,0.000478316326530716,cycles/inst
GPU[1].SA[12].CU[0],CPIStack.Special,0.0,cycles/inst
GPU[1].SA[12].CU[0],CPIStack.VALU,0.956154336734694,cycles/inst
GPU[1].SA[12].CU[0],CPIStack.VMem,0.0175382653061226,cycles/inst
GPU[1].SA[12].CU[0],CPIStack.VMemInst,0.00334821428571433,cycles/inst
GPU[1].SA[12].CU[0],CPIStack.total,1.71189413265306,cycles/inst
GPU[1].SA[12].CU[0],SIMDCPIStack.Branch,0.00448207171314796,cycles/inst
GPU[1].SA[12].CU[0],SIMDCPIStack.Fetch,0.0819223107569718,cycles/inst
GPU[1].SA[12].CU[0],SIMDCPIStack.Idle,0.000249003984063658,cycles/inst
GPU[1].SA[12].CU[0],SIMDCPIStack.ScalarInst,0.0181772908366532,cycles/inst
GPU[1].SA[12].CU[0],SIMDCPIStack.ScalarMem,0.0938745019920319,cycles/inst
GPU[1].SA[12].CU[0],SIMDCPIStack.ScalarMemInst,0.000747011952191397,cycles/inst
GPU[1].SA[12].CU[0],SIMDCPIStack.Special,0.0,cycles/inst
GPU[1].SA[12].CU[0],SIMDCPIStack.VALU,1.49327689243028,cycles/inst
GPU[1].SA[12].CU[0],SIMDCPIStack.VMem,0.0273904382470121,cycles/inst
GPU[1].SA[12].CU[0],SIMDCPIStack.VMemInst,0.00522908366533872,cycles/inst
GPU[1].SA[12].CU[0],SIMDCPIStack.total,2.67355577689243,cycles/inst
GPU[1].SA[12].CU[1],CPIStack.Branch,0.00286989795918402,cycles/inst
GPU[1].SA[12].CU[1],CPIStack.Fetch,0.0543686224489796,cycles/inst
GPU[1].SA[12].CU[1],CPIStack.Idle,0.000318877551020432,cycles/inst
GPU[1].SA[12].CU[1],CPIStack.ScalarInst,0.0199298469387755,cycles/inst
GPU[1].SA[12].CU[1],CPIStack.ScalarMem,0.0605867346938774,cycles/inst
GPU[1].SA[12].CU[1],CPIStack.ScalarMemInst,0.000956632653061566,cycles/inst
GPU[1].SA[12].CU[1],CPIStack.Special,0.000159438775510013,cycles/inst
GPU[1].SA[12].CU[1],CPIStack.VALU,0.894929846938776,cycles/inst
GPU[1].SA[12].CU[1],CPIStack.VMem,0.0441645408163261,cycles/inst
GPU[1].SA[12].CU[1],CPIStack.VMemInst,0.00478316326530608,cycles/inst
GPU[1].SA[12].CU[1],CPIStack.total,1.71189413265306,cycles/inst
GPU[1].SA[12].CU[1],SIMDCPIStack.Branch,0.00448207171314796,cycles/inst
GPU[1].SA[12].CU[1],SIMDCPIStack.Fetch,0.084910358565737,cycles/inst
GPU[1].SA[12].CU[1],SIMDCPIStack.Idle,0.000498007968127527,cycles/inst
GPU[1].SA[12].CU[1],SIMDCPIStack.ScalarInst,0.031125498007968,cycles/inst
GPU[1].SA[12].CU[1],SIMDCPIStack.ScalarMem,0.0946215139442228,cycles/inst
GPU[1].SA[12].CU[1],SIMDCPIStack.ScalarMemInst,0.001494023904383,cycles/inst
GPU[1].SA[12].CU[1],SIMDCPIStack.Special,0.000249003984063447,cycles/inst
GPU[1].SA[12].CU[1],SIMDCPIStack.VALU,1.3976593625498,cycles/inst
GPU[1].SA[12].CU[1],SIMDCPIStack.VMem,0.0689741035856568,cycles/inst
GPU[1].SA[12].CU[1],SIMDCPIStack.VMemInst,0.00747011952191228,cycles/inst
GPU[1].SA[12].CU[1],SIMDCPIStack.total,2.67355577689243,cycles/inst
GPU[1].SA[12].CU[2],CPIStack.Branch,0.00350765306122489,cycles/inst
GPU[1].SA[12].CU[2],CPIStack.Fetch,0.0534119897959184,cycles/inst
GPU[1].SA[12].CU[2],CPIStack.Idle,0.000159438775510149,cycles/inst
GPU[1].SA[12].CU[2],CPIStack.ScalarInst,0.0143494897959182,cycles/inst
GPU[1].SA[12].CU[2],CPIStack.ScalarMem,0.0738201530612244,cycles/inst
GPU[1].SA[12].CU[2],CPIStack.ScalarMemInst,0.000637755102040999,cycles/inst
GPU[1].SA[12].CU[2],CPIStack.Special,0.0,cycles/inst
GPU[1].SA[12].CU[2],CPIStack.VALU,0.884885204081632,cycles/inst
GPU[1].SA[12].CU[2],CPIStack.VMem,0.0227997448979595,cycles/inst
GPU[1].SA[12].CU[2],CPIStack.VMemInst,0.00302933673469404,cycles/inst
GPU[1].SA[12].CU[2],CPIStack.total,1.71189413265306,cycles/inst
GPU[1].SA[12].CU[2],SIMDCPIStack.Branch,0.00547808764940301,cycles/inst
GPU[1].SA[12].CU[2],SIMDCPIStack.Fetch,0.0834163346613546,cycles/inst
GPU[1].SA[12].CU[2],SIMDCPIStack.Idle,0.000249003984063658,cycles/inst
GPU[1].SA[12].CU[2],SIMDCPIStack.ScalarInst,0.0224103585657368,cycles/inst
GPU[1].SA[12].CU[2],SIMDCPIStack.ScalarMem,0.115288844621514,cycles/inst
GPU[1].SA[12].CU[2],SIMDCPIStack.ScalarMemInst,0.000996015936255266,cycles/inst
GPU[1].SA[12].CU[2],SIMDCPIStack.Special,0.0,cycles/inst
GPU[1].SA[12].CU[2],SIMDCPIStack.VALU,1.38197211155378,cycles/inst
GPU[1].SA[12].CU[2],SIMDCPIStack.VMem,0.035607569721116,cycles/inst
GPU[1].SA[12].CU[2],SIMDCPIStack.VMemInst,0.00473107569721141,cycles/inst
GPU[1].SA[12].CU[2],SIMDCPIStack.total,2.67355577689243,cycles/inst
GPU[1].SA[12].CU[3],CPIStack.Branch,0.000956632653061161,cycles/inst
GPU[1].SA[12].CU[3],CPIStack.Fetch,0.0524553571428571,cycles/inst
GPU[1].SA[12].CU[3],CPIStack.Idle,0.000159438775510149,cycles/inst
GPU[1].SA[12].CU[3],CPIStack.ScalarInst,0.0223214285714281,cycles/inst
GPU[1].SA[12].CU[3],CPIStack.ScalarMem,0.0722257653061232,cycles/inst
GPU[1].SA[12].CU[3],CPIStack.ScalarMemInst,0.000478316326530581,cycles/inst
GPU[1].SA[12].CU[3],CPIStack.Special,0.0,cycles/inst
GPU[1].SA[12].CU[3],CPIStack.VALU,0.871173469387755,cycles/inst
GPU[1].SA[12].CU[3],CPIStack.VMem,0.0180165816326526,cycles/inst
GPU[1].SA[12].CU[3],CPIStack.VMemInst,0.0,cycles/inst
GPU[1].SA[12].CU[3],CPIStack.total,1.71189413265306,cycles/inst
GPU[1].SA[12].CU[3],SIMDCPIStack.Branch,0.00149402390438237,cycles/inst
GPU[1].SA[12].CU[3],SIMDCPIStack.Fetch,0.081922310756972,cycles/inst
GPU[1].SA[12].CU[3],SIMDCPIStack.Idle,0.000249003984063658,cycles/inst
GPU[1].SA[12].CU[3],SIMDCPIStack.ScalarInst,0.0348605577689235,cycles/inst
GPU[1].SA[12].CU[3],SIMDCPIStack.ScalarMem,0.112798804780878,cycles/inst
GPU[1].SA[12].CU[3],SIMDCPIStack.ScalarMemInst,0.000747011952191186,cycles/inst
GPU[1].SA[12].CU[3],SIMDCPIStack.Special,0.0,cycles/inst
GPU[1].SA[12].CU[3],SIMDCPIStack.VALU,1.3605577689243,cycles/inst
GPU[1].SA[12].CU[3],SIMDCPIStack.VMem,0.0281374501992025,cycles/inst
GPU[1].SA[12].CU[3],SIMDCPIStack.VMemInst,0.0,cycles/inst
GPU[1].SA[12].CU[3],SIMDCPIStack.total,2.67355577689243,cycles/inst
GPU[1].SA[13].CU[0],CPIStack.Branch,0.00223214285714343,cycles/inst
GPU[1].SA[13].CU[0],CPIStack.Fetch,0.052455357142857,cycles/inst
GPU[1].SA[13].CU[0],CPIStack.Idle,0.000318877551020162,cycles/inst
GPU[1].SA[13].CU[0],CPIStack.ScalarInst,0.0078124999999993,cycles/inst
GPU[1].SA[13].CU[0],CPIStack.ScalarMem,0.0601084183673469,cycles/inst
GPU[1].SA[13].CU[0],CPIStack.ScalarMemInst,0.000478316326530716,cycles/inst
GPU[1].SA[13].CU[0],CPIStack.Special,0.000159438775510284,cycles/inst
GPU[1].SA[13].CU[0],CPIStack.VALU,0.929049744897959,cycles/inst
GPU[1].SA[13].CU[0],CPIStack.VMem,0.0212053571428575,cycles/inst
GPU[1].SA[13].CU[0],CPIStack.VMemInst,0.00318877551020405,cycles/inst
GPU[1].SA[13].CU[0],CPIStack.total,1.71189413265306,cycles/inst
GPU[1].SA[13].CU[0],SIMDCPIStack.Branch,0.00348605577689332,cycles/inst
GPU[1].SA[13].CU[0],SIMDCPIStack.Fetch,0.0819223107569718,cycles/inst
GPU[1].SA[13].CU[0],SIMDCPIStack.Idle,0.000498007968127106,cycles/inst
GPU[1].SA[13].CU[0],SIMDCPIStack.ScalarInst,0.0122011952191224,cycles/inst
GPU[1].SA[13].CU[0],SIMDCPIStack.ScalarMem,0.0938745019920319,cycles/inst
GPU[1].SA[13].CU[0],SIMDCPIStack.ScalarMemInst,0.000747011952191397,cycles/inst
GPU[1].SA[13].CU[0],SIMDCPIStack.Special,0.000249003984063869,cycles/inst
GPU[1].SA[13].CU[0],SIMDCPIStack.VALU,1.45094621513944,cycles/inst
GPU[1].SA[13].CU[0],SIMDCPIStack.VMem,0.0331175298804786,cycles/inst
GPU[1].SA[13].CU[0],SIMDCPIStack.VMemInst,0.00498007968127485,cycles/inst
GPU[1].SA[13].CU[0],SIMDCPIStack.total,2.67355577689243,cycles/inst
GPU[1].SA[13].CU[1],CPIStack.Branch,0.00175382653061204,cycles/inst
GPU[1].SA[13].CU[1],CPIStack.Fetch,0.0543686224489796,cycles/inst
GPU[1].SA[13].CU[1],CPIStack.Idle,0.000318877551020432,cycles/inst
GPU[1].SA[13].CU[1],CPIStack.ScalarInst,0.0124362244897959,cycles/inst
GPU[1].SA[13].CU[1],CPIStack.ScalarMem,0.0621811224489794,cycles/inst
GPU[1].SA[13].CU[1],CPIStack.ScalarMemInst,0.000956632653061296,cycles/inst
GPU[1].SA[13].CU[1],CPIStack.Special,0.000159438775510284,cycles/inst
GPU[1].SA[13].CU[1],CPIStack.VALU,0.927774234693878,cycles/inst
GPU[1].SA[13].CU[1],CPIStack.VMem,0.0425701530612246,cycles/inst
GPU[1].SA[13].CU[1],CPIStack.VMemInst,0.00334821428571433,cycles/inst
GPU[1].SA[13].CU[1],CPIStack.total,1.71189413265306,cycles/inst
GPU[1].SA[13].CU[1],SIMDCPIStack.Branch,0.00273904382470087,cycles/inst
GPU[1].SA[13].CU[1],SIMDCPIStack.Fetch,0.084910358565737,cycles/inst
GPU[1].SA[13].CU[1],SIMDCPIStack.Idle,0.000498007968127527,cycles/inst
GPU[1].SA[13].CU[1],SIMDCPIStack.ScalarInst,0.0194223107569721,cycles/inst
GPU[1].SA[13].CU[1],SIMDCPIStack.ScalarMem,0.0971115537848603,cycles/inst
GPU[1].SA[13].CU[1],SIMDCPIStack.ScalarMemInst,0.00149402390438258,cycles/inst
GPU[1].SA[13].CU[1],SIMDCPIStack.Special,0.000249003984063869,cycles/inst
GPU[1].SA[13].CU[1],SIMDCPIStack.VALU,1.44895418326693,cycles/inst
GPU[1].SA[13].CU[1],SIMDCPIStack.VMem,0.0664840637450202,cycles/inst
GPU[1].SA[13].CU[1],SIMDCPIStack.VMemInst,0.00522908366533872,cycles/inst
GPU[1].SA[13].CU[1],SIMDCPIStack.total,2.67355577689243,cycles/inst
GPU[1].SA[13].CU[2],CPIStack.Branch,0.00430484693877523,cycles/inst
GPU[1].SA[13].CU[2],CPIStack.Fetch,0.0566007653061227,cycles/inst
GPU[1].SA[13].CU[2],CPIStack.Idle,0.000318877551020162,cycles/inst
GPU[1].SA[13].CU[2],CPIStack.ScalarInst,0.0317283163265308,cycles/inst
GPU[1].SA[13].CU[2],CPIStack.ScalarMem,0.0752551020408159,cycles/inst
GPU[1].SA[13].CU[2],CPIStack.ScalarMemInst,0.000956632653061296,cycles/inst
GPU[1].SA[13].CU[2],CPIStack.Special,0.000159438775510284,cycles/inst
GPU[1].SA[13].CU[2],CPIStack.VALU,0.855867346938776,cycles/inst
GPU[1].SA[13].CU[2],CPIStack.VMem,0.0360331632653063,cycles/inst
GPU[1].SA[13].CU[2],CPIStack.VMemInst,0.00318877551020405,cycles/inst
GPU[1].SA[13].CU[2],CPIStack.total,1.71189413265306,cycles/inst
GPU[1].SA[13].CU[2],SIMDCPIStack.Branch,0.00672310756972067,cycles/inst
GPU[1].SA[13].CU[2],SIMDCPIStack.Fetch,0.0883964143426299,cycles/inst
GPU[1].SA[13].CU[2],SIMDCPIStack.Idle,0.000498007968127106,cycles/inst
GPU[1].SA[13].CU[2],SIMDCPIStack.ScalarInst,0.0495517928286855,cycles/inst
GPU[1].SA[13].CU[2],SIMDCPIStack.ScalarMem,0.117529880478087,cycles/inst
GPU[1].SA[13].CU[2],SIMDCPIStack.ScalarMemInst,0.00149402390438258,cycles/inst
GPU[1].SA[13].CU[2],SIMDCPIStack.Special,0.000249003984063869,cycles/inst
GPU[1].SA[13].CU[2],SIMDCPIStack.VALU,1.33665338645418,cycles/inst
GPU[1].SA[13].CU[2],SIMDCPIStack.VMem,0.0562749003984066,cycles/inst
GPU[1].SA[13].CU[2],SIMDCPIStack.VMemInst,0.00498007968127485,cycles/inst
GPU[1].SA[13].CU[2],SIMDCPIStack.total,2.67355577689243,cycles/inst
GPU[1].SA[13].CU[3],CPIStack.Branch,0.0039859693877552,cycles/inst
GPU[1].SA[13].CU[3],CPIStack.Fetch,0.0548469387755103,cycles/inst
GPU[1].SA[13].CU[3],CPIStack.Idle,0.000159438775510149,cycles/inst
GPU[1].SA[13].CU[3],CPIStack.ScalarInst,0.0312499999999999,cycles/inst
GPU[1].SA[13].CU[3],CPIStack.ScalarMem,0.0739795918367353,cycles/inst
GPU[1].SA[13].CU[3],CPIStack.ScalarMemInst,0.000478316326530581,cycles/inst
GPU[1].SA[13].CU[3],CPIStack.Special,0.0,cycles/inst
GPU[1].SA[13].CU[3],CPIStack.VALU,0.855707908163265,cycles/inst
GPU[1].SA[13].CU[3],CPIStack.VMem,0.0424107142857141,cycles/inst
GPU[1].SA[13].CU[3],CPIStack.VMemInst,0.00239158163265317,cycles/inst
GPU[1].SA[13].CU[3],CPIStack.total,1.71189413265306,cycles/inst
GPU[1].SA[13].CU[3],SIMDCPIStack.Branch,0.00622509960159378,cycles/inst
GPU[1].SA[13].CU[3],SIMDCPIStack.Fetch,0.0856573705179284,cycles/inst
GPU[1].SA[13].CU[3],SIMDCPIStack.Idle,0.000249003984063658,cycles/inst
GPU[1].SA[13].CU[3],SIMDCPIStack.ScalarInst,0.0488047808764939,cycles/inst
GPU[1].SA[13].CU[3],SIMDCPIStack.ScalarMem,0.115537848605579,cycles/inst
GPU[1].SA[13].CU[3],SIMDCPIStack.ScalarMemInst,0.000747011952191186,cycles/inst
GPU[1].SA[13].CU[3],SIMDCPIStack.Special,0.0,cycles/inst
GPU[1].SA[13].CU[3],SIMDCPIStack.VALU,1.33640438247012,cycles/inst
GPU[1].SA[13].CU[3],SIMDCPIStack.VMem,0.0662350597609559,cycles/inst
GPU[1].SA[13].CU[3],SIMDCPIStack.VMemInst,0.00373505976095635,cycles/inst
GPU[1].SA[13].CU[3],SIMDCPIStack.total,2.67355577689243,cycles/inst
GPU[1].SA[14].CU[0],CPIStack.Branch,0.00207270408163288,cycles/inst
GPU[1].SA[14].CU[0],CPIStack.Fetch,0.0548469387755101,cycles/inst
GPU[1].SA[14].CU[0],CPIStack.Idle,0.000318877551020567,cycles/inst
GPU[1].SA[14].CU[0],CPIStack.ScalarInst,0.0157844387755102,cycles/inst
GPU[1].SA[14].CU[0],CPIStack.ScalarMem,0.0623405612244896,cycles/inst
GPU[1].SA[14].CU[0],CPIStack.ScalarMemInst,0.000478316326530716,cycles/inst
GPU[1].SA[14].CU[0],CPIStack.Special,0.000159438775510013,cycles/inst
GPU[1].SA[14].CU[0],CPIStack.VALU,0.883450255102041,cycles/inst
GPU[1].SA[14].CU[0],CPIStack.VMem,0.0251913265306121,cycles/inst
GPU[1].SA[14].CU[0],CPIStack.VMemInst,0.00318877551020432,cycles/inst
GPU[1].SA[14].CU[0],CPIStack.total,1.71173469387755,cycles/inst
GPU[1].SA[14].CU[0],SIMDCPIStack.Branch,0.00323705179282903,cycles/inst
GPU[1].SA[14].CU[0],SIMDCPIStack.Fetch,0.0856573705179282,cycles/inst
GPU[1].SA[14].CU[0],SIMDCPIStack.Idle,0.000498007968127738,cycles/inst
GPU[1].SA[14].CU[0],SIMDCPIStack.ScalarInst,0.0246513944223108,cycles/inst
GPU[1].SA[14].CU[0],SIMDCPIStack.ScalarMem,0.0973605577689239,cycles/inst
GPU[1].SA[14].CU[0],SIMDCPIStack.ScalarMemInst,0.000747011952191397,cycles/inst
GPU[1].SA[14].CU[0],SIMDCPIStack.Special,0.000249003984063447,cycles/inst
GPU[1].SA[14].CU[0],SIMDCPIStack.VALU,1.37973107569721,cycles/inst
GPU[1].SA[14].CU[0],SIMDCPIStack.VMem,0.0393426294820715,cycles/inst
GPU[1].SA[14].CU[0],SIMDCPIStack.VMemInst,0.00498007968127528,cycles/inst
GPU[1].SA[14].CU[0],SIMDCPIStack.total,2.67330677290837,cycles/inst
GPU[1].SA[14].CU[1],CPIStack.Branch,0.00175382653061204,cycles/inst
GPU[1].SA[14].CU[1],CPIStack.Fetch,0.0542091836734693,cycles/inst
GPU[1].SA[14].CU[1],CPIStack.Idle,0.000318877551020567,cycles/inst
GPU[1].SA[14].CU[1],CPIStack.ScalarInst,0.00972576530612244,cycles/inst
GPU[1].SA[14].CU[1],CPIStack.ScalarMem,0.0610650510204082,cycles/inst
GPU[1].SA[14].CU[1],CPIStack.ScalarMemInst,0.000478316326530716,cycles/inst
GPU[1].SA[14].CU[1],CPIStack.Special,0.0,cycles/inst
GPU[1].SA[14].CU[1],CPIStack.VALU,0.894610969387756,cycles/inst
GPU[1].SA[14].CU[1],CPIStack.VMem,0.0449617346938775,cycles/inst
GPU[1].SA[14].CU[1],CPIStack.VMemInst,0.00350765306122435,cycles/inst
GPU[1].SA[14].CU[1],CPIStack.total,1.71173469387755,cycles/inst
GPU[1].SA[14].CU[1],SIMDCPIStack.Branch,0.00273904382470087,cycles/inst
GPU[1].SA[14].CU[1],SIMDCPIStack.Fetch,0.0846613545816731,cycles/inst
GPU[1].SA[14].CU[1],SIMDCPIStack.Idle,0.000498007968127738,cycles/inst
GPU[1].SA[14].CU[1],SIMDCPIStack.ScalarInst,0.0151892430278884,cycles/inst
GPU[1].SA[14].CU[1],SIMDCPIStack.ScalarMem,0.0953685258964144,cycles/inst
GPU[1].SA[14].CU[1],SIMDCPIStack.ScalarMemInst,0.000747011952191397,cycles/inst
GPU[1].SA[14].CU[1],SIMDCPIStack.Special,0.0,cycles/inst
GPU[1].SA[14].CU[1],SIMDCPIStack.VALU,1.39716135458167,cycles/inst
GPU[1].SA[14].CU[1],SIMDCPIStack.VMem,0.0702191235059761,cycles/inst
GPU[1].SA[14].CU[1],SIMDCPIStack.VMemInst,0.00547808764940217,cycles/inst
GPU[1].SA[14].CU[1],SIMDCPIStack.total,2.67330677290837,cycles/inst
GPU[1].SA[14].CU[2],CPIStack.Branch,0.00255102040816373,cycles/inst
GPU[1].SA[14].CU[2],CPIStack.Fetch,0.0532525510204081,cycles/inst
GPU[1].SA[14].CU[2],CPIStack.Idle,0.000159438775510284,cycles/inst
GPU[1].SA[14].CU[2],CPIStack.ScalarInst,0.0143494897959182,cycles/inst
GPU[1].SA[14].CU[2],CPIStack.ScalarMem,0.074298469387755,cycles/inst
GPU[1].SA[14].CU[2],CPIStack.ScalarMemInst,0.000478316326530716,cycles/inst
GPU[1].SA[14].CU[2],CPIStack.Special,0.0,cycles/inst
GPU[1].SA[14].CU[2],CPIStack.VALU,0.893176020408162,cycles/inst
GPU[1].SA[14].CU[2],CPIStack.VMem,0.0255102040816329,cycles/inst
GPU[1].SA[14].CU[2],CPIStack.VMemInst,0.0,cycles/inst
GPU[1].SA[14].CU[2],CPIStack.total,1.71173469387755,cycles/inst
GPU[1].SA[14].CU[2],SIMDCPIStack.Branch,0.00398406374502064,cycles/inst
GPU[1].SA[14].CU[2],SIMDCPIStack.Fetch,0.0831673306772907,cycles/inst
GPU[1].SA[14].CU[2],SIMDCPIStack.Idle,0.000249003984063869,cycles/inst
GPU[1].SA[14].CU[2],SIMDCPIStack.ScalarInst,0.0224103585657368,cycles/inst
GPU[1].SA[14].CU[2],SIMDCPIStack.ScalarMem,0.116035856573705,cycles/inst
GPU[1].SA[14].CU[2],SIMDCPIStack.ScalarMemInst,0.000747011952191397,cycles/inst
GPU[1].SA[14].CU[2],SIMDCPIStack.Special,0.0,cycles/inst
GPU[1].SA[14].CU[2],SIMDCPIStack.VALU,1.3949203187251,cycles/inst
GPU[1].SA[14].CU[2],SIMDCPIStack.VMem,0.0398406374501997,cycles/inst
GPU[1].SA[14].CU[2],SIMDCPIStack.VMemInst,0.0,cycles/inst
GPU[1].SA[14].CU[2],SIMDCPIStack.total,2.67330677290837,cycles/inst
GPU[1].SA[14].CU[3],CPIStack.Branch,0.0033482142857146,cycles/inst
GPU[1].SA[14].CU[3],CPIStack.Fetch,0.0522959183673468,cycles/inst
GPU[1].SA[14].CU[3],CPIStack.Idle,0.000159438775510284,cycles/inst
GPU[1].SA[14].CU[3],CPIStack.ScalarInst,0.0207270408163266,cycles/inst
GPU[1].SA[14].CU[3],CPIStack.ScalarMem,0.072863520408163,cycles/inst
GPU[1].SA[14].CU[3],CPIStack.ScalarMemInst,0.000478316326530581,cycles/inst
GPU[1].SA[14].CU[3],CPIStack.Special,0.0,cycles/inst
GPU[1].SA[14].CU[3],CPIStack.VALU,0.856823979591836,cycles/inst
GPU[1].SA[14].CU[3],CPIStack.VMem,0.0220025510204083,cycles/inst
GPU[1].SA[14].CU[3],CPIStack.VMemInst,0.000318877551020567,cycles/inst
GPU[1].SA[14].CU[3],CPIStack.total,1.71173469387755,cycles/inst
GPU[1].SA[14].CU[3],SIMDCPIStack.Branch,0.00522908366533914,cycles/inst
GPU[1].SA[14].CU[3],SIMDCPIStack.Fetch,0.0816733067729082,cycles/inst
GPU[1].SA[14].CU[3],SIMDCPIStack.Idle,0.000249003984063869,cycles/inst
GPU[1].SA[14].CU[3],SIMDCPIStack.ScalarInst,0.032370517928287,cycles/inst
GPU[1].SA[14].CU[3],SIMDCPIStack.ScalarMem,0.113794820717131,cycles/inst
GPU[1].SA[14].CU[3],SIMDCPIStack.ScalarMemInst,0.000747011952191186,cycles/inst
GPU[1].SA[14].CU[3],SIMDCPIStack.Special,0.0,cycles/inst
GPU[1].SA[14].CU[3],SIMDCPIStack.VALU,1.33814741035857,cycles/inst
GPU[1].SA[14].CU[3],SIMDCPIStack.VMem,0.0343625498007971,cycles/inst
GPU[1].SA[14].CU[3],SIMDCPIStack.VMemInst,0.000498007968127738,cycles/inst
GPU[1].SA[14].CU[3],SIMDCPIStack.total,2.67330677290837,cycles/inst
GPU[1].SA[15].CU[0],CPIStack.Branch,0.00143494897959201,cycles/inst
GPU[1].SA[15].CU[0],CPIStack.Fetch,0.0522959183673467,cycles/inst
GPU[1].SA[15].CU[0],CPIStack.Idle,0.000159438775510284,cycles/inst
GPU[1].SA[15].CU[0],CPIStack.ScalarInst,0.0122767857142854,cycles/inst
GPU[1].SA[15].CU[0],CPIStack.ScalarMem,0.0613839285714284,cycles/inst
GPU[1].SA[15].CU[0],CPIStack.ScalarMemInst,0.000478316326530716,cycles/inst
GPU[1].SA[15].CU[0],CPIStack.Special,0.0,cycles/inst
GPU[1].SA[15].CU[0],CPIStack.VALU,0.918207908163266,cycles/inst
GPU[1].SA[15].CU[0],CPIStack.VMem,0.0167410714285714,cycles/inst
GPU[1].SA[15].CU[0],CPIStack.VMemInst,0.0,cycles/inst
GPU[1].SA[15].CU[0],CPIStack.total,1.71173469387755,cycles/inst
GPU[1].SA[15].CU[0],SIMDCPIStack.Branch,0.00224103585657398,cycles/inst
GPU[1].SA[15].CU[0],SIMDCPIStack.Fetch,0.081673306772908,cycles/inst
GPU[1].SA[15].CU[0],SIMDCPIStack.Idle,0.000249003984063869,cycles/inst
GPU[1].SA[15].CU[0],SIMDCPIStack.ScalarInst,0.0191733067729078,cycles/inst
GPU[1].SA[15].CU[0],SIMDCPIStack.ScalarMem,0.0958665338645416,cycles/inst
GPU[1].SA[15].CU[0],SIMDCPIStack.ScalarMemInst,0.000747011952191397,cycles/inst
GPU[1].SA[15].CU[0],SIMDCPIStack.Special,0.0,cycles/inst
GPU[1].SA[15].CU[0],SIMDCPIStack.VALU,1.43401394422311,cycles/inst
GPU[1].SA[15].CU[0],SIMDCPIStack.VMem,0.0261454183266932,cycles/inst
GPU[1].SA[15].CU[0],SIMDCPIStack.VMemInst,0.0,cycles/inst
GPU[1].SA[15].CU[0],SIMDCPIStack.total,2.67330677290837,cycles/inst
GPU[1].SA[15].CU[1],CPIStack.Branch,0.00430484693877496,cycles/inst
GPU[1].SA[15].CU[1],CPIStack.Fetch,0.0542091836734693,cycles/inst
GPU[1].SA[15].CU[1],CPIStack.Idle,0.000318877551020567,cycles/inst
GPU[1].SA[15].CU[1],CPIStack.ScalarInst,0.0224808673469392,cycles/inst
GPU[1].SA[15].CU[1],CPIStack.ScalarMem,0.064094387755102,cycles/inst
GPU[1].SA[15].CU[1],CPIStack.ScalarMemInst,0.000956632653061296,cycles/inst
GPU[1].SA[15].CU[1],CPIStack.Special,0.000159438775510284,cycles/inst
GPU[1].SA[15].CU[1],CPIStack.VALU,0.89110331632653,cycles/inst
GPU[1].SA[15].CU[1],CPIStack.VMem,0.0478316326530616,cycles/inst
GPU[1].SA[15].CU[1],CPIStack.VMemInst,0.00398596938775493,cycles/inst
GPU[1].SA[15].CU[1],CPIStack.total,1.71173469387755,cycles/inst
GPU[1].SA[15].CU[1],SIMDCPIStack.Branch,0.00672310756972025,cycles/inst
GPU[1].SA[15].CU[1],SIMDCPIStack.Fetch,0.0846613545816731,cycles/inst
GPU[1].SA[15].CU[1],SIMDCPIStack.Idle,0.000498007968127738,cycles/inst
GPU[1].SA[15].CU[1],SIMDCPIStack.ScalarInst,0.0351095617529887,cycles/inst
GPU[1].SA[15].CU[1],SIMDCPIStack.ScalarMem,0.100099601593625,cycles/inst
GPU[1].SA[15].CU[1],SIMDCPIStack.ScalarMemInst,0.00149402390438258,cycles/inst
GPU[1].SA[15].CU[1],SIMDCPIStack.Special,0.000249003984063869,cycles/inst
GPU[1].SA[15].CU[1],SIMDCPIStack.VALU,1.39168326693227,cycles/inst
GPU[1].SA[15].CU[1],SIMDCPIStack.VMem,0.0747011952191241,cycles/inst
GPU[1].SA[15].CU[1],SIMDCPIStack.VMemInst,0.00622509960159335,cycles/inst
GPU[1].SA[15].CU[1],SIMDCPIStack.total,2.67330677290837,cycles/inst
GPU[1].SA[15].CU[2],CPIStack.Branch,0.00286989795918402,cycles/inst
GPU[1].SA[15].CU[2],CPIStack.Fetch,0.0564413265306122,cycles/inst
GPU[1].SA[15].CU[2],CPIStack.Idle,0.000478316326530581,cycles/inst
GPU[1].SA[15].CU[2],CPIStack.ScalarInst,0.0180165816326531,cycles/inst
GPU[1].SA[15].CU[2],CPIStack.ScalarMem,0.0757334183673468,cycles/inst
GPU[1].SA[15].CU[2],CPIStack.ScalarMemInst,0.000956632653061296,cycles/inst
GPU[1].SA[15].CU[2],CPIStack.Special,0.000159438775510284,cycles/inst
GPU[1].SA[15].CU[2],CPIStack.VALU,0.907206632653062,cycles/inst
GPU[1].SA[15].CU[2],CPIStack.VMem,0.034438775510204,cycles/inst
GPU[1].SA[15].CU[2],CPIStack.VMemInst,0.00446428571428551,cycles/inst
GPU[1].SA[15].CU[2],CPIStack.total,1.71173469387755,cycles/inst
GPU[1].SA[15].CU[2],SIMDCPIStack.Branch,0.00448207171314796,cycles/inst
GPU[1].SA[15].CU[2],SIMDCPIStack.Fetch,0.0881474103585656,cycles/inst
GPU[1].SA[15].CU[2],SIMDCPIStack.Idle,0.000747011952191186,cycles/inst
GPU[1].SA[15].CU[2],SIMDCPIStack.ScalarInst,0.0281374501992033,cycles/inst
GPU[1].SA[15].CU[2],SIMDCPIStack.ScalarMem,0.118276892430279,cycles/inst
GPU[1].SA[15].CU[2],SIMDCPIStack.ScalarMemInst,0.00149402390438258,cycles/inst
GPU[1].SA[15].CU[2],SIMDCPIStack.Special,0.000249003984063869,cycles/inst
GPU[1].SA[15].CU[2],SIMDCPIStack.VALU,1.41683266932271,cycles/inst
GPU[1].SA[15].CU[2],SIMDCPIStack.VMem,0.0537848605577687,cycles/inst
GPU[1].SA[15].CU[2],SIMDCPIStack.VMemInst,0.00697211155378454,cycles/inst
GPU[1].SA[15].CU[2],SIMDCPIStack.total,2.67330677290837,cycles/inst
GPU[1].SA[15].CU[3],CPIStack.Branch,0.00350765306122408,cycles/inst
GPU[1].SA[15].CU[3],CPIStack.Fetch,0.0522959183673468,cycles/inst
GPU[1].SA[15].CU[3],CPIStack.Idle,0.000159438775510284,cycles/inst
GPU[1].SA[15].CU[3],CPIStack.ScalarInst,0.0221619897959183,cycles/inst
GPU[1].SA[15].CU[3],CPIStack.ScalarMem,0.0728635204081633,cycles/inst
GPU[1].SA[15].CU[3],CPIStack.ScalarMemInst,0.000637755102040864,cycles/inst
GPU[1].SA[15].CU[3],CPIStack.Special,0.0,cycles/inst
GPU[1].SA[15].CU[3],CPIStack.VALU,0.853794642857143,cycles/inst
GPU[1].SA[15].CU[3],CPIStack.VMem,0.0299744897959185,cycles/inst
GPU[1].SA[15].CU[3],CPIStack.VMemInst,0.00286989795918375,cycles/inst
GPU[1].SA[15].CU[3],CPIStack.total,1.71173469387755,cycles/inst
GPU[1].SA[15].CU[3],SIMDCPIStack.Branch,0.00547808764940175,cycles/inst
GPU[1].SA[15].CU[3],SIMDCPIStack.Fetch,0.0816733067729082,cycles/inst
GPU[1].SA[15].CU[3],SIMDCPIStack.Idle,0.000249003984063869,cycles/inst
GPU[1].SA[15].CU[3],SIMDCPIStack.ScalarInst,0.0346115537848605,cycles/inst
GPU[1].SA[15].CU[3],SIMDCPIStack.ScalarMem,0.113794820717131,cycles/inst
GPU[1].SA[15].CU[3],SIMDCPIStack.ScalarMemInst,0.000996015936255055,cycles/inst
GPU[1].SA[15].CU[3],SIMDCPIStack.Special,0.0,cycles/inst
GPU[1].SA[15].CU[3],SIMDCPIStack.VALU,1.33341633466136,cycles/inst
GPU[1].SA[15].CU[3],SIMDCPIStack.VMem,0.0468127490039842,cycles/inst
GPU[1].SA[15].CU[3],SIMDCPIStack.VMemInst,0.00448207171314754,cycles/inst
GPU[1].SA[15].CU[3],SIMDCPIStack.total,2.67330677290837,cycles/inst
GPU[1].SA[0].CU[0].SIMD0,busy_time,4.016e-06,second
GPU[1].SA[0].CU[0].SIMD1,busy_time,4.016e-06,second
GPU[1].SA[0].CU[0].SIMD2,busy_time,4.016e-06,second
GPU[1].SA[0].CU[0].SIMD3,busy_time,4.016e-06,second
GPU[1].SA[0].CU[1].SIMD0,busy_time,4.016e-06,second
GPU[1].SA[0].CU[1].SIMD1,busy_time,4.016e-06,second
GPU[1].SA[0].CU[1].SIMD2,busy_time,4.016e-06,second
GPU[1].SA[0].CU[1].SIMD3,busy_time,4.016e-06,second
GPU[1].SA[0].CU[2].SIMD0,busy_time,4.016e-06,second
GPU[1].SA[0].CU[2].SIMD1,busy_time,4.016e-06,second
GPU[1].SA[0].CU[2].SIMD2,busy_time,4.016e-06,second
GPU[1].SA[0].CU[2].SIMD3,busy_time,4.016e-06,second
GPU[1].SA[0].CU[3].SIMD0,busy_time,4.016e-06,second
GPU[1].SA[0].CU[3].SIMD1,busy_time,4.016e-06,second
GPU[1].SA[0].CU[3].SIMD2,busy_time,4.016e-06,second
GPU[1].SA[0].CU[3].SIMD3,busy_time,4.016e-06,second
GPU[1].SA[1].CU[0].SIMD0,busy_time,4.016e-06,second
GPU[1].SA[1].CU[0].SIMD1,busy_time,4.016e-06,second
GPU[1].SA[1].CU[0].SIMD2,busy_time,4.016e-06,second
GPU[1].SA[1].CU[0].SIMD3,busy_time,4.016e-06,second
GPU[1].SA[1].CU[1].SIMD0,busy_time,4.016e-06,second
GPU[1].SA[1].CU[1].SIMD1,busy_time,4.016e-06,second
GPU[1].SA[1].CU[1].SIMD2,busy_time,4.016e-06,second
GPU[1].SA[1].CU[1].SIMD3,busy_time,4.016e-06,second
GPU[1].SA[1].CU[2].SIMD0,busy_time,4.016e-06,second
GPU[1].SA[1].CU[2].SIMD1,busy_time,4.016e-06,second
GPU[1].SA[1].CU[2].SIMD2,busy_time,4.016e-06,second
GPU[1].SA[1].CU[2].SIMD3,busy_time,4.016e-06,second
GPU[1].SA[1].CU[3].SIMD0,busy_time,4.016e-06,second
GPU[1].SA[1].CU[3].SIMD1,busy_time,4.016e-06,second
GPU[1].SA[1].CU[3].SIMD2,busy_time,4.016e-06,second
GPU[1].SA[1].CU[3].SIMD3,busy_time,4.016e-06,second
GPU[1].SA[2].CU[0].SIMD0,busy_time,4.016e-06,second
GPU[1].SA[2].CU[0].SIMD1,busy_time,4.016e-06,second
GPU[1].SA[2].CU[0].SIMD2,busy_time,4.016e-06,second
GPU[1].SA[2].CU[0].SIMD3,busy_time,4.016e-06,second
GPU[1].SA[2].CU[1].SIMD0,busy_time,4.016e-06,second
GPU[1].SA[2].CU[1].SIMD1,busy_time,4.016e-06,second
GPU[1].SA[2].CU[1].SIMD2,busy_time,4.016e-06,second
GPU[1].SA[2].CU[1].SIMD3,busy_time,4.016e-06,second
GPU[1].SA[2].CU[2].SIMD0,busy_time,4.016e-06,second
GPU[1].SA[2].CU[2].SIMD1,busy_time,4.016e-06,second
GPU[1].SA[2].CU[2].SIMD2,busy_time,4.016e-06,second
GPU[1].SA[2].CU[2].SIMD3,busy_time,4.016e-06,second
GPU[1].SA[2].CU[3].SIMD0,busy_time,4.016e-06,second
GPU[1].SA[2].CU[3].SIMD1,busy_time,4.016e-06,second
GPU[1].SA[2].CU[3].SIMD2,busy_time,4.016e-06,second
GPU[1].SA[2].CU[3].SIMD3,busy_time,4.016e-06,second
GPU[1].SA[3].CU[0].SIMD0,busy_time,4.016e-06,second
GPU[1].SA[3].CU[0].SIMD1,busy_time,4.016e-06,second
GPU[1].SA[3].CU[0].SIMD2,busy_time,4.016e-06,second
GPU[1].SA[3].CU[0].SIMD3,busy_time,4.016e-06,second
GPU[1].SA[3].CU[1].SIMD0,busy_time,4.016e-06,second
GPU[1].SA[3].CU[1].SIMD1,busy_time,4.016e-06,second
GPU[1].SA[3].CU[1].SIMD2,busy_time,4.016e-06,second
GPU[1].SA[3].CU[1].SIMD3,busy_time,4.016e-06,second
GPU[1].SA[3].CU[2].SIMD0,busy_time,4.016e-06,second
GPU[1].SA[3].CU[2].SIMD1,busy_time,4.016e-06,second
GPU[1].SA[3].CU[2].SIMD2,busy_time,4.016e-06,second
GPU[1].SA[3].CU[2].SIMD3,busy_time,4.016e-06,second
GPU[1].SA[3].CU[3].SIMD0,busy_time,4.016e-06,second
GPU[1].SA[3].CU[3].SIMD1,busy_time,4.016e-06,second
GPU[1].SA[3].CU[3].SIMD2,busy_time,4.016e-06,second
GPU[1].SA[3].CU[3].SIMD3,busy_time,4.016e-06,second
GPU[1].SA[4].CU[0].SIMD0,busy_time,4.016e-06,second
GPU[1].SA[4].CU[0].SIMD1,busy_time,4.016e-06,second
GPU[1].SA[4].CU[0].SIMD2,busy_time,4.016e-06,second
GPU[1].SA[4].CU[0].SIMD3,busy_time,4.016e-06,second
GPU[1].SA[4].CU[1].SIMD0,busy_time,4.016e-06,second
GPU[1].SA[4].CU[1].SIMD1,busy_time,4.016e-06,second
GPU[1].SA[4].CU[1].SIMD2,busy_time,4.016e-06,second
GPU[1].SA[4].CU[1].SIMD3,busy_time,4.016e-06,second
GPU[1].SA[4].CU[2].SIMD0,busy_time,4.016e-06,second
GPU[1].SA[4].CU[2].SIMD1,busy_time,4.016e-06,second
GPU[1].SA[4].CU[2].SIMD2,busy_time,4.016e-06,second
GPU[1].SA[4].CU[2].SIMD3,busy_time,4.016e-06,second
GPU[1].SA[4].CU[3].SIMD0,busy_time,4.016e-06,second
GPU[1].SA[4].CU[3].SIMD1,busy_time,4.016e-06,second
GPU[1].SA[4].CU[3].SIMD2,busy_time,4.016e-06,second
GPU[1].SA[4].CU[3].SIMD3,busy_time,4.016e-06,second
GPU[1].SA[5].CU[0].SIMD0,busy_time,4.016e-06,second
GPU[1].SA[5].CU[0].SIMD1,busy_time,4.016e-06,second
GPU[1].SA[5].CU[0].SIMD2,busy_time,4.016e-06,second
GPU[1].SA[5].CU[0].SIMD3,busy_time,4.016e-06,second
GPU[1].SA[5].CU[1].SIMD0,busy_time,4.016e-06,second
GPU[1].SA[5].CU[1].SIMD1,busy_time,4.016e-06,second
GPU[1].SA[5].CU[1].SIMD2,busy_time,4.016e-06,second
GPU[1].SA[5].CU[1].SIMD3,busy_time,4.016e-06,second
GPU[1].SA[5].CU[2].SIMD0,busy_time,4.016e-06,second
GPU[1].SA[5].CU[2].SIMD1,busy_time,4.016e-06,second
GPU[1].SA[5].CU[2].SIMD2,busy_time,4.016e-06,second
GPU[1].SA[5].CU[2].SIMD3,busy_time,4.016e-06,second
GPU[1].SA[5].CU[3].SIMD0,busy_time,4.016e-06,second
GPU[1].SA[5].CU[3].SIMD1,busy_time,4.016e-06,second
GPU[1].SA[5].CU[3].SIMD2,busy_time,4.016e-06,second
GPU[1].SA[5].CU[3].SIMD3,busy_time,4.016e-06,second
GPU[1].SA[6].CU[0].SIMD0,busy_time,4.016e-06,second
GPU[1].SA[6].CU[0].SIMD1,busy_time,4.016e-06,second
GPU[1].SA[6].CU[0].SIMD2,busy_time,4.016e-06,second
GPU[1].SA[6].CU[0].SIMD3,busy_time,4.016e-06,second
GPU[1].SA[6].CU[1].SIMD0,busy_time,4.016e-06,second
GPU[1].SA[6].CU[1].SIMD1,busy_time,4.016e-06,second
GPU[1].SA[6].CU[1].SIMD2,busy_time,4.016e-06,second
GPU[1].SA[6].CU[1].SIMD3,busy_time,4.016e-06,second
GPU[1].SA[6].CU[2].SIMD0,busy_time,4.016e-06,second
GPU[1].SA[6].CU[2].SIMD1,busy_time,4.016e-06,second
GPU[1].SA[6].CU[2].SIMD2,busy_time,4.016e-06,second
GPU[1].SA[6].CU[2].SIMD3,busy_time,4.016e-06,second
GPU[1].SA[6].CU[3].SIMD0,busy_time,4.016e-06,second
GPU[1].SA[6].CU[3].SIMD1,busy_time,4.016e-06,second
GPU[1].SA[6].CU[3].SIMD2,busy_time,4.016e-06,second
GPU[1].SA[6].CU[3].SIMD3,busy_time,4.016e-06,second
GPU[1].SA[7].CU[0].SIMD0,busy_time,4.016e-06,second
GPU[1].SA[7].CU[0].SIMD1,busy_time,4.016e-06,second
GPU[1].SA[7].CU[0].SIMD2,busy_time,4.016e-06,second
GPU[1].SA[7].CU[0].SIMD3,busy_time,4.016e-06,second
GPU[1].SA[7].CU[1].SIMD0,busy_time,4.016e-06,second
GPU[1].SA[7].CU[1].SIMD1,busy_time,4.016e-06,second
GPU[1].SA[7].CU[1].SIMD2,busy_time,4.016e-06,second
GPU[1].SA[7].CU[1].SIMD3,busy_time,4.016e-06,second
GPU[1].SA[7].CU[2].SIMD0,busy_time,4.016e-06,second
GPU[1].SA[7].CU[2].SIMD1,busy_time,4.016e-06,second
GPU[1].SA[7].CU[2].SIMD2,busy_time,4.016e-06,second
GPU[1].SA[7].CU[2].SIMD3,busy_time,4.016e-06,second
GPU[1].SA[7].CU[3].SIMD0,busy_time,4.016e-06,second
GPU[1].SA[7].CU[3].SIMD1,busy_time,4.016e-06,second
GPU[1].SA[7].CU[3].SIMD2,busy_time,4.016e-06,second
GPU[1].SA[7].CU[3].SIMD3,busy_time,4.016e-06,second
GPU[1].SA[8].CU[0].SIMD0,busy_time,4.016e-06,second
GPU[1].SA[8].CU[0].SIMD1,busy_time,4.016e-06,second
GPU[1].SA[8].CU[0].SIMD2,busy_time,4.016e-06,second
GPU[1].SA[8].CU[0].SIMD3,busy_time,4.016e-06,second
GPU[1].SA[8].CU[1].SIMD0,busy_time,4.016e-06,second
GPU[1].SA[8].CU[1].SIMD1,busy_time,4.016e-06,second
GPU[1].SA[8].CU[1].SIMD2,busy_time,4.016e-06,second
GPU[1].SA[8].CU[1].SIMD3,busy_time,4.016e-06,second
GPU[1].SA[8].CU[2].SIMD0,busy_time,4.016e-06,second
GPU[1].SA[8].CU[2].SIMD1,busy_time,4.016e-06,second
GPU[1].SA[8].CU[2].SIMD2,busy_time,4.016e-06,second
GPU[1].SA[8].CU[2].SIMD3,busy_time,4.016e-06,second
GPU[1].SA[8].CU[3].SIMD0,busy_time,4.016e-06,second
GPU[1].SA[8].CU[3].SIMD1,busy_time,4.016e-06,second
GPU[1].SA[8].CU[3].SIMD2,busy_time,4.016e-06,second
GPU[1].SA[8].CU[3].SIMD3,busy_time,4.016e-06,second
GPU[1].SA[9].CU[0].SIMD0,busy_time,4.016e-06,second
GPU[1].SA[9].CU[0].SIMD1,busy_time,4.016e-06,second
GPU[1].SA[9].CU[0].SIMD2,busy_time,4.016e-06,second
GPU[1].SA[9].CU[0].SIMD3,busy_time,4.016e-06,second
GPU[1].SA[9].CU[1].SIMD0,busy_time,4.016e-06,second
GPU[1].SA[9].CU[1].SIMD1,busy_time,4.016e-06,second
GPU[1].SA[9].CU[1].SIMD2,busy_time,4.016e-06,second
GPU[1].SA[9].CU[1].SIMD3,busy_time,4.016e-06,second
GPU[1].SA[9].CU[2].SIMD0,busy_time,4.016e-06,second
GPU[1].SA[9].CU[2].SIMD1,busy_time,4.016e-06,second
GPU[1].SA[9].CU[2].SIMD2,busy_time,4.016e-06,second
GPU[1].SA[9].CU[2].SIMD3,busy_time,4.016e-06,second
GPU[1].SA[9].CU[3].SIMD0,busy_time,4.016e-06,second
GPU[1].SA[9].CU[3].SIMD1,busy_time,4.016e-06,second
GPU[1].SA[9].CU[3].SIMD2,busy_time,4.016e-06,second
GPU[1].SA[9].CU[3].SIMD3,busy_time,4.016e-06,second
GPU[1].SA[10].CU[0].SIMD0,busy_time,4.016e-06,second
GPU[1].SA[10].CU[0].SIMD1,busy_time,4.016e-06,second
GPU[1].SA[10].CU[0].SIMD2,busy_time,4.016e-06,second
GPU[1].SA[10].CU[0].SIMD3,busy_time,4.016e-06,second
GPU[1].SA[10].CU[1].SIMD0,busy_time,4.016e-06,second
GPU[1].SA[10].CU[1].SIMD1,busy_time,4.016e-06,second
GPU[1].SA[10].CU[1].SIMD2,busy_time,4.016e-06,second
GPU[1].SA[10].CU[1].SIMD3,busy_time,4.016e-06,second
GPU[1].SA[10].CU[2].SIMD0,busy_time,4.016e-06,second
GPU[1].SA[10].CU[2].SIMD1,busy_time,4.016e-06,second
GPU[1].SA[10].CU[2].SIMD2,busy_time,4.016e-06,second
GPU[1].SA[10].CU[2].SIMD3,busy_time,4.016e-06,second
GPU[1].SA[10].CU[3].SIMD0,busy_time,4.016e-06,second
GPU[1].SA[10].CU[3].SIMD1,busy_time,4.016e-06,second
GPU[1].SA[10].CU[3].SIMD2,busy_time,4.016e-06,second
GPU[1].SA[10].CU[3].SIMD3,busy_time,4.016e-06,second
GPU[1].SA[11].CU[0].SIMD0,busy_time,4.016e-06,second
GPU[1].SA[11].CU[0].SIMD1,busy_time,4.016e-06,second
GPU[1].SA[11].CU[0].SIMD2,busy_time,4.016e-06,second
GPU[1].SA[11].CU[0].SIMD3,busy_time,4.016e-06,second
GPU[1].SA[11].CU[1].SIMD0,busy_time,4.016e-06,second
GPU[1].SA[11].CU[1].SIMD1,busy_time,4.016e-06,second
GPU[1].SA[11].CU[1].SIMD2,busy_time,4.016e-06,second
GPU[1].SA[11].CU[1].SIMD3,busy_time,4.016e-06,second
GPU[1].SA[11].CU[2].SIMD0,busy_time,4.016e-06,second
GPU[1].SA[11].CU[2].SIMD1,busy_time,4.016e-06,second
GPU[1].SA[11].CU[2].SIMD2,busy_time,4.016e-06,second
GPU[1].SA[11].CU[2].SIMD3,busy_time,4.016e-06,second
GPU[1].SA[11].CU[3].SIMD0,busy_time,4.016e-06,second
GPU[1].SA[11].CU[3].SIMD1,busy_time,4.016e-06,second
GPU[1].SA[11].CU[3].SIMD2,busy_time,4.016e-06,second
GPU[1].SA[11].CU[3].SIMD3,busy_time,4.016e-06,second
GPU[1].SA[12].CU[0].SIMD0,busy_time,4.016e-06,second
GPU[1].SA[12].CU[0].SIMD1,busy_time,4.016e-06,second
GPU[1].SA[12].CU[0].SIMD2,busy_time,4.016e-06,second
GPU[1].SA[12].CU[0].SIMD3,busy_time,4.016e-06,second
GPU[1].SA[12].CU[1].SIMD0,busy_time,4.016e-06,second
GPU[1].SA[12].CU[1].SIMD1,busy_time,4.016e-06,second
GPU[1].SA[12].CU[1].SIMD2,busy_time,4.016e-06,second
GPU[1].SA[12].CU[1].SIMD3,busy_time,4.016e-06,second
GPU[1].SA[12].CU[2].SIMD0,busy_time,4.016e-06,second
GPU[1].SA[12].CU[2].SIMD1,busy_time,4.016e-06,second
GPU[1].SA[12].CU[2].SIMD2,busy_time,4.016e-06,second
GPU[1].SA[12].CU[2].SIMD3,busy_time,4.016e-06,second
GPU[1].SA[12].CU[3].SIMD0,busy_time,4.016e-06,second
GPU[1].SA[12].CU[3].SIMD1,busy_time,4.016e-06,second
GPU[1].SA[12].CU[3].SIMD2,busy_time,4.016e-06,second
GPU[1].SA[12].CU[3].SIMD3,busy_time,4.016e-06,second
GPU[1].SA[13].CU[0].SIMD0,busy_time,4.016e-06,second
GPU[1].SA[13].CU[0].SIMD1,busy_time,4.016e-06,second
GPU[1].SA[13].CU[0].SIMD2,busy_time,4.016e-06,second
GPU[1].SA[13].CU[0].SIMD3,busy_time,4.016e-06,second
GPU[1].SA[13].CU[1].SIMD0,busy_time,4.016e-06,second
GPU[1].SA[13].CU[1].SIMD1,busy_time,4.016e-06,second
GPU[1].SA[13].CU[1].SIMD2,busy_time,4.016e-06,second
GPU[1].SA[13].CU[1].SIMD3,busy_time,4.016e-06,second
GPU[1].SA[13].CU[2].SIMD0,busy_time,4.016e-06,second
GPU[1].SA[13].CU[2].SIMD1,busy_time,4.016e-06,second
GPU[1].SA[13].CU[2].SIMD2,busy_time,4.016e-06,second
GPU[1].SA[13].CU[2].SIMD3,busy_time,4.016e-06,second
GPU[1].SA[13].CU[3].SIMD0,busy_time,4.016e-06,second
GPU[1].SA[13].CU[3].SIMD1,busy_time,4.016e-06,second
GPU[1].SA[13].CU[3].SIMD2,busy_time,4.016e-06,second
GPU[1].SA[13].CU[3].SIMD3,busy_time,4.016e-06,second
GPU[1].SA[14].CU[0].SIMD0,busy_time,4.016e-06,second
GPU[1].SA[14].CU[0].SIMD1,busy_time,4.016e-06,second
GPU[1].SA[14].CU[0].SIMD2,busy_time,4.016e-06,second
GPU[1].SA[14].CU[0].SIMD3,busy_time,4.016e-06,second
GPU[1].SA[14].CU[1].SIMD0,busy_time,4.016e-06,second
GPU[1].SA[14].CU[1].SIMD1,busy_time,4.016e-06,second
GPU[1].SA[14].CU[1].SIMD2,busy_time,4.016e-06,second
GPU[1].SA[14].CU[1].SIMD3,busy_time,4.016e-06,second
GPU[1].SA[14].CU[2].SIMD0,busy_time,4.016e-06,second
GPU[1].SA[14].CU[2].SIMD1,busy_time,4.016e-06,second
GPU[1].SA[14].CU[2].SIMD2,busy_time,4.016e-06,second
GPU[1].SA[14].CU[2].SIMD3,busy_time,4.016e-06,second
GPU[1].SA[14].CU[3].SIMD0,busy_time,4.016e-06,second
GPU[1].SA[14].CU[3].SIMD1,busy_time,4.016e-06,second
GPU[1].SA[14].CU[3].SIMD2,busy_time,4.016e-06,second
GPU[1].SA[14].CU[3].SIMD3,busy_time,4.016e-06,second
GPU[1].SA[15].CU[0].SIMD0,busy_time,4.016e-06,second
GPU[1].SA[15].CU[0].SIMD1,busy_time,4.016e-06,second
GPU[1].SA[15].CU[0].SIMD2,busy_time,4.016e-06,second
GPU[1].SA[15].CU[0].SIMD3,busy_time,4.016e-06,second
GPU[1].SA[15].CU[1].SIMD0,busy_time,4.016e-06,second
GPU[1].SA[15].CU[1].SIMD1,busy_time,4.016e-06,second
GPU[1].SA[15].CU[1].SIMD2,busy_time,4.016e-06,second
GPU[1].SA[15].CU[1].SIMD3,busy_time,4.016e-06,second
GPU[1].SA[15].CU[2].SIMD0,busy_time,4.016e-06,second
GPU[1].SA[15].CU[2].SIMD1,busy_time,4.016e-06,second
GPU[1].SA[15].CU[2].SIMD2,busy_time,4.016e-06,second
GPU[1].SA[15].CU[2].SIMD3,busy_time,4.016e-06,second
GPU[1].SA[15].CU[3].SIMD0,busy_time,4.016e-06,second
GPU[1].SA[15].CU[3].SIMD1,busy_time,4.016e-06,second
GPU[1].SA[15].CU[3].SIMD2,busy_time,4.016e-06,second
GPU[1].SA[15].CU[3].SIMD3,busy_time,4.016e-06,second
GPU[1].L2Cache[0],req_average_latency,8.6762e-08,second
GPU[1].L2Cache[1],req_average_latency,8.5088e-08,second
GPU[1].L2Cache[2],req_average_latency,7.6802e-08,second
GPU[1].L2Cache[3],req_average_latency,7.1879e-08,second
GPU[1].L2Cache[4],req_average_latency,7.9366e-08,second
GPU[1].L2Cache[5],req_average_latency,8.3439e-08,second
GPU[1].L2Cache[6],req_average_latency,8.0548e-08,second
GPU[1].L2Cache[7],req_average_latency,6.7319e-08,second
GPU[1].L2Cache[8],req_average_latency,7.6565e-08,second
GPU[1].L2Cache[9],req_average_latency,7.8663e-08,second
GPU[1].L2Cache[10],req_average_latency,7.3062e-08,second
GPU[1].L2Cache[11],req_average_latency,7.7443e-08,second
GPU[1].L2Cache[12],req_average_latency,7.8091e-08,second
GPU[1].L2Cache[13],req_average_latency,7.8188e-08,second
GPU[1].L2Cache[14],req_average_latency,7.9393e-08,second
GPU[1].L2Cache[15],req_average_latency,6.3918e-08,second
GPU[1].SA[0].L1VCache[0],req_average_latency,3.3225e-08,second
GPU[1].SA[0].L1VCache[1],req_average_latency,3.2901e-08,second
GPU[1].SA[0].L1VCache[2],req_average_latency,3.2333e-08,second
GPU[1].SA[0].L1VCache[3],req_average_latency,3.2416e-08,second
GPU[1].SA[0].L1SCache,req_average_latency,8.957e-09,second
GPU[1].SA[0].L1ICache,req_average_latency,5.794e-09,second
GPU[1].SA[1].L1VCache[0],req_average_latency,3.2349e-08,second
GPU[1].SA[1].L1VCache[1],req_average_latency,3.4782e-08,second
GPU[1].SA[1].L1VCache[2],req_average_latency,3.3105e-08,second
GPU[1].SA[1].L1VCache[3],req_average_latency,3.2172e-08,second
GPU[1].SA[1].L1SCache,req_average_latency,8.957e-09,second
GPU[1].SA[1].L1ICache,req_average_latency,5.77e-09,second
GPU[1].SA[2].L1VCache[0],req_average_latency,3.2323e-08,second
GPU[1].SA[2].L1VCache[1],req_average_latency,3.2845e-08,second
GPU[1].SA[2].L1VCache[2],req_average_latency,3.2237e-08,second
GPU[1].SA[2].L1VCache[3],req_average_latency,3.2342e-08,second
GPU[1].SA[2].L1SCache,req_average_latency,8.957e-09,second
GPU[1].SA[2].L1ICache,req_average_latency,5.768e-09,second
GPU[1].SA[3].L1VCache[0],req_average_latency,3.2468e-08,second
GPU[1].SA[3].L1VCache[1],req_average_latency,3.2748e-08,second
GPU[1].SA[3].L1VCache[2],req_average_latency,3.2579e-08,second
GPU[1].SA[3].L1VCache[3],req_average_latency,3.1833e-08,second
GPU[1].SA[3].L1SCache,req_average_latency,8.957e-09,second
GPU[1].SA[3].L1ICache,req_average_latency,5.768e-09,second
GPU[1].SA[4].L1VCache[0],req_average_latency,3.525e-08,second
GPU[1].SA[4].L1VCache[1],req_average_latency,3.6559e-08,second
GPU[1].SA[4].L1VCache[2],req_average_latency,3.279e-08,second
GPU[1].SA[4].L1VCache[3],req_average_latency,3.2687e-08,second
GPU[1].SA[4].L1SCache,req_average_latency,8.957e-09,second
GPU[1].SA[4].L1ICache,req_average_latency,5.764e-09,second
GPU[1].SA[5].L1VCache[0],req_average_latency,3.3369e-08,second
GPU[1].SA[5].L1VCache[1],req_average_latency,3.4458e-08,second
GPU[1].SA[5].L1VCache[2],req_average_latency,3.3195e-08,second
GPU[1].SA[5].L1VCache[3],req_average_latency,3.3068e-08,second
GPU[1].SA[5].L1SCache,req_average_latency,8.957e-09,second
GPU[1].SA[5].L1ICache,req_average_latency,5.765e-09,second
GPU[1].SA[6].L1VCache[0],req_average_latency,3.3658e-08,second
GPU[1].SA[6].L1VCache[1],req_average_latency,3.3588e-08,second
GPU[1].SA[6].L1VCache[2],req_average_latency,3.3685e-08,second
GPU[1].SA[6].L1VCache[3],req_average_latency,3.5383e-08,second
GPU[1].SA[6].L1SCache,req_average_latency,8.957e-09,second
GPU[1].SA[6].L1ICache,req_average_latency,5.761e-09,second
GPU[1].SA[7].L1VCache[0],req_average_latency,3.3762e-08,second
GPU[1].SA[7].L1VCache[1],req_average_latency,3.5184e-08,second
GPU[1].SA[7].L1VCache[2],req_average_latency,3.3729e-08,second
GPU[1].SA[7].L1VCache[3],req_average_latency,3.5034e-08,second
GPU[1].SA[7].L1SCache,req_average_latency,8.957e-09,second
GPU[1].SA[7].L1ICache,req_average_latency,5.8e-09,second
GPU[1].SA[8].L1VCache[0],req_average_latency,3.347e-08,second
GPU[1].SA[8].L1VCache[1],req_average_latency,3.4186e-08,second
GPU[1].SA[8].L1VCache[2],req_average_latency,3.4013e-08,second
GPU[1].SA[8].L1VCache[3],req_average_latency,3.3192e-08,second
GPU[1].SA[8].L1SCache,req_average_latency,8.957e-09,second
GPU[1].SA[8].L1ICache,req_average_latency,5.755e-09,second
GPU[1].SA[9].L1VCache[0],req_average_latency,3.4103e-08,second
GPU[1].SA[9].L1VCache[1],req_average_latency,3.4021e-08,second
GPU[1].SA[9].L1VCache[2],req_average_latency,3.4161e-08,second
GPU[1].SA[9].L1VCache[3],req_average_latency,3.3737e-08,second
GPU[1].SA[9].L1SCache,req_average_latency,8.957e-09,second
GPU[1].SA[9].L1ICache,req_average_latency,5.756e-09,second
GPU[1].SA[10].L1VCache[0],req_average_latency,3.4045e-08,second
GPU[1].SA[10].L1VCache[1],req_average_latency,3.3923e-08,second
GPU[1].SA[10].L1VCache[2],req_average_latency,3.4089e-08,second
GPU[1].SA[10].L1VCache[3],req_average_latency,3.3715e-08,second
GPU[1].SA[10].L1SCache,req_average_latency,8.957e-09,second
GPU[1].SA[10].L1ICache,req_average_latency,5.753e-09,second
GPU[1].SA[11].L1VCache[0],req_average_latency,3.3868e-08,second
GPU[1].SA[11].L1VCache[1],req_average_latency,3.389e-08,second
GPU[1].SA[11].L1VCache[2],req_average_latency,3.4024e-08,second
GPU[1].SA[11].L1VCache[3],req_average_latency,3.3863e-08,second
GPU[1].SA[11].L1SCache,req_average_latency,8.957e-09,second
GPU[1].SA[11].L1ICache,req_average_latency,5.752e-09,second
GPU[1].SA[12].L1VCache[0],req_average_latency,3.3774e-08,second
GPU[1].SA[12].L1VCache[1],req_average_latency,3.3697e-08,second
GPU[1].SA[12].L1VCache[2],req_average_latency,3.4648e-08,second
GPU[1].SA[12].L1VCache[3],req_average_latency,3.3828e-08,second
GPU[1].SA[12].L1SCache,req_average_latency,8.957e-09,second
GPU[1].SA[12].L1ICache,req_average_latency,5.748e-09,second
GPU[1].SA[13].L1VCache[0],req_average_latency,3.379e-08,second
GPU[1].SA[13].L1VCache[1],req_average_latency,3.4304e-08,second
GPU[1].SA[13].L1VCache[2],req_average_latency,3.4252e-08,second
GPU[1].SA[13].L1VCache[3],req_average_latency,3.3724e-08,second
GPU[1].SA[13].L1SCache,req_average_latency,8.957e-09,second
GPU[1].SA[13].L1ICache,req_average_latency,5.748e-09,second
GPU[1].SA[14].L1VCache[0],req_average_latency,3.3188e-08,second
GPU[1].SA[14].L1VCache[1],req_average_latency,3.5489e-08,second
GPU[1].SA[14].L1VCache[2],req_average_latency,3.3226e-08,second
GPU[1].SA[14].L1VCache[3],req_average_latency,3.4787e-08,second
GPU[1].SA[14].L1SCache,req_average_latency,8.957e-09,second
GPU[1].SA[14].L1ICache,req_average_latency,5.744e-09,second
GPU[1].SA[15].L1VCache[0],req_average_latency,3.2769e-08,second
GPU[1].SA[15].L1VCache[1],req_average_latency,3.3682e-08,second
GPU[1].SA[15].L1VCache[2],req_average_latency,3.3393e-08,second
GPU[1].SA[15].L1VCache[3],req_average_latency,3.3048e-08,second
GPU[1].SA[15].L1SCache,req_average_latency,8.957e-09,second
GPU[1].SA[15].L1ICache,req_average_latency,5.743e-09,second
GPU[1].L2Cache[0],read-hit,37.0,count
GPU[1].L2Cache[0],read-miss,308.0,count
GPU[1].L2Cache[0],read-mshr-hit,75.0,count
GPU[1].L2Cache[0],write-hit,0.0,count
GPU[1].L2Cache[0],write-miss,256.0,count
GPU[1].L2Cache[0],write-mshr-hit,0.0,count
GPU[1].L2Cache[1],read-hit,32.0,count
GPU[1].L2Cache[1],read-miss,303.0,count
GPU[1].L2Cache[1],read-mshr-hit,30.0,count
GPU[1].L2Cache[1],write-hit,0.0,count
GPU[1].L2Cache[1],write-miss,256.0,count
GPU[1].L2Cache[1],write-mshr-hit,0.0,count
GPU[1].L2Cache[2],read-hit,74.0,count
GPU[1].L2Cache[2],read-miss,298.0,count
GPU[1].L2Cache[2],read-mshr-hit,30.0,count
GPU[1].L2Cache[2],write-hit,0.0,count
GPU[1].L2Cache[2],write-miss,256.0,count
GPU[1].L2Cache[2],write-mshr-hit,0.0,count
GPU[1].L2Cache[3],read-hit,102.0,count
GPU[1].L2Cache[3],read-miss,299.0,count
GPU[1].L2Cache[3],read-mshr-hit,1.0,count
GPU[1].L2Cache[3],write-hit,0.0,count
GPU[1].L2Cache[3],write-miss,256.0,count
GPU[1].L2Cache[3],write-mshr-hit,0.0,count
GPU[1].L2Cache[4],read-hit,72.0,count
GPU[1].L2Cache[4],read-miss,301.0,count
GPU[1].L2Cache[4],read-mshr-hit,0.0,count
GPU[1].L2Cache[4],write-hit,0.0,count
GPU[1].L2Cache[4],write-miss,256.0,count
GPU[1].L2Cache[4],write-mshr-hit,0.0,count
GPU[1].L2Cache[5],read-hit,38.0,count
GPU[1].L2Cache[5],read-miss,301.0,count
GPU[1].L2Cache[5],read-mshr-hit,0.0,count
GPU[1].L2Cache[5],write-hit,0.0,count
GPU[1].L2Cache[5],write-miss,256.0,count
GPU[1].L2Cache[5],write-mshr-hit,0.0,count
GPU[1].L2Cache[6],read-hit,61.0,count
GPU[1].L2Cache[6],read-miss,300.0,count
GPU[1].L2Cache[6],read-mshr-hit,0.0,count
GPU[1].L2Cache[6],write-hit,0.0,count
GPU[1].L2Cache[6],write-miss,256.0,count
GPU[1].L2Cache[6],write-mshr-hit,0.0,count
GPU[1].L2Cache[7],read-hit,206.0,count
GPU[1].L2Cache[7],read-miss,309.0,count
GPU[1].L2Cache[7],read-mshr-hit,0.0,count
GPU[1].L2Cache[7],write-hit,0.0,count
GPU[1].L2Cache[7],write-miss,256.0,count
GPU[1].L2Cache[7],write-mshr-hit,0.0,count
GPU[1].L2Cache[8],read-hit,56.0,count
GPU[1].L2Cache[8],read-miss,311.0,count
GPU[1].L2Cache[8],read-mshr-hit,0.0,count
GPU[1].L2Cache[8],write-hit,0.0,count
GPU[1].L2Cache[8],write-miss,256.0,count
GPU[1].L2Cache[8],write-mshr-hit,0.0,count
GPU[1].L2Cache[9],read-hit,37.0,count
GPU[1].L2Cache[9],read-miss,310.0,count
GPU[1].L2Cache[9],read-mshr-hit,0.0,count
GPU[1].L2Cache[9],write-hit,0.0,count
GPU[1].L2Cache[9],write-miss,256.0,count
GPU[1].L2Cache[9],write-mshr-hit,0.0,count
GPU[1].L2Cache[10],read-hit,101.0,count
GPU[1].L2Cache[10],read-miss,304.0,count
GPU[1].L2Cache[10],read-mshr-hit,0.0,count
GPU[1].L2Cache[10],write-hit,0.0,count
GPU[1].L2Cache[10],write-miss,256.0,count
GPU[1].L2Cache[10],write-mshr-hit,0.0,count
GPU[1].L2Cache[11],read-hit,58.0,count
GPU[1].L2Cache[11],read-miss,304.0,count
GPU[1].L2Cache[11],read-mshr-hit,0.0,count
GPU[1].L2Cache[11],write-hit,0.0,count
GPU[1].L2Cache[11],write-miss,256.0,count
GPU[1].L2Cache[11],write-mshr-hit,0.0,count
GPU[1].L2Cache[12],read-hit,82.0,count
GPU[1].L2Cache[12],read-miss,305.0,count
GPU[1].L2Cache[12],read-mshr-hit,0.0,count
GPU[1].L2Cache[12],write-hit,0.0,count
GPU[1].L2Cache[12],write-miss,256.0,count
GPU[1].L2Cache[12],write-mshr-hit,0.0,count
GPU[1].L2Cache[13],read-hit,81.0,count
GPU[1].L2Cache[13],read-miss,304.0,count
GPU[1].L2Cache[13],read-mshr-hit,0.0,count
GPU[1].L2Cache[13],write-hit,0.0,count
GPU[1].L2Cache[13],write-miss,256.0,count
GPU[1].L2Cache[13],write-mshr-hit,0.0,count
GPU[1].L2Cache[14],read-hit,52.0,count
GPU[1].L2Cache[14],read-miss,303.0,count
GPU[1].L2Cache[14],read-mshr-hit,0.0,count
GPU[1].L2Cache[14],write-hit,0.0,count
GPU[1].L2Cache[14],write-miss,256.0,count
GPU[1].L2Cache[14],write-mshr-hit,0.0,count
GPU[1].L2Cache[15],read-hit,255.0,count
GPU[1].L2Cache[15],read-miss,314.0,count
GPU[1].L2Cache[15],read-mshr-hit,0.0,count
GPU[1].L2Cache[15],write-hit,0.0,count
GPU[1].L2Cache[15],write-miss,256.0,count
GPU[1].L2Cache[15],write-mshr-hit,0.0,count
GPU[1].SA[0].L1VCache[0],read-hit,1153.0,count
GPU[1].SA[0].L1VCache[0],read-miss,108.0,count
GPU[1].SA[0].L1VCache[0],read-mshr-hit,3.0,count
GPU[1].SA[0].L1VCache[0],write-hit,0.0,count
GPU[1].SA[0].L1VCache[0],write-miss,64.0,count
GPU[1].SA[0].L1VCache[0],write-mshr-hit,0.0,count
GPU[1].SA[0].L1VCache[1],read-hit,1196.0,count
GPU[1].SA[0].L1VCache[1],read-miss,68.0,count
GPU[1].SA[0].L1VCache[1],read-mshr-hit,0.0,count
GPU[1].SA[0].L1VCache[1],write-hit,0.0,count
GPU[1].SA[0].L1VCache[1],write-miss,64.0,count
GPU[1].SA[0].L1VCache[1],write-mshr-hit,0.0,count
GPU[1].SA[0].L1VCache[2],read-hit,1196.0,count
GPU[1].SA[0].L1VCache[2],read-miss,68.0,count
GPU[1].SA[0].L1VCache[2],read-mshr-hit,0.0,count
GPU[1].SA[0].L1VCache[2],write-hit,0.0,count
GPU[1].SA[0].L1VCache[2],write-miss,64.0,count
GPU[1].SA[0].L1VCache[2],write-mshr-hit,0.0,count
GPU[1].SA[0].L1VCache[3],read-hit,1156.0,count
GPU[1].SA[0].L1VCache[3],read-miss,106.0,count
GPU[1].SA[0].L1VCache[3],read-mshr-hit,2.0,count
GPU[1].SA[0].L1VCache[3],write-hit,0.0,count
GPU[1].SA[0].L1VCache[3],write-miss,64.0,count
GPU[1].SA[0].L1VCache[3],write-mshr-hit,0.0,count
GPU[1].SA[0].L1SCache,read-hit,1232.0,count
GPU[1].SA[0].L1SCache,read-miss,3.0,count
GPU[1].SA[0].L1SCache,read-mshr-hit,45.0,count
GPU[1].SA[0].L1SCache,write-hit,0.0,count
GPU[1].SA[0].L1SCache,write-miss,0.0,count
GPU[1].SA[0].L1SCache,write-mshr-hit,0.0,count
GPU[1].SA[0].L1ICache,read-hit,5587.0,count
GPU[1].SA[0].L1ICache,read-miss,7.0,count
GPU[1].SA[0].L1ICache,read-mshr-hit,90.0,count
GPU[1].SA[0].L1ICache,write-hit,0.0,count
GPU[1].SA[0].L1ICache,write-miss,0.0,count
GPU[1].SA[0].L1ICache,write-mshr-hit,0.0,count
GPU[1].SA[1].L1VCache[0],read-hit,1195.0,count
GPU[1].SA[1].L1VCache[0],read-miss,68.0,count
GPU[1].SA[1].L1VCache[0],read-mshr-hit,1.0,count
GPU[1].SA[1].L1VCache[0],write-hit,0.0,count
GPU[1].SA[1].L1VCache[0],write-miss,64.0,count
GPU[1].SA[1].L1VCache[0],write-mshr-hit,0.0,count
GPU[1].SA[1].L1VCache[1],read-hit,1102.0,count
GPU[1].SA[1].L1VCache[1],read-miss,161.0,count
GPU[1].SA[1].L1VCache[1],read-mshr-hit,1.0,count
GPU[1].SA[1].L1VCache[1],write-hit,0.0,count
GPU[1].SA[1].L1VCache[1],write-miss,64.0,count
GPU[1].SA[1].L1VCache[1],write-mshr-hit,0.0,count
GPU[1].SA[1].L1VCache[2],read-hit,1147.0,count
GPU[1].SA[1].L1VCache[2],read-miss,114.0,count
GPU[1].SA[1].L1VCache[2],read-mshr-hit,3.0,count
GPU[1].SA[1].L1VCache[2],write-hit,0.0,count
GPU[1].SA[1].L1VCache[2],write-miss,64.0,count
GPU[1].SA[1].L1VCache[2],write-mshr-hit,0.0,count
GPU[1].SA[1].L1VCache[3],read-hit,1161.0,count
GPU[1].SA[1].L1VCache[3],read-miss,102.0,count
GPU[1].SA[1].L1VCache[3],read-mshr-hit,1.0,count
GPU[1].SA[1].L1VCache[3],write-hit,0.0,count
GPU[1].SA[1].L1VCache[3],write-miss,64.0,count
GPU[1].SA[1].L1VCache[3],write-mshr-hit,0.0,count
GPU[1].SA[1].L1SCache,read-hit,1232.0,count
GPU[1].SA[1].L1SCache,read-miss,3.0,count
GPU[1].SA[1].L1SCache,read-mshr-hit,45.0,count
GPU[1].SA[1].L1SCache,write-hit,0.0,count
GPU[1].SA[1].L1SCache,write-miss,0.0,count
GPU[1].SA[1].L1SCache,write-mshr-hit,0.0,count
GPU[1].SA[1].L1ICache,read-hit,5587.0,count
GPU[1].SA[1].L1ICache,read-miss,7.0,count
GPU[1].SA[1].L1ICache,read-mshr-hit,90.0,count
GPU[1].SA[1].L1ICache,write-hit,0.0,count
GPU[1].SA[1].L1ICache,write-miss,0.0,count
GPU[1].SA[1].L1ICache,write-mshr-hit,0.0,count
GPU[1].SA[2].L1VCache[0],read-hit,1195.0,count
GPU[1].SA[2].L1VCache[0],read-miss,68.0,count
GPU[1].SA[2].L1VCache[0],read-mshr-hit,1.0,count
GPU[1].SA[2].L1VCache[0],write-hit,0.0,count
GPU[1].SA[2].L1VCache[0],write-miss,64.0,count
GPU[1].SA[2].L1VCache[0],write-mshr-hit,0.0,count
GPU[1].SA[2].L1VCache[1],read-hit,1196.0,count
GPU[1].SA[2].L1VCache[1],read-miss,68.0,count
GPU[1].SA[2].L1VCache[1],read-mshr-hit,0.0,count
GPU[1].SA[2].L1VCache[1],write-hit,0.0,count
GPU[1].SA[2].L1VCache[1],write-miss,64.0,count
GPU[1].SA[2].L1VCache[1],write-mshr-hit,0.0,count
GPU[1].SA[2].L1VCache[2],read-hit,1196.0,count
GPU[1].SA[2].L1VCache[2],read-miss,68.0,count
GPU[1].SA[2].L1VCache[2],read-mshr-hit,0.0,count
GPU[1].SA[2].L1VCache[2],write-hit,0.0,count
GPU[1].SA[2].L1VCache[2],write-miss,64.0,count
GPU[1].SA[2].L1VCache[2],write-mshr-hit,0.0,count
GPU[1].SA[2].L1VCache[3],read-hit,1134.0,count
GPU[1].SA[2].L1VCache[3],read-miss,127.0,count
GPU[1].SA[2].L1VCache[3],read-mshr-hit,3.0,count
GPU[1].SA[2].L1VCache[3],write-hit,0.0,count
GPU[1].SA[2].L1VCache[3],write-miss,64.0,count
GPU[1].SA[2].L1VCache[3],write-mshr-hit,0.0,count
GPU[1].SA[2].L1SCache,read-hit,1232.0,count
GPU[1].SA[2].L1SCache,read-miss,3.0,count
GPU[1].SA[2].L1SCache,read-mshr-hit,45.0,count
GPU[1].SA[2].L1SCache,write-hit,0.0,count
GPU[1].SA[2].L1SCache,write-miss,0.0,count
GPU[1].SA[2].L1SCache,write-mshr-hit,0.0,count
GPU[1].SA[2].L1ICache,read-hit,5587.0,count
GPU[1].SA[2].L1ICache,read-miss,7.0,count
GPU[1].SA[2].L1ICache,read-mshr-hit,90.0,count
GPU[1].SA[2].L1ICache,write-hit,0.0,count
GPU[1].SA[2].L1ICache,write-miss,0.0,count
GPU[1].SA[2].L1ICache,write-mshr-hit,0.0,count
GPU[1].SA[3].L1VCache[0],read-hit,1196.0,count
GPU[1].SA[3].L1VCache[0],read-miss,68.0,count
GPU[1].SA[3].L1VCache[0],read-mshr-hit,0.0,count
GPU[1].SA[3].L1VCache[0],write-hit,0.0,count
GPU[1].SA[3].L1VCache[0],write-miss,64.0,count
GPU[1].SA[3].L1VCache[0],write-mshr-hit,0.0,count
GPU[1].SA[3].L1VCache[1],read-hit,1196.0,count
GPU[1].SA[3].L1VCache[1],read-miss,68.0,count
GPU[1].SA[3].L1VCache[1],read-mshr-hit,0.0,count
GPU[1].SA[3].L1VCache[1],write-hit,0.0,count
GPU[1].SA[3].L1VCache[1],write-miss,64.0,count
GPU[1].SA[3].L1VCache[1],write-mshr-hit,0.0,count
GPU[1].SA[3].L1VCache[2],read-hit,1157.0,count
GPU[1].SA[3].L1VCache[2],read-miss,107.0,count
GPU[1].SA[3].L1VCache[2],read-mshr-hit,0.0,count
GPU[1].SA[3].L1VCache[2],write-hit,0.0,count
GPU[1].SA[3].L1VCache[2],write-miss,64.0,count
GPU[1].SA[3].L1VCache[2],write-mshr-hit,0.0,count
GPU[1].SA[3].L1VCache[3],read-hit,1196.0,count
GPU[1].SA[3].L1VCache[3],read-miss,68.0,count
GPU[1].SA[3].L1VCache[3],read-mshr-hit,0.0,count
GPU[1].SA[3].L1VCache[3],write-hit,0.0,count
GPU[1].SA[3].L1VCache[3],write-miss,64.0,count
GPU[1].SA[3].L1VCache[3],write-mshr-hit,0.0,count
GPU[1].SA[3].L1SCache,read-hit,1232.0,count
GPU[1].SA[3].L1SCache,read-miss,3.0,count
GPU[1].SA[3].L1SCache,read-mshr-hit,45.0,count
GPU[1].SA[3].L1SCache,write-hit,0.0,count
GPU[1].SA[3].L1SCache,write-miss,0.0,count
GPU[1].SA[3].L1SCache,write-mshr-hit,0.0,count
GPU[1].SA[3].L1ICache,read-hit,5587.0,count
GPU[1].SA[3].L1ICache,read-miss,7.0,count
GPU[1].SA[3].L1ICache,read-mshr-hit,90.0,count
GPU[1].SA[3].L1ICache,write-hit,0.0,count
GPU[1].SA[3].L1ICache,write-miss,0.0,count
GPU[1].SA[3].L1ICache,write-mshr-hit,0.0,count
GPU[1].SA[4].L1VCache[0],read-hit,1118.0,count
GPU[1].SA[4].L1VCache[0],read-miss,144.0,count
GPU[1].SA[4].L1VCache[0],read-mshr-hit,2.0,count
GPU[1].SA[4].L1VCache[0],write-hit,0.0,count
GPU[1].SA[4].L1VCache[0],write-miss,64.0,count
GPU[1].SA[4].L1VCache[0],write-mshr-hit,0.0,count
GPU[1].SA[4].L1VCache[1],read-hit,1130.0,count
GPU[1].SA[4].L1VCache[1],read-miss,131.0,count
GPU[1].SA[4].L1VCache[1],read-mshr-hit,3.0,count
GPU[1].SA[4].L1VCache[1],write-hit,0.0,count
GPU[1].SA[4].L1VCache[1],write-miss,64.0,count
GPU[1].SA[4].L1VCache[1],write-mshr-hit,0.0,count
GPU[1].SA[4].L1VCache[2],read-hit,1196.0,count
GPU[1].SA[4].L1VCache[2],read-miss,68.0,count
GPU[1].SA[4].L1VCache[2],read-mshr-hit,0.0,count
GPU[1].SA[4].L1VCache[2],write-hit,0.0,count
GPU[1].SA[4].L1VCache[2],write-miss,64.0,count
GPU[1].SA[4].L1VCache[2],write-mshr-hit,0.0,count
GPU[1].SA[4].L1VCache[3],read-hit,1196.0,count
GPU[1].SA[4].L1VCache[3],read-miss,68.0,count
GPU[1].SA[4].L1VCache[3],read-mshr-hit,0.0,count
GPU[1].SA[4].L1VCache[3],write-hit,0.0,count
GPU[1].SA[4].L1VCache[3],write-miss,64.0,count
GPU[1].SA[4].L1VCache[3],write-mshr-hit,0.0,count
GPU[1].SA[4].L1SCache,read-hit,1232.0,count
GPU[1].SA[4].L1SCache,read-miss,3.0,count
GPU[1].SA[4].L1SCache,read-mshr-hit,45.0,count
GPU[1].SA[4].L1SCache,write-hit,0.0,count
GPU[1].SA[4].L1SCache,write-miss,0.0,count
GPU[1].SA[4].L1SCache,write-mshr-hit,0.0,count
GPU[1].SA[4].L1ICache,read-hit,5587.0,count
GPU[1].SA[4].L1ICache,read-miss,7.0,count
GPU[1].SA[4].L1ICache,read-mshr-hit,90.0,count
GPU[1].SA[4].L1ICache,write-hit,0.0,count
GPU[1].SA[4].L1ICache,write-miss,0.0,count
GPU[1].SA[4].L1ICache,write-mshr-hit,0.0,count
GPU[1].SA[5].L1VCache[0],read-hit,1196.0,count
GPU[1].SA[5].L1VCache[0],read-miss,68.0,count
GPU[1].SA[5].L1VCache[0],read-mshr-hit,0.0,count
GPU[1].SA[5].L1VCache[0],write-hit,0.0,count
GPU[1].SA[5].L1VCache[0],write-miss,64.0,count
GPU[1].SA[5].L1VCache[0],write-mshr-hit,0.0,count
GPU[1].SA[5].L1VCache[1],read-hit,1196.0,count
GPU[1].SA[5].L1VCache[1],read-miss,68.0,count
GPU[1].SA[5].L1VCache[1],read-mshr-hit,0.0,count
GPU[1].SA[5].L1VCache[1],write-hit,0.0,count
GPU[1].SA[5].L1VCache[1],write-miss,64.0,count
GPU[1].SA[5].L1VCache[1],write-mshr-hit,0.0,count
GPU[1].SA[5].L1VCache[2],read-hit,1196.0,count
GPU[1].SA[5].L1VCache[2],read-miss,68.0,count
GPU[1].SA[5].L1VCache[2],read-mshr-hit,0.0,count
GPU[1].SA[5].L1VCache[2],write-hit,0.0,count
GPU[1].SA[5].L1VCache[2],write-miss,64.0,count
GPU[1].SA[5].L1VCache[2],write-mshr-hit,0.0,count
GPU[1].SA[5].L1VCache[3],read-hit,1196.0,count
GPU[1].SA[5].L1VCache[3],read-miss,68.0,count
GPU[1].SA[5].L1VCache[3],read-mshr-hit,0.0,count
GPU[1].SA[5].L1VCache[3],write-hit,0.0,count
GPU[1].SA[5].L1VCache[3],write-miss,64.0,count
GPU[1].SA[5].L1VCache[3],write-mshr-hit,0.0,count
GPU[1].SA[5].L1SCache,read-hit,1232.0,count
GPU[1].SA[5].L1SCache,read-miss,3.0,count
GPU[1].SA[5].L1SCache,read-mshr-hit,45.0,count
GPU[1].SA[5].L1SCache,write-hit,0.0,count
GPU[1].SA[5].L1SCache,write-miss,0.0,count
GPU[1].SA[5].L1SCache,write-mshr-hit,0.0,count
GPU[1].SA[5].L1ICache,read-hit,5587.0,count
GPU[1].SA[5].L1ICache,read-miss,7.0,count
GPU[1].SA[5].L1ICache,read-mshr-hit,90.0,count
GPU[1].SA[5].L1ICache,write-hit,0.0,count
GPU[1].SA[5].L1ICache,write-miss,0.0,count
GPU[1].SA[5].L1ICache,write-mshr-hit,0.0,count
GPU[1].SA[6].L1VCache[0],read-hit,1154.0,count
GPU[1].SA[6].L1VCache[0],read-miss,108.0,count
GPU[1].SA[6].L1VCache[0],read-mshr-hit,2.0,count
GPU[1].SA[6].L1VCache[0],write-hit,0.0,count
GPU[1].SA[6].L1VCache[0],write-miss,64.0,count
GPU[1].SA[6].L1VCache[0],write-mshr-hit,0.0,count
GPU[1].SA[6].L1VCache[1],read-hit,1196.0,count
GPU[1].SA[6].L1VCache[1],read-miss,68.0,count
GPU[1].SA[6].L1VCache[1],read-mshr-hit,0.0,count
GPU[1].SA[6].L1VCache[1],write-hit,0.0,count
GPU[1].SA[6].L1VCache[1],write-miss,64.0,count
GPU[1].SA[6].L1VCache[1],write-mshr-hit,0.0,count
GPU[1].SA[6].L1VCache[2],read-hit,1151.0,count
GPU[1].SA[6].L1VCache[2],read-miss,112.0,count
GPU[1].SA[6].L1VCache[2],read-mshr-hit,1.0,count
GPU[1].SA[6].L1VCache[2],write-hit,0.0,count
GPU[1].SA[6].L1VCache[2],write-miss,64.0,count
GPU[1].SA[6].L1VCache[2],write-mshr-hit,0.0,count
GPU[1].SA[6].L1VCache[3],read-hit,1142.0,count
GPU[1].SA[6].L1VCache[3],read-miss,122.0,count
GPU[1].SA[6].L1VCache[3],read-mshr-hit,0.0,count
GPU[1].SA[6].L1VCache[3],write-hit,0.0,count
GPU[1].SA[6].L1VCache[3],write-miss,64.0,count
GPU[1].SA[6].L1VCache[3],write-mshr-hit,0.0,count
GPU[1].SA[6].L1SCache,read-hit,1232.0,count
GPU[1].SA[6].L1SCache,read-miss,3.0,count
GPU[1].SA[6].L1SCache,read-mshr-hit,45.0,count
GPU[1].SA[6].L1SCache,write-hit,0.0,count
GPU[1].SA[6].L1SCache,write-miss,0.0,count
GPU[1].SA[6].L1SCache,write-mshr-hit,0.0,count
GPU[1].SA[6].L1ICache,read-hit,5587.0,count
GPU[1].SA[6].L1ICache,read-miss,7.0,count
GPU[1].SA[6].L1ICache,read-mshr-hit,90.0,count
GPU[1].SA[6].L1ICache,write-hit,0.0,count
GPU[1].SA[6].L1ICache,write-miss,0.0,count
GPU[1].SA[6].L1ICache,write-mshr-hit,0.0,count
GPU[1].SA[7].L1VCache[0],read-hit,1196.0,count
GPU[1].SA[7].L1VCache[0],read-miss,68.0,count
GPU[1].SA[7].L1VCache[0],read-mshr-hit,0.0,count
GPU[1].SA[7].L1VCache[0],write-hit,0.0,count
GPU[1].SA[7].L1VCache[0],write-miss,64.0,count
GPU[1].SA[7].L1VCache[0],write-mshr-hit,0.0,count
GPU[1].SA[7].L1VCache[1],read-hit,1196.0,count
GPU[1].SA[7].L1VCache[1],read-miss,68.0,count
GPU[1].SA[7].L1VCache[1],read-mshr-hit,0.0,count
GPU[1].SA[7].L1VCache[1],write-hit,0.0,count
GPU[1].SA[7].L1VCache[1],write-miss,64.0,count
GPU[1].SA[7].L1VCache[1],write-mshr-hit,0.0,count
GPU[1].SA[7].L1VCache[2],read-hit,1196.0,count
GPU[1].SA[7].L1VCache[2],read-miss,68.0,count
GPU[1].SA[7].L1VCache[2],read-mshr-hit,0.0,count
GPU[1].SA[7].L1VCache[2],write-hit,0.0,count
GPU[1].SA[7].L1VCache[2],write-miss,64.0,count
GPU[1].SA[7].L1VCache[2],write-mshr-hit,0.0,count
GPU[1].SA[7].L1VCache[3],read-hit,1150.0,count
GPU[1].SA[7].L1VCache[3],read-miss,114.0,count
GPU[1].SA[7].L1VCache[3],read-mshr-hit,0.0,count
GPU[1].SA[7].L1VCache[3],write-hit,0.0,count
GPU[1].SA[7].L1VCache[3],write-miss,64.0,count
GPU[1].SA[7].L1VCache[3],write-mshr-hit,0.0,count
GPU[1].SA[7].L1SCache,read-hit,1232.0,count
GPU[1].SA[7].L1SCache,read-miss,3.0,count
GPU[1].SA[7].L1SCache,read-mshr-hit,45.0,count
GPU[1].SA[7].L1SCache,write-hit,0.0,count
GPU[1].SA[7].L1SCache,write-miss,0.0,count
GPU[1].SA[7].L1SCache,write-mshr-hit,0.0,count
GPU[1].SA[7].L1ICache,read-hit,5585.0,count
GPU[1].SA[7].L1ICache,read-miss,7.0,count
GPU[1].SA[7].L1ICache,read-mshr-hit,92.0,count
GPU[1].SA[7].L1ICache,write-hit,0.0,count
GPU[1].SA[7].L1ICache,write-miss,0.0,count
GPU[1].SA[7].L1ICache,write-mshr-hit,0.0,count
GPU[1].SA[8].L1VCache[0],read-hit,1195.0,count
GPU[1].SA[8].L1VCache[0],read-miss,68.0,count
GPU[1].SA[8].L1VCache[0],read-mshr-hit,1.0,count
GPU[1].SA[8].L1VCache[0],write-hit,0.0,count
GPU[1].SA[8].L1VCache[0],write-miss,64.0,count
GPU[1].SA[8].L1VCache[0],write-mshr-hit,0.0,count
GPU[1].SA[8].L1VCache[1],read-hit,1196.0,count
GPU[1].SA[8].L1VCache[1],read-miss,68.0,count
GPU[1].SA[8].L1VCache[1],read-mshr-hit,0.0,count
GPU[1].SA[8].L1VCache[1],write-hit,0.0,count
GPU[1].SA[8].L1VCache[1],write-miss,64.0,count
GPU[1].SA[8].L1VCache[1],write-mshr-hit,0.0,count
GPU[1].SA[8].L1VCache[2],read-hit,1159.0,count
GPU[1].SA[8].L1VCache[2],read-miss,103.0,count
GPU[1].SA[8].L1VCache[2],read-mshr-hit,2.0,count
GPU[1].SA[8].L1VCache[2],write-hit,0.0,count
GPU[1].SA[8].L1VCache[2],write-miss,64.0,count
GPU[1].SA[8].L1VCache[2],write-mshr-hit,0.0,count
GPU[1].SA[8].L1VCache[3],read-hit,1196.0,count
GPU[1].SA[8].L1VCache[3],read-miss,68.0,count
GPU[1].SA[8].L1VCache[3],read-mshr-hit,0.0,count
GPU[1].SA[8].L1VCache[3],write-hit,0.0,count
GPU[1].SA[8].L1VCache[3],write-miss,64.0,count
GPU[1].SA[8].L1VCache[3],write-mshr-hit,0.0,count
GPU[1].SA[8].L1SCache,read-hit,1232.0,count
GPU[1].SA[8].L1SCache,read-miss,3.0,count
GPU[1].SA[8].L1SCache,read-mshr-hit,45.0,count
GPU[1].SA[8].L1SCache,write-hit,0.0,count
GPU[1].SA[8].L1SCache,write-miss,0.0,count
GPU[1].SA[8].L1SCache,write-mshr-hit,0.0,count
GPU[1].SA[8].L1ICache,read-hit,5587.0,count
GPU[1].SA[8].L1ICache,read-miss,7.0,count
GPU[1].SA[8].L1ICache,read-mshr-hit,90.0,count
GPU[1].SA[8].L1ICache,write-hit,0.0,count
GPU[1].SA[8].L1ICache,write-miss,0.0,count
GPU[1].SA[8].L1ICache,write-mshr-hit,0.0,count
GPU[1].SA[9].L1VCache[0],read-hit,1195.0,count
GPU[1].SA[9].L1VCache[0],read-miss,68.0,count
GPU[1].SA[9].L1VCache[0],read-mshr-hit,1.0,count
GPU[1].SA[9].L1VCache[0],write-hit,0.0,count
GPU[1].SA[9].L1VCache[0],write-miss,64.0,count
GPU[1].SA[9].L1VCache[0],write-mshr-hit,0.0,count
GPU[1].SA[9].L1VCache[1],read-hit,1195.0,count
GPU[1].SA[9].L1VCache[1],read-miss,68.0,count
GPU[1].SA[9].L1VCache[1],read-mshr-hit,1.0,count
GPU[1].SA[9].L1VCache[1],write-hit,0.0,count
GPU[1].SA[9].L1VCache[1],write-miss,64.0,count
GPU[1].SA[9].L1VCache[1],write-mshr-hit,0.0,count
GPU[1].SA[9].L1VCache[2],read-hit,1196.0,count
GPU[1].SA[9].L1VCache[2],read-miss,68.0,count
GPU[1].SA[9].L1VCache[2],read-mshr-hit,0.0,count
GPU[1].SA[9].L1VCache[2],write-hit,0.0,count
GPU[1].SA[9].L1VCache[2],write-miss,64.0,count
GPU[1].SA[9].L1VCache[2],write-mshr-hit,0.0,count
GPU[1].SA[9].L1VCache[3],read-hit,1196.0,count
GPU[1].SA[9].L1VCache[3],read-miss,68.0,count
GPU[1].SA[9].L1VCache[3],read-mshr-hit,0.0,count
GPU[1].SA[9].L1VCache[3],write-hit,0.0,count
GPU[1].SA[9].L1VCache[3],write-miss,64.0,count
GPU[1].SA[9].L1VCache[3],write-mshr-hit,0.0,count
GPU[1].SA[9].L1SCache,read-hit,1232.0,count
GPU[1].SA[9].L1SCache,read-miss,3.0,count
GPU[1].SA[9].L1SCache,read-mshr-hit,45.0,count
GPU[1].SA[9].L1SCache,write-hit,0.0,count
GPU[1].SA[9].L1SCache,write-miss,0.0,count
GPU[1].SA[9].L1SCache,write-mshr-hit,0.0,count
GPU[1].SA[9].L1ICache,read-hit,5587.0,count
GPU[1].SA[9].L1ICache,read-miss,7.0,count
GPU[1].SA[9].L1ICache,read-mshr-hit,90.0,count
GPU[1].SA[9].L1ICache,write-hit,0.0,count
GPU[1].SA[9].L1ICache,write-miss,0.0,count
GPU[1].SA[9].L1ICache,write-mshr-hit,0.0,count
GPU[1].SA[10].L1VCache[0],read-hit,1195.0,count
GPU[1].SA[10].L1VCache[0],read-miss,68.0,count
GPU[1].SA[10].L1VCache[0],read-mshr-hit,1.0,count
GPU[1].SA[10].L1VCache[0],write-hit,0.0,count
GPU[1].SA[10].L1VCache[0],write-miss,64.0,count
GPU[1].SA[10].L1VCache[0],write-mshr-hit,0.0,count
GPU[1].SA[10].L1VCache[1],read-hit,1196.0,count
GPU[1].SA[10].L1VCache[1],read-miss,68.0,count
GPU[1].SA[10].L1VCache[1],read-mshr-hit,0.0,count
GPU[1].SA[10].L1VCache[1],write-hit,0.0,count
GPU[1].SA[10].L1VCache[1],write-miss,64.0,count
GPU[1].SA[10].L1VCache[1],write-mshr-hit,0.0,count
GPU[1].SA[10].L1VCache[2],read-hit,1196.0,count
GPU[1].SA[10].L1VCache[2],read-miss,68.0,count
GPU[1].SA[10].L1VCache[2],read-mshr-hit,0.0,count
GPU[1].SA[10].L1VCache[2],write-hit,0.0,count
GPU[1].SA[10].L1VCache[2],write-miss,64.0,count
GPU[1].SA[10].L1VCache[2],write-mshr-hit,0.0,count
GPU[1].SA[10].L1VCache[3],read-hit,1196.0,count
GPU[1].SA[10].L1VCache[3],read-miss,68.0,count
GPU[1].SA[10].L1VCache[3],read-mshr-hit,0.0,count
GPU[1].SA[10].L1VCache[3],write-hit,0.0,count
GPU[1].SA[10].L1VCache[3],write-miss,64.0,count
GPU[1].SA[10].L1VCache[3],write-mshr-hit,0.0,count
GPU[1].SA[10].L1SCache,read-hit,1232.0,count
GPU[1].SA[10].L1SCache,read-miss,3.0,count
GPU[1].SA[10].L1SCache,read-mshr-hit,45.0,count
GPU[1].SA[10].L1SCache,write-hit,0.0,count
GPU[1].SA[10].L1SCache,write-miss,0.0,count
GPU[1].SA[10].L1SCache,write-mshr-hit,0.0,count
GPU[1].SA[10].L1ICache,read-hit,5587.0,count
GPU[1].SA[10].L1ICache,read-miss,7.0,count
GPU[1].SA[10].L1ICache,read-mshr-hit,90.0,count
GPU[1].SA[10].L1ICache,write-hit,0.0,count
GPU[1].SA[10].L1ICache,write-miss,0.0,count
GPU[1].SA[10].L1ICache,write-mshr-hit,0.0,count
GPU[1].SA[11].L1VCache[0],read-hit,1195.0,count
GPU[1].SA[11].L1VCache[0],read-miss,68.0,count
GPU[1].SA[11].L1VCache[0],read-mshr-hit,1.0,count
GPU[1].SA[11].L1VCache[0],write-hit,0.0,count
GPU[1].SA[11].L1VCache[0],write-miss,64.0,count
GPU[1].SA[11].L1VCache[0],write-mshr-hit,0.0,count
GPU[1].SA[11].L1VCache[1],read-hit,1196.0,count
GPU[1].SA[11].L1VCache[1],read-miss,68.0,count
GPU[1].SA[11].L1VCache[1],read-mshr-hit,0.0,count
GPU[1].SA[11].L1VCache[1],write-hit,0.0,count
GPU[1].SA[11].L1VCache[1],write-miss,64.0,count
GPU[1].SA[11].L1VCache[1],write-mshr-hit,0.0,count
GPU[1].SA[11].L1VCache[2],read-hit,1196.0,count
GPU[1].SA[11].L1VCache[2],read-miss,68.0,count
GPU[1].SA[11].L1VCache[2],read-mshr-hit,0.0,count
GPU[1].SA[11].L1VCache[2],write-hit,0.0,count
GPU[1].SA[11].L1VCache[2],write-miss,64.0,count
GPU[1].SA[11].L1VCache[2],write-mshr-hit,0.0,count
GPU[1].SA[11].L1VCache[3],read-hit,1196.0,count
GPU[1].SA[11].L1VCache[3],read-miss,68.0,count
GPU[1].SA[11].L1VCache[3],read-mshr-hit,0.0,count
GPU[1].SA[11].L1VCache[3],write-hit,0.0,count
GPU[1].SA[11].L1VCache[3],write-miss,64.0,count
GPU[1].SA[11].L1VCache[3],write-mshr-hit,0.0,count
GPU[1].SA[11].L1SCache,read-hit,1232.0,count
GPU[1].SA[11].L1SCache,read-miss,3.0,count
GPU[1].SA[11].L1SCache,read-mshr-hit,45.0,count
GPU[1].SA[11].L1SCache,write-hit,0.0,count
GPU[1].SA[11].L1SCache,write-miss,0.0,count
GPU[1].SA[11].L1SCache,write-mshr-hit,0.0,count
GPU[1].SA[11].L1ICache,read-hit,5587.0,count
GPU[1].SA[11].L1ICache,read-miss,7.0,count
GPU[1].SA[11].L1ICache,read-mshr-hit,90.0,count
GPU[1].SA[11].L1ICache,write-hit,0.0,count
GPU[1].SA[11].L1ICache,write-miss,0.0,count
GPU[1].SA[11].L1ICache,write-mshr-hit,0.0,count
GPU[1].SA[12].L1VCache[0],read-hit,1195.0,count
GPU[1].SA[12].L1VCache[0],read-miss,68.0,count
GPU[1].SA[12].L1VCache[0],read-mshr-hit,1.0,count
GPU[1].SA[12].L1VCache[0],write-hit,0.0,count
GPU[1].SA[12].L1VCache[0],write-miss,64.0,count
GPU[1].SA[12].L1VCache[0],write-mshr-hit,0.0,count
GPU[1].SA[12].L1VCache[1],read-hit,1196.0,count
GPU[1].SA[12].L1VCache[1],read-miss,68.0,count
GPU[1].SA[12].L1VCache[1],read-mshr-hit,0.0,count
GPU[1].SA[12].L1VCache[1],write-hit,0.0,count
GPU[1].SA[12].L1VCache[1],write-miss,64.0,count
GPU[1].SA[12].L1VCache[1],write-mshr-hit,0.0,count
GPU[1].SA[12].L1VCache[2],read-hit,1165.0,count
GPU[1].SA[12].L1VCache[2],read-miss,98.0,count
GPU[1].SA[12].L1VCache[2],read-mshr-hit,1.0,count
GPU[1].SA[12].L1VCache[2],write-hit,0.0,count
GPU[1].SA[12].L1VCache[2],write-miss,64.0,count
GPU[1].SA[12].L1VCache[2],write-mshr-hit,0.0,count
GPU[1].SA[12].L1VCache[3],read-hit,1196.0,count
GPU[1].SA[12].L1VCache[3],read-miss,68.0,count
GPU[1].SA[12].L1VCache[3],read-mshr-hit,0.0,count
GPU[1].SA[12].L1VCache[3],write-hit,0.0,count
GPU[1].SA[12].L1VCache[3],write-miss,64.0,count
GPU[1].SA[12].L1VCache[3],write-mshr-hit,0.0,count
GPU[1].SA[12].L1SCache,read-hit,1232.0,count
GPU[1].SA[12].L1SCache,read-miss,3.0,count
GPU[1].SA[12].L1SCache,read-mshr-hit,45.0,count
GPU[1].SA[12].L1SCache,write-hit,0.0,count
GPU[1].SA[12].L1SCache,write-miss,0.0,count
GPU[1].SA[12].L1SCache,write-mshr-hit,0.0,count
GPU[1].SA[12].L1ICache,read-hit,5587.0,count
GPU[1].SA[12].L1ICache,read-miss,7.0,count
GPU[1].SA[12].L1ICache,read-mshr-hit,90.0,count
GPU[1].SA[12].L1ICache,write-hit,0.0,count
GPU[1].SA[12].L1ICache,write-miss,0.0,count
GPU[1].SA[12].L1ICache,write-mshr-hit,0.0,count
GPU[1].SA[13].L1VCache[0],read-hit,1154.0,count
GPU[1].SA[13].L1VCache[0],read-miss,109.0,count
GPU[1].SA[13].L1VCache[0],read-mshr-hit,1.0,count
GPU[1].SA[13].L1VCache[0],write-hit,0.0,count
GPU[1].SA[13].L1VCache[0],write-miss,64.0,count
GPU[1].SA[13].L1VCache[0],write-mshr-hit,0.0,count
GPU[1].SA[13].L1VCache[1],read-hit,1147.0,count
GPU[1].SA[13].L1VCache[1],read-miss,117.0,count
GPU[1].SA[13].L1VCache[1],read-mshr-hit,0.0,count
GPU[1].SA[13].L1VCache[1],write-hit,0.0,count
GPU[1].SA[13].L1VCache[1],write-miss,64.0,count
GPU[1].SA[13].L1VCache[1],write-mshr-hit,0.0,count
GPU[1].SA[13].L1VCache[2],read-hit,1157.0,count
GPU[1].SA[13].L1VCache[2],read-miss,107.0,count
GPU[1].SA[13].L1VCache[2],read-mshr-hit,0.0,count
GPU[1].SA[13].L1VCache[2],write-hit,0.0,count
GPU[1].SA[13].L1VCache[2],write-miss,64.0,count
GPU[1].SA[13].L1VCache[2],write-mshr-hit,0.0,count
GPU[1].SA[13].L1VCache[3],read-hit,1196.0,count
GPU[1].SA[13].L1VCache[3],read-miss,68.0,count
GPU[1].SA[13].L1VCache[3],read-mshr-hit,0.0,count
GPU[1].SA[13].L1VCache[3],write-hit,0.0,count
GPU[1].SA[13].L1VCache[3],write-miss,64.0,count
GPU[1].SA[13].L1VCache[3],write-mshr-hit,0.0,count
GPU[1].SA[13].L1SCache,read-hit,1232.0,count
GPU[1].SA[13].L1SCache,read-miss,3.0,count
GPU[1].SA[13].L1SCache,read-mshr-hit,45.0,count
GPU[1].SA[13].L1SCache,write-hit,0.0,count
GPU[1].SA[13].L1SCache,write-miss,0.0,count
GPU[1].SA[13].L1SCache,write-mshr-hit,0.0,count
GPU[1].SA[13].L1ICache,read-hit,5587.0,count
GPU[1].SA[13].L1ICache,read-miss,7.0,count
GPU[1].SA[13].L1ICache,read-mshr-hit,90.0,count
GPU[1].SA[13].L1ICache,write-hit,0.0,count
GPU[1].SA[13].L1ICache,write-miss,0.0,count
GPU[1].SA[13].L1ICache,write-mshr-hit,0.0,count
GPU[1].SA[14].L1VCache[0],read-hit,1195.0,count
GPU[1].SA[14].L1VCache[0],read-miss,68.0,count
GPU[1].SA[14].L1VCache[0],read-mshr-hit,1.0,count
GPU[1].SA[14].L1VCache[0],write-hit,0.0,count
GPU[1].SA[14].L1VCache[0],write-miss,64.0,count
GPU[1].SA[14].L1VCache[0],write-mshr-hit,0.0,count
GPU[1].SA[14].L1VCache[1],read-hit,1126.0,count
GPU[1].SA[14].L1VCache[1],read-miss,133.0,count
GPU[1].SA[14].L1VCache[1],read-mshr-hit,5.0,count
GPU[1].SA[14].L1VCache[1],write-hit,0.0,count
GPU[1].SA[14].L1VCache[1],write-miss,64.0,count
GPU[1].SA[14].L1VCache[1],write-mshr-hit,0.0,count
GPU[1].SA[14].L1VCache[2],read-hit,1196.0,count
GPU[1].SA[14].L1VCache[2],read-miss,68.0,count
GPU[1].SA[14].L1VCache[2],read-mshr-hit,0.0,count
GPU[1].SA[14].L1VCache[2],write-hit,0.0,count
GPU[1].SA[14].L1VCache[2],write-miss,64.0,count
GPU[1].SA[14].L1VCache[2],write-mshr-hit,0.0,count
GPU[1].SA[14].L1VCache[3],read-hit,1088.0,count
GPU[1].SA[14].L1VCache[3],read-miss,175.0,count
GPU[1].SA[14].L1VCache[3],read-mshr-hit,1.0,count
GPU[1].SA[14].L1VCache[3],write-hit,0.0,count
GPU[1].SA[14].L1VCache[3],write-miss,64.0,count
GPU[1].SA[14].L1VCache[3],write-mshr-hit,0.0,count
GPU[1].SA[14].L1SCache,read-hit,1232.0,count
GPU[1].SA[14].L1SCache,read-miss,3.0,count
GPU[1].SA[14].L1SCache,read-mshr-hit,45.0,count
GPU[1].SA[14].L1SCache,write-hit,0.0,count
GPU[1].SA[14].L1SCache,write-miss,0.0,count
GPU[1].SA[14].L1SCache,write-mshr-hit,0.0,count
GPU[1].SA[14].L1ICache,read-hit,5587.0,count
GPU[1].SA[14].L1ICache,read-miss,7.0,count
GPU[1].SA[14].L1ICache,read-mshr-hit,90.0,count
GPU[1].SA[14].L1ICache,write-hit,0.0,count
GPU[1].SA[14].L1ICache,write-miss,0.0,count
GPU[1].SA[14].L1ICache,write-mshr-hit,0.0,count
GPU[1].SA[15].L1VCache[0],read-hit,1195.0,count
GPU[1].SA[15].L1VCache[0],read-miss,68.0,count
GPU[1].SA[15].L1VCache[0],read-mshr-hit,1.0,count
GPU[1].SA[15].L1VCache[0],write-hit,0.0,count
GPU[1].SA[15].L1VCache[0],write-miss,64.0,count
GPU[1].SA[15].L1VCache[0],write-mshr-hit,0.0,count
GPU[1].SA[15].L1VCache[1],read-hit,1196.0,count
GPU[1].SA[15].L1VCache[1],read-miss,68.0,count
GPU[1].SA[15].L1VCache[1],read-mshr-hit,0.0,count
GPU[1].SA[15].L1VCache[1],write-hit,0.0,count
GPU[1].SA[15].L1VCache[1],write-miss,64.0,count
GPU[1].SA[15].L1VCache[1],write-mshr-hit,0.0,count
GPU[1].SA[15].L1VCache[2],read-hit,1156.0,count
GPU[1].SA[15].L1VCache[2],read-miss,105.0,count
GPU[1].SA[15].L1VCache[2],read-mshr-hit,3.0,count
GPU[1].SA[15].L1VCache[2],write-hit,0.0,count
GPU[1].SA[15].L1VCache[2],write-miss,64.0,count
GPU[1].SA[15].L1VCache[2],write-mshr-hit,0.0,count
GPU[1].SA[15].L1VCache[3],read-hit,1196.0,count
GPU[1].SA[15].L1VCache[3],read-miss,68.0,count
GPU[1].SA[15].L1VCache[3],read-mshr-hit,0.0,count
GPU[1].SA[15].L1VCache[3],write-hit,0.0,count
GPU[1].SA[15].L1VCache[3],write-miss,64.0,count
GPU[1].SA[15].L1VCache[3],write-mshr-hit,0.0,count
GPU[1].SA[15].L1SCache,read-hit,1232.0,count
GPU[1].SA[15].L1SCache,read-miss,3.0,count
GPU[1].SA[15].L1SCache,read-mshr-hit,45.0,count
GPU[1].SA[15].L1SCache,write-hit,0.0,count
GPU[1].SA[15].L1SCache,write-miss,0.0,count
GPU[1].SA[15].L1SCache,write-mshr-hit,0.0,count
GPU[1].SA[15].L1ICache,read-hit,5587.0,count
GPU[1].SA[15].L1ICache,read-miss,7.0,count
GPU[1].SA[15].L1ICache,read-mshr-hit,90.0,count
GPU[1].SA[15].L1ICache,write-hit,0.0,count
GPU[1].SA[15].L1ICache,write-miss,0.0,count
GPU[1].SA[15].L1ICache,write-mshr-hit,0.0,count
GPU[1].L2Cache[0],prefetch_requests,58.0,count
GPU[1].L2Cache[0],prefetch_hits,0.0,count
GPU[1].L2Cache[0],cache_pollution,0.0,count
GPU[1].L2Cache[0],demand_read_hits,37.0,count
GPU[1].L2Cache[0],demand_read_misses,262.0,count
GPU[1].L2Cache[0],demand_read_mshr_hits,75.0,count
GPU[1].L2Cache[0],prefetch_cache_hits,8.0,count
GPU[1].L2Cache[0],prefetch_mshr_hits,4.0,count
GPU[1].L2Cache[0],prefetch_misses,46.0,count
GPU[1].L2Cache[0],mshr_hits,75.0,count
GPU[1].L2Cache[0],mshr_misses,308.0,count
GPU[1].L2Cache[1],prefetch_requests,47.0,count
GPU[1].L2Cache[1],prefetch_hits,0.0,count
GPU[1].L2Cache[1],cache_pollution,0.0,count
GPU[1].L2Cache[1],demand_read_hits,32.0,count
GPU[1].L2Cache[1],demand_read_misses,258.0,count
GPU[1].L2Cache[1],demand_read_mshr_hits,30.0,count
GPU[1].L2Cache[1],prefetch_cache_hits,0.0,count
GPU[1].L2Cache[1],prefetch_mshr_hits,2.0,count
GPU[1].L2Cache[1],prefetch_misses,45.0,count
GPU[1].L2Cache[1],mshr_hits,30.0,count
GPU[1].L2Cache[1],mshr_misses,303.0,count
GPU[1].L2Cache[2],prefetch_requests,41.0,count
GPU[1].L2Cache[2],prefetch_hits,0.0,count
GPU[1].L2Cache[2],cache_pollution,0.0,count
GPU[1].L2Cache[2],demand_read_hits,74.0,count
GPU[1].L2Cache[2],demand_read_misses,258.0,count
GPU[1].L2Cache[2],demand_read_mshr_hits,30.0,count
GPU[1].L2Cache[2],prefetch_cache_hits,1.0,count
GPU[1].L2Cache[2],prefetch_mshr_hits,0.0,count
GPU[1].L2Cache[2],prefetch_misses,40.0,count
GPU[1].L2Cache[2],mshr_hits,30.0,count
GPU[1].L2Cache[2],mshr_misses,298.0,count
GPU[1].L2Cache[3],prefetch_requests,45.0,count
GPU[1].L2Cache[3],prefetch_hits,0.0,count
GPU[1].L2Cache[3],cache_pollution,0.0,count
GPU[1].L2Cache[3],demand_read_hits,102.0,count
GPU[1].L2Cache[3],demand_read_misses,257.0,count
GPU[1].L2Cache[3],demand_read_mshr_hits,1.0,count
GPU[1].L2Cache[3],prefetch_cache_hits,3.0,count
GPU[1].L2Cache[3],prefetch_mshr_hits,0.0,count
GPU[1].L2Cache[3],prefetch_misses,42.0,count
GPU[1].L2Cache[3],mshr_hits,1.0,count
GPU[1].L2Cache[3],mshr_misses,299.0,count
GPU[1].L2Cache[4],prefetch_requests,61.0,count
GPU[1].L2Cache[4],prefetch_hits,0.0,count
GPU[1].L2Cache[4],cache_pollution,0.0,count
GPU[1].L2Cache[4],demand_read_hits,72.0,count
GPU[1].L2Cache[4],demand_read_misses,256.0,count
GPU[1].L2Cache[4],demand_read_mshr_hits,0.0,count
GPU[1].L2Cache[4],prefetch_cache_hits,16.0,count
GPU[1].L2Cache[4],prefetch_mshr_hits,0.0,count
GPU[1].L2Cache[4],prefetch_misses,45.0,count
GPU[1].L2Cache[4],mshr_hits,0.0,count
GPU[1].L2Cache[4],mshr_misses,301.0,count
GPU[1].L2Cache[5],prefetch_requests,47.0,count
GPU[1].L2Cache[5],prefetch_hits,0.0,count
GPU[1].L2Cache[5],cache_pollution,0.0,count
GPU[1].L2Cache[5],demand_read_hits,38.0,count
GPU[1].L2Cache[5],demand_read_misses,256.0,count
GPU[1].L2Cache[5],demand_read_mshr_hits,0.0,count
GPU[1].L2Cache[5],prefetch_cache_hits,2.0,count
GPU[1].L2Cache[5],prefetch_mshr_hits,0.0,count
GPU[1].L2Cache[5],prefetch_misses,45.0,count
GPU[1].L2Cache[5],mshr_hits,0.0,count
GPU[1].L2Cache[5],mshr_misses,301.0,count
GPU[1].L2Cache[6],prefetch_requests,44.0,count
GPU[1].L2Cache[6],prefetch_hits,0.0,count
GPU[1].L2Cache[6],cache_pollution,0.0,count
GPU[1].L2Cache[6],demand_read_hits,61.0,count
GPU[1].L2Cache[6],demand_read_misses,256.0,count
GPU[1].L2Cache[6],demand_read_mshr_hits,0.0,count
GPU[1].L2Cache[6],prefetch_cache_hits,0.0,count
GPU[1].L2Cache[6],prefetch_mshr_hits,0.0,count
GPU[1].L2Cache[6],prefetch_misses,44.0,count
GPU[1].L2Cache[6],mshr_hits,0.0,count
GPU[1].L2Cache[6],mshr_misses,300.0,count
GPU[1].L2Cache[7],prefetch_requests,55.0,count
GPU[1].L2Cache[7],prefetch_hits,0.0,count
GPU[1].L2Cache[7],cache_pollution,0.0,count
GPU[1].L2Cache[7],demand_read_hits,206.0,count
GPU[1].L2Cache[7],demand_read_misses,256.0,count
GPU[1].L2Cache[7],demand_read_mshr_hits,0.0,count
GPU[1].L2Cache[7],prefetch_cache_hits,1.0,count
GPU[1].L2Cache[7],prefetch_mshr_hits,1.0,count
GPU[1].L2Cache[7],prefetch_misses,53.0,count
GPU[1].L2Cache[7],mshr_hits,0.0,count
GPU[1].L2Cache[7],mshr_misses,309.0,count
GPU[1].L2Cache[8],prefetch_requests,62.0,count
GPU[1].L2Cache[8],prefetch_hits,0.0,count
GPU[1].L2Cache[8],cache_pollution,0.0,count
GPU[1].L2Cache[8],demand_read_hits,56.0,count
GPU[1].L2Cache[8],demand_read_misses,256.0,count
GPU[1].L2Cache[8],demand_read_mshr_hits,0.0,count
GPU[1].L2Cache[8],prefetch_cache_hits,7.0,count
GPU[1].L2Cache[8],prefetch_mshr_hits,0.0,count
GPU[1].L2Cache[8],prefetch_misses,55.0,count
GPU[1].L2Cache[8],mshr_hits,0.0,count
GPU[1].L2Cache[8],mshr_misses,311.0,count
GPU[1].L2Cache[9],prefetch_requests,56.0,count
GPU[1].L2Cache[9],prefetch_hits,0.0,count
GPU[1].L2Cache[9],cache_pollution,0.0,count
GPU[1].L2Cache[9],demand_read_hits,37.0,count
GPU[1].L2Cache[9],demand_read_misses,256.0,count
GPU[1].L2Cache[9],demand_read_mshr_hits,0.0,count
GPU[1].L2Cache[9],prefetch_cache_hits,2.0,count
GPU[1].L2Cache[9],prefetch_mshr_hits,0.0,count
GPU[1].L2Cache[9],prefetch_misses,54.0,count
GPU[1].L2Cache[9],mshr_hits,0.0,count
GPU[1].L2Cache[9],mshr_misses,310.0,count
GPU[1].L2Cache[10],prefetch_requests,63.0,count
GPU[1].L2Cache[10],prefetch_hits,0.0,count
GPU[1].L2Cache[10],cache_pollution,0.0,count
GPU[1].L2Cache[10],demand_read_hits,101.0,count
GPU[1].L2Cache[10],demand_read_misses,256.0,count
GPU[1].L2Cache[10],demand_read_mshr_hits,0.0,count
GPU[1].L2Cache[10],prefetch_cache_hits,15.0,count
GPU[1].L2Cache[10],prefetch_mshr_hits,0.0,count
GPU[1].L2Cache[10],prefetch_misses,48.0,count
GPU[1].L2Cache[10],mshr_hits,0.0,count
GPU[1].L2Cache[10],mshr_misses,304.0,count
GPU[1].L2Cache[11],prefetch_requests,48.0,count
GPU[1].L2Cache[11],prefetch_hits,0.0,count
GPU[1].L2Cache[11],cache_pollution,0.0,count
GPU[1].L2Cache[11],demand_read_hits,58.0,count
GPU[1].L2Cache[11],demand_read_misses,256.0,count
GPU[1].L2Cache[11],demand_read_mshr_hits,0.0,count
GPU[1].L2Cache[11],prefetch_cache_hits,0.0,count
GPU[1].L2Cache[11],prefetch_mshr_hits,0.0,count
GPU[1].L2Cache[11],prefetch_misses,48.0,count
GPU[1].L2Cache[11],mshr_hits,0.0,count
GPU[1].L2Cache[11],mshr_misses,304.0,count
GPU[1].L2Cache[12],prefetch_requests,54.0,count
GPU[1].L2Cache[12],prefetch_hits,0.0,count
GPU[1].L2Cache[12],cache_pollution,0.0,count
GPU[1].L2Cache[12],demand_read_hits,82.0,count
GPU[1].L2Cache[12],demand_read_misses,256.0,count
GPU[1].L2Cache[12],demand_read_mshr_hits,0.0,count
GPU[1].L2Cache[12],prefetch_cache_hits,5.0,count
GPU[1].L2Cache[12],prefetch_mshr_hits,0.0,count
GPU[1].L2Cache[12],prefetch_misses,49.0,count
GPU[1].L2Cache[12],mshr_hits,0.0,count
GPU[1].L2Cache[12],mshr_misses,305.0,count
GPU[1].L2Cache[13],prefetch_requests,48.0,count
GPU[1].L2Cache[13],prefetch_hits,0.0,count
GPU[1].L2Cache[13],cache_pollution,0.0,count
GPU[1].L2Cache[13],demand_read_hits,81.0,count
GPU[1].L2Cache[13],demand_read_misses,256.0,count
GPU[1].L2Cache[13],demand_read_mshr_hits,0.0,count
GPU[1].L2Cache[13],prefetch_cache_hits,0.0,count
GPU[1].L2Cache[13],prefetch_mshr_hits,0.0,count
GPU[1].L2Cache[13],prefetch_misses,48.0,count
GPU[1].L2Cache[13],mshr_hits,0.0,count
GPU[1].L2Cache[13],mshr_misses,304.0,count
GPU[1].L2Cache[14],prefetch_requests,48.0,count
GPU[1].L2Cache[14],prefetch_hits,0.0,count
GPU[1].L2Cache[14],cache_pollution,0.0,count
GPU[1].L2Cache[14],demand_read_hits,52.0,count
GPU[1].L2Cache[14],demand_read_misses,256.0,count
GPU[1].L2Cache[14],demand_read_mshr_hits,0.0,count
GPU[1].L2Cache[14],prefetch_cache_hits,0.0,count
GPU[1].L2Cache[14],prefetch_mshr_hits,1.0,count
GPU[1].L2Cache[14],prefetch_misses,47.0,count
GPU[1].L2Cache[14],mshr_hits,0.0,count
GPU[1].L2Cache[14],mshr_misses,303.0,count
GPU[1].L2Cache[15],prefetch_requests,70.0,count
GPU[1].L2Cache[15],prefetch_hits,0.0,count
GPU[1].L2Cache[15],cache_pollution,0.0,count
GPU[1].L2Cache[15],demand_read_hits,255.0,count
GPU[1].L2Cache[15],demand_read_misses,256.0,count
GPU[1].L2Cache[15],demand_read_mshr_hits,0.0,count
GPU[1].L2Cache[15],prefetch_cache_hits,12.0,count
GPU[1].L2Cache[15],prefetch_mshr_hits,0.0,count
GPU[1].L2Cache[15],prefetch_misses,58.0,count
GPU[1].L2Cache[15],mshr_hits,0.0,count
GPU[1].L2Cache[15],mshr_misses,314.0,count
GPU[1].L2TLB,hit,209.0,count
GPU[1].L2TLB,miss,133.0,count
GPU[1].L2TLB,mshr-hit,298.0,count
GPU[1].SA[0].L1VTLB[0],hit,1256.0,count
GPU[1].SA[0].L1VTLB[0],miss,12.0,count
GPU[1].SA[0].L1VTLB[0],mshr-hit,60.0,count
GPU[1].SA[0].L1VTLB[1],hit,1276.0,count
GPU[1].SA[0].L1VTLB[1],miss,8.0,count
GPU[1].SA[0].L1VTLB[1],mshr-hit,44.0,count
GPU[1].SA[0].L1VTLB[2],hit,1248.0,count
GPU[1].SA[0].L1VTLB[2],miss,8.0,count
GPU[1].SA[0].L1VTLB[2],mshr-hit,72.0,count
GPU[1].SA[0].L1VTLB[3],hit,1240.0,count
GPU[1].SA[0].L1VTLB[3],miss,8.0,count
GPU[1].SA[0].L1VTLB[3],mshr-hit,80.0,count
GPU[1].SA[0].L1STLB,hit,1036.0,count
GPU[1].SA[0].L1STLB,miss,3.0,count
GPU[1].SA[0].L1STLB,mshr-hit,241.0,count
GPU[1].SA[0].L1ITLB,hit,6.0,count
GPU[1].SA[0].L1ITLB,miss,1.0,count
GPU[1].SA[0].L1ITLB,mshr-hit,0.0,count
GPU[1].SA[1].L1VTLB[0],hit,1256.0,count
GPU[1].SA[1].L1VTLB[0],miss,12.0,count
GPU[1].SA[1].L1VTLB[0],mshr-hit,60.0,count
GPU[1].SA[1].L1VTLB[1],hit,1276.0,count
GPU[1].SA[1].L1VTLB[1],miss,8.0,count
GPU[1].SA[1].L1VTLB[1],mshr-hit,44.0,count
GPU[1].SA[1].L1VTLB[2],hit,1248.0,count
GPU[1].SA[1].L1VTLB[2],miss,8.0,count
GPU[1].SA[1].L1VTLB[2],mshr-hit,72.0,count
GPU[1].SA[1].L1VTLB[3],hit,1236.0,count
GPU[1].SA[1].L1VTLB[3],miss,8.0,count
GPU[1].SA[1].L1VTLB[3],mshr-hit,84.0,count
GPU[1].SA[1].L1STLB,hit,1036.0,count
GPU[1].SA[1].L1STLB,miss,3.0,count
GPU[1].SA[1].L1STLB,mshr-hit,241.0,count
GPU[1].SA[1].L1ITLB,hit,6.0,count
GPU[1].SA[1].L1ITLB,miss,1.0,count
GPU[1].SA[1].L1ITLB,mshr-hit,0.0,count
GPU[1].SA[2].L1VTLB[0],hit,1253.0,count
GPU[1].SA[2].L1VTLB[0],miss,12.0,count
GPU[1].SA[2].L1VTLB[0],mshr-hit,63.0,count
GPU[1].SA[2].L1VTLB[1],hit,1272.0,count
GPU[1].SA[2].L1VTLB[1],miss,8.0,count
GPU[1].SA[2].L1VTLB[1],mshr-hit,48.0,count
GPU[1].SA[2].L1VTLB[2],hit,1240.0,count
GPU[1].SA[2].L1VTLB[2],miss,8.0,count
GPU[1].SA[2].L1VTLB[2],mshr-hit,80.0,count
GPU[1].SA[2].L1VTLB[3],hit,1248.0,count
GPU[1].SA[2].L1VTLB[3],miss,8.0,count
GPU[1].SA[2].L1VTLB[3],mshr-hit,72.0,count
GPU[1].SA[2].L1STLB,hit,1036.0,count
GPU[1].SA[2].L1STLB,miss,3.0,count
GPU[1].SA[2].L1STLB,mshr-hit,241.0,count
GPU[1].SA[2].L1ITLB,hit,6.0,count
GPU[1].SA[2].L1ITLB,miss,1.0,count
GPU[1].SA[2].L1ITLB,mshr-hit,0.0,count
GPU[1].SA[3].L1VTLB[0],hit,1256.0,count
GPU[1].SA[3].L1VTLB[0],miss,12.0,count
GPU[1].SA[3].L1VTLB[0],mshr-hit,60.0,count
GPU[1].SA[3].L1VTLB[1],hit,1272.0,count
GPU[1].SA[3].L1VTLB[1],miss,8.0,count
GPU[1].SA[3].L1VTLB[1],mshr-hit,48.0,count
GPU[1].SA[3].L1VTLB[2],hit,1248.0,count
GPU[1].SA[3].L1VTLB[2],miss,8.0,count
GPU[1].SA[3].L1VTLB[2],mshr-hit,72.0,count
GPU[1].SA[3].L1VTLB[3],hit,1248.0,count
GPU[1].SA[3].L1VTLB[3],miss,8.0,count
GPU[1].SA[3].L1VTLB[3],mshr-hit,72.0,count
GPU[1].SA[3].L1STLB,hit,1036.0,count
GPU[1].SA[3].L1STLB,miss,3.0,count
GPU[1].SA[3].L1STLB,mshr-hit,241.0,count
GPU[1].SA[3].L1ITLB,hit,6.0,count
GPU[1].SA[3].L1ITLB,miss,1.0,count
GPU[1].SA[3].L1ITLB,mshr-hit,0.0,count
GPU[1].SA[4].L1VTLB[0],hit,1252.0,count
GPU[1].SA[4].L1VTLB[0],miss,12.0,count
GPU[1].SA[4].L1VTLB[0],mshr-hit,64.0,count
GPU[1].SA[4].L1VTLB[1],hit,1267.0,count
GPU[1].SA[4].L1VTLB[1],miss,8.0,count
GPU[1].SA[4].L1VTLB[1],mshr-hit,53.0,count
GPU[1].SA[4].L1VTLB[2],hit,1246.0,count
GPU[1].SA[4].L1VTLB[2],miss,8.0,count
GPU[1].SA[4].L1VTLB[2],mshr-hit,74.0,count
GPU[1].SA[4].L1VTLB[3],hit,1236.0,count
GPU[1].SA[4].L1VTLB[3],miss,8.0,count
GPU[1].SA[4].L1VTLB[3],mshr-hit,84.0,count
GPU[1].SA[4].L1STLB,hit,1036.0,count
GPU[1].SA[4].L1STLB,miss,3.0,count
GPU[1].SA[4].L1STLB,mshr-hit,241.0,count
GPU[1].SA[4].L1ITLB,hit,6.0,count
GPU[1].SA[4].L1ITLB,miss,1.0,count
GPU[1].SA[4].L1ITLB,mshr-hit,0.0,count
GPU[1].SA[5].L1VTLB[0],hit,1256.0,count
GPU[1].SA[5].L1VTLB[0],miss,12.0,count
GPU[1].SA[5].L1VTLB[0],mshr-hit,60.0,count
GPU[1].SA[5].L1VTLB[1],hit,1276.0,count
GPU[1].SA[5].L1VTLB[1],miss,8.0,count
GPU[1].SA[5].L1VTLB[1],mshr-hit,44.0,count
GPU[1].SA[5].L1VTLB[2],hit,1248.0,count
GPU[1].SA[5].L1VTLB[2],miss,8.0,count
GPU[1].SA[5].L1VTLB[2],mshr-hit,72.0,count
GPU[1].SA[5].L1VTLB[3],hit,1248.0,count
GPU[1].SA[5].L1VTLB[3],miss,8.0,count
GPU[1].SA[5].L1VTLB[3],mshr-hit,72.0,count
GPU[1].SA[5].L1STLB,hit,1036.0,count
GPU[1].SA[5].L1STLB,miss,3.0,count
GPU[1].SA[5].L1STLB,mshr-hit,241.0,count
GPU[1].SA[5].L1ITLB,hit,6.0,count
GPU[1].SA[5].L1ITLB,miss,1.0,count
GPU[1].SA[5].L1ITLB,mshr-hit,0.0,count
GPU[1].SA[6].L1VTLB[0],hit,1248.0,count
GPU[1].SA[6].L1VTLB[0],miss,12.0,count
GPU[1].SA[6].L1VTLB[0],mshr-hit,68.0,count
GPU[1].SA[6].L1VTLB[1],hit,1268.0,count
GPU[1].SA[6].L1VTLB[1],miss,8.0,count
GPU[1].SA[6].L1VTLB[1],mshr-hit,52.0,count
GPU[1].SA[6].L1VTLB[2],hit,1240.0,count
GPU[1].SA[6].L1VTLB[2],miss,8.0,count
GPU[1].SA[6].L1VTLB[2],mshr-hit,80.0,count
GPU[1].SA[6].L1VTLB[3],hit,1248.0,count
GPU[1].SA[6].L1VTLB[3],miss,8.0,count
GPU[1].SA[6].L1VTLB[3],mshr-hit,72.0,count
GPU[1].SA[6].L1STLB,hit,1036.0,count
GPU[1].SA[6].L1STLB,miss,3.0,count
GPU[1].SA[6].L1STLB,mshr-hit,241.0,count
GPU[1].SA[6].L1ITLB,hit,6.0,count
GPU[1].SA[6].L1ITLB,miss,1.0,count
GPU[1].SA[6].L1ITLB,mshr-hit,0.0,count
GPU[1].SA[7].L1VTLB[0],hit,1253.0,count
GPU[1].SA[7].L1VTLB[0],miss,12.0,count
GPU[1].SA[7].L1VTLB[0],mshr-hit,63.0,count
GPU[1].SA[7].L1VTLB[1],hit,1276.0,count
GPU[1].SA[7].L1VTLB[1],miss,8.0,count
GPU[1].SA[7].L1VTLB[1],mshr-hit,44.0,count
GPU[1].SA[7].L1VTLB[2],hit,1246.0,count
GPU[1].SA[7].L1VTLB[2],miss,8.0,count
GPU[1].SA[7].L1VTLB[2],mshr-hit,74.0,count
GPU[1].SA[7].L1VTLB[3],hit,1248.0,count
GPU[1].SA[7].L1VTLB[3],miss,8.0,count
GPU[1].SA[7].L1VTLB[3],mshr-hit,72.0,count
GPU[1].SA[7].L1STLB,hit,1036.0,count
GPU[1].SA[7].L1STLB,miss,3.0,count
GPU[1].SA[7].L1STLB,mshr-hit,241.0,count
GPU[1].SA[7].L1ITLB,hit,6.0,count
GPU[1].SA[7].L1ITLB,miss,1.0,count
GPU[1].SA[7].L1ITLB,mshr-hit,0.0,count
GPU[1].SA[8].L1VTLB[0],hit,1254.0,count
GPU[1].SA[8].L1VTLB[0],miss,12.0,count
GPU[1].SA[8].L1VTLB[0],mshr-hit,62.0,count
GPU[1].SA[8].L1VTLB[1],hit,1268.0,count
GPU[1].SA[8].L1VTLB[1],miss,8.0,count
GPU[1].SA[8].L1VTLB[1],mshr-hit,52.0,count
GPU[1].SA[8].L1VTLB[2],hit,1248.0,count
GPU[1].SA[8].L1VTLB[2],miss,8.0,count
GPU[1].SA[8].L1VTLB[2],mshr-hit,72.0,count
GPU[1].SA[8].L1VTLB[3],hit,1224.0,count
GPU[1].SA[8].L1VTLB[3],miss,8.0,count
GPU[1].SA[8].L1VTLB[3],mshr-hit,96.0,count
GPU[1].SA[8].L1STLB,hit,1036.0,count
GPU[1].SA[8].L1STLB,miss,3.0,count
GPU[1].SA[8].L1STLB,mshr-hit,241.0,count
GPU[1].SA[8].L1ITLB,hit,6.0,count
GPU[1].SA[8].L1ITLB,miss,1.0,count
GPU[1].SA[8].L1ITLB,mshr-hit,0.0,count
GPU[1].SA[9].L1VTLB[0],hit,1248.0,count
GPU[1].SA[9].L1VTLB[0],miss,12.0,count
GPU[1].SA[9].L1VTLB[0],mshr-hit,68.0,count
GPU[1].SA[9].L1VTLB[1],hit,1276.0,count
GPU[1].SA[9].L1VTLB[1],miss,8.0,count
GPU[1].SA[9].L1VTLB[1],mshr-hit,44.0,count
GPU[1].SA[9].L1VTLB[2],hit,1248.0,count
GPU[1].SA[9].L1VTLB[2],miss,8.0,count
GPU[1].SA[9].L1VTLB[2],mshr-hit,72.0,count
GPU[1].SA[9].L1VTLB[3],hit,1248.0,count
GPU[1].SA[9].L1VTLB[3],miss,8.0,count
GPU[1].SA[9].L1VTLB[3],mshr-hit,72.0,count
GPU[1].SA[9].L1STLB,hit,1036.0,count
GPU[1].SA[9].L1STLB,miss,3.0,count
GPU[1].SA[9].L1STLB,mshr-hit,241.0,count
GPU[1].SA[9].L1ITLB,hit,6.0,count
GPU[1].SA[9].L1ITLB,miss,1.0,count
GPU[1].SA[9].L1ITLB,mshr-hit,0.0,count
GPU[1].SA[10].L1VTLB[0],hit,1258.0,count
GPU[1].SA[10].L1VTLB[0],miss,12.0,count
GPU[1].SA[10].L1VTLB[0],mshr-hit,58.0,count
GPU[1].SA[10].L1VTLB[1],hit,1276.0,count
GPU[1].SA[10].L1VTLB[1],miss,8.0,count
GPU[1].SA[10].L1VTLB[1],mshr-hit,44.0,count
GPU[1].SA[10].L1VTLB[2],hit,1248.0,count
GPU[1].SA[10].L1VTLB[2],miss,8.0,count
GPU[1].SA[10].L1VTLB[2],mshr-hit,72.0,count
GPU[1].SA[10].L1VTLB[3],hit,1232.0,count
GPU[1].SA[10].L1VTLB[3],miss,8.0,count
GPU[1].SA[10].L1VTLB[3],mshr-hit,88.0,count
GPU[1].SA[10].L1STLB,hit,1036.0,count
GPU[1].SA[10].L1STLB,miss,3.0,count
GPU[1].SA[10].L1STLB,mshr-hit,241.0,count
GPU[1].SA[10].L1ITLB,hit,6.0,count
GPU[1].SA[10].L1ITLB,miss,1.0,count
GPU[1].SA[10].L1ITLB,mshr-hit,0.0,count
GPU[1].SA[11].L1VTLB[0],hit,1255.0,count
GPU[1].SA[11].L1VTLB[0],miss,12.0,count
GPU[1].SA[11].L1VTLB[0],mshr-hit,61.0,count
GPU[1].SA[11].L1VTLB[1],hit,1276.0,count
GPU[1].SA[11].L1VTLB[1],miss,8.0,count
GPU[1].SA[11].L1VTLB[1],mshr-hit,44.0,count
GPU[1].SA[11].L1VTLB[2],hit,1244.0,count
GPU[1].SA[11].L1VTLB[2],miss,8.0,count
GPU[1].SA[11].L1VTLB[2],mshr-hit,76.0,count
GPU[1].SA[11].L1VTLB[3],hit,1224.0,count
GPU[1].SA[11].L1VTLB[3],miss,8.0,count
GPU[1].SA[11].L1VTLB[3],mshr-hit,96.0,count
GPU[1].SA[11].L1STLB,hit,1036.0,count
GPU[1].SA[11].L1STLB,miss,3.0,count
GPU[1].SA[11].L1STLB,mshr-hit,241.0,count
GPU[1].SA[11].L1ITLB,hit,6.0,count
GPU[1].SA[11].L1ITLB,miss,1.0,count
GPU[1].SA[11].L1ITLB,mshr-hit,0.0,count
GPU[1].SA[12].L1VTLB[0],hit,1260.0,count
GPU[1].SA[12].L1VTLB[0],miss,12.0,count
GPU[1].SA[12].L1VTLB[0],mshr-hit,56.0,count
GPU[1].SA[12].L1VTLB[1],hit,1268.0,count
GPU[1].SA[12].L1VTLB[1],miss,8.0,count
GPU[1].SA[12].L1VTLB[1],mshr-hit,52.0,count
GPU[1].SA[12].L1VTLB[2],hit,1244.0,count
GPU[1].SA[12].L1VTLB[2],miss,8.0,count
GPU[1].SA[12].L1VTLB[2],mshr-hit,76.0,count
GPU[1].SA[12].L1VTLB[3],hit,1246.0,count
GPU[1].SA[12].L1VTLB[3],miss,8.0,count
GPU[1].SA[12].L1VTLB[3],mshr-hit,74.0,count
GPU[1].SA[12].L1STLB,hit,1036.0,count
GPU[1].SA[12].L1STLB,miss,3.0,count
GPU[1].SA[12].L1STLB,mshr-hit,241.0,count
GPU[1].SA[12].L1ITLB,hit,6.0,count
GPU[1].SA[12].L1ITLB,miss,1.0,count
GPU[1].SA[12].L1ITLB,mshr-hit,0.0,count
GPU[1].SA[13].L1VTLB[0],hit,1260.0,count
GPU[1].SA[13].L1VTLB[0],miss,12.0,count
GPU[1].SA[13].L1VTLB[0],mshr-hit,56.0,count
GPU[1].SA[13].L1VTLB[1],hit,1276.0,count
GPU[1].SA[13].L1VTLB[1],miss,8.0,count
GPU[1].SA[13].L1VTLB[1],mshr-hit,44.0,count
GPU[1].SA[13].L1VTLB[2],hit,1248.0,count
GPU[1].SA[13].L1VTLB[2],miss,8.0,count
GPU[1].SA[13].L1VTLB[2],mshr-hit,72.0,count
GPU[1].SA[13].L1VTLB[3],hit,1248.0,count
GPU[1].SA[13].L1VTLB[3],miss,8.0,count
GPU[1].SA[13].L1VTLB[3],mshr-hit,72.0,count
GPU[1].SA[13].L1STLB,hit,1036.0,count
GPU[1].SA[13].L1STLB,miss,3.0,count
GPU[1].SA[13].L1STLB,mshr-hit,241.0,count
GPU[1].SA[13].L1ITLB,hit,6.0,count
GPU[1].SA[13].L1ITLB,miss,1.0,count
GPU[1].SA[13].L1ITLB,mshr-hit,0.0,count
GPU[1].SA[14].L1VTLB[0],hit,1256.0,count
GPU[1].SA[14].L1VTLB[0],miss,12.0,count
GPU[1].SA[14].L1VTLB[0],mshr-hit,60.0,count
GPU[1].SA[14].L1VTLB[1],hit,1273.0,count
GPU[1].SA[14].L1VTLB[1],miss,8.0,count
GPU[1].SA[14].L1VTLB[1],mshr-hit,47.0,count
GPU[1].SA[14].L1VTLB[2],hit,1248.0,count
GPU[1].SA[14].L1VTLB[2],miss,8.0,count
GPU[1].SA[14].L1VTLB[2],mshr-hit,72.0,count
GPU[1].SA[14].L1VTLB[3],hit,1244.0,count
GPU[1].SA[14].L1VTLB[3],miss,8.0,count
GPU[1].SA[14].L1VTLB[3],mshr-hit,76.0,count
GPU[1].SA[14].L1STLB,hit,1036.0,count
GPU[1].SA[14].L1STLB,miss,3.0,count
GPU[1].SA[14].L1STLB,mshr-hit,241.0,count
GPU[1].SA[14].L1ITLB,hit,6.0,count
GPU[1].SA[14].L1ITLB,miss,1.0,count
GPU[1].SA[14].L1ITLB,mshr-hit,0.0,count
GPU[1].SA[15].L1VTLB[0],hit,1260.0,count
GPU[1].SA[15].L1VTLB[0],miss,12.0,count
GPU[1].SA[15].L1VTLB[0],mshr-hit,56.0,count
GPU[1].SA[15].L1VTLB[1],hit,1276.0,count
GPU[1].SA[15].L1VTLB[1],miss,8.0,count
GPU[1].SA[15].L1VTLB[1],mshr-hit,44.0,count
GPU[1].SA[15].L1VTLB[2],hit,1248.0,count
GPU[1].SA[15].L1VTLB[2],miss,8.0,count
GPU[1].SA[15].L1VTLB[2],mshr-hit,72.0,count
GPU[1].SA[15].L1VTLB[3],hit,1236.0,count
GPU[1].SA[15].L1VTLB[3],miss,8.0,count
GPU[1].SA[15].L1VTLB[3],mshr-hit,84.0,count
GPU[1].SA[15].L1STLB,hit,1036.0,count
GPU[1].SA[15].L1STLB,miss,3.0,count
GPU[1].SA[15].L1STLB,mshr-hit,241.0,count
GPU[1].SA[15].L1ITLB,hit,6.0,count
GPU[1].SA[15].L1ITLB,miss,1.0,count
GPU[1].SA[15].L1ITLB,mshr-hit,0.0,count
GPU[1].RDMA,outgoing_trans_count,0.0,count
GPU[1].RDMA,incoming_trans_count,0.0,count
GPU[1].DRAM[0],read_trans_count,308.0,count
GPU[1].DRAM[0],write_trans_count,261.0,count
GPU[1].DRAM[0],read_avg_latency,9.90000000000002e-08,second
GPU[1].DRAM[0],write_avg_latency,9.90000000000002e-08,second
GPU[1].DRAM[0],read_size,19712.0,bytes
GPU[1].DRAM[0],write_size,16704.0,bytes
GPU[1].DRAM[1],read_trans_count,303.0,count
GPU[1].DRAM[1],write_trans_count,258.0,count
GPU[1].DRAM[1],read_avg_latency,9.90000000000002e-08,second
GPU[1].DRAM[1],write_avg_latency,9.90000000000002e-08,second
GPU[1].DRAM[1],read_size,19392.0,bytes
GPU[1].DRAM[1],write_size,16484.0,bytes
GPU[1].DRAM[2],read_trans_count,298.0,count
GPU[1].DRAM[2],write_trans_count,256.0,count
GPU[1].DRAM[2],read_avg_latency,9.90000000000002e-08,second
GPU[1].DRAM[2],write_avg_latency,9.90000000000002e-08,second
GPU[1].DRAM[2],read_size,19072.0,bytes
GPU[1].DRAM[2],write_size,16384.0,bytes
GPU[1].DRAM[3],read_trans_count,299.0,count
GPU[1].DRAM[3],write_trans_count,256.0,count
GPU[1].DRAM[3],read_avg_latency,9.90000000000002e-08,second
GPU[1].DRAM[3],write_avg_latency,9.90000000000002e-08,second
GPU[1].DRAM[3],read_size,19136.0,bytes
GPU[1].DRAM[3],write_size,16384.0,bytes
GPU[1].DRAM[4],read_trans_count,301.0,count
GPU[1].DRAM[4],write_trans_count,256.0,count
GPU[1].DRAM[4],read_avg_latency,9.90000000000002e-08,second
GPU[1].DRAM[4],write_avg_latency,9.90000000000002e-08,second
GPU[1].DRAM[4],read_size,19264.0,bytes
GPU[1].DRAM[4],write_size,16384.0,bytes
GPU[1].DRAM[5],read_trans_count,301.0,count
GPU[1].DRAM[5],write_trans_count,256.0,count
GPU[1].DRAM[5],read_avg_latency,9.90000000000002e-08,second
GPU[1].DRAM[5],write_avg_latency,9.90000000000002e-08,second
GPU[1].DRAM[5],read_size,19264.0,bytes
GPU[1].DRAM[5],write_size,16384.0,bytes
GPU[1].DRAM[6],read_trans_count,300.0,count
GPU[1].DRAM[6],write_trans_count,256.0,count
GPU[1].DRAM[6],read_avg_latency,9.90000000000002e-08,second
GPU[1].DRAM[6],write_avg_latency,9.90000000000002e-08,second
GPU[1].DRAM[6],read_size,19200.0,bytes
GPU[1].DRAM[6],write_size,16384.0,bytes
GPU[1].DRAM[7],read_trans_count,309.0,count
GPU[1].DRAM[7],write_trans_count,256.0,count
GPU[1].DRAM[7],read_avg_latency,9.90000000000002e-08,second
GPU[1].DRAM[7],write_avg_latency,9.90000000000002e-08,second
GPU[1].DRAM[7],read_size,19776.0,bytes
GPU[1].DRAM[7],write_size,16384.0,bytes
GPU[1].DRAM[8],read_trans_count,311.0,count
GPU[1].DRAM[8],write_trans_count,256.0,count
GPU[1].DRAM[8],read_avg_latency,9.90000000000002e-08,second
GPU[1].DRAM[8],write_avg_latency,9.90000000000002e-08,second
GPU[1].DRAM[8],read_size,19904.0,bytes
GPU[1].DRAM[8],write_size,16384.0,bytes
GPU[1].DRAM[9],read_trans_count,310.0,count
GPU[1].DRAM[9],write_trans_count,256.0,count
GPU[1].DRAM[9],read_avg_latency,9.90000000000002e-08,second
GPU[1].DRAM[9],write_avg_latency,9.90000000000002e-08,second
GPU[1].DRAM[9],read_size,19840.0,bytes
GPU[1].DRAM[9],write_size,16384.0,bytes
GPU[1].DRAM[10],read_trans_count,304.0,count
GPU[1].DRAM[10],write_trans_count,256.0,count
GPU[1].DRAM[10],read_avg_latency,9.90000000000002e-08,second
GPU[1].DRAM[10],write_avg_latency,9.90000000000002e-08,second
GPU[1].DRAM[10],read_size,19456.0,bytes
GPU[1].DRAM[10],write_size,16384.0,bytes
GPU[1].DRAM[11],read_trans_count,304.0,count
GPU[1].DRAM[11],write_trans_count,256.0,count
GPU[1].DRAM[11],read_avg_latency,9.90000000000002e-08,second
GPU[1].DRAM[11],write_avg_latency,9.90000000000002e-08,second
GPU[1].DRAM[11],read_size,19456.0,bytes
GPU[1].DRAM[11],write_size,16384.0,bytes
GPU[1].DRAM[12],read_trans_count,305.0,count
GPU[1].DRAM[12],write_trans_count,256.0,count
GPU[1].DRAM[12],read_avg_latency,9.90000000000002e-08,second
GPU[1].DRAM[12],write_avg_latency,9.90000000000002e-08,second
GPU[1].DRAM[12],read_size,19520.0,bytes
GPU[1].DRAM[12],write_size,16384.0,bytes
GPU[1].DRAM[13],read_trans_count,304.0,count
GPU[1].DRAM[13],write_trans_count,256.0,count
GPU[1].DRAM[13],read_avg_latency,9.90000000000002e-08,second
GPU[1].DRAM[13],write_avg_latency,9.90000000000002e-08,second
GPU[1].DRAM[13],read_size,19456.0,bytes
GPU[1].DRAM[13],write_size,16384.0,bytes
GPU[1].DRAM[14],read_trans_count,303.0,count
GPU[1].DRAM[14],write_trans_count,256.0,count
GPU[1].DRAM[14],read_avg_latency,9.90000000000002e-08,second
GPU[1].DRAM[14],write_avg_latency,9.90000000000002e-08,second
GPU[1].DRAM[14],read_size,19392.0,bytes
GPU[1].DRAM[14],write_size,16384.0,bytes
GPU[1].DRAM[15],read_trans_count,314.0,count
GPU[1].DRAM[15],write_trans_count,256.0,count
GPU[1].DRAM[15],read_avg_latency,9.90000000000002e-08,second
GPU[1].DRAM[15],write_avg_latency,9.90000000000002e-08,second
GPU[1].DRAM[15],read_size,20096.0,bytes
GPU[1].DRAM[15],write_size,16384.0,bytes
