Location,What,Value,Unit
Driver,kernel_time,1.0768e-05,second
GPU[1].CommandProcessor,kernel_time,1.0766e-05,second
GPU[1].SA[0].CU[0],cu_inst_count,6272.0,count
GPU[1].SA[0].CU[0],cu_CPI,1.71683673469388,cycles/inst
GPU[1].SA[0].CU[0],simd_inst_count,4016.0,count
GPU[1].SA[0].CU[0],simd_CPI,2.68127490039841,cycles/inst
GPU[1].SA[0].CU[1],cu_inst_count,6272.0,count
GPU[1].SA[0].CU[1],cu_CPI,1.71683673469388,cycles/inst
GPU[1].SA[0].CU[1],simd_inst_count,4016.0,count
GPU[1].SA[0].CU[1],simd_CPI,2.68127490039841,cycles/inst
GPU[1].SA[0].CU[2],cu_inst_count,6272.0,count
GPU[1].SA[0].CU[2],cu_CPI,1.71683673469388,cycles/inst
GPU[1].SA[0].CU[2],simd_inst_count,4016.0,count
GPU[1].SA[0].CU[2],simd_CPI,2.68127490039841,cycles/inst
GPU[1].SA[0].CU[3],cu_inst_count,6272.0,count
GPU[1].SA[0].CU[3],cu_CPI,1.71683673469388,cycles/inst
GPU[1].SA[0].CU[3],simd_inst_count,4016.0,count
GPU[1].SA[0].CU[3],simd_CPI,2.68127490039841,cycles/inst
GPU[1].SA[1].CU[0],cu_inst_count,6272.0,count
GPU[1].SA[1].CU[0],cu_CPI,1.71683673469388,cycles/inst
GPU[1].SA[1].CU[0],simd_inst_count,4016.0,count
GPU[1].SA[1].CU[0],simd_CPI,2.68127490039841,cycles/inst
GPU[1].SA[1].CU[1],cu_inst_count,6272.0,count
GPU[1].SA[1].CU[1],cu_CPI,1.71683673469388,cycles/inst
GPU[1].SA[1].CU[1],simd_inst_count,4016.0,count
GPU[1].SA[1].CU[1],simd_CPI,2.68127490039841,cycles/inst
GPU[1].SA[1].CU[2],cu_inst_count,6272.0,count
GPU[1].SA[1].CU[2],cu_CPI,1.71683673469388,cycles/inst
GPU[1].SA[1].CU[2],simd_inst_count,4016.0,count
GPU[1].SA[1].CU[2],simd_CPI,2.68127490039841,cycles/inst
GPU[1].SA[1].CU[3],cu_inst_count,6272.0,count
GPU[1].SA[1].CU[3],cu_CPI,1.71683673469388,cycles/inst
GPU[1].SA[1].CU[3],simd_inst_count,4016.0,count
GPU[1].SA[1].CU[3],simd_CPI,2.68127490039841,cycles/inst
GPU[1].SA[2].CU[0],cu_inst_count,6272.0,count
GPU[1].SA[2].CU[0],cu_CPI,1.71683673469388,cycles/inst
GPU[1].SA[2].CU[0],simd_inst_count,4016.0,count
GPU[1].SA[2].CU[0],simd_CPI,2.68127490039841,cycles/inst
GPU[1].SA[2].CU[1],cu_inst_count,6272.0,count
GPU[1].SA[2].CU[1],cu_CPI,1.71683673469388,cycles/inst
GPU[1].SA[2].CU[1],simd_inst_count,4016.0,count
GPU[1].SA[2].CU[1],simd_CPI,2.68127490039841,cycles/inst
GPU[1].SA[2].CU[2],cu_inst_count,6272.0,count
GPU[1].SA[2].CU[2],cu_CPI,1.71683673469388,cycles/inst
GPU[1].SA[2].CU[2],simd_inst_count,4016.0,count
GPU[1].SA[2].CU[2],simd_CPI,2.68127490039841,cycles/inst
GPU[1].SA[2].CU[3],cu_inst_count,6272.0,count
GPU[1].SA[2].CU[3],cu_CPI,1.71683673469388,cycles/inst
GPU[1].SA[2].CU[3],simd_inst_count,4016.0,count
GPU[1].SA[2].CU[3],simd_CPI,2.68127490039841,cycles/inst
GPU[1].SA[3].CU[0],cu_inst_count,6272.0,count
GPU[1].SA[3].CU[0],cu_CPI,1.71683673469388,cycles/inst
GPU[1].SA[3].CU[0],simd_inst_count,4016.0,count
GPU[1].SA[3].CU[0],simd_CPI,2.68127490039841,cycles/inst
GPU[1].SA[3].CU[1],cu_inst_count,6272.0,count
GPU[1].SA[3].CU[1],cu_CPI,1.71683673469388,cycles/inst
GPU[1].SA[3].CU[1],simd_inst_count,4016.0,count
GPU[1].SA[3].CU[1],simd_CPI,2.68127490039841,cycles/inst
GPU[1].SA[3].CU[2],cu_inst_count,6272.0,count
GPU[1].SA[3].CU[2],cu_CPI,1.71683673469388,cycles/inst
GPU[1].SA[3].CU[2],simd_inst_count,4016.0,count
GPU[1].SA[3].CU[2],simd_CPI,2.68127490039841,cycles/inst
GPU[1].SA[3].CU[3],cu_inst_count,6272.0,count
GPU[1].SA[3].CU[3],cu_CPI,1.71683673469388,cycles/inst
GPU[1].SA[3].CU[3],simd_inst_count,4016.0,count
GPU[1].SA[3].CU[3],simd_CPI,2.68127490039841,cycles/inst
GPU[1].SA[4].CU[0],cu_inst_count,6272.0,count
GPU[1].SA[4].CU[0],cu_CPI,1.71683673469388,cycles/inst
GPU[1].SA[4].CU[0],simd_inst_count,4016.0,count
GPU[1].SA[4].CU[0],simd_CPI,2.68127490039841,cycles/inst
GPU[1].SA[4].CU[1],cu_inst_count,6272.0,count
GPU[1].SA[4].CU[1],cu_CPI,1.71683673469388,cycles/inst
GPU[1].SA[4].CU[1],simd_inst_count,4016.0,count
GPU[1].SA[4].CU[1],simd_CPI,2.68127490039841,cycles/inst
GPU[1].SA[4].CU[2],cu_inst_count,6272.0,count
GPU[1].SA[4].CU[2],cu_CPI,1.71683673469388,cycles/inst
GPU[1].SA[4].CU[2],simd_inst_count,4016.0,count
GPU[1].SA[4].CU[2],simd_CPI,2.68127490039841,cycles/inst
GPU[1].SA[4].CU[3],cu_inst_count,6272.0,count
GPU[1].SA[4].CU[3],cu_CPI,1.71683673469388,cycles/inst
GPU[1].SA[4].CU[3],simd_inst_count,4016.0,count
GPU[1].SA[4].CU[3],simd_CPI,2.68127490039841,cycles/inst
GPU[1].SA[5].CU[0],cu_inst_count,6272.0,count
GPU[1].SA[5].CU[0],cu_CPI,1.71683673469388,cycles/inst
GPU[1].SA[5].CU[0],simd_inst_count,4016.0,count
GPU[1].SA[5].CU[0],simd_CPI,2.68127490039841,cycles/inst
GPU[1].SA[5].CU[1],cu_inst_count,6272.0,count
GPU[1].SA[5].CU[1],cu_CPI,1.71683673469388,cycles/inst
GPU[1].SA[5].CU[1],simd_inst_count,4016.0,count
GPU[1].SA[5].CU[1],simd_CPI,2.68127490039841,cycles/inst
GPU[1].SA[5].CU[2],cu_inst_count,6272.0,count
GPU[1].SA[5].CU[2],cu_CPI,1.71683673469388,cycles/inst
GPU[1].SA[5].CU[2],simd_inst_count,4016.0,count
GPU[1].SA[5].CU[2],simd_CPI,2.68127490039841,cycles/inst
GPU[1].SA[5].CU[3],cu_inst_count,6272.0,count
GPU[1].SA[5].CU[3],cu_CPI,1.71683673469388,cycles/inst
GPU[1].SA[5].CU[3],simd_inst_count,4016.0,count
GPU[1].SA[5].CU[3],simd_CPI,2.68127490039841,cycles/inst
GPU[1].SA[6].CU[0],cu_inst_count,6272.0,count
GPU[1].SA[6].CU[0],cu_CPI,1.71683673469388,cycles/inst
GPU[1].SA[6].CU[0],simd_inst_count,4016.0,count
GPU[1].SA[6].CU[0],simd_CPI,2.68127490039841,cycles/inst
GPU[1].SA[6].CU[1],cu_inst_count,6272.0,count
GPU[1].SA[6].CU[1],cu_CPI,1.71683673469388,cycles/inst
GPU[1].SA[6].CU[1],simd_inst_count,4016.0,count
GPU[1].SA[6].CU[1],simd_CPI,2.68127490039841,cycles/inst
GPU[1].SA[6].CU[2],cu_inst_count,6272.0,count
GPU[1].SA[6].CU[2],cu_CPI,1.71683673469388,cycles/inst
GPU[1].SA[6].CU[2],simd_inst_count,4016.0,count
GPU[1].SA[6].CU[2],simd_CPI,2.68127490039841,cycles/inst
GPU[1].SA[6].CU[3],cu_inst_count,6272.0,count
GPU[1].SA[6].CU[3],cu_CPI,1.71683673469388,cycles/inst
GPU[1].SA[6].CU[3],simd_inst_count,4016.0,count
GPU[1].SA[6].CU[3],simd_CPI,2.68127490039841,cycles/inst
GPU[1].SA[7].CU[0],cu_inst_count,6272.0,count
GPU[1].SA[7].CU[0],cu_CPI,1.71683673469388,cycles/inst
GPU[1].SA[7].CU[0],simd_inst_count,4016.0,count
GPU[1].SA[7].CU[0],simd_CPI,2.68127490039841,cycles/inst
GPU[1].SA[7].CU[1],cu_inst_count,6272.0,count
GPU[1].SA[7].CU[1],cu_CPI,1.71683673469388,cycles/inst
GPU[1].SA[7].CU[1],simd_inst_count,4016.0,count
GPU[1].SA[7].CU[1],simd_CPI,2.68127490039841,cycles/inst
GPU[1].SA[7].CU[2],cu_inst_count,6272.0,count
GPU[1].SA[7].CU[2],cu_CPI,1.71683673469388,cycles/inst
GPU[1].SA[7].CU[2],simd_inst_count,4016.0,count
GPU[1].SA[7].CU[2],simd_CPI,2.68127490039841,cycles/inst
GPU[1].SA[7].CU[3],cu_inst_count,6272.0,count
GPU[1].SA[7].CU[3],cu_CPI,1.71683673469388,cycles/inst
GPU[1].SA[7].CU[3],simd_inst_count,4016.0,count
GPU[1].SA[7].CU[3],simd_CPI,2.68127490039841,cycles/inst
GPU[1].SA[8].CU[0],cu_inst_count,6272.0,count
GPU[1].SA[8].CU[0],cu_CPI,1.71683673469388,cycles/inst
GPU[1].SA[8].CU[0],simd_inst_count,4016.0,count
GPU[1].SA[8].CU[0],simd_CPI,2.68127490039841,cycles/inst
GPU[1].SA[8].CU[1],cu_inst_count,6272.0,count
GPU[1].SA[8].CU[1],cu_CPI,1.71683673469388,cycles/inst
GPU[1].SA[8].CU[1],simd_inst_count,4016.0,count
GPU[1].SA[8].CU[1],simd_CPI,2.68127490039841,cycles/inst
GPU[1].SA[8].CU[2],cu_inst_count,6272.0,count
GPU[1].SA[8].CU[2],cu_CPI,1.71683673469388,cycles/inst
GPU[1].SA[8].CU[2],simd_inst_count,4016.0,count
GPU[1].SA[8].CU[2],simd_CPI,2.68127490039841,cycles/inst
GPU[1].SA[8].CU[3],cu_inst_count,6272.0,count
GPU[1].SA[8].CU[3],cu_CPI,1.71683673469388,cycles/inst
GPU[1].SA[8].CU[3],simd_inst_count,4016.0,count
GPU[1].SA[8].CU[3],simd_CPI,2.68127490039841,cycles/inst
GPU[1].SA[9].CU[0],cu_inst_count,6272.0,count
GPU[1].SA[9].CU[0],cu_CPI,1.71683673469388,cycles/inst
GPU[1].SA[9].CU[0],simd_inst_count,4016.0,count
GPU[1].SA[9].CU[0],simd_CPI,2.68127490039841,cycles/inst
GPU[1].SA[9].CU[1],cu_inst_count,6272.0,count
GPU[1].SA[9].CU[1],cu_CPI,1.71683673469388,cycles/inst
GPU[1].SA[9].CU[1],simd_inst_count,4016.0,count
GPU[1].SA[9].CU[1],simd_CPI,2.68127490039841,cycles/inst
GPU[1].SA[9].CU[2],cu_inst_count,6272.0,count
GPU[1].SA[9].CU[2],cu_CPI,1.71683673469388,cycles/inst
GPU[1].SA[9].CU[2],simd_inst_count,4016.0,count
GPU[1].SA[9].CU[2],simd_CPI,2.68127490039841,cycles/inst
GPU[1].SA[9].CU[3],cu_inst_count,6272.0,count
GPU[1].SA[9].CU[3],cu_CPI,1.71683673469388,cycles/inst
GPU[1].SA[9].CU[3],simd_inst_count,4016.0,count
GPU[1].SA[9].CU[3],simd_CPI,2.68127490039841,cycles/inst
GPU[1].SA[10].CU[0],cu_inst_count,6272.0,count
GPU[1].SA[10].CU[0],cu_CPI,1.71683673469388,cycles/inst
GPU[1].SA[10].CU[0],simd_inst_count,4016.0,count
GPU[1].SA[10].CU[0],simd_CPI,2.68127490039841,cycles/inst
GPU[1].SA[10].CU[1],cu_inst_count,6272.0,count
GPU[1].SA[10].CU[1],cu_CPI,1.71683673469388,cycles/inst
GPU[1].SA[10].CU[1],simd_inst_count,4016.0,count
GPU[1].SA[10].CU[1],simd_CPI,2.68127490039841,cycles/inst
GPU[1].SA[10].CU[2],cu_inst_count,6272.0,count
GPU[1].SA[10].CU[2],cu_CPI,1.71683673469388,cycles/inst
GPU[1].SA[10].CU[2],simd_inst_count,4016.0,count
GPU[1].SA[10].CU[2],simd_CPI,2.68127490039841,cycles/inst
GPU[1].SA[10].CU[3],cu_inst_count,6272.0,count
GPU[1].SA[10].CU[3],cu_CPI,1.71683673469388,cycles/inst
GPU[1].SA[10].CU[3],simd_inst_count,4016.0,count
GPU[1].SA[10].CU[3],simd_CPI,2.68127490039841,cycles/inst
GPU[1].SA[11].CU[0],cu_inst_count,6272.0,count
GPU[1].SA[11].CU[0],cu_CPI,1.71683673469388,cycles/inst
GPU[1].SA[11].CU[0],simd_inst_count,4016.0,count
GPU[1].SA[11].CU[0],simd_CPI,2.68127490039841,cycles/inst
GPU[1].SA[11].CU[1],cu_inst_count,6272.0,count
GPU[1].SA[11].CU[1],cu_CPI,1.71683673469388,cycles/inst
GPU[1].SA[11].CU[1],simd_inst_count,4016.0,count
GPU[1].SA[11].CU[1],simd_CPI,2.68127490039841,cycles/inst
GPU[1].SA[11].CU[2],cu_inst_count,6272.0,count
GPU[1].SA[11].CU[2],cu_CPI,1.71683673469388,cycles/inst
GPU[1].SA[11].CU[2],simd_inst_count,4016.0,count
GPU[1].SA[11].CU[2],simd_CPI,2.68127490039841,cycles/inst
GPU[1].SA[11].CU[3],cu_inst_count,6272.0,count
GPU[1].SA[11].CU[3],cu_CPI,1.71683673469388,cycles/inst
GPU[1].SA[11].CU[3],simd_inst_count,4016.0,count
GPU[1].SA[11].CU[3],simd_CPI,2.68127490039841,cycles/inst
GPU[1].SA[12].CU[0],cu_inst_count,6272.0,count
GPU[1].SA[12].CU[0],cu_CPI,1.71683673469388,cycles/inst
GPU[1].SA[12].CU[0],simd_inst_count,4016.0,count
GPU[1].SA[12].CU[0],simd_CPI,2.68127490039841,cycles/inst
GPU[1].SA[12].CU[1],cu_inst_count,6272.0,count
GPU[1].SA[12].CU[1],cu_CPI,1.71683673469388,cycles/inst
GPU[1].SA[12].CU[1],simd_inst_count,4016.0,count
GPU[1].SA[12].CU[1],simd_CPI,2.68127490039841,cycles/inst
GPU[1].SA[12].CU[2],cu_inst_count,6272.0,count
GPU[1].SA[12].CU[2],cu_CPI,1.71683673469388,cycles/inst
GPU[1].SA[12].CU[2],simd_inst_count,4016.0,count
GPU[1].SA[12].CU[2],simd_CPI,2.68127490039841,cycles/inst
GPU[1].SA[12].CU[3],cu_inst_count,6272.0,count
GPU[1].SA[12].CU[3],cu_CPI,1.71683673469388,cycles/inst
GPU[1].SA[12].CU[3],simd_inst_count,4016.0,count
GPU[1].SA[12].CU[3],simd_CPI,2.68127490039841,cycles/inst
GPU[1].SA[13].CU[0],cu_inst_count,6272.0,count
GPU[1].SA[13].CU[0],cu_CPI,1.71683673469388,cycles/inst
GPU[1].SA[13].CU[0],simd_inst_count,4016.0,count
GPU[1].SA[13].CU[0],simd_CPI,2.68127490039841,cycles/inst
GPU[1].SA[13].CU[1],cu_inst_count,6272.0,count
GPU[1].SA[13].CU[1],cu_CPI,1.71683673469388,cycles/inst
GPU[1].SA[13].CU[1],simd_inst_count,4016.0,count
GPU[1].SA[13].CU[1],simd_CPI,2.68127490039841,cycles/inst
GPU[1].SA[13].CU[2],cu_inst_count,6272.0,count
GPU[1].SA[13].CU[2],cu_CPI,1.71683673469388,cycles/inst
GPU[1].SA[13].CU[2],simd_inst_count,4016.0,count
GPU[1].SA[13].CU[2],simd_CPI,2.68127490039841,cycles/inst
GPU[1].SA[13].CU[3],cu_inst_count,6272.0,count
GPU[1].SA[13].CU[3],cu_CPI,1.71683673469388,cycles/inst
GPU[1].SA[13].CU[3],simd_inst_count,4016.0,count
GPU[1].SA[13].CU[3],simd_CPI,2.68127490039841,cycles/inst
GPU[1].SA[14].CU[0],cu_inst_count,6272.0,count
GPU[1].SA[14].CU[0],cu_CPI,1.71683673469388,cycles/inst
GPU[1].SA[14].CU[0],simd_inst_count,4016.0,count
GPU[1].SA[14].CU[0],simd_CPI,2.68127490039841,cycles/inst
GPU[1].SA[14].CU[1],cu_inst_count,6272.0,count
GPU[1].SA[14].CU[1],cu_CPI,1.71683673469388,cycles/inst
GPU[1].SA[14].CU[1],simd_inst_count,4016.0,count
GPU[1].SA[14].CU[1],simd_CPI,2.68127490039841,cycles/inst
GPU[1].SA[14].CU[2],cu_inst_count,6272.0,count
GPU[1].SA[14].CU[2],cu_CPI,1.71683673469388,cycles/inst
GPU[1].SA[14].CU[2],simd_inst_count,4016.0,count
GPU[1].SA[14].CU[2],simd_CPI,2.68127490039841,cycles/inst
GPU[1].SA[14].CU[3],cu_inst_count,6272.0,count
GPU[1].SA[14].CU[3],cu_CPI,1.71683673469388,cycles/inst
GPU[1].SA[14].CU[3],simd_inst_count,4016.0,count
GPU[1].SA[14].CU[3],simd_CPI,2.68127490039841,cycles/inst
GPU[1].SA[15].CU[0],cu_inst_count,6272.0,count
GPU[1].SA[15].CU[0],cu_CPI,1.71683673469388,cycles/inst
GPU[1].SA[15].CU[0],simd_inst_count,4016.0,count
GPU[1].SA[15].CU[0],simd_CPI,2.68127490039841,cycles/inst
GPU[1].SA[15].CU[1],cu_inst_count,6272.0,count
GPU[1].SA[15].CU[1],cu_CPI,1.71683673469388,cycles/inst
GPU[1].SA[15].CU[1],simd_inst_count,4016.0,count
GPU[1].SA[15].CU[1],simd_CPI,2.68127490039841,cycles/inst
GPU[1].SA[15].CU[2],cu_inst_count,6272.0,count
GPU[1].SA[15].CU[2],cu_CPI,1.71683673469388,cycles/inst
GPU[1].SA[15].CU[2],simd_inst_count,4016.0,count
GPU[1].SA[15].CU[2],simd_CPI,2.68127490039841,cycles/inst
GPU[1].SA[15].CU[3],cu_inst_count,6272.0,count
GPU[1].SA[15].CU[3],cu_CPI,1.71683673469388,cycles/inst
GPU[1].SA[15].CU[3],simd_inst_count,4016.0,count
GPU[1].SA[15].CU[3],simd_CPI,2.68127490039841,cycles/inst
GPU[1].SA[0].CU[0],CPIStack.Branch,0.00334821428571487,cycles/inst
GPU[1].SA[0].CU[0],CPIStack.Fetch,0.0566007653061222,cycles/inst
GPU[1].SA[0].CU[0],CPIStack.Idle,0.000478316326530581,cycles/inst
GPU[1].SA[0].CU[0],CPIStack.ScalarInst,0.0191326530612243,cycles/inst
GPU[1].SA[0].CU[0],CPIStack.ScalarMem,0.0623405612244901,cycles/inst
GPU[1].SA[0].CU[0],CPIStack.ScalarMemInst,0.00143494897959188,cycles/inst
GPU[1].SA[0].CU[0],CPIStack.Special,0.000318877551020567,cycles/inst
GPU[1].SA[0].CU[0],CPIStack.VALU,0.939094387755102,cycles/inst
GPU[1].SA[0].CU[0],CPIStack.VMem,0.037946428571428,cycles/inst
GPU[1].SA[0].CU[0],CPIStack.VMemInst,0.00573979591836751,cycles/inst
GPU[1].SA[0].CU[0],CPIStack.total,1.71635841836735,cycles/inst
GPU[1].SA[0].CU[0],SIMDCPIStack.Branch,0.00522908366533957,cycles/inst
GPU[1].SA[0].CU[0],SIMDCPIStack.Fetch,0.0883964143426291,cycles/inst
GPU[1].SA[0].CU[0],SIMDCPIStack.Idle,0.000747011952191186,cycles/inst
GPU[1].SA[0].CU[0],SIMDCPIStack.ScalarInst,0.0298804780876491,cycles/inst
GPU[1].SA[0].CU[0],SIMDCPIStack.ScalarMem,0.0973605577689248,cycles/inst
GPU[1].SA[0].CU[0],SIMDCPIStack.ScalarMemInst,0.00224103585657377,cycles/inst
GPU[1].SA[0].CU[0],SIMDCPIStack.Special,0.000498007968127738,cycles/inst
GPU[1].SA[0].CU[0],SIMDCPIStack.VALU,1.46663346613546,cycles/inst
GPU[1].SA[0].CU[0],SIMDCPIStack.VMem,0.0592629482071705,cycles/inst
GPU[1].SA[0].CU[0],SIMDCPIStack.VMemInst,0.00896414342629507,cycles/inst
GPU[1].SA[0].CU[0],SIMDCPIStack.total,2.68052788844621,cycles/inst
GPU[1].SA[0].CU[1],CPIStack.Branch,0.00175382653061258,cycles/inst
GPU[1].SA[0].CU[1],CPIStack.Fetch,0.0537308673469387,cycles/inst
GPU[1].SA[0].CU[1],CPIStack.Idle,0.000159438775510284,cycles/inst
GPU[1].SA[0].CU[1],CPIStack.ScalarInst,0.0111607142857142,cycles/inst
GPU[1].SA[0].CU[1],CPIStack.ScalarMem,0.061065051020408,cycles/inst
GPU[1].SA[0].CU[1],CPIStack.ScalarMemInst,0.000478316326530716,cycles/inst
GPU[1].SA[0].CU[1],CPIStack.Special,0.0,cycles/inst
GPU[1].SA[0].CU[1],CPIStack.VALU,0.908482142857143,cycles/inst
GPU[1].SA[0].CU[1],CPIStack.VMem,0.0393813775510198,cycles/inst
GPU[1].SA[0].CU[1],CPIStack.VMemInst,0.000797193877551148,cycles/inst
GPU[1].SA[0].CU[1],CPIStack.total,1.71635841836735,cycles/inst
GPU[1].SA[0].CU[1],SIMDCPIStack.Branch,0.00273904382470172,cycles/inst
GPU[1].SA[0].CU[1],SIMDCPIStack.Fetch,0.0839143426294819,cycles/inst
GPU[1].SA[0].CU[1],SIMDCPIStack.Idle,0.000249003984063869,cycles/inst
GPU[1].SA[0].CU[1],SIMDCPIStack.ScalarInst,0.017430278884462,cycles/inst
GPU[1].SA[0].CU[1],SIMDCPIStack.ScalarMem,0.095368525896414,cycles/inst
GPU[1].SA[0].CU[1],SIMDCPIStack.ScalarMemInst,0.000747011952191397,cycles/inst
GPU[1].SA[0].CU[1],SIMDCPIStack.Special,0.0,cycles/inst
GPU[1].SA[0].CU[1],SIMDCPIStack.VALU,1.41882470119522,cycles/inst
GPU[1].SA[0].CU[1],SIMDCPIStack.VMem,0.061503984063744,cycles/inst
GPU[1].SA[0].CU[1],SIMDCPIStack.VMemInst,0.00124501992031892,cycles/inst
GPU[1].SA[0].CU[1],SIMDCPIStack.total,2.68052788844621,cycles/inst
GPU[1].SA[0].CU[2],CPIStack.Branch,0.00239158163265344,cycles/inst
GPU[1].SA[0].CU[2],CPIStack.Fetch,0.0559630102040816,cycles/inst
GPU[1].SA[0].CU[2],CPIStack.Idle,0.000318877551020567,cycles/inst
GPU[1].SA[0].CU[2],CPIStack.ScalarInst,0.0149872448979591,cycles/inst
GPU[1].SA[0].CU[2],CPIStack.ScalarMem,0.0754145408163265,cycles/inst
GPU[1].SA[0].CU[2],CPIStack.ScalarMemInst,0.000956632653061296,cycles/inst
GPU[1].SA[0].CU[2],CPIStack.Special,0.000159438775510013,cycles/inst
GPU[1].SA[0].CU[2],CPIStack.VALU,0.926179846938775,cycles/inst
GPU[1].SA[0].CU[2],CPIStack.VMem,0.0232780612244901,cycles/inst
GPU[1].SA[0].CU[2],CPIStack.VMemInst,0.0036670918367349,cycles/inst
GPU[1].SA[0].CU[2],CPIStack.total,1.71635841836735,cycles/inst
GPU[1].SA[0].CU[2],SIMDCPIStack.Branch,0.00373505976095677,cycles/inst
GPU[1].SA[0].CU[2],SIMDCPIStack.Fetch,0.0874003984063744,cycles/inst
GPU[1].SA[0].CU[2],SIMDCPIStack.Idle,0.000498007968127738,cycles/inst
GPU[1].SA[0].CU[2],SIMDCPIStack.ScalarInst,0.0234063745019919,cycles/inst
GPU[1].SA[0].CU[2],SIMDCPIStack.ScalarMem,0.117778884462151,cycles/inst
GPU[1].SA[0].CU[2],SIMDCPIStack.ScalarMemInst,0.00149402390438258,cycles/inst
GPU[1].SA[0].CU[2],SIMDCPIStack.Special,0.000249003984063447,cycles/inst
GPU[1].SA[0].CU[2],SIMDCPIStack.VALU,1.44646414342629,cycles/inst
GPU[1].SA[0].CU[2],SIMDCPIStack.VMem,0.0363545816733072,cycles/inst
GPU[1].SA[0].CU[2],SIMDCPIStack.VMemInst,0.00572709163346646,cycles/inst
GPU[1].SA[0].CU[2],SIMDCPIStack.total,2.68052788844621,cycles/inst
GPU[1].SA[0].CU[3],CPIStack.Branch,0.00382653061224519,cycles/inst
GPU[1].SA[0].CU[3],CPIStack.Fetch,0.0581951530612243,cycles/inst
GPU[1].SA[0].CU[3],CPIStack.Idle,0.000478316326530581,cycles/inst
GPU[1].SA[0].CU[3],CPIStack.ScalarInst,0.0314094387755105,cycles/inst
GPU[1].SA[0].CU[3],CPIStack.ScalarMem,0.0736607142857141,cycles/inst
GPU[1].SA[0].CU[3],CPIStack.ScalarMemInst,0.00111607142857144,cycles/inst
GPU[1].SA[0].CU[3],CPIStack.Special,0.000318877551020567,cycles/inst
GPU[1].SA[0].CU[3],CPIStack.VALU,0.86750637755102,cycles/inst
GPU[1].SA[0].CU[3],CPIStack.VMem,0.0350765306122448,cycles/inst
GPU[1].SA[0].CU[3],CPIStack.VMemInst,0.00446428571428578,cycles/inst
GPU[1].SA[0].CU[3],CPIStack.total,1.71635841836735,cycles/inst
GPU[1].SA[0].CU[3],SIMDCPIStack.Branch,0.00597609561753033,cycles/inst
GPU[1].SA[0].CU[3],SIMDCPIStack.Fetch,0.0908864541832667,cycles/inst
GPU[1].SA[0].CU[3],SIMDCPIStack.Idle,0.000747011952191186,cycles/inst
GPU[1].SA[0].CU[3],SIMDCPIStack.ScalarInst,0.0490537848605582,cycles/inst
GPU[1].SA[0].CU[3],SIMDCPIStack.ScalarMem,0.11503984063745,cycles/inst
GPU[1].SA[0].CU[3],SIMDCPIStack.ScalarMemInst,0.00174302788844624,cycles/inst
GPU[1].SA[0].CU[3],SIMDCPIStack.Special,0.000498007968127738,cycles/inst
GPU[1].SA[0].CU[3],SIMDCPIStack.VALU,1.35483067729084,cycles/inst
GPU[1].SA[0].CU[3],SIMDCPIStack.VMem,0.0547808764940238,cycles/inst
GPU[1].SA[0].CU[3],SIMDCPIStack.VMemInst,0.00697211155378496,cycles/inst
GPU[1].SA[0].CU[3],SIMDCPIStack.total,2.68052788844621,cycles/inst
GPU[1].SA[1].CU[0],CPIStack.Branch,0.00255102040816346,cycles/inst
GPU[1].SA[1].CU[0],CPIStack.Fetch,0.0566007653061225,cycles/inst
GPU[1].SA[1].CU[0],CPIStack.Idle,0.000478316326530311,cycles/inst
GPU[1].SA[1].CU[0],CPIStack.ScalarInst,0.0156250000000002,cycles/inst
GPU[1].SA[1].CU[0],CPIStack.ScalarMem,0.061862244897959,cycles/inst
GPU[1].SA[1].CU[0],CPIStack.ScalarMemInst,0.00143494897959188,cycles/inst
GPU[1].SA[1].CU[0],CPIStack.Special,0.000318877551020567,cycles/inst
GPU[1].SA[1].CU[0],CPIStack.VALU,0.932557397959184,cycles/inst
GPU[1].SA[1].CU[0],CPIStack.VMem,0.0255102040816324,cycles/inst
GPU[1].SA[1].CU[0],CPIStack.VMemInst,0.00558035714285695,cycles/inst
GPU[1].SA[1].CU[0],CPIStack.total,1.71635841836735,cycles/inst
GPU[1].SA[1].CU[0],SIMDCPIStack.Branch,0.00398406374502022,cycles/inst
GPU[1].SA[1].CU[0],SIMDCPIStack.Fetch,0.0883964143426295,cycles/inst
GPU[1].SA[1].CU[0],SIMDCPIStack.Idle,0.000747011952190764,cycles/inst
GPU[1].SA[1].CU[0],SIMDCPIStack.ScalarInst,0.0244023904382474,cycles/inst
GPU[1].SA[1].CU[0],SIMDCPIStack.ScalarMem,0.0966135458167327,cycles/inst
GPU[1].SA[1].CU[0],SIMDCPIStack.ScalarMemInst,0.00224103585657377,cycles/inst
GPU[1].SA[1].CU[0],SIMDCPIStack.Special,0.000498007968127738,cycles/inst
GPU[1].SA[1].CU[0],SIMDCPIStack.VALU,1.45642430278885,cycles/inst
GPU[1].SA[1].CU[0],SIMDCPIStack.VMem,0.0398406374501988,cycles/inst
GPU[1].SA[1].CU[0],SIMDCPIStack.VMemInst,0.00871513944223078,cycles/inst
GPU[1].SA[1].CU[0],SIMDCPIStack.total,2.68052788844621,cycles/inst
GPU[1].SA[1].CU[1],CPIStack.Branch,0.00286989795918375,cycles/inst
GPU[1].SA[1].CU[1],CPIStack.Fetch,0.0569196428571427,cycles/inst
GPU[1].SA[1].CU[1],CPIStack.Idle,0.000478316326530581,cycles/inst
GPU[1].SA[1].CU[1],CPIStack.ScalarInst,0.0153061224489802,cycles/inst
GPU[1].SA[1].CU[1],CPIStack.ScalarMem,0.0618622448979586,cycles/inst
GPU[1].SA[1].CU[1],CPIStack.ScalarMemInst,0.00143494897959188,cycles/inst
GPU[1].SA[1].CU[1],CPIStack.Special,0.000318877551020567,cycles/inst
GPU[1].SA[1].CU[1],CPIStack.VALU,0.923628826530612,cycles/inst
GPU[1].SA[1].CU[1],CPIStack.VMem,0.0377869897959186,cycles/inst
GPU[1].SA[1].CU[1],CPIStack.VMemInst,0.00749362244897955,cycles/inst
GPU[1].SA[1].CU[1],CPIStack.total,1.71635841836735,cycles/inst
GPU[1].SA[1].CU[1],SIMDCPIStack.Branch,0.00448207171314754,cycles/inst
GPU[1].SA[1].CU[1],SIMDCPIStack.Fetch,0.0888944223107568,cycles/inst
GPU[1].SA[1].CU[1],SIMDCPIStack.Idle,0.000747011952191186,cycles/inst
GPU[1].SA[1].CU[1],SIMDCPIStack.ScalarInst,0.0239043824701205,cycles/inst
GPU[1].SA[1].CU[1],SIMDCPIStack.ScalarMem,0.0966135458167321,cycles/inst
GPU[1].SA[1].CU[1],SIMDCPIStack.ScalarMemInst,0.00224103585657377,cycles/inst
GPU[1].SA[1].CU[1],SIMDCPIStack.Special,0.000498007968127738,cycles/inst
GPU[1].SA[1].CU[1],SIMDCPIStack.VALU,1.44248007968127,cycles/inst
GPU[1].SA[1].CU[1],SIMDCPIStack.VMem,0.0590139442231079,cycles/inst
GPU[1].SA[1].CU[1],SIMDCPIStack.VMemInst,0.0117031872509959,cycles/inst
GPU[1].SA[1].CU[1],SIMDCPIStack.total,2.68052788844621,cycles/inst
GPU[1].SA[1].CU[2],CPIStack.Branch,0.00398596938775547,cycles/inst
GPU[1].SA[1].CU[2],CPIStack.Fetch,0.0543686224489796,cycles/inst
GPU[1].SA[1].CU[2],CPIStack.Idle,0.000159438775510284,cycles/inst
GPU[1].SA[1].CU[2],CPIStack.ScalarInst,0.0170599489795914,cycles/inst
GPU[1].SA[1].CU[2],CPIStack.ScalarMem,0.0742984693877553,cycles/inst
GPU[1].SA[1].CU[2],CPIStack.ScalarMemInst,0.000797193877551283,cycles/inst
GPU[1].SA[1].CU[2],CPIStack.Special,0.0,cycles/inst
GPU[1].SA[1].CU[2],CPIStack.VALU,0.884088010204081,cycles/inst
GPU[1].SA[1].CU[2],CPIStack.VMem,0.0255102040816327,cycles/inst
GPU[1].SA[1].CU[2],CPIStack.VMemInst,0.00350765306122435,cycles/inst
GPU[1].SA[1].CU[2],CPIStack.total,1.71635841836735,cycles/inst
GPU[1].SA[1].CU[2],SIMDCPIStack.Branch,0.0062250996015942,cycles/inst
GPU[1].SA[1].CU[2],SIMDCPIStack.Fetch,0.084910358565737,cycles/inst
GPU[1].SA[1].CU[2],SIMDCPIStack.Idle,0.000249003984063869,cycles/inst
GPU[1].SA[1].CU[2],SIMDCPIStack.ScalarInst,0.0266434262948201,cycles/inst
GPU[1].SA[1].CU[2],SIMDCPIStack.ScalarMem,0.116035856573705,cycles/inst
GPU[1].SA[1].CU[2],SIMDCPIStack.ScalarMemInst,0.00124501992031913,cycles/inst
GPU[1].SA[1].CU[2],SIMDCPIStack.Special,0.0,cycles/inst
GPU[1].SA[1].CU[2],SIMDCPIStack.VALU,1.38072709163347,cycles/inst
GPU[1].SA[1].CU[2],SIMDCPIStack.VMem,0.0398406374501992,cycles/inst
GPU[1].SA[1].CU[2],SIMDCPIStack.VMemInst,0.00547808764940217,cycles/inst
GPU[1].SA[1].CU[2],SIMDCPIStack.total,2.68052788844621,cycles/inst
GPU[1].SA[1].CU[3],CPIStack.Branch,0.00207270408163234,cycles/inst
GPU[1].SA[1].CU[3],CPIStack.Fetch,0.0550063775510203,cycles/inst
GPU[1].SA[1].CU[3],CPIStack.Idle,0.000318877551020297,cycles/inst
GPU[1].SA[1].CU[3],CPIStack.ScalarInst,0.0121173469387759,cycles/inst
GPU[1].SA[1].CU[3],CPIStack.ScalarMem,0.0706313775510204,cycles/inst
GPU[1].SA[1].CU[3],CPIStack.ScalarMemInst,0.000478316326530581,cycles/inst
GPU[1].SA[1].CU[3],CPIStack.Special,0.000159438775510284,cycles/inst
GPU[1].SA[1].CU[3],CPIStack.VALU,0.915019132653062,cycles/inst
GPU[1].SA[1].CU[3],CPIStack.VMem,0.0162627551020408,cycles/inst
GPU[1].SA[1].CU[3],CPIStack.VMemInst,0.00446428571428551,cycles/inst
GPU[1].SA[1].CU[3],CPIStack.total,1.71635841836735,cycles/inst
GPU[1].SA[1].CU[3],SIMDCPIStack.Branch,0.00323705179282819,cycles/inst
GPU[1].SA[1].CU[3],SIMDCPIStack.Fetch,0.0859063745019918,cycles/inst
GPU[1].SA[1].CU[3],SIMDCPIStack.Idle,0.000498007968127317,cycles/inst
GPU[1].SA[1].CU[3],SIMDCPIStack.ScalarInst,0.0189243027888452,cycles/inst
GPU[1].SA[1].CU[3],SIMDCPIStack.ScalarMem,0.110308764940239,cycles/inst
GPU[1].SA[1].CU[3],SIMDCPIStack.ScalarMemInst,0.000747011952191186,cycles/inst
GPU[1].SA[1].CU[3],SIMDCPIStack.Special,0.000249003984063869,cycles/inst
GPU[1].SA[1].CU[3],SIMDCPIStack.VALU,1.42903386454183,cycles/inst
GPU[1].SA[1].CU[3],SIMDCPIStack.VMem,0.025398406374502,cycles/inst
GPU[1].SA[1].CU[3],SIMDCPIStack.VMemInst,0.00697211155378454,cycles/inst
GPU[1].SA[1].CU[3],SIMDCPIStack.total,2.68052788844621,cycles/inst
GPU[1].SA[2].CU[0],CPIStack.Branch,0.00143494897959201,cycles/inst
GPU[1].SA[2].CU[0],CPIStack.Fetch,0.053252551020408,cycles/inst
GPU[1].SA[2].CU[0],CPIStack.Idle,0.000159438775510149,cycles/inst
GPU[1].SA[2].CU[0],CPIStack.ScalarInst,0.00685586734693841,cycles/inst
GPU[1].SA[2].CU[0],CPIStack.ScalarMem,0.0594706632653061,cycles/inst
GPU[1].SA[2].CU[0],CPIStack.ScalarMemInst,0.000478316326530716,cycles/inst
GPU[1].SA[2].CU[0],CPIStack.Special,0.0,cycles/inst
GPU[1].SA[2].CU[0],CPIStack.VALU,0.920440051020408,cycles/inst
GPU[1].SA[2].CU[0],CPIStack.VMem,0.0199298469387757,cycles/inst
GPU[1].SA[2].CU[0],CPIStack.VMemInst,0.00318877551020432,cycles/inst
GPU[1].SA[2].CU[0],CPIStack.total,1.71619897959184,cycles/inst
GPU[1].SA[2].CU[0],SIMDCPIStack.Branch,0.00224103585657398,cycles/inst
GPU[1].SA[2].CU[0],SIMDCPIStack.Fetch,0.0831673306772906,cycles/inst
GPU[1].SA[2].CU[0],SIMDCPIStack.Idle,0.000249003984063658,cycles/inst
GPU[1].SA[2].CU[0],SIMDCPIStack.ScalarInst,0.0107071713147405,cycles/inst
GPU[1].SA[2].CU[0],SIMDCPIStack.ScalarMem,0.0928784860557768,cycles/inst
GPU[1].SA[2].CU[0],SIMDCPIStack.ScalarMemInst,0.000747011952191397,cycles/inst
GPU[1].SA[2].CU[0],SIMDCPIStack.Special,0.0,cycles/inst
GPU[1].SA[2].CU[0],SIMDCPIStack.VALU,1.4375,cycles/inst
GPU[1].SA[2].CU[0],SIMDCPIStack.VMem,0.0311254980079685,cycles/inst
GPU[1].SA[2].CU[0],SIMDCPIStack.VMemInst,0.00498007968127528,cycles/inst
GPU[1].SA[2].CU[0],SIMDCPIStack.total,2.68027888446215,cycles/inst
GPU[1].SA[2].CU[1],CPIStack.Branch,0.00223214285714262,cycles/inst
GPU[1].SA[2].CU[1],CPIStack.Fetch,0.0535714285714285,cycles/inst
GPU[1].SA[2].CU[1],CPIStack.Idle,0.000159438775510149,cycles/inst
GPU[1].SA[2].CU[1],CPIStack.ScalarInst,0.010044642857143,cycles/inst
GPU[1].SA[2].CU[1],CPIStack.ScalarMem,0.0602678571428571,cycles/inst
GPU[1].SA[2].CU[1],CPIStack.ScalarMemInst,0.00111607142857131,cycles/inst
GPU[1].SA[2].CU[1],CPIStack.Special,0.0,cycles/inst
GPU[1].SA[2].CU[1],CPIStack.VALU,0.934151785714286,cycles/inst
GPU[1].SA[2].CU[1],CPIStack.VMem,0.0290178571428573,cycles/inst
GPU[1].SA[2].CU[1],CPIStack.VMemInst,0.00350765306122462,cycles/inst
GPU[1].SA[2].CU[1],CPIStack.total,1.71619897959184,cycles/inst
GPU[1].SA[2].CU[1],SIMDCPIStack.Branch,0.00348605577689206,cycles/inst
GPU[1].SA[2].CU[1],SIMDCPIStack.Fetch,0.0836653386454183,cycles/inst
GPU[1].SA[2].CU[1],SIMDCPIStack.Idle,0.000249003984063658,cycles/inst
GPU[1].SA[2].CU[1],SIMDCPIStack.ScalarInst,0.0156872509960162,cycles/inst
GPU[1].SA[2].CU[1],SIMDCPIStack.ScalarMem,0.0941235059760955,cycles/inst
GPU[1].SA[2].CU[1],SIMDCPIStack.ScalarMemInst,0.00174302788844603,cycles/inst
GPU[1].SA[2].CU[1],SIMDCPIStack.Special,0.0,cycles/inst
GPU[1].SA[2].CU[1],SIMDCPIStack.VALU,1.45891434262948,cycles/inst
GPU[1].SA[2].CU[1],SIMDCPIStack.VMem,0.0453187250996018,cycles/inst
GPU[1].SA[2].CU[1],SIMDCPIStack.VMemInst,0.00547808764940259,cycles/inst
GPU[1].SA[2].CU[1],SIMDCPIStack.total,2.68027888446215,cycles/inst
GPU[1].SA[2].CU[2],CPIStack.Branch,0.00286989795918375,cycles/inst
GPU[1].SA[2].CU[2],CPIStack.Fetch,0.0573979591836735,cycles/inst
GPU[1].SA[2].CU[2],CPIStack.Idle,0.000318877551020162,cycles/inst
GPU[1].SA[2].CU[2],CPIStack.ScalarInst,0.0205676020408166,cycles/inst
GPU[1].SA[2].CU[2],CPIStack.ScalarMem,0.0760522959183665,cycles/inst
GPU[1].SA[2].CU[2],CPIStack.ScalarMemInst,0.000637755102040729,cycles/inst
GPU[1].SA[2].CU[2],CPIStack.Special,0.000159438775510284,cycles/inst
GPU[1].SA[2].CU[2],CPIStack.VALU,0.868781887755102,cycles/inst
GPU[1].SA[2].CU[2],CPIStack.VMem,0.0323660714285722,cycles/inst
GPU[1].SA[2].CU[2],CPIStack.VMemInst,0.00318877551020405,cycles/inst
GPU[1].SA[2].CU[2],CPIStack.total,1.71619897959184,cycles/inst
GPU[1].SA[2].CU[2],SIMDCPIStack.Branch,0.00448207171314754,cycles/inst
GPU[1].SA[2].CU[2],SIMDCPIStack.Fetch,0.0896414342629482,cycles/inst
GPU[1].SA[2].CU[2],SIMDCPIStack.Idle,0.000498007968127106,cycles/inst
GPU[1].SA[2].CU[2],SIMDCPIStack.ScalarInst,0.0321215139442235,cycles/inst
GPU[1].SA[2].CU[2],SIMDCPIStack.ScalarMem,0.118774900398405,cycles/inst
GPU[1].SA[2].CU[2],SIMDCPIStack.ScalarMemInst,0.000996015936254844,cycles/inst
GPU[1].SA[2].CU[2],SIMDCPIStack.Special,0.000249003984063869,cycles/inst
GPU[1].SA[2].CU[2],SIMDCPIStack.VALU,1.35682270916335,cycles/inst
GPU[1].SA[2].CU[2],SIMDCPIStack.VMem,0.0505478087649414,cycles/inst
GPU[1].SA[2].CU[2],SIMDCPIStack.VMemInst,0.00498007968127485,cycles/inst
GPU[1].SA[2].CU[2],SIMDCPIStack.total,2.68027888446215,cycles/inst
GPU[1].SA[2].CU[3],CPIStack.Branch,0.00302933673469404,cycles/inst
GPU[1].SA[2].CU[3],CPIStack.Fetch,0.0564413265306122,cycles/inst
GPU[1].SA[2].CU[3],CPIStack.Idle,0.000478316326530446,cycles/inst
GPU[1].SA[2].CU[3],CPIStack.ScalarInst,0.0237563775510201,cycles/inst
GPU[1].SA[2].CU[3],CPIStack.ScalarMem,0.0731823979591838,cycles/inst
GPU[1].SA[2].CU[3],CPIStack.ScalarMemInst,0.00143494897959174,cycles/inst
GPU[1].SA[2].CU[3],CPIStack.Special,0.000318877551020567,cycles/inst
GPU[1].SA[2].CU[3],CPIStack.VALU,0.912149234693877,cycles/inst
GPU[1].SA[2].CU[3],CPIStack.VMem,0.0232780612244903,cycles/inst
GPU[1].SA[2].CU[3],CPIStack.VMemInst,0.00749362244897955,cycles/inst
GPU[1].SA[2].CU[3],CPIStack.total,1.71619897959184,cycles/inst
GPU[1].SA[2].CU[3],SIMDCPIStack.Branch,0.00473107569721141,cycles/inst
GPU[1].SA[2].CU[3],SIMDCPIStack.Fetch,0.0881474103585656,cycles/inst
GPU[1].SA[2].CU[3],SIMDCPIStack.Idle,0.000747011952190975,cycles/inst
GPU[1].SA[2].CU[3],SIMDCPIStack.ScalarInst,0.0371015936254975,cycles/inst
GPU[1].SA[2].CU[3],SIMDCPIStack.ScalarMem,0.114292828685259,cycles/inst
GPU[1].SA[2].CU[3],SIMDCPIStack.ScalarMemInst,0.00224103585657356,cycles/inst
GPU[1].SA[2].CU[3],SIMDCPIStack.Special,0.000498007968127738,cycles/inst
GPU[1].SA[2].CU[3],SIMDCPIStack.VALU,1.42455179282868,cycles/inst
GPU[1].SA[2].CU[3],SIMDCPIStack.VMem,0.0363545816733076,cycles/inst
GPU[1].SA[2].CU[3],SIMDCPIStack.VMemInst,0.0117031872509959,cycles/inst
GPU[1].SA[2].CU[3],SIMDCPIStack.total,2.68027888446215,cycles/inst
GPU[1].SA[3].CU[0],CPIStack.Branch,0.00143494897959201,cycles/inst
GPU[1].SA[3].CU[0],CPIStack.Fetch,0.053252551020408,cycles/inst
GPU[1].SA[3].CU[0],CPIStack.Idle,0.000159438775510149,cycles/inst
GPU[1].SA[3].CU[0],CPIStack.ScalarInst,0.00589923469387725,cycles/inst
GPU[1].SA[3].CU[0],CPIStack.ScalarMem,0.0594706632653061,cycles/inst
GPU[1].SA[3].CU[0],CPIStack.ScalarMemInst,0.000478316326530716,cycles/inst
GPU[1].SA[3].CU[0],CPIStack.Special,0.0,cycles/inst
GPU[1].SA[3].CU[0],CPIStack.VALU,0.932079081632653,cycles/inst
GPU[1].SA[3].CU[0],CPIStack.VMem,0.024234693877551,cycles/inst
GPU[1].SA[3].CU[0],CPIStack.VMemInst,0.00334821428571433,cycles/inst
GPU[1].SA[3].CU[0],CPIStack.total,1.71619897959184,cycles/inst
GPU[1].SA[3].CU[0],SIMDCPIStack.Branch,0.00224103585657398,cycles/inst
GPU[1].SA[3].CU[0],SIMDCPIStack.Fetch,0.0831673306772906,cycles/inst
GPU[1].SA[3].CU[0],SIMDCPIStack.Idle,0.000249003984063658,cycles/inst
GPU[1].SA[3].CU[0],SIMDCPIStack.ScalarInst,0.0092131474103581,cycles/inst
GPU[1].SA[3].CU[0],SIMDCPIStack.ScalarMem,0.0928784860557768,cycles/inst
GPU[1].SA[3].CU[0],SIMDCPIStack.ScalarMemInst,0.000747011952191397,cycles/inst
GPU[1].SA[3].CU[0],SIMDCPIStack.Special,0.0,cycles/inst
GPU[1].SA[3].CU[0],SIMDCPIStack.VALU,1.45567729083665,cycles/inst
GPU[1].SA[3].CU[0],SIMDCPIStack.VMem,0.0378486055776891,cycles/inst
GPU[1].SA[3].CU[0],SIMDCPIStack.VMemInst,0.00522908366533872,cycles/inst
GPU[1].SA[3].CU[0],SIMDCPIStack.total,2.68027888446215,cycles/inst
GPU[1].SA[3].CU[1],CPIStack.Branch,0.00175382653061258,cycles/inst
GPU[1].SA[3].CU[1],CPIStack.Fetch,0.0551658163265306,cycles/inst
GPU[1].SA[3].CU[1],CPIStack.Idle,0.000318877551020162,cycles/inst
GPU[1].SA[3].CU[1],CPIStack.ScalarInst,0.0156250000000005,cycles/inst
GPU[1].SA[3].CU[1],CPIStack.ScalarMem,0.0617028061224491,cycles/inst
GPU[1].SA[3].CU[1],CPIStack.ScalarMemInst,0.000956632653061296,cycles/inst
GPU[1].SA[3].CU[1],CPIStack.Special,0.000159438775510284,cycles/inst
GPU[1].SA[3].CU[1],CPIStack.VALU,0.917091836734694,cycles/inst
GPU[1].SA[3].CU[1],CPIStack.VMem,0.0251913265306116,cycles/inst
GPU[1].SA[3].CU[1],CPIStack.VMemInst,0.00462372448979579,cycles/inst
GPU[1].SA[3].CU[1],CPIStack.total,1.71619897959184,cycles/inst
GPU[1].SA[3].CU[1],SIMDCPIStack.Branch,0.00273904382470172,cycles/inst
GPU[1].SA[3].CU[1],SIMDCPIStack.Fetch,0.0861553784860557,cycles/inst
GPU[1].SA[3].CU[1],SIMDCPIStack.Idle,0.000498007968127106,cycles/inst
GPU[1].SA[3].CU[1],SIMDCPIStack.ScalarInst,0.0244023904382478,cycles/inst
GPU[1].SA[3].CU[1],SIMDCPIStack.ScalarMem,0.0963645418326695,cycles/inst
GPU[1].SA[3].CU[1],SIMDCPIStack.ScalarMemInst,0.00149402390438258,cycles/inst
GPU[1].SA[3].CU[1],SIMDCPIStack.Special,0.000249003984063869,cycles/inst
GPU[1].SA[3].CU[1],SIMDCPIStack.VALU,1.43227091633466,cycles/inst
GPU[1].SA[3].CU[1],SIMDCPIStack.VMem,0.0393426294820707,cycles/inst
GPU[1].SA[3].CU[1],SIMDCPIStack.VMemInst,0.00722111553784841,cycles/inst
GPU[1].SA[3].CU[1],SIMDCPIStack.total,2.68027888446215,cycles/inst
GPU[1].SA[3].CU[2],CPIStack.Branch,0.00175382653061285,cycles/inst
GPU[1].SA[3].CU[2],CPIStack.Fetch,0.0569196428571429,cycles/inst
GPU[1].SA[3].CU[2],CPIStack.Idle,0.000318877551020162,cycles/inst
GPU[1].SA[3].CU[2],CPIStack.ScalarInst,0.0232780612244892,cycles/inst
GPU[1].SA[3].CU[2],CPIStack.ScalarMem,0.0749362244897961,cycles/inst
GPU[1].SA[3].CU[2],CPIStack.ScalarMemInst,0.000478316326530716,cycles/inst
GPU[1].SA[3].CU[2],CPIStack.Special,0.000159438775510284,cycles/inst
GPU[1].SA[3].CU[2],CPIStack.VALU,0.798309948979591,cycles/inst
GPU[1].SA[3].CU[2],CPIStack.VMem,0.0465561224489798,cycles/inst
GPU[1].SA[3].CU[2],CPIStack.VMemInst,0.00318877551020405,cycles/inst
GPU[1].SA[3].CU[2],CPIStack.total,1.71619897959184,cycles/inst
GPU[1].SA[3].CU[2],SIMDCPIStack.Branch,0.00273904382470214,cycles/inst
GPU[1].SA[3].CU[2],SIMDCPIStack.Fetch,0.088894422310757,cycles/inst
GPU[1].SA[3].CU[2],SIMDCPIStack.Idle,0.000498007968127106,cycles/inst
GPU[1].SA[3].CU[2],SIMDCPIStack.ScalarInst,0.0363545816733059,cycles/inst
GPU[1].SA[3].CU[2],SIMDCPIStack.ScalarMem,0.117031872509961,cycles/inst
GPU[1].SA[3].CU[2],SIMDCPIStack.ScalarMemInst,0.000747011952191397,cycles/inst
GPU[1].SA[3].CU[2],SIMDCPIStack.Special,0.000249003984063869,cycles/inst
GPU[1].SA[3].CU[2],SIMDCPIStack.VALU,1.24676294820717,cycles/inst
GPU[1].SA[3].CU[2],SIMDCPIStack.VMem,0.0727091633466139,cycles/inst
GPU[1].SA[3].CU[2],SIMDCPIStack.VMemInst,0.00498007968127485,cycles/inst
GPU[1].SA[3].CU[2],SIMDCPIStack.total,2.68027888446215,cycles/inst
GPU[1].SA[3].CU[3],CPIStack.Branch,0.00255102040816319,cycles/inst
GPU[1].SA[3].CU[3],CPIStack.Fetch,0.0543686224489796,cycles/inst
GPU[1].SA[3].CU[3],CPIStack.Idle,0.000318877551020432,cycles/inst
GPU[1].SA[3].CU[3],CPIStack.ScalarInst,0.0110012755102036,cycles/inst
GPU[1].SA[3].CU[3],CPIStack.ScalarMem,0.0706313775510207,cycles/inst
GPU[1].SA[3].CU[3],CPIStack.ScalarMemInst,0.000478316326530581,cycles/inst
GPU[1].SA[3].CU[3],CPIStack.Special,0.000159438775510013,cycles/inst
GPU[1].SA[3].CU[3],CPIStack.VALU,0.873246173469388,cycles/inst
GPU[1].SA[3].CU[3],CPIStack.VMem,0.0310905612244899,cycles/inst
GPU[1].SA[3].CU[3],CPIStack.VMemInst,0.00318877551020405,cycles/inst
GPU[1].SA[3].CU[3],CPIStack.total,1.71619897959184,cycles/inst
GPU[1].SA[3].CU[3],SIMDCPIStack.Branch,0.0039840637450198,cycles/inst
GPU[1].SA[3].CU[3],SIMDCPIStack.Fetch,0.084910358565737,cycles/inst
GPU[1].SA[3].CU[3],SIMDCPIStack.Idle,0.000498007968127527,cycles/inst
GPU[1].SA[3].CU[3],SIMDCPIStack.ScalarInst,0.0171812749003977,cycles/inst
GPU[1].SA[3].CU[3],SIMDCPIStack.ScalarMem,0.110308764940239,cycles/inst
GPU[1].SA[3].CU[3],SIMDCPIStack.ScalarMemInst,0.000747011952191186,cycles/inst
GPU[1].SA[3].CU[3],SIMDCPIStack.Special,0.000249003984063447,cycles/inst
GPU[1].SA[3].CU[3],SIMDCPIStack.VALU,1.36379482071713,cycles/inst
GPU[1].SA[3].CU[3],SIMDCPIStack.VMem,0.0485557768924305,cycles/inst
GPU[1].SA[3].CU[3],SIMDCPIStack.VMemInst,0.00498007968127485,cycles/inst
GPU[1].SA[3].CU[3],SIMDCPIStack.total,2.68027888446215,cycles/inst
GPU[1].SA[4].CU[0],CPIStack.Branch,0.00302933673469404,cycles/inst
GPU[1].SA[4].CU[0],CPIStack.Fetch,0.0530931122448977,cycles/inst
GPU[1].SA[4].CU[0],CPIStack.Idle,0.000159438775510284,cycles/inst
GPU[1].SA[4].CU[0],CPIStack.ScalarInst,0.0157844387755097,cycles/inst
GPU[1].SA[4].CU[0],CPIStack.ScalarMem,0.0628188775510209,cycles/inst
GPU[1].SA[4].CU[0],CPIStack.ScalarMemInst,0.000478316326530716,cycles/inst
GPU[1].SA[4].CU[0],CPIStack.Special,0.0,cycles/inst
GPU[1].SA[4].CU[0],CPIStack.VALU,0.92219387755102,cycles/inst
GPU[1].SA[4].CU[0],CPIStack.VMem,0.0279017857142856,cycles/inst
GPU[1].SA[4].CU[0],CPIStack.VMemInst,0.000478316326530581,cycles/inst
GPU[1].SA[4].CU[0],CPIStack.total,1.71603954081633,cycles/inst
GPU[1].SA[4].CU[0],SIMDCPIStack.Branch,0.00473107569721141,cycles/inst
GPU[1].SA[4].CU[0],SIMDCPIStack.Fetch,0.0829183266932267,cycles/inst
GPU[1].SA[4].CU[0],SIMDCPIStack.Idle,0.000249003984063869,cycles/inst
GPU[1].SA[4].CU[0],SIMDCPIStack.ScalarInst,0.02465139442231,cycles/inst
GPU[1].SA[4].CU[0],SIMDCPIStack.ScalarMem,0.0981075697211164,cycles/inst
GPU[1].SA[4].CU[0],SIMDCPIStack.ScalarMemInst,0.000747011952191397,cycles/inst
GPU[1].SA[4].CU[0],SIMDCPIStack.Special,0.0,cycles/inst
GPU[1].SA[4].CU[0],SIMDCPIStack.VALU,1.4402390438247,cycles/inst
GPU[1].SA[4].CU[0],SIMDCPIStack.VMem,0.0435756972111552,cycles/inst
GPU[1].SA[4].CU[0],SIMDCPIStack.VMemInst,0.000747011952191186,cycles/inst
GPU[1].SA[4].CU[0],SIMDCPIStack.total,2.68002988047809,cycles/inst
GPU[1].SA[4].CU[1],CPIStack.Branch,0.00223214285714289,cycles/inst
GPU[1].SA[4].CU[1],CPIStack.Fetch,0.0550063775510203,cycles/inst
GPU[1].SA[4].CU[1],CPIStack.Idle,0.000159438775510284,cycles/inst
GPU[1].SA[4].CU[1],CPIStack.ScalarInst,0.0197704081632649,cycles/inst
GPU[1].SA[4].CU[1],CPIStack.ScalarMem,0.0612244897959185,cycles/inst
GPU[1].SA[4].CU[1],CPIStack.ScalarMemInst,0.000478316326530716,cycles/inst
GPU[1].SA[4].CU[1],CPIStack.Special,0.0,cycles/inst
GPU[1].SA[4].CU[1],CPIStack.VALU,0.840561224489796,cycles/inst
GPU[1].SA[4].CU[1],CPIStack.VMem,0.0344387755102037,cycles/inst
GPU[1].SA[4].CU[1],CPIStack.VMemInst,0.00302933673469404,cycles/inst
GPU[1].SA[4].CU[1],CPIStack.total,1.71603954081633,cycles/inst
GPU[1].SA[4].CU[1],SIMDCPIStack.Branch,0.00348605577689248,cycles/inst
GPU[1].SA[4].CU[1],SIMDCPIStack.Fetch,0.0859063745019918,cycles/inst
GPU[1].SA[4].CU[1],SIMDCPIStack.Idle,0.000249003984063869,cycles/inst
GPU[1].SA[4].CU[1],SIMDCPIStack.ScalarInst,0.0308764940239037,cycles/inst
GPU[1].SA[4].CU[1],SIMDCPIStack.ScalarMem,0.0956175298804783,cycles/inst
GPU[1].SA[4].CU[1],SIMDCPIStack.ScalarMemInst,0.000747011952191397,cycles/inst
GPU[1].SA[4].CU[1],SIMDCPIStack.Special,0.0,cycles/inst
GPU[1].SA[4].CU[1],SIMDCPIStack.VALU,1.31274900398406,cycles/inst
GPU[1].SA[4].CU[1],SIMDCPIStack.VMem,0.0537848605577683,cycles/inst
GPU[1].SA[4].CU[1],SIMDCPIStack.VMemInst,0.00473107569721141,cycles/inst
GPU[1].SA[4].CU[1],SIMDCPIStack.total,2.68002988047809,cycles/inst
GPU[1].SA[4].CU[2],CPIStack.Branch,0.00207270408163315,cycles/inst
GPU[1].SA[4].CU[2],CPIStack.Fetch,0.0572385204081632,cycles/inst
GPU[1].SA[4].CU[2],CPIStack.Idle,0.000478316326530581,cycles/inst
GPU[1].SA[4].CU[2],CPIStack.ScalarInst,0.0220025510204083,cycles/inst
GPU[1].SA[4].CU[2],CPIStack.ScalarMem,0.0755739795918367,cycles/inst
GPU[1].SA[4].CU[2],CPIStack.ScalarMemInst,0.000956632653061296,cycles/inst
GPU[1].SA[4].CU[2],CPIStack.Special,0.000318877551020567,cycles/inst
GPU[1].SA[4].CU[2],CPIStack.VALU,0.877232142857142,cycles/inst
GPU[1].SA[4].CU[2],CPIStack.VMem,0.0444834183673467,cycles/inst
GPU[1].SA[4].CU[2],CPIStack.VMemInst,0.00462372448979606,cycles/inst
GPU[1].SA[4].CU[2],CPIStack.total,1.71603954081633,cycles/inst
GPU[1].SA[4].CU[2],SIMDCPIStack.Branch,0.00323705179282946,cycles/inst
GPU[1].SA[4].CU[2],SIMDCPIStack.Fetch,0.0893924302788843,cycles/inst
GPU[1].SA[4].CU[2],SIMDCPIStack.Idle,0.000747011952191186,cycles/inst
GPU[1].SA[4].CU[2],SIMDCPIStack.ScalarInst,0.0343625498007971,cycles/inst
GPU[1].SA[4].CU[2],SIMDCPIStack.ScalarMem,0.118027888446215,cycles/inst
GPU[1].SA[4].CU[2],SIMDCPIStack.ScalarMemInst,0.00149402390438258,cycles/inst
GPU[1].SA[4].CU[2],SIMDCPIStack.Special,0.000498007968127738,cycles/inst
GPU[1].SA[4].CU[2],SIMDCPIStack.VALU,1.37001992031872,cycles/inst
GPU[1].SA[4].CU[2],SIMDCPIStack.VMem,0.0694721115537845,cycles/inst
GPU[1].SA[4].CU[2],SIMDCPIStack.VMemInst,0.00722111553784883,cycles/inst
GPU[1].SA[4].CU[2],SIMDCPIStack.total,2.68002988047809,cycles/inst
GPU[1].SA[4].CU[3],CPIStack.Branch,0.00271045918367347,cycles/inst
GPU[1].SA[4].CU[3],CPIStack.Fetch,0.0546874999999999,cycles/inst
GPU[1].SA[4].CU[3],CPIStack.Idle,0.000318877551020567,cycles/inst
GPU[1].SA[4].CU[3],CPIStack.ScalarInst,0.018654336734694,cycles/inst
GPU[1].SA[4].CU[3],CPIStack.ScalarMem,0.0730229591836735,cycles/inst
GPU[1].SA[4].CU[3],CPIStack.ScalarMemInst,0.000956632653061161,cycles/inst
GPU[1].SA[4].CU[3],CPIStack.Special,0.000478316326530581,cycles/inst
GPU[1].SA[4].CU[3],CPIStack.VALU,0.881536989795919,cycles/inst
GPU[1].SA[4].CU[3],CPIStack.VMem,0.0302933673469388,cycles/inst
GPU[1].SA[4].CU[3],CPIStack.VMemInst,0.00446428571428578,cycles/inst
GPU[1].SA[4].CU[3],CPIStack.total,1.71603954081633,cycles/inst
GPU[1].SA[4].CU[3],SIMDCPIStack.Branch,0.00423306772908367,cycles/inst
GPU[1].SA[4].CU[3],SIMDCPIStack.Fetch,0.0854083665338643,cycles/inst
GPU[1].SA[4].CU[3],SIMDCPIStack.Idle,0.000498007968127738,cycles/inst
GPU[1].SA[4].CU[3],SIMDCPIStack.ScalarInst,0.0291334661354583,cycles/inst
GPU[1].SA[4].CU[3],SIMDCPIStack.ScalarMem,0.114043824701195,cycles/inst
GPU[1].SA[4].CU[3],SIMDCPIStack.ScalarMemInst,0.00149402390438237,cycles/inst
GPU[1].SA[4].CU[3],SIMDCPIStack.Special,0.000747011952191186,cycles/inst
GPU[1].SA[4].CU[3],SIMDCPIStack.VALU,1.37674302788845,cycles/inst
GPU[1].SA[4].CU[3],SIMDCPIStack.VMem,0.0473107569721115,cycles/inst
GPU[1].SA[4].CU[3],SIMDCPIStack.VMemInst,0.00697211155378496,cycles/inst
GPU[1].SA[4].CU[3],SIMDCPIStack.total,2.68002988047809,cycles/inst
GPU[1].SA[5].CU[0],CPIStack.Branch,0.00191326530612259,cycles/inst
GPU[1].SA[5].CU[0],CPIStack.Fetch,0.0546875,cycles/inst
GPU[1].SA[5].CU[0],CPIStack.Idle,0.000318877551020297,cycles/inst
GPU[1].SA[5].CU[0],CPIStack.ScalarInst,0.0097257653061219,cycles/inst
GPU[1].SA[5].CU[0],CPIStack.ScalarMem,0.0612244897959184,cycles/inst
GPU[1].SA[5].CU[0],CPIStack.ScalarMemInst,0.000956632653061296,cycles/inst
GPU[1].SA[5].CU[0],CPIStack.Special,0.000318877551020567,cycles/inst
GPU[1].SA[5].CU[0],CPIStack.VALU,0.939413265306123,cycles/inst
GPU[1].SA[5].CU[0],CPIStack.VMem,0.0330038265306122,cycles/inst
GPU[1].SA[5].CU[0],CPIStack.VMemInst,0.00478316326530608,cycles/inst
GPU[1].SA[5].CU[0],CPIStack.total,1.71603954081633,cycles/inst
GPU[1].SA[5].CU[0],SIMDCPIStack.Branch,0.00298804780876516,cycles/inst
GPU[1].SA[5].CU[0],SIMDCPIStack.Fetch,0.0854083665338645,cycles/inst
GPU[1].SA[5].CU[0],SIMDCPIStack.Idle,0.000498007968127317,cycles/inst
GPU[1].SA[5].CU[0],SIMDCPIStack.ScalarInst,0.0151892430278876,cycles/inst
GPU[1].SA[5].CU[0],SIMDCPIStack.ScalarMem,0.0956175298804781,cycles/inst
GPU[1].SA[5].CU[0],SIMDCPIStack.ScalarMemInst,0.00149402390438258,cycles/inst
GPU[1].SA[5].CU[0],SIMDCPIStack.Special,0.000498007968127738,cycles/inst
GPU[1].SA[5].CU[0],SIMDCPIStack.VALU,1.46713147410359,cycles/inst
GPU[1].SA[5].CU[0],SIMDCPIStack.VMem,0.0515438247011952,cycles/inst
GPU[1].SA[5].CU[0],SIMDCPIStack.VMemInst,0.00747011952191228,cycles/inst
GPU[1].SA[5].CU[0],SIMDCPIStack.total,2.68002988047809,cycles/inst
GPU[1].SA[5].CU[1],CPIStack.Branch,0.00334821428571379,cycles/inst
GPU[1].SA[5].CU[1],CPIStack.Fetch,0.0558035714285714,cycles/inst
GPU[1].SA[5].CU[1],CPIStack.Idle,0.000159438775510284,cycles/inst
GPU[1].SA[5].CU[1],CPIStack.ScalarInst,0.0239158163265309,cycles/inst
GPU[1].SA[5].CU[1],CPIStack.ScalarMem,0.0613839285714285,cycles/inst
GPU[1].SA[5].CU[1],CPIStack.ScalarMemInst,0.000637755102040999,cycles/inst
GPU[1].SA[5].CU[1],CPIStack.Special,0.0,cycles/inst
GPU[1].SA[5].CU[1],CPIStack.VALU,0.896843112244898,cycles/inst
GPU[1].SA[5].CU[1],CPIStack.VMem,0.0385841836734686,cycles/inst
GPU[1].SA[5].CU[1],CPIStack.VMemInst,0.00239158163265317,cycles/inst
GPU[1].SA[5].CU[1],CPIStack.total,1.71603954081633,cycles/inst
GPU[1].SA[5].CU[1],SIMDCPIStack.Branch,0.00522908366533788,cycles/inst
GPU[1].SA[5].CU[1],SIMDCPIStack.Fetch,0.0871513944223108,cycles/inst
GPU[1].SA[5].CU[1],SIMDCPIStack.Idle,0.000249003984063869,cycles/inst
GPU[1].SA[5].CU[1],SIMDCPIStack.ScalarInst,0.0373505976095622,cycles/inst
GPU[1].SA[5].CU[1],SIMDCPIStack.ScalarMem,0.0958665338645418,cycles/inst
GPU[1].SA[5].CU[1],SIMDCPIStack.ScalarMemInst,0.000996015936255266,cycles/inst
GPU[1].SA[5].CU[1],SIMDCPIStack.Special,0.0,cycles/inst
GPU[1].SA[5].CU[1],SIMDCPIStack.VALU,1.40064741035857,cycles/inst
GPU[1].SA[5].CU[1],SIMDCPIStack.VMem,0.0602589641434251,cycles/inst
GPU[1].SA[5].CU[1],SIMDCPIStack.VMemInst,0.00373505976095635,cycles/inst
GPU[1].SA[5].CU[1],SIMDCPIStack.total,2.68002988047809,cycles/inst
GPU[1].SA[5].CU[2],CPIStack.Branch,0.00366709183673517,cycles/inst
GPU[1].SA[5].CU[2],CPIStack.Fetch,0.0572385204081632,cycles/inst
GPU[1].SA[5].CU[2],CPIStack.Idle,0.000478316326530581,cycles/inst
GPU[1].SA[5].CU[2],CPIStack.ScalarInst,0.0237563775510206,cycles/inst
GPU[1].SA[5].CU[2],CPIStack.ScalarMem,0.0755739795918367,cycles/inst
GPU[1].SA[5].CU[2],CPIStack.ScalarMemInst,0.00143494897959188,cycles/inst
GPU[1].SA[5].CU[2],CPIStack.Special,0.000318877551020567,cycles/inst
GPU[1].SA[5].CU[2],CPIStack.VALU,0.908482142857142,cycles/inst
GPU[1].SA[5].CU[2],CPIStack.VMem,0.047672193877551,cycles/inst
GPU[1].SA[5].CU[2],CPIStack.VMemInst,0.00749362244897982,cycles/inst
GPU[1].SA[5].CU[2],CPIStack.total,1.71603954081633,cycles/inst
GPU[1].SA[5].CU[2],SIMDCPIStack.Branch,0.00572709163346688,cycles/inst
GPU[1].SA[5].CU[2],SIMDCPIStack.Fetch,0.0893924302788843,cycles/inst
GPU[1].SA[5].CU[2],SIMDCPIStack.Idle,0.000747011952191186,cycles/inst
GPU[1].SA[5].CU[2],SIMDCPIStack.ScalarInst,0.0371015936254984,cycles/inst
GPU[1].SA[5].CU[2],SIMDCPIStack.ScalarMem,0.118027888446215,cycles/inst
GPU[1].SA[5].CU[2],SIMDCPIStack.ScalarMemInst,0.00224103585657377,cycles/inst
GPU[1].SA[5].CU[2],SIMDCPIStack.Special,0.000498007968127738,cycles/inst
GPU[1].SA[5].CU[2],SIMDCPIStack.VALU,1.41882470119522,cycles/inst
GPU[1].SA[5].CU[2],SIMDCPIStack.VMem,0.0744521912350598,cycles/inst
GPU[1].SA[5].CU[2],SIMDCPIStack.VMemInst,0.0117031872509964,cycles/inst
GPU[1].SA[5].CU[2],SIMDCPIStack.total,2.68002988047809,cycles/inst
GPU[1].SA[5].CU[3],CPIStack.Branch,0.0023915816326529,cycles/inst
GPU[1].SA[5].CU[3],CPIStack.Fetch,0.0558035714285718,cycles/inst
GPU[1].SA[5].CU[3],CPIStack.Idle,0.000318877551020297,cycles/inst
GPU[1].SA[5].CU[3],CPIStack.ScalarInst,0.0156249999999997,cycles/inst
GPU[1].SA[5].CU[3],CPIStack.ScalarMem,0.0725446428571433,cycles/inst
GPU[1].SA[5].CU[3],CPIStack.ScalarMemInst,0.000956632653061161,cycles/inst
GPU[1].SA[5].CU[3],CPIStack.Special,0.000159438775510284,cycles/inst
GPU[1].SA[5].CU[3],CPIStack.VALU,0.921237244897959,cycles/inst
GPU[1].SA[5].CU[3],CPIStack.VMem,0.0339604591836737,cycles/inst
GPU[1].SA[5].CU[3],CPIStack.VMemInst,0.00366709183673463,cycles/inst
GPU[1].SA[5].CU[3],CPIStack.total,1.71603954081633,cycles/inst
GPU[1].SA[5].CU[3],SIMDCPIStack.Branch,0.00373505976095593,cycles/inst
GPU[1].SA[5].CU[3],SIMDCPIStack.Fetch,0.0871513944223114,cycles/inst
GPU[1].SA[5].CU[3],SIMDCPIStack.Idle,0.000498007968127317,cycles/inst
GPU[1].SA[5].CU[3],SIMDCPIStack.ScalarInst,0.0244023904382465,cycles/inst
GPU[1].SA[5].CU[3],SIMDCPIStack.ScalarMem,0.113296812749005,cycles/inst
GPU[1].SA[5].CU[3],SIMDCPIStack.ScalarMemInst,0.00149402390438237,cycles/inst
GPU[1].SA[5].CU[3],SIMDCPIStack.Special,0.000249003984063869,cycles/inst
GPU[1].SA[5].CU[3],SIMDCPIStack.VALU,1.43874501992032,cycles/inst
GPU[1].SA[5].CU[3],SIMDCPIStack.VMem,0.053037848605578,cycles/inst
GPU[1].SA[5].CU[3],SIMDCPIStack.VMemInst,0.00572709163346604,cycles/inst
GPU[1].SA[5].CU[3],SIMDCPIStack.total,2.68002988047809,cycles/inst
GPU[1].SA[6].CU[0],CPIStack.Branch,0.00207270408163288,cycles/inst
GPU[1].SA[6].CU[0],CPIStack.Fetch,0.0545280612244896,cycles/inst
GPU[1].SA[6].CU[0],CPIStack.Idle,0.000159438775510149,cycles/inst
GPU[1].SA[6].CU[0],CPIStack.ScalarInst,0.0105229591836733,cycles/inst
GPU[1].SA[6].CU[0],CPIStack.ScalarMem,0.0594706632653061,cycles/inst
GPU[1].SA[6].CU[0],CPIStack.ScalarMemInst,0.000478316326530716,cycles/inst
GPU[1].SA[6].CU[0],CPIStack.Special,0.0,cycles/inst
GPU[1].SA[6].CU[0],CPIStack.VALU,0.899713010204082,cycles/inst
GPU[1].SA[6].CU[0],CPIStack.VMem,0.0325255102040816,cycles/inst
GPU[1].SA[6].CU[0],CPIStack.VMemInst,0.00302933673469377,cycles/inst
GPU[1].SA[6].CU[0],CPIStack.total,1.71588010204082,cycles/inst
GPU[1].SA[6].CU[0],SIMDCPIStack.Branch,0.00323705179282903,cycles/inst
GPU[1].SA[6].CU[0],SIMDCPIStack.Fetch,0.0851593625498004,cycles/inst
GPU[1].SA[6].CU[0],SIMDCPIStack.Idle,0.000249003984063658,cycles/inst
GPU[1].SA[6].CU[0],SIMDCPIStack.ScalarInst,0.0164342629482069,cycles/inst
GPU[1].SA[6].CU[0],SIMDCPIStack.ScalarMem,0.0928784860557768,cycles/inst
GPU[1].SA[6].CU[0],SIMDCPIStack.ScalarMemInst,0.000747011952191397,cycles/inst
GPU[1].SA[6].CU[0],SIMDCPIStack.Special,0.0,cycles/inst
GPU[1].SA[6].CU[0],SIMDCPIStack.VALU,1.40512948207171,cycles/inst
GPU[1].SA[6].CU[0],SIMDCPIStack.VMem,0.050796812749004,cycles/inst
GPU[1].SA[6].CU[0],SIMDCPIStack.VMemInst,0.00473107569721098,cycles/inst
GPU[1].SA[6].CU[0],SIMDCPIStack.total,2.67978087649402,cycles/inst
GPU[1].SA[6].CU[1],CPIStack.Branch,0.00111607142857117,cycles/inst
GPU[1].SA[6].CU[1],CPIStack.Fetch,0.0532525510204081,cycles/inst
GPU[1].SA[6].CU[1],CPIStack.Idle,0.000159438775510149,cycles/inst
GPU[1].SA[6].CU[1],CPIStack.ScalarInst,0.0140306122448982,cycles/inst
GPU[1].SA[6].CU[1],CPIStack.ScalarMem,0.0628188775510205,cycles/inst
GPU[1].SA[6].CU[1],CPIStack.ScalarMemInst,0.000478316326530716,cycles/inst
GPU[1].SA[6].CU[1],CPIStack.Special,0.0,cycles/inst
GPU[1].SA[6].CU[1],CPIStack.VALU,0.931600765306122,cycles/inst
GPU[1].SA[6].CU[1],CPIStack.VMem,0.0302933673469385,cycles/inst
GPU[1].SA[6].CU[1],CPIStack.VMemInst,0.000318877551020567,cycles/inst
GPU[1].SA[6].CU[1],CPIStack.total,1.71588010204082,cycles/inst
GPU[1].SA[6].CU[1],SIMDCPIStack.Branch,0.00174302788844582,cycles/inst
GPU[1].SA[6].CU[1],SIMDCPIStack.Fetch,0.0831673306772907,cycles/inst
GPU[1].SA[6].CU[1],SIMDCPIStack.Idle,0.000249003984063658,cycles/inst
GPU[1].SA[6].CU[1],SIMDCPIStack.ScalarInst,0.0219123505976099,cycles/inst
GPU[1].SA[6].CU[1],SIMDCPIStack.ScalarMem,0.0981075697211157,cycles/inst
GPU[1].SA[6].CU[1],SIMDCPIStack.ScalarMemInst,0.000747011952191397,cycles/inst
GPU[1].SA[6].CU[1],SIMDCPIStack.Special,0.0,cycles/inst
GPU[1].SA[6].CU[1],SIMDCPIStack.VALU,1.45493027888446,cycles/inst
GPU[1].SA[6].CU[1],SIMDCPIStack.VMem,0.0473107569721111,cycles/inst
GPU[1].SA[6].CU[1],SIMDCPIStack.VMemInst,0.000498007968127738,cycles/inst
GPU[1].SA[6].CU[1],SIMDCPIStack.total,2.67978087649402,cycles/inst
GPU[1].SA[6].CU[2],CPIStack.Branch,0.0033482142857146,cycles/inst
GPU[1].SA[6].CU[2],CPIStack.Fetch,0.053890306122449,cycles/inst
GPU[1].SA[6].CU[2],CPIStack.Idle,0.000159438775510149,cycles/inst
GPU[1].SA[6].CU[2],CPIStack.ScalarInst,0.0132334183673471,cycles/inst
GPU[1].SA[6].CU[2],CPIStack.ScalarMem,0.0738201530612242,cycles/inst
GPU[1].SA[6].CU[2],CPIStack.ScalarMemInst,0.000478316326530716,cycles/inst
GPU[1].SA[6].CU[2],CPIStack.Special,0.0,cycles/inst
GPU[1].SA[6].CU[2],CPIStack.VALU,0.891741071428571,cycles/inst
GPU[1].SA[6].CU[2],CPIStack.VMem,0.0387436224489797,cycles/inst
GPU[1].SA[6].CU[2],CPIStack.VMemInst,0.000637755102040594,cycles/inst
GPU[1].SA[6].CU[2],CPIStack.total,1.71588010204082,cycles/inst
GPU[1].SA[6].CU[2],SIMDCPIStack.Branch,0.00522908366533914,cycles/inst
GPU[1].SA[6].CU[2],SIMDCPIStack.Fetch,0.0841633466135458,cycles/inst
GPU[1].SA[6].CU[2],SIMDCPIStack.Idle,0.000249003984063658,cycles/inst
GPU[1].SA[6].CU[2],SIMDCPIStack.ScalarInst,0.020667330677291,cycles/inst
GPU[1].SA[6].CU[2],SIMDCPIStack.ScalarMem,0.115288844621513,cycles/inst
GPU[1].SA[6].CU[2],SIMDCPIStack.ScalarMemInst,0.000747011952191397,cycles/inst
GPU[1].SA[6].CU[2],SIMDCPIStack.Special,0.0,cycles/inst
GPU[1].SA[6].CU[2],SIMDCPIStack.VALU,1.39267928286853,cycles/inst
GPU[1].SA[6].CU[2],SIMDCPIStack.VMem,0.0605079681274903,cycles/inst
GPU[1].SA[6].CU[2],SIMDCPIStack.VMemInst,0.000996015936254633,cycles/inst
GPU[1].SA[6].CU[2],SIMDCPIStack.total,2.67978087649402,cycles/inst
GPU[1].SA[6].CU[3],CPIStack.Branch,0.0036670918367349,cycles/inst
GPU[1].SA[6].CU[3],CPIStack.Fetch,0.0545280612244897,cycles/inst
GPU[1].SA[6].CU[3],CPIStack.Idle,0.000159438775510149,cycles/inst
GPU[1].SA[6].CU[3],CPIStack.ScalarInst,0.0197704081632657,cycles/inst
GPU[1].SA[6].CU[3],CPIStack.ScalarMem,0.0730229591836735,cycles/inst
GPU[1].SA[6].CU[3],CPIStack.ScalarMemInst,0.000478316326530581,cycles/inst
GPU[1].SA[6].CU[3],CPIStack.Special,0.0,cycles/inst
GPU[1].SA[6].CU[3],CPIStack.VALU,0.87547831632653,cycles/inst
GPU[1].SA[6].CU[3],CPIStack.VMem,0.0323660714285716,cycles/inst
GPU[1].SA[6].CU[3],CPIStack.VMemInst,0.00302933673469377,cycles/inst
GPU[1].SA[6].CU[3],CPIStack.total,1.71588010204082,cycles/inst
GPU[1].SA[6].CU[3],SIMDCPIStack.Branch,0.00572709163346646,cycles/inst
GPU[1].SA[6].CU[3],SIMDCPIStack.Fetch,0.0851593625498007,cycles/inst
GPU[1].SA[6].CU[3],SIMDCPIStack.Idle,0.000249003984063658,cycles/inst
GPU[1].SA[6].CU[3],SIMDCPIStack.ScalarInst,0.030876494023905,cycles/inst
GPU[1].SA[6].CU[3],SIMDCPIStack.ScalarMem,0.114043824701195,cycles/inst
GPU[1].SA[6].CU[3],SIMDCPIStack.ScalarMemInst,0.000747011952191186,cycles/inst
GPU[1].SA[6].CU[3],SIMDCPIStack.Special,0.0,cycles/inst
GPU[1].SA[6].CU[3],SIMDCPIStack.VALU,1.36728087649402,cycles/inst
GPU[1].SA[6].CU[3],SIMDCPIStack.VMem,0.0505478087649406,cycles/inst
GPU[1].SA[6].CU[3],SIMDCPIStack.VMemInst,0.00473107569721098,cycles/inst
GPU[1].SA[6].CU[3],SIMDCPIStack.total,2.67978087649402,cycles/inst
GPU[1].SA[7].CU[0],CPIStack.Branch,0.00286989795918402,cycles/inst
GPU[1].SA[7].CU[0],CPIStack.Fetch,0.0529336734693875,cycles/inst
GPU[1].SA[7].CU[0],CPIStack.Idle,0.000159438775510149,cycles/inst
GPU[1].SA[7].CU[0],CPIStack.ScalarInst,0.0154655612244894,cycles/inst
GPU[1].SA[7].CU[0],CPIStack.ScalarMem,0.0605867346938775,cycles/inst
GPU[1].SA[7].CU[0],CPIStack.ScalarMemInst,0.000478316326530716,cycles/inst
GPU[1].SA[7].CU[0],CPIStack.Special,0.0,cycles/inst
GPU[1].SA[7].CU[0],CPIStack.VALU,0.931760204081632,cycles/inst
GPU[1].SA[7].CU[0],CPIStack.VMem,0.0272640306122458,cycles/inst
GPU[1].SA[7].CU[0],CPIStack.VMemInst,0.00111607142857117,cycles/inst
GPU[1].SA[7].CU[0],CPIStack.total,1.71588010204082,cycles/inst
GPU[1].SA[7].CU[0],SIMDCPIStack.Branch,0.00448207171314796,cycles/inst
GPU[1].SA[7].CU[0],SIMDCPIStack.Fetch,0.082669322709163,cycles/inst
GPU[1].SA[7].CU[0],SIMDCPIStack.Idle,0.000249003984063658,cycles/inst
GPU[1].SA[7].CU[0],SIMDCPIStack.ScalarInst,0.0241533864541827,cycles/inst
GPU[1].SA[7].CU[0],SIMDCPIStack.ScalarMem,0.0946215139442231,cycles/inst
GPU[1].SA[7].CU[0],SIMDCPIStack.ScalarMemInst,0.000747011952191397,cycles/inst
GPU[1].SA[7].CU[0],SIMDCPIStack.Special,0.0,cycles/inst
GPU[1].SA[7].CU[0],SIMDCPIStack.VALU,1.45517928286853,cycles/inst
GPU[1].SA[7].CU[0],SIMDCPIStack.VMem,0.0425796812749018,cycles/inst
GPU[1].SA[7].CU[0],SIMDCPIStack.VMemInst,0.00174302788844582,cycles/inst
GPU[1].SA[7].CU[0],SIMDCPIStack.total,2.67978087649402,cycles/inst
GPU[1].SA[7].CU[1],CPIStack.Branch,0.00191326530612232,cycles/inst
GPU[1].SA[7].CU[1],CPIStack.Fetch,0.0532525510204081,cycles/inst
GPU[1].SA[7].CU[1],CPIStack.Idle,0.000159438775510149,cycles/inst
GPU[1].SA[7].CU[1],CPIStack.ScalarInst,0.0149872448979588,cycles/inst
GPU[1].SA[7].CU[1],CPIStack.ScalarMem,0.0599489795918365,cycles/inst
GPU[1].SA[7].CU[1],CPIStack.ScalarMemInst,0.000478316326530716,cycles/inst
GPU[1].SA[7].CU[1],CPIStack.Special,0.0,cycles/inst
GPU[1].SA[7].CU[1],CPIStack.VALU,0.890625,cycles/inst
GPU[1].SA[7].CU[1],CPIStack.VMem,0.0291772959183676,cycles/inst
GPU[1].SA[7].CU[1],CPIStack.VMemInst,0.00334821428571433,cycles/inst
GPU[1].SA[7].CU[1],CPIStack.total,1.71588010204082,cycles/inst
GPU[1].SA[7].CU[1],SIMDCPIStack.Branch,0.00298804780876474,cycles/inst
GPU[1].SA[7].CU[1],SIMDCPIStack.Fetch,0.0831673306772907,cycles/inst
GPU[1].SA[7].CU[1],SIMDCPIStack.Idle,0.000249003984063658,cycles/inst
GPU[1].SA[7].CU[1],SIMDCPIStack.ScalarInst,0.0234063745019915,cycles/inst
GPU[1].SA[7].CU[1],SIMDCPIStack.ScalarMem,0.0936254980079678,cycles/inst
GPU[1].SA[7].CU[1],SIMDCPIStack.ScalarMemInst,0.000747011952191397,cycles/inst
GPU[1].SA[7].CU[1],SIMDCPIStack.Special,0.0,cycles/inst
GPU[1].SA[7].CU[1],SIMDCPIStack.VALU,1.39093625498008,cycles/inst
GPU[1].SA[7].CU[1],SIMDCPIStack.VMem,0.0455677290836657,cycles/inst
GPU[1].SA[7].CU[1],SIMDCPIStack.VMemInst,0.00522908366533872,cycles/inst
GPU[1].SA[7].CU[1],SIMDCPIStack.total,2.67978087649402,cycles/inst
GPU[1].SA[7].CU[2],CPIStack.Branch,0.00239158163265317,cycles/inst
GPU[1].SA[7].CU[2],CPIStack.Fetch,0.0545280612244898,cycles/inst
GPU[1].SA[7].CU[2],CPIStack.Idle,0.000318877551020432,cycles/inst
GPU[1].SA[7].CU[2],CPIStack.ScalarInst,0.0110012755102042,cycles/inst
GPU[1].SA[7].CU[2],CPIStack.ScalarMem,0.0741390306122445,cycles/inst
GPU[1].SA[7].CU[2],CPIStack.ScalarMemInst,0.000478316326530716,cycles/inst
GPU[1].SA[7].CU[2],CPIStack.Special,0.000159438775510284,cycles/inst
GPU[1].SA[7].CU[2],CPIStack.VALU,0.857302295918367,cycles/inst
GPU[1].SA[7].CU[2],CPIStack.VMem,0.0349170918367348,cycles/inst
GPU[1].SA[7].CU[2],CPIStack.VMemInst,0.00318877551020405,cycles/inst
GPU[1].SA[7].CU[2],CPIStack.total,1.71588010204082,cycles/inst
GPU[1].SA[7].CU[2],SIMDCPIStack.Branch,0.00373505976095635,cycles/inst
GPU[1].SA[7].CU[2],SIMDCPIStack.Fetch,0.0851593625498009,cycles/inst
GPU[1].SA[7].CU[2],SIMDCPIStack.Idle,0.000498007968127527,cycles/inst
GPU[1].SA[7].CU[2],SIMDCPIStack.ScalarInst,0.0171812749003985,cycles/inst
GPU[1].SA[7].CU[2],SIMDCPIStack.ScalarMem,0.115786852589641,cycles/inst
GPU[1].SA[7].CU[2],SIMDCPIStack.ScalarMemInst,0.000747011952191397,cycles/inst
GPU[1].SA[7].CU[2],SIMDCPIStack.Special,0.000249003984063869,cycles/inst
GPU[1].SA[7].CU[2],SIMDCPIStack.VALU,1.33889442231076,cycles/inst
GPU[1].SA[7].CU[2],SIMDCPIStack.VMem,0.0545318725099604,cycles/inst
GPU[1].SA[7].CU[2],SIMDCPIStack.VMemInst,0.00498007968127485,cycles/inst
GPU[1].SA[7].CU[2],SIMDCPIStack.total,2.67978087649402,cycles/inst
GPU[1].SA[7].CU[3],CPIStack.Branch,0.00334821428571433,cycles/inst
GPU[1].SA[7].CU[3],CPIStack.Fetch,0.05452806122449,cycles/inst
GPU[1].SA[7].CU[3],CPIStack.Idle,0.000159438775510149,cycles/inst
GPU[1].SA[7].CU[3],CPIStack.ScalarInst,0.0245535714285715,cycles/inst
GPU[1].SA[7].CU[3],CPIStack.ScalarMem,0.0722257653061224,cycles/inst
GPU[1].SA[7].CU[3],CPIStack.ScalarMemInst,0.000478316326530581,cycles/inst
GPU[1].SA[7].CU[3],CPIStack.Special,0.0,cycles/inst
GPU[1].SA[7].CU[3],CPIStack.VALU,0.805963010204082,cycles/inst
GPU[1].SA[7].CU[3],CPIStack.VMem,0.0294961734693873,cycles/inst
GPU[1].SA[7].CU[3],CPIStack.VMemInst,0.00302933673469377,cycles/inst
GPU[1].SA[7].CU[3],CPIStack.total,1.71588010204082,cycles/inst
GPU[1].SA[7].CU[3],SIMDCPIStack.Branch,0.00522908366533872,cycles/inst
GPU[1].SA[7].CU[3],SIMDCPIStack.Fetch,0.0851593625498011,cycles/inst
GPU[1].SA[7].CU[3],SIMDCPIStack.Idle,0.000249003984063658,cycles/inst
GPU[1].SA[7].CU[3],SIMDCPIStack.ScalarInst,0.0383466135458169,cycles/inst
GPU[1].SA[7].CU[3],SIMDCPIStack.ScalarMem,0.112798804780876,cycles/inst
GPU[1].SA[7].CU[3],SIMDCPIStack.ScalarMemInst,0.000747011952191186,cycles/inst
GPU[1].SA[7].CU[3],SIMDCPIStack.Special,0.0,cycles/inst
GPU[1].SA[7].CU[3],SIMDCPIStack.VALU,1.25871513944223,cycles/inst
GPU[1].SA[7].CU[3],SIMDCPIStack.VMem,0.0460657370517922,cycles/inst
GPU[1].SA[7].CU[3],SIMDCPIStack.VMemInst,0.00473107569721098,cycles/inst
GPU[1].SA[7].CU[3],SIMDCPIStack.total,2.67978087649402,cycles/inst
GPU[1].SA[8].CU[0],CPIStack.Branch,0.0015943877551023,cycles/inst
GPU[1].SA[8].CU[0],CPIStack.Fetch,0.0527742346938773,cycles/inst
GPU[1].SA[8].CU[0],CPIStack.Idle,0.000159438775510284,cycles/inst
GPU[1].SA[8].CU[0],CPIStack.ScalarInst,0.0125956632653062,cycles/inst
GPU[1].SA[8].CU[0],CPIStack.ScalarMem,0.0610650510204078,cycles/inst
GPU[1].SA[8].CU[0],CPIStack.ScalarMemInst,0.000478316326530716,cycles/inst
GPU[1].SA[8].CU[0],CPIStack.Special,0.0,cycles/inst
GPU[1].SA[8].CU[0],CPIStack.VALU,0.927614795918368,cycles/inst
GPU[1].SA[8].CU[0],CPIStack.VMem,0.0220025510204083,cycles/inst
GPU[1].SA[8].CU[0],CPIStack.VMemInst,0.00366709183673436,cycles/inst
GPU[1].SA[8].CU[0],CPIStack.total,1.71572066326531,cycles/inst
GPU[1].SA[8].CU[0],SIMDCPIStack.Branch,0.00249003984063785,cycles/inst
GPU[1].SA[8].CU[0],SIMDCPIStack.Fetch,0.0824203187250992,cycles/inst
GPU[1].SA[8].CU[0],SIMDCPIStack.Idle,0.000249003984063869,cycles/inst
GPU[1].SA[8].CU[0],SIMDCPIStack.ScalarInst,0.019671314741036,cycles/inst
GPU[1].SA[8].CU[0],SIMDCPIStack.ScalarMem,0.0953685258964138,cycles/inst
GPU[1].SA[8].CU[0],SIMDCPIStack.ScalarMemInst,0.000747011952191397,cycles/inst
GPU[1].SA[8].CU[0],SIMDCPIStack.Special,0.0,cycles/inst
GPU[1].SA[8].CU[0],SIMDCPIStack.VALU,1.44870517928287,cycles/inst
GPU[1].SA[8].CU[0],SIMDCPIStack.VMem,0.0343625498007971,cycles/inst
GPU[1].SA[8].CU[0],SIMDCPIStack.VMemInst,0.00572709163346562,cycles/inst
GPU[1].SA[8].CU[0],SIMDCPIStack.total,2.67953187250996,cycles/inst
GPU[1].SA[8].CU[1],CPIStack.Branch,0.00223214285714262,cycles/inst
GPU[1].SA[8].CU[1],CPIStack.Fetch,0.0530931122448978,cycles/inst
GPU[1].SA[8].CU[1],CPIStack.Idle,0.000159438775510284,cycles/inst
GPU[1].SA[8].CU[1],CPIStack.ScalarInst,0.0130739795918362,cycles/inst
GPU[1].SA[8].CU[1],CPIStack.ScalarMem,0.0589923469387759,cycles/inst
GPU[1].SA[8].CU[1],CPIStack.ScalarMemInst,0.000956632653061296,cycles/inst
GPU[1].SA[8].CU[1],CPIStack.Special,0.0,cycles/inst
GPU[1].SA[8].CU[1],CPIStack.VALU,0.905452806122449,cycles/inst
GPU[1].SA[8].CU[1],CPIStack.VMem,0.0344387755102042,cycles/inst
GPU[1].SA[8].CU[1],CPIStack.VMemInst,0.00334821428571433,cycles/inst
GPU[1].SA[8].CU[1],CPIStack.total,1.71572066326531,cycles/inst
GPU[1].SA[8].CU[1],SIMDCPIStack.Branch,0.00348605577689206,cycles/inst
GPU[1].SA[8].CU[1],SIMDCPIStack.Fetch,0.0829183266932269,cycles/inst
GPU[1].SA[8].CU[1],SIMDCPIStack.Idle,0.000249003984063869,cycles/inst
GPU[1].SA[8].CU[1],SIMDCPIStack.ScalarInst,0.0204183266932263,cycles/inst
GPU[1].SA[8].CU[1],SIMDCPIStack.ScalarMem,0.0921314741035863,cycles/inst
GPU[1].SA[8].CU[1],SIMDCPIStack.ScalarMemInst,0.00149402390438258,cycles/inst
GPU[1].SA[8].CU[1],SIMDCPIStack.Special,0.0,cycles/inst
GPU[1].SA[8].CU[1],SIMDCPIStack.VALU,1.41409362549801,cycles/inst
GPU[1].SA[8].CU[1],SIMDCPIStack.VMem,0.0537848605577692,cycles/inst
GPU[1].SA[8].CU[1],SIMDCPIStack.VMemInst,0.00522908366533872,cycles/inst
GPU[1].SA[8].CU[1],SIMDCPIStack.total,2.67953187250996,cycles/inst
GPU[1].SA[8].CU[2],CPIStack.Branch,0.00255102040816373,cycles/inst
GPU[1].SA[8].CU[2],CPIStack.Fetch,0.0537308673469387,cycles/inst
GPU[1].SA[8].CU[2],CPIStack.Idle,0.000159438775510284,cycles/inst
GPU[1].SA[8].CU[2],CPIStack.ScalarInst,0.0189732142857138,cycles/inst
GPU[1].SA[8].CU[2],CPIStack.ScalarMem,0.0744579081632653,cycles/inst
GPU[1].SA[8].CU[2],CPIStack.ScalarMemInst,0.000478316326530716,cycles/inst
GPU[1].SA[8].CU[2],CPIStack.Special,0.0,cycles/inst
GPU[1].SA[8].CU[2],CPIStack.VALU,0.889349489795918,cycles/inst
GPU[1].SA[8].CU[2],CPIStack.VMem,0.0349170918367351,cycles/inst
GPU[1].SA[8].CU[2],CPIStack.VMemInst,0.0,cycles/inst
GPU[1].SA[8].CU[2],CPIStack.total,1.71572066326531,cycles/inst
GPU[1].SA[8].CU[2],SIMDCPIStack.Branch,0.00398406374502064,cycles/inst
GPU[1].SA[8].CU[2],SIMDCPIStack.Fetch,0.0839143426294819,cycles/inst
GPU[1].SA[8].CU[2],SIMDCPIStack.Idle,0.000249003984063869,cycles/inst
GPU[1].SA[8].CU[2],SIMDCPIStack.ScalarInst,0.0296314741035848,cycles/inst
GPU[1].SA[8].CU[2],SIMDCPIStack.ScalarMem,0.116284860557769,cycles/inst
GPU[1].SA[8].CU[2],SIMDCPIStack.ScalarMemInst,0.000747011952191397,cycles/inst
GPU[1].SA[8].CU[2],SIMDCPIStack.Special,0.0,cycles/inst
GPU[1].SA[8].CU[2],SIMDCPIStack.VALU,1.38894422310757,cycles/inst
GPU[1].SA[8].CU[2],SIMDCPIStack.VMem,0.0545318725099608,cycles/inst
GPU[1].SA[8].CU[2],SIMDCPIStack.VMemInst,0.0,cycles/inst
GPU[1].SA[8].CU[2],SIMDCPIStack.total,2.67953187250996,cycles/inst
GPU[1].SA[8].CU[3],CPIStack.Branch,0.0023915816326529,cycles/inst
GPU[1].SA[8].CU[3],CPIStack.Fetch,0.0543686224489794,cycles/inst
GPU[1].SA[8].CU[3],CPIStack.Idle,0.000159438775510284,cycles/inst
GPU[1].SA[8].CU[3],CPIStack.ScalarInst,0.020248724489796,cycles/inst
GPU[1].SA[8].CU[3],CPIStack.ScalarMem,0.0754145408163265,cycles/inst
GPU[1].SA[8].CU[3],CPIStack.ScalarMemInst,0.000478316326530581,cycles/inst
GPU[1].SA[8].CU[3],CPIStack.Special,0.0,cycles/inst
GPU[1].SA[8].CU[3],CPIStack.VALU,0.864158163265307,cycles/inst
GPU[1].SA[8].CU[3],CPIStack.VMem,0.0298150510204082,cycles/inst
GPU[1].SA[8].CU[3],CPIStack.VMemInst,0.00302933673469377,cycles/inst
GPU[1].SA[8].CU[3],CPIStack.total,1.71572066326531,cycles/inst
GPU[1].SA[8].CU[3],SIMDCPIStack.Branch,0.00373505976095593,cycles/inst
GPU[1].SA[8].CU[3],SIMDCPIStack.Fetch,0.0849103585657368,cycles/inst
GPU[1].SA[8].CU[3],SIMDCPIStack.Idle,0.000249003984063869,cycles/inst
GPU[1].SA[8].CU[3],SIMDCPIStack.ScalarInst,0.0316235059760958,cycles/inst
GPU[1].SA[8].CU[3],SIMDCPIStack.ScalarMem,0.117778884462151,cycles/inst
GPU[1].SA[8].CU[3],SIMDCPIStack.ScalarMemInst,0.000747011952191186,cycles/inst
GPU[1].SA[8].CU[3],SIMDCPIStack.Special,0.0,cycles/inst
GPU[1].SA[8].CU[3],SIMDCPIStack.VALU,1.3496015936255,cycles/inst
GPU[1].SA[8].CU[3],SIMDCPIStack.VMem,0.0465637450199203,cycles/inst
GPU[1].SA[8].CU[3],SIMDCPIStack.VMemInst,0.00473107569721098,cycles/inst
GPU[1].SA[8].CU[3],SIMDCPIStack.total,2.67953187250996,cycles/inst
GPU[1].SA[9].CU[0],CPIStack.Branch,0.00175382653061231,cycles/inst
GPU[1].SA[9].CU[0],CPIStack.Fetch,0.0527742346938773,cycles/inst
GPU[1].SA[9].CU[0],CPIStack.Idle,0.000159438775510284,cycles/inst
GPU[1].SA[9].CU[0],CPIStack.ScalarInst,0.00892857142857129,cycles/inst
GPU[1].SA[9].CU[0],CPIStack.ScalarMem,0.0601084183673469,cycles/inst
GPU[1].SA[9].CU[0],CPIStack.ScalarMemInst,0.000478316326530716,cycles/inst
GPU[1].SA[9].CU[0],CPIStack.Special,0.0,cycles/inst
GPU[1].SA[9].CU[0],CPIStack.VALU,0.932079081632653,cycles/inst
GPU[1].SA[9].CU[0],CPIStack.VMem,0.0204081632653063,cycles/inst
GPU[1].SA[9].CU[0],CPIStack.VMemInst,0.00334821428571433,cycles/inst
GPU[1].SA[9].CU[0],CPIStack.total,1.71572066326531,cycles/inst
GPU[1].SA[9].CU[0],SIMDCPIStack.Branch,0.0027390438247013,cycles/inst
GPU[1].SA[9].CU[0],SIMDCPIStack.Fetch,0.0824203187250992,cycles/inst
GPU[1].SA[9].CU[0],SIMDCPIStack.Idle,0.000249003984063869,cycles/inst
GPU[1].SA[9].CU[0],SIMDCPIStack.ScalarInst,0.0139442231075695,cycles/inst
GPU[1].SA[9].CU[0],SIMDCPIStack.ScalarMem,0.0938745019920319,cycles/inst
GPU[1].SA[9].CU[0],SIMDCPIStack.ScalarMemInst,0.000747011952191397,cycles/inst
GPU[1].SA[9].CU[0],SIMDCPIStack.Special,0.0,cycles/inst
GPU[1].SA[9].CU[0],SIMDCPIStack.VALU,1.45567729083665,cycles/inst
GPU[1].SA[9].CU[0],SIMDCPIStack.VMem,0.0318725099601596,cycles/inst
GPU[1].SA[9].CU[0],SIMDCPIStack.VMemInst,0.00522908366533872,cycles/inst
GPU[1].SA[9].CU[0],SIMDCPIStack.total,2.67953187250996,cycles/inst
GPU[1].SA[9].CU[1],CPIStack.Branch,0.00223214285714289,cycles/inst
GPU[1].SA[9].CU[1],CPIStack.Fetch,0.0562818877551019,cycles/inst
GPU[1].SA[9].CU[1],CPIStack.Idle,0.000478316326530581,cycles/inst
GPU[1].SA[9].CU[1],CPIStack.ScalarInst,0.0184948979591837,cycles/inst
GPU[1].SA[9].CU[1],CPIStack.ScalarMem,0.0621811224489791,cycles/inst
GPU[1].SA[9].CU[1],CPIStack.ScalarMemInst,0.00143494897959215,cycles/inst
GPU[1].SA[9].CU[1],CPIStack.Special,0.000318877551020297,cycles/inst
GPU[1].SA[9].CU[1],CPIStack.VALU,0.950414540816327,cycles/inst
GPU[1].SA[9].CU[1],CPIStack.VMem,0.0349170918367348,cycles/inst
GPU[1].SA[9].CU[1],CPIStack.VMemInst,0.00573979591836697,cycles/inst
GPU[1].SA[9].CU[1],CPIStack.total,1.71572066326531,cycles/inst
GPU[1].SA[9].CU[1],SIMDCPIStack.Branch,0.00348605577689248,cycles/inst
GPU[1].SA[9].CU[1],SIMDCPIStack.Fetch,0.0878984063745017,cycles/inst
GPU[1].SA[9].CU[1],SIMDCPIStack.Idle,0.000747011952191186,cycles/inst
GPU[1].SA[9].CU[1],SIMDCPIStack.ScalarInst,0.0288844621513945,cycles/inst
GPU[1].SA[9].CU[1],SIMDCPIStack.ScalarMem,0.0971115537848598,cycles/inst
GPU[1].SA[9].CU[1],SIMDCPIStack.ScalarMemInst,0.00224103585657419,cycles/inst
GPU[1].SA[9].CU[1],SIMDCPIStack.Special,0.000498007968127317,cycles/inst
GPU[1].SA[9].CU[1],SIMDCPIStack.VALU,1.48431274900398,cycles/inst
GPU[1].SA[9].CU[1],SIMDCPIStack.VMem,0.0545318725099604,cycles/inst
GPU[1].SA[9].CU[1],SIMDCPIStack.VMemInst,0.00896414342629423,cycles/inst
GPU[1].SA[9].CU[1],SIMDCPIStack.total,2.67953187250996,cycles/inst
GPU[1].SA[9].CU[2],CPIStack.Branch,0.00302933673469404,cycles/inst
GPU[1].SA[9].CU[2],CPIStack.Fetch,0.0537308673469387,cycles/inst
GPU[1].SA[9].CU[2],CPIStack.Idle,0.000159438775510284,cycles/inst
GPU[1].SA[9].CU[2],CPIStack.ScalarInst,0.0197704081632657,cycles/inst
GPU[1].SA[9].CU[2],CPIStack.ScalarMem,0.0752551020408159,cycles/inst
GPU[1].SA[9].CU[2],CPIStack.ScalarMemInst,0.000478316326530716,cycles/inst
GPU[1].SA[9].CU[2],CPIStack.Special,0.000318877551020297,cycles/inst
GPU[1].SA[9].CU[2],CPIStack.VALU,0.855548469387755,cycles/inst
GPU[1].SA[9].CU[2],CPIStack.VMem,0.03922193877551,cycles/inst
GPU[1].SA[9].CU[2],CPIStack.VMemInst,0.000797193877551148,cycles/inst
GPU[1].SA[9].CU[2],CPIStack.total,1.71572066326531,cycles/inst
GPU[1].SA[9].CU[2],SIMDCPIStack.Branch,0.00473107569721141,cycles/inst
GPU[1].SA[9].CU[2],SIMDCPIStack.Fetch,0.0839143426294819,cycles/inst
GPU[1].SA[9].CU[2],SIMDCPIStack.Idle,0.000249003984063869,cycles/inst
GPU[1].SA[9].CU[2],SIMDCPIStack.ScalarInst,0.030876494023905,cycles/inst
GPU[1].SA[9].CU[2],SIMDCPIStack.ScalarMem,0.117529880478087,cycles/inst
GPU[1].SA[9].CU[2],SIMDCPIStack.ScalarMemInst,0.000747011952191397,cycles/inst
GPU[1].SA[9].CU[2],SIMDCPIStack.Special,0.000498007968127317,cycles/inst
GPU[1].SA[9].CU[2],SIMDCPIStack.VALU,1.33615537848606,cycles/inst
GPU[1].SA[9].CU[2],SIMDCPIStack.VMem,0.061254980079681,cycles/inst
GPU[1].SA[9].CU[2],SIMDCPIStack.VMemInst,0.00124501992031892,cycles/inst
GPU[1].SA[9].CU[2],SIMDCPIStack.total,2.67953187250996,cycles/inst
GPU[1].SA[9].CU[3],CPIStack.Branch,0.0027104591836732,cycles/inst
GPU[1].SA[9].CU[3],CPIStack.Fetch,0.0527742346938774,cycles/inst
GPU[1].SA[9].CU[3],CPIStack.Idle,0.000159438775510284,cycles/inst
GPU[1].SA[9].CU[3],CPIStack.ScalarInst,0.0165816326530617,cycles/inst
GPU[1].SA[9].CU[3],CPIStack.ScalarMem,0.0722257653061227,cycles/inst
GPU[1].SA[9].CU[3],CPIStack.ScalarMemInst,0.000478316326530581,cycles/inst
GPU[1].SA[9].CU[3],CPIStack.Special,0.0,cycles/inst
GPU[1].SA[9].CU[3],CPIStack.VALU,0.865433673469387,cycles/inst
GPU[1].SA[9].CU[3],CPIStack.VMem,0.0243941326530615,cycles/inst
GPU[1].SA[9].CU[3],CPIStack.VMemInst,0.0039859693877552,cycles/inst
GPU[1].SA[9].CU[3],CPIStack.total,1.71572066326531,cycles/inst
GPU[1].SA[9].CU[3],SIMDCPIStack.Branch,0.00423306772908325,cycles/inst
GPU[1].SA[9].CU[3],SIMDCPIStack.Fetch,0.0824203187250994,cycles/inst
GPU[1].SA[9].CU[3],SIMDCPIStack.Idle,0.000249003984063869,cycles/inst
GPU[1].SA[9].CU[3],SIMDCPIStack.ScalarInst,0.0258964143426302,cycles/inst
GPU[1].SA[9].CU[3],SIMDCPIStack.ScalarMem,0.112798804780877,cycles/inst
GPU[1].SA[9].CU[3],SIMDCPIStack.ScalarMemInst,0.000747011952191186,cycles/inst
GPU[1].SA[9].CU[3],SIMDCPIStack.Special,0.0,cycles/inst
GPU[1].SA[9].CU[3],SIMDCPIStack.VALU,1.35159362549801,cycles/inst
GPU[1].SA[9].CU[3],SIMDCPIStack.VMem,0.0380976095617534,cycles/inst
GPU[1].SA[9].CU[3],SIMDCPIStack.VMemInst,0.00622509960159378,cycles/inst
GPU[1].SA[9].CU[3],SIMDCPIStack.total,2.67953187250996,cycles/inst
GPU[1].SA[10].CU[0],CPIStack.Branch,0.00286989795918402,cycles/inst
GPU[1].SA[10].CU[0],CPIStack.Fetch,0.0526147959183671,cycles/inst
GPU[1].SA[10].CU[0],CPIStack.Idle,0.000159438775510149,cycles/inst
GPU[1].SA[10].CU[0],CPIStack.ScalarInst,0.0204081632653055,cycles/inst
GPU[1].SA[10].CU[0],CPIStack.ScalarMem,0.0613839285714289,cycles/inst
GPU[1].SA[10].CU[0],CPIStack.ScalarMemInst,0.000478316326530716,cycles/inst
GPU[1].SA[10].CU[0],CPIStack.Special,0.0,cycles/inst
GPU[1].SA[10].CU[0],CPIStack.VALU,0.923150510204082,cycles/inst
GPU[1].SA[10].CU[0],CPIStack.VMem,0.0269451530612244,cycles/inst
GPU[1].SA[10].CU[0],CPIStack.VMemInst,0.0,cycles/inst
GPU[1].SA[10].CU[0],CPIStack.total,1.7155612244898,cycles/inst
GPU[1].SA[10].CU[0],SIMDCPIStack.Branch,0.00448207171314796,cycles/inst
GPU[1].SA[10].CU[0],SIMDCPIStack.Fetch,0.0821713147410355,cycles/inst
GPU[1].SA[10].CU[0],SIMDCPIStack.Idle,0.000249003984063658,cycles/inst
GPU[1].SA[10].CU[0],SIMDCPIStack.ScalarInst,0.0318725099601584,cycles/inst
GPU[1].SA[10].CU[0],SIMDCPIStack.ScalarMem,0.0958665338645424,cycles/inst
GPU[1].SA[10].CU[0],SIMDCPIStack.ScalarMemInst,0.000747011952191397,cycles/inst
GPU[1].SA[10].CU[0],SIMDCPIStack.Special,0.0,cycles/inst
GPU[1].SA[10].CU[0],SIMDCPIStack.VALU,1.44173306772908,cycles/inst
GPU[1].SA[10].CU[0],SIMDCPIStack.VMem,0.0420816733067728,cycles/inst
GPU[1].SA[10].CU[0],SIMDCPIStack.VMemInst,0.0,cycles/inst
GPU[1].SA[10].CU[0],SIMDCPIStack.total,2.6792828685259,cycles/inst
GPU[1].SA[10].CU[1],CPIStack.Branch,0.00255102040816373,cycles/inst
GPU[1].SA[10].CU[1],CPIStack.Fetch,0.0545280612244897,cycles/inst
GPU[1].SA[10].CU[1],CPIStack.Idle,0.000318877551020162,cycles/inst
GPU[1].SA[10].CU[1],CPIStack.ScalarInst,0.0181760204081631,cycles/inst
GPU[1].SA[10].CU[1],CPIStack.ScalarMem,0.0615433673469388,cycles/inst
GPU[1].SA[10].CU[1],CPIStack.ScalarMemInst,0.000956632653061296,cycles/inst
GPU[1].SA[10].CU[1],CPIStack.Special,0.000318877551020567,cycles/inst
GPU[1].SA[10].CU[1],CPIStack.VALU,0.956792091836735,cycles/inst
GPU[1].SA[10].CU[1],CPIStack.VMem,0.0395408163265306,cycles/inst
GPU[1].SA[10].CU[1],CPIStack.VMemInst,0.00462372448979579,cycles/inst
GPU[1].SA[10].CU[1],CPIStack.total,1.7155612244898,cycles/inst
GPU[1].SA[10].CU[1],SIMDCPIStack.Branch,0.00398406374502064,cycles/inst
GPU[1].SA[10].CU[1],SIMDCPIStack.Fetch,0.0851593625498007,cycles/inst
GPU[1].SA[10].CU[1],SIMDCPIStack.Idle,0.000498007968127106,cycles/inst
GPU[1].SA[10].CU[1],SIMDCPIStack.ScalarInst,0.0283864541832667,cycles/inst
GPU[1].SA[10].CU[1],SIMDCPIStack.ScalarMem,0.0961155378486056,cycles/inst
GPU[1].SA[10].CU[1],SIMDCPIStack.ScalarMemInst,0.00149402390438258,cycles/inst
GPU[1].SA[10].CU[1],SIMDCPIStack.Special,0.000498007968127738,cycles/inst
GPU[1].SA[10].CU[1],SIMDCPIStack.VALU,1.49427290836653,cycles/inst
GPU[1].SA[10].CU[1],SIMDCPIStack.VMem,0.0617529880478088,cycles/inst
GPU[1].SA[10].CU[1],SIMDCPIStack.VMemInst,0.00722111553784841,cycles/inst
GPU[1].SA[10].CU[1],SIMDCPIStack.total,2.6792828685259,cycles/inst
GPU[1].SA[10].CU[2],CPIStack.Branch,0.00414540816326575,cycles/inst
GPU[1].SA[10].CU[2],CPIStack.Fetch,0.0572385204081632,cycles/inst
GPU[1].SA[10].CU[2],CPIStack.Idle,0.000478316326530446,cycles/inst
GPU[1].SA[10].CU[2],CPIStack.ScalarInst,0.0264668367346936,cycles/inst
GPU[1].SA[10].CU[2],CPIStack.ScalarMem,0.0757334183673468,cycles/inst
GPU[1].SA[10].CU[2],CPIStack.ScalarMemInst,0.000956632653061296,cycles/inst
GPU[1].SA[10].CU[2],CPIStack.Special,0.000318877551020567,cycles/inst
GPU[1].SA[10].CU[2],CPIStack.VALU,0.85985331632653,cycles/inst
GPU[1].SA[10].CU[2],CPIStack.VMem,0.0476721938775516,cycles/inst
GPU[1].SA[10].CU[2],CPIStack.VMemInst,0.00446428571428551,cycles/inst
GPU[1].SA[10].CU[2],CPIStack.total,1.7155612244898,cycles/inst
GPU[1].SA[10].CU[2],SIMDCPIStack.Branch,0.00647410358565807,cycles/inst
GPU[1].SA[10].CU[2],SIMDCPIStack.Fetch,0.0893924302788843,cycles/inst
GPU[1].SA[10].CU[2],SIMDCPIStack.Idle,0.000747011952190975,cycles/inst
GPU[1].SA[10].CU[2],SIMDCPIStack.ScalarInst,0.0413346613545812,cycles/inst
GPU[1].SA[10].CU[2],SIMDCPIStack.ScalarMem,0.118276892430279,cycles/inst
GPU[1].SA[10].CU[2],SIMDCPIStack.ScalarMemInst,0.00149402390438258,cycles/inst
GPU[1].SA[10].CU[2],SIMDCPIStack.Special,0.000498007968127738,cycles/inst
GPU[1].SA[10].CU[2],SIMDCPIStack.VALU,1.34287848605578,cycles/inst
GPU[1].SA[10].CU[2],SIMDCPIStack.VMem,0.0744521912350606,cycles/inst
GPU[1].SA[10].CU[2],SIMDCPIStack.VMemInst,0.00697211155378454,cycles/inst
GPU[1].SA[10].CU[2],SIMDCPIStack.total,2.6792828685259,cycles/inst
GPU[1].SA[10].CU[3],CPIStack.Branch,0.00207270408163261,cycles/inst
GPU[1].SA[10].CU[3],CPIStack.Fetch,0.0526147959183672,cycles/inst
GPU[1].SA[10].CU[3],CPIStack.Idle,0.000159438775510149,cycles/inst
GPU[1].SA[10].CU[3],CPIStack.ScalarInst,0.00940688775510214,cycles/inst
GPU[1].SA[10].CU[3],CPIStack.ScalarMem,0.0698341836734695,cycles/inst
GPU[1].SA[10].CU[3],CPIStack.ScalarMemInst,0.000478316326530581,cycles/inst
GPU[1].SA[10].CU[3],CPIStack.Special,0.0,cycles/inst
GPU[1].SA[10].CU[3],CPIStack.VALU,0.880899234693877,cycles/inst
GPU[1].SA[10].CU[3],CPIStack.VMem,0.0178571428571434,cycles/inst
GPU[1].SA[10].CU[3],CPIStack.VMemInst,0.00286989795918348,cycles/inst
GPU[1].SA[10].CU[3],CPIStack.total,1.7155612244898,cycles/inst
GPU[1].SA[10].CU[3],SIMDCPIStack.Branch,0.00323705179282861,cycles/inst
GPU[1].SA[10].CU[3],SIMDCPIStack.Fetch,0.0821713147410357,cycles/inst
GPU[1].SA[10].CU[3],SIMDCPIStack.Idle,0.000249003984063658,cycles/inst
GPU[1].SA[10].CU[3],SIMDCPIStack.ScalarInst,0.0146912350597611,cycles/inst
GPU[1].SA[10].CU[3],SIMDCPIStack.ScalarMem,0.10906374501992,cycles/inst
GPU[1].SA[10].CU[3],SIMDCPIStack.ScalarMemInst,0.000747011952191186,cycles/inst
GPU[1].SA[10].CU[3],SIMDCPIStack.Special,0.0,cycles/inst
GPU[1].SA[10].CU[3],SIMDCPIStack.VALU,1.37574701195219,cycles/inst
GPU[1].SA[10].CU[3],SIMDCPIStack.VMem,0.0278884462151403,cycles/inst
GPU[1].SA[10].CU[3],SIMDCPIStack.VMemInst,0.00448207171314711,cycles/inst
GPU[1].SA[10].CU[3],SIMDCPIStack.total,2.6792828685259,cycles/inst
GPU[1].SA[11].CU[0],CPIStack.Branch,0.00239158163265317,cycles/inst
GPU[1].SA[11].CU[0],CPIStack.Fetch,0.0526147959183671,cycles/inst
GPU[1].SA[11].CU[0],CPIStack.Idle,0.000159438775510149,cycles/inst
GPU[1].SA[11].CU[0],CPIStack.ScalarInst,0.0189732142857146,cycles/inst
GPU[1].SA[11].CU[0],CPIStack.ScalarMem,0.061862244897959,cycles/inst
GPU[1].SA[11].CU[0],CPIStack.ScalarMemInst,0.000478316326530716,cycles/inst
GPU[1].SA[11].CU[0],CPIStack.Special,0.0,cycles/inst
GPU[1].SA[11].CU[0],CPIStack.VALU,0.94483418367347,cycles/inst
GPU[1].SA[11].CU[0],CPIStack.VMem,0.0247130102040813,cycles/inst
GPU[1].SA[11].CU[0],CPIStack.VMemInst,0.00366709183673463,cycles/inst
GPU[1].SA[11].CU[0],CPIStack.total,1.7155612244898,cycles/inst
GPU[1].SA[11].CU[0],SIMDCPIStack.Branch,0.00373505976095635,cycles/inst
GPU[1].SA[11].CU[0],SIMDCPIStack.Fetch,0.0821713147410355,cycles/inst
GPU[1].SA[11].CU[0],SIMDCPIStack.Idle,0.000249003984063658,cycles/inst
GPU[1].SA[11].CU[0],SIMDCPIStack.ScalarInst,0.0296314741035861,cycles/inst
GPU[1].SA[11].CU[0],SIMDCPIStack.ScalarMem,0.0966135458167327,cycles/inst
GPU[1].SA[11].CU[0],SIMDCPIStack.ScalarMemInst,0.000747011952191397,cycles/inst
GPU[1].SA[11].CU[0],SIMDCPIStack.Special,0.0,cycles/inst
GPU[1].SA[11].CU[0],SIMDCPIStack.VALU,1.47559760956175,cycles/inst
GPU[1].SA[11].CU[0],SIMDCPIStack.VMem,0.0385956175298799,cycles/inst
GPU[1].SA[11].CU[0],SIMDCPIStack.VMemInst,0.00572709163346604,cycles/inst
GPU[1].SA[11].CU[0],SIMDCPIStack.total,2.6792828685259,cycles/inst
GPU[1].SA[11].CU[1],CPIStack.Branch,0.00382653061224492,cycles/inst
GPU[1].SA[11].CU[1],CPIStack.Fetch,0.0561224489795917,cycles/inst
GPU[1].SA[11].CU[1],CPIStack.Idle,0.000478316326530446,cycles/inst
GPU[1].SA[11].CU[1],CPIStack.ScalarInst,0.027264030612245,cycles/inst
GPU[1].SA[11].CU[1],CPIStack.ScalarMem,0.0648915816326529,cycles/inst
GPU[1].SA[11].CU[1],CPIStack.ScalarMemInst,0.000956632653061566,cycles/inst
GPU[1].SA[11].CU[1],CPIStack.Special,0.000318877551020297,cycles/inst
GPU[1].SA[11].CU[1],CPIStack.VALU,0.82796556122449,cycles/inst
GPU[1].SA[11].CU[1],CPIStack.VMem,0.0588329081632652,cycles/inst
GPU[1].SA[11].CU[1],CPIStack.VMemInst,0.00446428571428551,cycles/inst
GPU[1].SA[11].CU[1],CPIStack.total,1.7155612244898,cycles/inst
GPU[1].SA[11].CU[1],SIMDCPIStack.Branch,0.00597609561752991,cycles/inst
GPU[1].SA[11].CU[1],SIMDCPIStack.Fetch,0.0876494023904381,cycles/inst
GPU[1].SA[11].CU[1],SIMDCPIStack.Idle,0.000747011952190975,cycles/inst
GPU[1].SA[11].CU[1],SIMDCPIStack.ScalarInst,0.0425796812749005,cycles/inst
GPU[1].SA[11].CU[1],SIMDCPIStack.ScalarMem,0.101344621513944,cycles/inst
GPU[1].SA[11].CU[1],SIMDCPIStack.ScalarMemInst,0.001494023904383,cycles/inst
GPU[1].SA[11].CU[1],SIMDCPIStack.Special,0.000498007968127317,cycles/inst
GPU[1].SA[11].CU[1],SIMDCPIStack.VALU,1.29307768924303,cycles/inst
GPU[1].SA[11].CU[1],SIMDCPIStack.VMem,0.0918824701195218,cycles/inst
GPU[1].SA[11].CU[1],SIMDCPIStack.VMemInst,0.00697211155378454,cycles/inst
GPU[1].SA[11].CU[1],SIMDCPIStack.total,2.6792828685259,cycles/inst
GPU[1].SA[11].CU[2],CPIStack.Branch,0.00350765306122489,cycles/inst
GPU[1].SA[11].CU[2],CPIStack.Fetch,0.0535714285714285,cycles/inst
GPU[1].SA[11].CU[2],CPIStack.Idle,0.000159438775510149,cycles/inst
GPU[1].SA[11].CU[2],CPIStack.ScalarInst,0.0213647959183672,cycles/inst
GPU[1].SA[11].CU[2],CPIStack.ScalarMem,0.0765306122448979,cycles/inst
GPU[1].SA[11].CU[2],CPIStack.ScalarMemInst,0.000478316326530716,cycles/inst
GPU[1].SA[11].CU[2],CPIStack.Special,0.0,cycles/inst
GPU[1].SA[11].CU[2],CPIStack.VALU,0.857940051020408,cycles/inst
GPU[1].SA[11].CU[2],CPIStack.VMem,0.0355548469387754,cycles/inst
GPU[1].SA[11].CU[2],CPIStack.VMemInst,0.000318877551020297,cycles/inst
GPU[1].SA[11].CU[2],CPIStack.total,1.7155612244898,cycles/inst
GPU[1].SA[11].CU[2],SIMDCPIStack.Branch,0.00547808764940301,cycles/inst
GPU[1].SA[11].CU[2],SIMDCPIStack.Fetch,0.0836653386454183,cycles/inst
GPU[1].SA[11].CU[2],SIMDCPIStack.Idle,0.000249003984063658,cycles/inst
GPU[1].SA[11].CU[2],SIMDCPIStack.ScalarInst,0.0333665338645416,cycles/inst
GPU[1].SA[11].CU[2],SIMDCPIStack.ScalarMem,0.119521912350598,cycles/inst
GPU[1].SA[11].CU[2],SIMDCPIStack.ScalarMemInst,0.000747011952191397,cycles/inst
GPU[1].SA[11].CU[2],SIMDCPIStack.Special,0.0,cycles/inst
GPU[1].SA[11].CU[2],SIMDCPIStack.VALU,1.33989043824701,cycles/inst
GPU[1].SA[11].CU[2],SIMDCPIStack.VMem,0.055527888446215,cycles/inst
GPU[1].SA[11].CU[2],SIMDCPIStack.VMemInst,0.000498007968127317,cycles/inst
GPU[1].SA[11].CU[2],SIMDCPIStack.total,2.6792828685259,cycles/inst
GPU[1].SA[11].CU[3],CPIStack.Branch,0.00191326530612232,cycles/inst
GPU[1].SA[11].CU[3],CPIStack.Fetch,0.0526147959183672,cycles/inst
GPU[1].SA[11].CU[3],CPIStack.Idle,0.000159438775510149,cycles/inst
GPU[1].SA[11].CU[3],CPIStack.ScalarInst,0.00940688775510187,cycles/inst
GPU[1].SA[11].CU[3],CPIStack.ScalarMem,0.0699936224489798,cycles/inst
GPU[1].SA[11].CU[3],CPIStack.ScalarMemInst,0.000478316326530581,cycles/inst
GPU[1].SA[11].CU[3],CPIStack.Special,0.0,cycles/inst
GPU[1].SA[11].CU[3],CPIStack.VALU,0.901785714285715,cycles/inst
GPU[1].SA[11].CU[3],CPIStack.VMem,0.0196109693877552,cycles/inst
GPU[1].SA[11].CU[3],CPIStack.VMemInst,0.00318877551020405,cycles/inst
GPU[1].SA[11].CU[3],CPIStack.total,1.7155612244898,cycles/inst
GPU[1].SA[11].CU[3],SIMDCPIStack.Branch,0.00298804780876474,cycles/inst
GPU[1].SA[11].CU[3],SIMDCPIStack.Fetch,0.0821713147410357,cycles/inst
GPU[1].SA[11].CU[3],SIMDCPIStack.Idle,0.000249003984063658,cycles/inst
GPU[1].SA[11].CU[3],SIMDCPIStack.ScalarInst,0.0146912350597607,cycles/inst
GPU[1].SA[11].CU[3],SIMDCPIStack.ScalarMem,0.109312749003984,cycles/inst
GPU[1].SA[11].CU[3],SIMDCPIStack.ScalarMemInst,0.000747011952191186,cycles/inst
GPU[1].SA[11].CU[3],SIMDCPIStack.Special,0.0,cycles/inst
GPU[1].SA[11].CU[3],SIMDCPIStack.VALU,1.40836653386454,cycles/inst
GPU[1].SA[11].CU[3],SIMDCPIStack.VMem,0.0306274900398407,cycles/inst
GPU[1].SA[11].CU[3],SIMDCPIStack.VMemInst,0.00498007968127485,cycles/inst
GPU[1].SA[11].CU[3],SIMDCPIStack.total,2.6792828685259,cycles/inst
GPU[1].SA[12].CU[0],CPIStack.Branch,0.00143494897959201,cycles/inst
GPU[1].SA[12].CU[0],CPIStack.Fetch,0.052455357142857,cycles/inst
GPU[1].SA[12].CU[0],CPIStack.Idle,0.000159438775510149,cycles/inst
GPU[1].SA[12].CU[0],CPIStack.ScalarInst,0.0124362244897954,cycles/inst
GPU[1].SA[12].CU[0],CPIStack.ScalarMem,0.0596301020408161,cycles/inst
GPU[1].SA[12].CU[0],CPIStack.ScalarMemInst,0.000478316326530716,cycles/inst
GPU[1].SA[12].CU[0],CPIStack.Special,0.0,cycles/inst
GPU[1].SA[12].CU[0],CPIStack.VALU,0.948820153061225,cycles/inst
GPU[1].SA[12].CU[0],CPIStack.VMem,0.0234375000000003,cycles/inst
GPU[1].SA[12].CU[0],CPIStack.VMemInst,0.00318877551020405,cycles/inst
GPU[1].SA[12].CU[0],CPIStack.total,1.71540178571429,cycles/inst
GPU[1].SA[12].CU[0],SIMDCPIStack.Branch,0.00224103585657398,cycles/inst
GPU[1].SA[12].CU[0],SIMDCPIStack.Fetch,0.0819223107569718,cycles/inst
GPU[1].SA[12].CU[0],SIMDCPIStack.Idle,0.000249003984063658,cycles/inst
GPU[1].SA[12].CU[0],SIMDCPIStack.ScalarInst,0.0194223107569713,cycles/inst
GPU[1].SA[12].CU[0],SIMDCPIStack.ScalarMem,0.0931274900398402,cycles/inst
GPU[1].SA[12].CU[0],SIMDCPIStack.ScalarMemInst,0.000747011952191397,cycles/inst
GPU[1].SA[12].CU[0],SIMDCPIStack.Special,0.0,cycles/inst
GPU[1].SA[12].CU[0],SIMDCPIStack.VALU,1.48182270916335,cycles/inst
GPU[1].SA[12].CU[0],SIMDCPIStack.VMem,0.0366035856573711,cycles/inst
GPU[1].SA[12].CU[0],SIMDCPIStack.VMemInst,0.00498007968127485,cycles/inst
GPU[1].SA[12].CU[0],SIMDCPIStack.total,2.67903386454183,cycles/inst
GPU[1].SA[12].CU[1],CPIStack.Branch,0.00175382653061204,cycles/inst
GPU[1].SA[12].CU[1],CPIStack.Fetch,0.0527742346938775,cycles/inst
GPU[1].SA[12].CU[1],CPIStack.Idle,0.000159438775510149,cycles/inst
GPU[1].SA[12].CU[1],CPIStack.ScalarInst,0.00845025510204071,cycles/inst
GPU[1].SA[12].CU[1],CPIStack.ScalarMem,0.0596301020408165,cycles/inst
GPU[1].SA[12].CU[1],CPIStack.ScalarMemInst,0.000478316326530716,cycles/inst
GPU[1].SA[12].CU[1],CPIStack.Special,0.0,cycles/inst
GPU[1].SA[12].CU[1],CPIStack.VALU,0.927933673469387,cycles/inst
GPU[1].SA[12].CU[1],CPIStack.VMem,0.0416135204081638,cycles/inst
GPU[1].SA[12].CU[1],CPIStack.VMemInst,0.00510204081632664,cycles/inst
GPU[1].SA[12].CU[1],CPIStack.total,1.71540178571429,cycles/inst
GPU[1].SA[12].CU[1],SIMDCPIStack.Branch,0.00273904382470087,cycles/inst
GPU[1].SA[12].CU[1],SIMDCPIStack.Fetch,0.0824203187250996,cycles/inst
GPU[1].SA[12].CU[1],SIMDCPIStack.Idle,0.000249003984063658,cycles/inst
GPU[1].SA[12].CU[1],SIMDCPIStack.ScalarInst,0.0131972111553783,cycles/inst
GPU[1].SA[12].CU[1],SIMDCPIStack.ScalarMem,0.0931274900398409,cycles/inst
GPU[1].SA[12].CU[1],SIMDCPIStack.ScalarMemInst,0.000747011952191397,cycles/inst
GPU[1].SA[12].CU[1],SIMDCPIStack.Special,0.0,cycles/inst
GPU[1].SA[12].CU[1],SIMDCPIStack.VALU,1.449203187251,cycles/inst
GPU[1].SA[12].CU[1],SIMDCPIStack.VMem,0.0649900398406382,cycles/inst
GPU[1].SA[12].CU[1],SIMDCPIStack.VMemInst,0.00796812749004002,cycles/inst
GPU[1].SA[12].CU[1],SIMDCPIStack.total,2.67903386454183,cycles/inst
GPU[1].SA[12].CU[2],CPIStack.Branch,0.00318877551020432,cycles/inst
GPU[1].SA[12].CU[2],CPIStack.Fetch,0.0550063775510204,cycles/inst
GPU[1].SA[12].CU[2],CPIStack.Idle,0.000318877551020432,cycles/inst
GPU[1].SA[12].CU[2],CPIStack.ScalarInst,0.0192920918367349,cycles/inst
GPU[1].SA[12].CU[2],CPIStack.ScalarMem,0.0750956632653059,cycles/inst
GPU[1].SA[12].CU[2],CPIStack.ScalarMemInst,0.000478316326530716,cycles/inst
GPU[1].SA[12].CU[2],CPIStack.Special,0.000159438775510284,cycles/inst
GPU[1].SA[12].CU[2],CPIStack.VALU,0.826530612244898,cycles/inst
GPU[1].SA[12].CU[2],CPIStack.VMem,0.0352359693877546,cycles/inst
GPU[1].SA[12].CU[2],CPIStack.VMemInst,0.00318877551020405,cycles/inst
GPU[1].SA[12].CU[2],CPIStack.total,1.71540178571429,cycles/inst
GPU[1].SA[12].CU[2],SIMDCPIStack.Branch,0.00498007968127528,cycles/inst
GPU[1].SA[12].CU[2],SIMDCPIStack.Fetch,0.0859063745019921,cycles/inst
GPU[1].SA[12].CU[2],SIMDCPIStack.Idle,0.000498007968127527,cycles/inst
GPU[1].SA[12].CU[2],SIMDCPIStack.ScalarInst,0.0301294820717134,cycles/inst
GPU[1].SA[12].CU[2],SIMDCPIStack.ScalarMem,0.117280876494024,cycles/inst
GPU[1].SA[12].CU[2],SIMDCPIStack.ScalarMemInst,0.000747011952191397,cycles/inst
GPU[1].SA[12].CU[2],SIMDCPIStack.Special,0.000249003984063869,cycles/inst
GPU[1].SA[12].CU[2],SIMDCPIStack.VALU,1.29083665338645,cycles/inst
GPU[1].SA[12].CU[2],SIMDCPIStack.VMem,0.0550298804780868,cycles/inst
GPU[1].SA[12].CU[2],SIMDCPIStack.VMemInst,0.00498007968127485,cycles/inst
GPU[1].SA[12].CU[2],SIMDCPIStack.total,2.67903386454183,cycles/inst
GPU[1].SA[12].CU[3],CPIStack.Branch,0.00334821428571433,cycles/inst
GPU[1].SA[12].CU[3],CPIStack.Fetch,0.0561224489795917,cycles/inst
GPU[1].SA[12].CU[3],CPIStack.Idle,0.000478316326530716,cycles/inst
GPU[1].SA[12].CU[3],CPIStack.ScalarInst,0.0191326530612246,cycles/inst
GPU[1].SA[12].CU[3],CPIStack.ScalarMem,0.0730229591836735,cycles/inst
GPU[1].SA[12].CU[3],CPIStack.ScalarMemInst,0.00143494897959174,cycles/inst
GPU[1].SA[12].CU[3],CPIStack.Special,0.000318877551020567,cycles/inst
GPU[1].SA[12].CU[3],CPIStack.VALU,0.884885204081632,cycles/inst
GPU[1].SA[12].CU[3],CPIStack.VMem,0.0336415816326528,cycles/inst
GPU[1].SA[12].CU[3],CPIStack.VMemInst,0.00573979591836751,cycles/inst
GPU[1].SA[12].CU[3],CPIStack.total,1.71540178571429,cycles/inst
GPU[1].SA[12].CU[3],SIMDCPIStack.Branch,0.00522908366533872,cycles/inst
GPU[1].SA[12].CU[3],SIMDCPIStack.Fetch,0.0876494023904381,cycles/inst
GPU[1].SA[12].CU[3],SIMDCPIStack.Idle,0.000747011952191397,cycles/inst
GPU[1].SA[12].CU[3],SIMDCPIStack.ScalarInst,0.0298804780876495,cycles/inst
GPU[1].SA[12].CU[3],SIMDCPIStack.ScalarMem,0.114043824701195,cycles/inst
GPU[1].SA[12].CU[3],SIMDCPIStack.ScalarMemInst,0.00224103585657356,cycles/inst
GPU[1].SA[12].CU[3],SIMDCPIStack.Special,0.000498007968127738,cycles/inst
GPU[1].SA[12].CU[3],SIMDCPIStack.VALU,1.38197211155378,cycles/inst
GPU[1].SA[12].CU[3],SIMDCPIStack.VMem,0.0525398406374498,cycles/inst
GPU[1].SA[12].CU[3],SIMDCPIStack.VMemInst,0.00896414342629507,cycles/inst
GPU[1].SA[12].CU[3],SIMDCPIStack.total,2.67903386454183,cycles/inst
GPU[1].SA[13].CU[0],CPIStack.Branch,0.00239158163265344,cycles/inst
GPU[1].SA[13].CU[0],CPIStack.Fetch,0.052455357142857,cycles/inst
GPU[1].SA[13].CU[0],CPIStack.Idle,0.000159438775510149,cycles/inst
GPU[1].SA[13].CU[0],CPIStack.ScalarInst,0.0137117346938774,cycles/inst
GPU[1].SA[13].CU[0],CPIStack.ScalarMem,0.0599489795918366,cycles/inst
GPU[1].SA[13].CU[0],CPIStack.ScalarMemInst,0.000956632653061296,cycles/inst
GPU[1].SA[13].CU[0],CPIStack.Special,0.0,cycles/inst
GPU[1].SA[13].CU[0],CPIStack.VALU,0.977997448979592,cycles/inst
GPU[1].SA[13].CU[0],CPIStack.VMem,0.0275829081632653,cycles/inst
GPU[1].SA[13].CU[0],CPIStack.VMemInst,0.00494260204081636,cycles/inst
GPU[1].SA[13].CU[0],CPIStack.total,1.71540178571429,cycles/inst
GPU[1].SA[13].CU[0],SIMDCPIStack.Branch,0.00373505976095677,cycles/inst
GPU[1].SA[13].CU[0],SIMDCPIStack.Fetch,0.0819223107569718,cycles/inst
GPU[1].SA[13].CU[0],SIMDCPIStack.Idle,0.000249003984063658,cycles/inst
GPU[1].SA[13].CU[0],SIMDCPIStack.ScalarInst,0.0214143426294818,cycles/inst
GPU[1].SA[13].CU[0],SIMDCPIStack.ScalarMem,0.093625498007968,cycles/inst
GPU[1].SA[13].CU[0],SIMDCPIStack.ScalarMemInst,0.00149402390438258,cycles/inst
GPU[1].SA[13].CU[0],SIMDCPIStack.Special,0.0,cycles/inst
GPU[1].SA[13].CU[0],SIMDCPIStack.VALU,1.52739043824701,cycles/inst
GPU[1].SA[13].CU[0],SIMDCPIStack.VMem,0.0430776892430279,cycles/inst
GPU[1].SA[13].CU[0],SIMDCPIStack.VMemInst,0.00771912350597615,cycles/inst
GPU[1].SA[13].CU[0],SIMDCPIStack.total,2.67903386454183,cycles/inst
GPU[1].SA[13].CU[1],CPIStack.Branch,0.00286989795918375,cycles/inst
GPU[1].SA[13].CU[1],CPIStack.Fetch,0.0527742346938775,cycles/inst
GPU[1].SA[13].CU[1],CPIStack.Idle,0.000159438775510149,cycles/inst
GPU[1].SA[13].CU[1],CPIStack.ScalarInst,0.0127551020408162,cycles/inst
GPU[1].SA[13].CU[1],CPIStack.ScalarMem,0.0605867346938777,cycles/inst
GPU[1].SA[13].CU[1],CPIStack.ScalarMemInst,0.000478316326530716,cycles/inst
GPU[1].SA[13].CU[1],CPIStack.Special,0.0,cycles/inst
GPU[1].SA[13].CU[1],CPIStack.VALU,0.93718112244898,cycles/inst
GPU[1].SA[13].CU[1],CPIStack.VMem,0.046396683673469,cycles/inst
GPU[1].SA[13].CU[1],CPIStack.VMemInst,0.00302933673469404,cycles/inst
GPU[1].SA[13].CU[1],CPIStack.total,1.71540178571429,cycles/inst
GPU[1].SA[13].CU[1],SIMDCPIStack.Branch,0.00448207171314754,cycles/inst
GPU[1].SA[13].CU[1],SIMDCPIStack.Fetch,0.0824203187250996,cycles/inst
GPU[1].SA[13].CU[1],SIMDCPIStack.Idle,0.000249003984063658,cycles/inst
GPU[1].SA[13].CU[1],SIMDCPIStack.ScalarInst,0.0199203187250994,cycles/inst
GPU[1].SA[13].CU[1],SIMDCPIStack.ScalarMem,0.0946215139442233,cycles/inst
GPU[1].SA[13].CU[1],SIMDCPIStack.ScalarMemInst,0.000747011952191397,cycles/inst
GPU[1].SA[13].CU[1],SIMDCPIStack.Special,0.0,cycles/inst
GPU[1].SA[13].CU[1],SIMDCPIStack.VALU,1.46364541832669,cycles/inst
GPU[1].SA[13].CU[1],SIMDCPIStack.VMem,0.0724601593625492,cycles/inst
GPU[1].SA[13].CU[1],SIMDCPIStack.VMemInst,0.00473107569721141,cycles/inst
GPU[1].SA[13].CU[1],SIMDCPIStack.total,2.67903386454183,cycles/inst
GPU[1].SA[13].CU[2],CPIStack.Branch,0.00255102040816346,cycles/inst
GPU[1].SA[13].CU[2],CPIStack.Fetch,0.0550063775510204,cycles/inst
GPU[1].SA[13].CU[2],CPIStack.Idle,0.000318877551020162,cycles/inst
GPU[1].SA[13].CU[2],CPIStack.ScalarInst,0.0149872448979588,cycles/inst
GPU[1].SA[13].CU[2],CPIStack.ScalarMem,0.074139030612245,cycles/inst
GPU[1].SA[13].CU[2],CPIStack.ScalarMemInst,0.000478316326530716,cycles/inst
GPU[1].SA[13].CU[2],CPIStack.Special,0.0,cycles/inst
GPU[1].SA[13].CU[2],CPIStack.VALU,0.889987244897959,cycles/inst
GPU[1].SA[13].CU[2],CPIStack.VMem,0.0376275510204083,cycles/inst
GPU[1].SA[13].CU[2],CPIStack.VMemInst,0.00318877551020405,cycles/inst
GPU[1].SA[13].CU[2],CPIStack.total,1.71540178571429,cycles/inst
GPU[1].SA[13].CU[2],SIMDCPIStack.Branch,0.00398406374502022,cycles/inst
GPU[1].SA[13].CU[2],SIMDCPIStack.Fetch,0.0859063745019921,cycles/inst
GPU[1].SA[13].CU[2],SIMDCPIStack.Idle,0.000498007968127106,cycles/inst
GPU[1].SA[13].CU[2],SIMDCPIStack.ScalarInst,0.0234063745019915,cycles/inst
GPU[1].SA[13].CU[2],SIMDCPIStack.ScalarMem,0.115786852589642,cycles/inst
GPU[1].SA[13].CU[2],SIMDCPIStack.ScalarMemInst,0.000747011952191397,cycles/inst
GPU[1].SA[13].CU[2],SIMDCPIStack.Special,0.0,cycles/inst
GPU[1].SA[13].CU[2],SIMDCPIStack.VALU,1.38994023904382,cycles/inst
GPU[1].SA[13].CU[2],SIMDCPIStack.VMem,0.058764940239044,cycles/inst
GPU[1].SA[13].CU[2],SIMDCPIStack.VMemInst,0.00498007968127485,cycles/inst
GPU[1].SA[13].CU[2],SIMDCPIStack.total,2.67903386454183,cycles/inst
GPU[1].SA[13].CU[3],CPIStack.Branch,0.00398596938775493,cycles/inst
GPU[1].SA[13].CU[3],CPIStack.Fetch,0.0540497448979591,cycles/inst
GPU[1].SA[13].CU[3],CPIStack.Idle,0.000318877551020432,cycles/inst
GPU[1].SA[13].CU[3],CPIStack.ScalarInst,0.0269451530612244,cycles/inst
GPU[1].SA[13].CU[3],CPIStack.ScalarMem,0.0757334183673468,cycles/inst
GPU[1].SA[13].CU[3],CPIStack.ScalarMemInst,0.000478316326530581,cycles/inst
GPU[1].SA[13].CU[3],CPIStack.Special,0.000159438775510284,cycles/inst
GPU[1].SA[13].CU[3],CPIStack.VALU,0.881218112244898,cycles/inst
GPU[1].SA[13].CU[3],CPIStack.VMem,0.0323660714285719,cycles/inst
GPU[1].SA[13].CU[3],CPIStack.VMemInst,0.00318877551020405,cycles/inst
GPU[1].SA[13].CU[3],CPIStack.total,1.71540178571429,cycles/inst
GPU[1].SA[13].CU[3],SIMDCPIStack.Branch,0.00622509960159335,cycles/inst
GPU[1].SA[13].CU[3],SIMDCPIStack.Fetch,0.0844123505976095,cycles/inst
GPU[1].SA[13].CU[3],SIMDCPIStack.Idle,0.000498007968127527,cycles/inst
GPU[1].SA[13].CU[3],SIMDCPIStack.ScalarInst,0.0420816733067728,cycles/inst
GPU[1].SA[13].CU[3],SIMDCPIStack.ScalarMem,0.118276892430279,cycles/inst
GPU[1].SA[13].CU[3],SIMDCPIStack.ScalarMemInst,0.000747011952191186,cycles/inst
GPU[1].SA[13].CU[3],SIMDCPIStack.Special,0.000249003984063869,cycles/inst
GPU[1].SA[13].CU[3],SIMDCPIStack.VALU,1.37624501992032,cycles/inst
GPU[1].SA[13].CU[3],SIMDCPIStack.VMem,0.050547808764941,cycles/inst
GPU[1].SA[13].CU[3],SIMDCPIStack.VMemInst,0.00498007968127485,cycles/inst
GPU[1].SA[13].CU[3],SIMDCPIStack.total,2.67903386454183,cycles/inst
GPU[1].SA[14].CU[0],CPIStack.Branch,0.00159438775510203,cycles/inst
GPU[1].SA[14].CU[0],CPIStack.Fetch,0.0522959183673467,cycles/inst
GPU[1].SA[14].CU[0],CPIStack.Idle,0.000159438775510284,cycles/inst
GPU[1].SA[14].CU[0],CPIStack.ScalarInst,0.0167410714285711,cycles/inst
GPU[1].SA[14].CU[0],CPIStack.ScalarMem,0.0596301020408164,cycles/inst
GPU[1].SA[14].CU[0],CPIStack.ScalarMemInst,0.000478316326530716,cycles/inst
GPU[1].SA[14].CU[0],CPIStack.Special,0.0,cycles/inst
GPU[1].SA[14].CU[0],CPIStack.VALU,0.907366071428572,cycles/inst
GPU[1].SA[14].CU[0],CPIStack.VMem,0.0286989795918367,cycles/inst
GPU[1].SA[14].CU[0],CPIStack.VMemInst,0.00175382653061231,cycles/inst
GPU[1].SA[14].CU[0],CPIStack.total,1.71524234693878,cycles/inst
GPU[1].SA[14].CU[0],SIMDCPIStack.Branch,0.00249003984063743,cycles/inst
GPU[1].SA[14].CU[0],SIMDCPIStack.Fetch,0.081673306772908,cycles/inst
GPU[1].SA[14].CU[0],SIMDCPIStack.Idle,0.000249003984063869,cycles/inst
GPU[1].SA[14].CU[0],SIMDCPIStack.ScalarInst,0.0261454183266928,cycles/inst
GPU[1].SA[14].CU[0],SIMDCPIStack.ScalarMem,0.0931274900398407,cycles/inst
GPU[1].SA[14].CU[0],SIMDCPIStack.ScalarMemInst,0.000747011952191397,cycles/inst
GPU[1].SA[14].CU[0],SIMDCPIStack.Special,0.0,cycles/inst
GPU[1].SA[14].CU[0],SIMDCPIStack.VALU,1.41708167330677,cycles/inst
GPU[1].SA[14].CU[0],SIMDCPIStack.VMem,0.0448207171314741,cycles/inst
GPU[1].SA[14].CU[0],SIMDCPIStack.VMemInst,0.0027390438247013,cycles/inst
GPU[1].SA[14].CU[0],SIMDCPIStack.total,2.67878486055777,cycles/inst
GPU[1].SA[14].CU[1],CPIStack.Branch,0.00239158163265317,cycles/inst
GPU[1].SA[14].CU[1],CPIStack.Fetch,0.0542091836734693,cycles/inst
GPU[1].SA[14].CU[1],CPIStack.Idle,0.000318877551020297,cycles/inst
GPU[1].SA[14].CU[1],CPIStack.ScalarInst,0.012755102040817,cycles/inst
GPU[1].SA[14].CU[1],CPIStack.ScalarMem,0.061383928571428,cycles/inst
GPU[1].SA[14].CU[1],CPIStack.ScalarMemInst,0.000478316326530716,cycles/inst
GPU[1].SA[14].CU[1],CPIStack.Special,0.000159438775510284,cycles/inst
GPU[1].SA[14].CU[1],CPIStack.VALU,0.959183673469388,cycles/inst
GPU[1].SA[14].CU[1],CPIStack.VMem,0.0460778061224487,cycles/inst
GPU[1].SA[14].CU[1],CPIStack.VMemInst,0.00334821428571433,cycles/inst
GPU[1].SA[14].CU[1],CPIStack.total,1.71524234693878,cycles/inst
GPU[1].SA[14].CU[1],SIMDCPIStack.Branch,0.00373505976095635,cycles/inst
GPU[1].SA[14].CU[1],SIMDCPIStack.Fetch,0.0846613545816731,cycles/inst
GPU[1].SA[14].CU[1],SIMDCPIStack.Idle,0.000498007968127317,cycles/inst
GPU[1].SA[14].CU[1],SIMDCPIStack.ScalarInst,0.0199203187251007,cycles/inst
GPU[1].SA[14].CU[1],SIMDCPIStack.ScalarMem,0.0958665338645409,cycles/inst
GPU[1].SA[14].CU[1],SIMDCPIStack.ScalarMemInst,0.000747011952191397,cycles/inst
GPU[1].SA[14].CU[1],SIMDCPIStack.Special,0.000249003984063869,cycles/inst
GPU[1].SA[14].CU[1],SIMDCPIStack.VALU,1.49800796812749,cycles/inst
GPU[1].SA[14].CU[1],SIMDCPIStack.VMem,0.0719621513944219,cycles/inst
GPU[1].SA[14].CU[1],SIMDCPIStack.VMemInst,0.00522908366533872,cycles/inst
GPU[1].SA[14].CU[1],SIMDCPIStack.total,2.67878486055777,cycles/inst
GPU[1].SA[14].CU[2],CPIStack.Branch,0.00350765306122462,cycles/inst
GPU[1].SA[14].CU[2],CPIStack.Fetch,0.0556441326530613,cycles/inst
GPU[1].SA[14].CU[2],CPIStack.Idle,0.000159438775510284,cycles/inst
GPU[1].SA[14].CU[2],CPIStack.ScalarInst,0.0280612244897964,cycles/inst
GPU[1].SA[14].CU[2],CPIStack.ScalarMem,0.0755739795918362,cycles/inst
GPU[1].SA[14].CU[2],CPIStack.ScalarMemInst,0.000956632653061296,cycles/inst
GPU[1].SA[14].CU[2],CPIStack.Special,0.0,cycles/inst
GPU[1].SA[14].CU[2],CPIStack.VALU,0.856026785714286,cycles/inst
GPU[1].SA[14].CU[2],CPIStack.VMem,0.034438775510204,cycles/inst
GPU[1].SA[14].CU[2],CPIStack.VMemInst,0.00239158163265317,cycles/inst
GPU[1].SA[14].CU[2],CPIStack.total,1.71524234693878,cycles/inst
GPU[1].SA[14].CU[2],SIMDCPIStack.Branch,0.00547808764940259,cycles/inst
GPU[1].SA[14].CU[2],SIMDCPIStack.Fetch,0.0869023904382471,cycles/inst
GPU[1].SA[14].CU[2],SIMDCPIStack.Idle,0.000249003984063869,cycles/inst
GPU[1].SA[14].CU[2],SIMDCPIStack.ScalarInst,0.0438247011952199,cycles/inst
GPU[1].SA[14].CU[2],SIMDCPIStack.ScalarMem,0.118027888446214,cycles/inst
GPU[1].SA[14].CU[2],SIMDCPIStack.ScalarMemInst,0.00149402390438258,cycles/inst
GPU[1].SA[14].CU[2],SIMDCPIStack.Special,0.0,cycles/inst
GPU[1].SA[14].CU[2],SIMDCPIStack.VALU,1.33690239043825,cycles/inst
GPU[1].SA[14].CU[2],SIMDCPIStack.VMem,0.0537848605577687,cycles/inst
GPU[1].SA[14].CU[2],SIMDCPIStack.VMemInst,0.00373505976095635,cycles/inst
GPU[1].SA[14].CU[2],SIMDCPIStack.total,2.67878486055777,cycles/inst
GPU[1].SA[14].CU[3],CPIStack.Branch,0.0039859693877552,cycles/inst
GPU[1].SA[14].CU[3],CPIStack.Fetch,0.0538903061224488,cycles/inst
GPU[1].SA[14].CU[3],CPIStack.Idle,0.000318877551020297,cycles/inst
GPU[1].SA[14].CU[3],CPIStack.ScalarInst,0.0194515306122449,cycles/inst
GPU[1].SA[14].CU[3],CPIStack.ScalarMem,0.0731823979591838,cycles/inst
GPU[1].SA[14].CU[3],CPIStack.ScalarMemInst,0.000956632653061161,cycles/inst
GPU[1].SA[14].CU[3],CPIStack.Special,0.000159438775510284,cycles/inst
GPU[1].SA[14].CU[3],CPIStack.VALU,0.90529336734694,cycles/inst
GPU[1].SA[14].CU[3],CPIStack.VMem,0.0183354591836729,cycles/inst
GPU[1].SA[14].CU[3],CPIStack.VMemInst,0.00446428571428578,cycles/inst
GPU[1].SA[14].CU[3],CPIStack.total,1.71524234693878,cycles/inst
GPU[1].SA[14].CU[3],SIMDCPIStack.Branch,0.00622509960159378,cycles/inst
GPU[1].SA[14].CU[3],SIMDCPIStack.Fetch,0.0841633466135456,cycles/inst
GPU[1].SA[14].CU[3],SIMDCPIStack.Idle,0.000498007968127317,cycles/inst
GPU[1].SA[14].CU[3],SIMDCPIStack.ScalarInst,0.0303784860557769,cycles/inst
GPU[1].SA[14].CU[3],SIMDCPIStack.ScalarMem,0.114292828685259,cycles/inst
GPU[1].SA[14].CU[3],SIMDCPIStack.ScalarMemInst,0.00149402390438237,cycles/inst
GPU[1].SA[14].CU[3],SIMDCPIStack.Special,0.000249003984063869,cycles/inst
GPU[1].SA[14].CU[3],SIMDCPIStack.VALU,1.41384462151395,cycles/inst
GPU[1].SA[14].CU[3],SIMDCPIStack.VMem,0.0286354581673298,cycles/inst
GPU[1].SA[14].CU[3],SIMDCPIStack.VMemInst,0.00697211155378496,cycles/inst
GPU[1].SA[14].CU[3],SIMDCPIStack.total,2.67878486055777,cycles/inst
GPU[1].SA[15].CU[0],CPIStack.Branch,0.00414540816326575,cycles/inst
GPU[1].SA[15].CU[0],CPIStack.Fetch,0.0522959183673467,cycles/inst
GPU[1].SA[15].CU[0],CPIStack.Idle,0.000159438775510284,cycles/inst
GPU[1].SA[15].CU[0],CPIStack.ScalarInst,0.0156249999999997,cycles/inst
GPU[1].SA[15].CU[0],CPIStack.ScalarMem,0.0601084183673469,cycles/inst
GPU[1].SA[15].CU[0],CPIStack.ScalarMemInst,0.00143494897959188,cycles/inst
GPU[1].SA[15].CU[0],CPIStack.Special,0.0,cycles/inst
GPU[1].SA[15].CU[0],CPIStack.VALU,0.946906887755102,cycles/inst
GPU[1].SA[15].CU[0],CPIStack.VMem,0.0224808673469392,cycles/inst
GPU[1].SA[15].CU[0],CPIStack.VMemInst,0.00334821428571433,cycles/inst
GPU[1].SA[15].CU[0],CPIStack.total,1.71524234693878,cycles/inst
GPU[1].SA[15].CU[0],SIMDCPIStack.Branch,0.00647410358565807,cycles/inst
GPU[1].SA[15].CU[0],SIMDCPIStack.Fetch,0.081673306772908,cycles/inst
GPU[1].SA[15].CU[0],SIMDCPIStack.Idle,0.000249003984063869,cycles/inst
GPU[1].SA[15].CU[0],SIMDCPIStack.ScalarInst,0.0244023904382465,cycles/inst
GPU[1].SA[15].CU[0],SIMDCPIStack.ScalarMem,0.0938745019920319,cycles/inst
GPU[1].SA[15].CU[0],SIMDCPIStack.ScalarMemInst,0.00224103585657377,cycles/inst
GPU[1].SA[15].CU[0],SIMDCPIStack.Special,0.0,cycles/inst
GPU[1].SA[15].CU[0],SIMDCPIStack.VALU,1.47883466135458,cycles/inst
GPU[1].SA[15].CU[0],SIMDCPIStack.VMem,0.0351095617529887,cycles/inst
GPU[1].SA[15].CU[0],SIMDCPIStack.VMemInst,0.00522908366533872,cycles/inst
GPU[1].SA[15].CU[0],SIMDCPIStack.total,2.67878486055777,cycles/inst
GPU[1].SA[15].CU[1],CPIStack.Branch,0.00382653061224438,cycles/inst
GPU[1].SA[15].CU[1],CPIStack.Fetch,0.0573979591836739,cycles/inst
GPU[1].SA[15].CU[1],CPIStack.Idle,0.000318877551020567,cycles/inst
GPU[1].SA[15].CU[1],CPIStack.ScalarInst,0.0223214285714289,cycles/inst
GPU[1].SA[15].CU[1],CPIStack.ScalarMem,0.0642538265306123,cycles/inst
GPU[1].SA[15].CU[1],CPIStack.ScalarMemInst,0.000956632653061566,cycles/inst
GPU[1].SA[15].CU[1],CPIStack.Special,0.000159438775510284,cycles/inst
GPU[1].SA[15].CU[1],CPIStack.VALU,0.825573979591836,cycles/inst
GPU[1].SA[15].CU[1],CPIStack.VMem,0.0624999999999996,cycles/inst
GPU[1].SA[15].CU[1],CPIStack.VMemInst,0.00318877551020405,cycles/inst
GPU[1].SA[15].CU[1],CPIStack.total,1.71524234693878,cycles/inst
GPU[1].SA[15].CU[1],SIMDCPIStack.Branch,0.00597609561752906,cycles/inst
GPU[1].SA[15].CU[1],SIMDCPIStack.Fetch,0.0896414342629488,cycles/inst
GPU[1].SA[15].CU[1],SIMDCPIStack.Idle,0.000498007968127738,cycles/inst
GPU[1].SA[15].CU[1],SIMDCPIStack.ScalarInst,0.0348605577689248,cycles/inst
GPU[1].SA[15].CU[1],SIMDCPIStack.ScalarMem,0.100348605577689,cycles/inst
GPU[1].SA[15].CU[1],SIMDCPIStack.ScalarMemInst,0.001494023904383,cycles/inst
GPU[1].SA[15].CU[1],SIMDCPIStack.Special,0.000249003984063869,cycles/inst
GPU[1].SA[15].CU[1],SIMDCPIStack.VALU,1.28934262948207,cycles/inst
GPU[1].SA[15].CU[1],SIMDCPIStack.VMem,0.0976095617529874,cycles/inst
GPU[1].SA[15].CU[1],SIMDCPIStack.VMemInst,0.00498007968127485,cycles/inst
GPU[1].SA[15].CU[1],SIMDCPIStack.total,2.67878486055777,cycles/inst
GPU[1].SA[15].CU[2],CPIStack.Branch,0.00255102040816346,cycles/inst
GPU[1].SA[15].CU[2],CPIStack.Fetch,0.0532525510204081,cycles/inst
GPU[1].SA[15].CU[2],CPIStack.Idle,0.000159438775510284,cycles/inst
GPU[1].SA[15].CU[2],CPIStack.ScalarInst,0.0232780612244898,cycles/inst
GPU[1].SA[15].CU[2],CPIStack.ScalarMem,0.074298469387755,cycles/inst
GPU[1].SA[15].CU[2],CPIStack.ScalarMemInst,0.000637755102040729,cycles/inst
GPU[1].SA[15].CU[2],CPIStack.Special,0.0,cycles/inst
GPU[1].SA[15].CU[2],CPIStack.VALU,0.848214285714285,cycles/inst
GPU[1].SA[15].CU[2],CPIStack.VMem,0.0229591836734695,cycles/inst
GPU[1].SA[15].CU[2],CPIStack.VMemInst,0.0036670918367349,cycles/inst
GPU[1].SA[15].CU[2],CPIStack.total,1.71524234693878,cycles/inst
GPU[1].SA[15].CU[2],SIMDCPIStack.Branch,0.00398406374502022,cycles/inst
GPU[1].SA[15].CU[2],SIMDCPIStack.Fetch,0.0831673306772907,cycles/inst
GPU[1].SA[15].CU[2],SIMDCPIStack.Idle,0.000249003984063869,cycles/inst
GPU[1].SA[15].CU[2],SIMDCPIStack.ScalarInst,0.0363545816733068,cycles/inst
GPU[1].SA[15].CU[2],SIMDCPIStack.ScalarMem,0.116035856573705,cycles/inst
GPU[1].SA[15].CU[2],SIMDCPIStack.ScalarMemInst,0.000996015936254844,cycles/inst
GPU[1].SA[15].CU[2],SIMDCPIStack.Special,0.0,cycles/inst
GPU[1].SA[15].CU[2],SIMDCPIStack.VALU,1.32470119521912,cycles/inst
GPU[1].SA[15].CU[2],SIMDCPIStack.VMem,0.0358565737051794,cycles/inst
GPU[1].SA[15].CU[2],SIMDCPIStack.VMemInst,0.00572709163346646,cycles/inst
GPU[1].SA[15].CU[2],SIMDCPIStack.total,2.67878486055777,cycles/inst
GPU[1].SA[15].CU[3],CPIStack.Branch,0.00302933673469404,cycles/inst
GPU[1].SA[15].CU[3],CPIStack.Fetch,0.0554846938775511,cycles/inst
GPU[1].SA[15].CU[3],CPIStack.Idle,0.000478316326530581,cycles/inst
GPU[1].SA[15].CU[3],CPIStack.ScalarInst,0.0176977040816326,cycles/inst
GPU[1].SA[15].CU[3],CPIStack.ScalarMem,0.072385204081633,cycles/inst
GPU[1].SA[15].CU[3],CPIStack.ScalarMemInst,0.000956632653061161,cycles/inst
GPU[1].SA[15].CU[3],CPIStack.Special,0.000318877551020567,cycles/inst
GPU[1].SA[15].CU[3],CPIStack.VALU,0.911830357142856,cycles/inst
GPU[1].SA[15].CU[3],CPIStack.VMem,0.0239158163265307,cycles/inst
GPU[1].SA[15].CU[3],CPIStack.VMemInst,0.00446428571428578,cycles/inst
GPU[1].SA[15].CU[3],CPIStack.total,1.71524234693878,cycles/inst
GPU[1].SA[15].CU[3],SIMDCPIStack.Branch,0.00473107569721141,cycles/inst
GPU[1].SA[15].CU[3],SIMDCPIStack.Fetch,0.0866533864541835,cycles/inst
GPU[1].SA[15].CU[3],SIMDCPIStack.Idle,0.000747011952191186,cycles/inst
GPU[1].SA[15].CU[3],SIMDCPIStack.ScalarInst,0.0276394422310756,cycles/inst
GPU[1].SA[15].CU[3],SIMDCPIStack.ScalarMem,0.113047808764941,cycles/inst
GPU[1].SA[15].CU[3],SIMDCPIStack.ScalarMemInst,0.00149402390438237,cycles/inst
GPU[1].SA[15].CU[3],SIMDCPIStack.Special,0.000498007968127738,cycles/inst
GPU[1].SA[15].CU[3],SIMDCPIStack.VALU,1.42405378486056,cycles/inst
GPU[1].SA[15].CU[3],SIMDCPIStack.VMem,0.0373505976095618,cycles/inst
GPU[1].SA[15].CU[3],SIMDCPIStack.VMemInst,0.00697211155378496,cycles/inst
GPU[1].SA[15].CU[3],SIMDCPIStack.total,2.67878486055777,cycles/inst
GPU[1].SA[0].CU[0].SIMD0,busy_time,4.016e-06,second
GPU[1].SA[0].CU[0].SIMD1,busy_time,4.016e-06,second
GPU[1].SA[0].CU[0].SIMD2,busy_time,4.016e-06,second
GPU[1].SA[0].CU[0].SIMD3,busy_time,4.016e-06,second
GPU[1].SA[0].CU[1].SIMD0,busy_time,4.016e-06,second
GPU[1].SA[0].CU[1].SIMD1,busy_time,4.016e-06,second
GPU[1].SA[0].CU[1].SIMD2,busy_time,4.016e-06,second
GPU[1].SA[0].CU[1].SIMD3,busy_time,4.016e-06,second
GPU[1].SA[0].CU[2].SIMD0,busy_time,4.016e-06,second
GPU[1].SA[0].CU[2].SIMD1,busy_time,4.016e-06,second
GPU[1].SA[0].CU[2].SIMD2,busy_time,4.016e-06,second
GPU[1].SA[0].CU[2].SIMD3,busy_time,4.016e-06,second
GPU[1].SA[0].CU[3].SIMD0,busy_time,4.016e-06,second
GPU[1].SA[0].CU[3].SIMD1,busy_time,4.016e-06,second
GPU[1].SA[0].CU[3].SIMD2,busy_time,4.016e-06,second
GPU[1].SA[0].CU[3].SIMD3,busy_time,4.016e-06,second
GPU[1].SA[1].CU[0].SIMD0,busy_time,4.016e-06,second
GPU[1].SA[1].CU[0].SIMD1,busy_time,4.016e-06,second
GPU[1].SA[1].CU[0].SIMD2,busy_time,4.016e-06,second
GPU[1].SA[1].CU[0].SIMD3,busy_time,4.016e-06,second
GPU[1].SA[1].CU[1].SIMD0,busy_time,4.016e-06,second
GPU[1].SA[1].CU[1].SIMD1,busy_time,4.016e-06,second
GPU[1].SA[1].CU[1].SIMD2,busy_time,4.016e-06,second
GPU[1].SA[1].CU[1].SIMD3,busy_time,4.016e-06,second
GPU[1].SA[1].CU[2].SIMD0,busy_time,4.016e-06,second
GPU[1].SA[1].CU[2].SIMD1,busy_time,4.016e-06,second
GPU[1].SA[1].CU[2].SIMD2,busy_time,4.016e-06,second
GPU[1].SA[1].CU[2].SIMD3,busy_time,4.016e-06,second
GPU[1].SA[1].CU[3].SIMD0,busy_time,4.016e-06,second
GPU[1].SA[1].CU[3].SIMD1,busy_time,4.016e-06,second
GPU[1].SA[1].CU[3].SIMD2,busy_time,4.016e-06,second
GPU[1].SA[1].CU[3].SIMD3,busy_time,4.016e-06,second
GPU[1].SA[2].CU[0].SIMD0,busy_time,4.016e-06,second
GPU[1].SA[2].CU[0].SIMD1,busy_time,4.016e-06,second
GPU[1].SA[2].CU[0].SIMD2,busy_time,4.016e-06,second
GPU[1].SA[2].CU[0].SIMD3,busy_time,4.016e-06,second
GPU[1].SA[2].CU[1].SIMD0,busy_time,4.016e-06,second
GPU[1].SA[2].CU[1].SIMD1,busy_time,4.016e-06,second
GPU[1].SA[2].CU[1].SIMD2,busy_time,4.016e-06,second
GPU[1].SA[2].CU[1].SIMD3,busy_time,4.016e-06,second
GPU[1].SA[2].CU[2].SIMD0,busy_time,4.016e-06,second
GPU[1].SA[2].CU[2].SIMD1,busy_time,4.016e-06,second
GPU[1].SA[2].CU[2].SIMD2,busy_time,4.016e-06,second
GPU[1].SA[2].CU[2].SIMD3,busy_time,4.016e-06,second
GPU[1].SA[2].CU[3].SIMD0,busy_time,4.016e-06,second
GPU[1].SA[2].CU[3].SIMD1,busy_time,4.016e-06,second
GPU[1].SA[2].CU[3].SIMD2,busy_time,4.016e-06,second
GPU[1].SA[2].CU[3].SIMD3,busy_time,4.016e-06,second
GPU[1].SA[3].CU[0].SIMD0,busy_time,4.016e-06,second
GPU[1].SA[3].CU[0].SIMD1,busy_time,4.016e-06,second
GPU[1].SA[3].CU[0].SIMD2,busy_time,4.016e-06,second
GPU[1].SA[3].CU[0].SIMD3,busy_time,4.016e-06,second
GPU[1].SA[3].CU[1].SIMD0,busy_time,4.016e-06,second
GPU[1].SA[3].CU[1].SIMD1,busy_time,4.016e-06,second
GPU[1].SA[3].CU[1].SIMD2,busy_time,4.016e-06,second
GPU[1].SA[3].CU[1].SIMD3,busy_time,4.016e-06,second
GPU[1].SA[3].CU[2].SIMD0,busy_time,4.016e-06,second
GPU[1].SA[3].CU[2].SIMD1,busy_time,4.016e-06,second
GPU[1].SA[3].CU[2].SIMD2,busy_time,4.016e-06,second
GPU[1].SA[3].CU[2].SIMD3,busy_time,4.016e-06,second
GPU[1].SA[3].CU[3].SIMD0,busy_time,4.016e-06,second
GPU[1].SA[3].CU[3].SIMD1,busy_time,4.016e-06,second
GPU[1].SA[3].CU[3].SIMD2,busy_time,4.016e-06,second
GPU[1].SA[3].CU[3].SIMD3,busy_time,4.016e-06,second
GPU[1].SA[4].CU[0].SIMD0,busy_time,4.016e-06,second
GPU[1].SA[4].CU[0].SIMD1,busy_time,4.016e-06,second
GPU[1].SA[4].CU[0].SIMD2,busy_time,4.016e-06,second
GPU[1].SA[4].CU[0].SIMD3,busy_time,4.016e-06,second
GPU[1].SA[4].CU[1].SIMD0,busy_time,4.016e-06,second
GPU[1].SA[4].CU[1].SIMD1,busy_time,4.016e-06,second
GPU[1].SA[4].CU[1].SIMD2,busy_time,4.016e-06,second
GPU[1].SA[4].CU[1].SIMD3,busy_time,4.016e-06,second
GPU[1].SA[4].CU[2].SIMD0,busy_time,4.016e-06,second
GPU[1].SA[4].CU[2].SIMD1,busy_time,4.016e-06,second
GPU[1].SA[4].CU[2].SIMD2,busy_time,4.016e-06,second
GPU[1].SA[4].CU[2].SIMD3,busy_time,4.016e-06,second
GPU[1].SA[4].CU[3].SIMD0,busy_time,4.016e-06,second
GPU[1].SA[4].CU[3].SIMD1,busy_time,4.016e-06,second
GPU[1].SA[4].CU[3].SIMD2,busy_time,4.016e-06,second
GPU[1].SA[4].CU[3].SIMD3,busy_time,4.016e-06,second
GPU[1].SA[5].CU[0].SIMD0,busy_time,4.016e-06,second
GPU[1].SA[5].CU[0].SIMD1,busy_time,4.016e-06,second
GPU[1].SA[5].CU[0].SIMD2,busy_time,4.016e-06,second
GPU[1].SA[5].CU[0].SIMD3,busy_time,4.016e-06,second
GPU[1].SA[5].CU[1].SIMD0,busy_time,4.016e-06,second
GPU[1].SA[5].CU[1].SIMD1,busy_time,4.016e-06,second
GPU[1].SA[5].CU[1].SIMD2,busy_time,4.016e-06,second
GPU[1].SA[5].CU[1].SIMD3,busy_time,4.016e-06,second
GPU[1].SA[5].CU[2].SIMD0,busy_time,4.016e-06,second
GPU[1].SA[5].CU[2].SIMD1,busy_time,4.016e-06,second
GPU[1].SA[5].CU[2].SIMD2,busy_time,4.016e-06,second
GPU[1].SA[5].CU[2].SIMD3,busy_time,4.016e-06,second
GPU[1].SA[5].CU[3].SIMD0,busy_time,4.016e-06,second
GPU[1].SA[5].CU[3].SIMD1,busy_time,4.016e-06,second
GPU[1].SA[5].CU[3].SIMD2,busy_time,4.016e-06,second
GPU[1].SA[5].CU[3].SIMD3,busy_time,4.016e-06,second
GPU[1].SA[6].CU[0].SIMD0,busy_time,4.016e-06,second
GPU[1].SA[6].CU[0].SIMD1,busy_time,4.016e-06,second
GPU[1].SA[6].CU[0].SIMD2,busy_time,4.016e-06,second
GPU[1].SA[6].CU[0].SIMD3,busy_time,4.016e-06,second
GPU[1].SA[6].CU[1].SIMD0,busy_time,4.016e-06,second
GPU[1].SA[6].CU[1].SIMD1,busy_time,4.016e-06,second
GPU[1].SA[6].CU[1].SIMD2,busy_time,4.016e-06,second
GPU[1].SA[6].CU[1].SIMD3,busy_time,4.016e-06,second
GPU[1].SA[6].CU[2].SIMD0,busy_time,4.016e-06,second
GPU[1].SA[6].CU[2].SIMD1,busy_time,4.016e-06,second
GPU[1].SA[6].CU[2].SIMD2,busy_time,4.016e-06,second
GPU[1].SA[6].CU[2].SIMD3,busy_time,4.016e-06,second
GPU[1].SA[6].CU[3].SIMD0,busy_time,4.016e-06,second
GPU[1].SA[6].CU[3].SIMD1,busy_time,4.016e-06,second
GPU[1].SA[6].CU[3].SIMD2,busy_time,4.016e-06,second
GPU[1].SA[6].CU[3].SIMD3,busy_time,4.016e-06,second
GPU[1].SA[7].CU[0].SIMD0,busy_time,4.016e-06,second
GPU[1].SA[7].CU[0].SIMD1,busy_time,4.016e-06,second
GPU[1].SA[7].CU[0].SIMD2,busy_time,4.016e-06,second
GPU[1].SA[7].CU[0].SIMD3,busy_time,4.016e-06,second
GPU[1].SA[7].CU[1].SIMD0,busy_time,4.016e-06,second
GPU[1].SA[7].CU[1].SIMD1,busy_time,4.016e-06,second
GPU[1].SA[7].CU[1].SIMD2,busy_time,4.016e-06,second
GPU[1].SA[7].CU[1].SIMD3,busy_time,4.016e-06,second
GPU[1].SA[7].CU[2].SIMD0,busy_time,4.016e-06,second
GPU[1].SA[7].CU[2].SIMD1,busy_time,4.016e-06,second
GPU[1].SA[7].CU[2].SIMD2,busy_time,4.016e-06,second
GPU[1].SA[7].CU[2].SIMD3,busy_time,4.016e-06,second
GPU[1].SA[7].CU[3].SIMD0,busy_time,4.016e-06,second
GPU[1].SA[7].CU[3].SIMD1,busy_time,4.016e-06,second
GPU[1].SA[7].CU[3].SIMD2,busy_time,4.016e-06,second
GPU[1].SA[7].CU[3].SIMD3,busy_time,4.016e-06,second
GPU[1].SA[8].CU[0].SIMD0,busy_time,4.016e-06,second
GPU[1].SA[8].CU[0].SIMD1,busy_time,4.016e-06,second
GPU[1].SA[8].CU[0].SIMD2,busy_time,4.016e-06,second
GPU[1].SA[8].CU[0].SIMD3,busy_time,4.016e-06,second
GPU[1].SA[8].CU[1].SIMD0,busy_time,4.016e-06,second
GPU[1].SA[8].CU[1].SIMD1,busy_time,4.016e-06,second
GPU[1].SA[8].CU[1].SIMD2,busy_time,4.016e-06,second
GPU[1].SA[8].CU[1].SIMD3,busy_time,4.016e-06,second
GPU[1].SA[8].CU[2].SIMD0,busy_time,4.016e-06,second
GPU[1].SA[8].CU[2].SIMD1,busy_time,4.016e-06,second
GPU[1].SA[8].CU[2].SIMD2,busy_time,4.016e-06,second
GPU[1].SA[8].CU[2].SIMD3,busy_time,4.016e-06,second
GPU[1].SA[8].CU[3].SIMD0,busy_time,4.016e-06,second
GPU[1].SA[8].CU[3].SIMD1,busy_time,4.016e-06,second
GPU[1].SA[8].CU[3].SIMD2,busy_time,4.016e-06,second
GPU[1].SA[8].CU[3].SIMD3,busy_time,4.016e-06,second
GPU[1].SA[9].CU[0].SIMD0,busy_time,4.016e-06,second
GPU[1].SA[9].CU[0].SIMD1,busy_time,4.016e-06,second
GPU[1].SA[9].CU[0].SIMD2,busy_time,4.016e-06,second
GPU[1].SA[9].CU[0].SIMD3,busy_time,4.016e-06,second
GPU[1].SA[9].CU[1].SIMD0,busy_time,4.016e-06,second
GPU[1].SA[9].CU[1].SIMD1,busy_time,4.016e-06,second
GPU[1].SA[9].CU[1].SIMD2,busy_time,4.016e-06,second
GPU[1].SA[9].CU[1].SIMD3,busy_time,4.016e-06,second
GPU[1].SA[9].CU[2].SIMD0,busy_time,4.016e-06,second
GPU[1].SA[9].CU[2].SIMD1,busy_time,4.016e-06,second
GPU[1].SA[9].CU[2].SIMD2,busy_time,4.016e-06,second
GPU[1].SA[9].CU[2].SIMD3,busy_time,4.016e-06,second
GPU[1].SA[9].CU[3].SIMD0,busy_time,4.016e-06,second
GPU[1].SA[9].CU[3].SIMD1,busy_time,4.016e-06,second
GPU[1].SA[9].CU[3].SIMD2,busy_time,4.016e-06,second
GPU[1].SA[9].CU[3].SIMD3,busy_time,4.016e-06,second
GPU[1].SA[10].CU[0].SIMD0,busy_time,4.016e-06,second
GPU[1].SA[10].CU[0].SIMD1,busy_time,4.016e-06,second
GPU[1].SA[10].CU[0].SIMD2,busy_time,4.016e-06,second
GPU[1].SA[10].CU[0].SIMD3,busy_time,4.016e-06,second
GPU[1].SA[10].CU[1].SIMD0,busy_time,4.016e-06,second
GPU[1].SA[10].CU[1].SIMD1,busy_time,4.016e-06,second
GPU[1].SA[10].CU[1].SIMD2,busy_time,4.016e-06,second
GPU[1].SA[10].CU[1].SIMD3,busy_time,4.016e-06,second
GPU[1].SA[10].CU[2].SIMD0,busy_time,4.016e-06,second
GPU[1].SA[10].CU[2].SIMD1,busy_time,4.016e-06,second
GPU[1].SA[10].CU[2].SIMD2,busy_time,4.016e-06,second
GPU[1].SA[10].CU[2].SIMD3,busy_time,4.016e-06,second
GPU[1].SA[10].CU[3].SIMD0,busy_time,4.016e-06,second
GPU[1].SA[10].CU[3].SIMD1,busy_time,4.016e-06,second
GPU[1].SA[10].CU[3].SIMD2,busy_time,4.016e-06,second
GPU[1].SA[10].CU[3].SIMD3,busy_time,4.016e-06,second
GPU[1].SA[11].CU[0].SIMD0,busy_time,4.016e-06,second
GPU[1].SA[11].CU[0].SIMD1,busy_time,4.016e-06,second
GPU[1].SA[11].CU[0].SIMD2,busy_time,4.016e-06,second
GPU[1].SA[11].CU[0].SIMD3,busy_time,4.016e-06,second
GPU[1].SA[11].CU[1].SIMD0,busy_time,4.016e-06,second
GPU[1].SA[11].CU[1].SIMD1,busy_time,4.016e-06,second
GPU[1].SA[11].CU[1].SIMD2,busy_time,4.016e-06,second
GPU[1].SA[11].CU[1].SIMD3,busy_time,4.016e-06,second
GPU[1].SA[11].CU[2].SIMD0,busy_time,4.016e-06,second
GPU[1].SA[11].CU[2].SIMD1,busy_time,4.016e-06,second
GPU[1].SA[11].CU[2].SIMD2,busy_time,4.016e-06,second
GPU[1].SA[11].CU[2].SIMD3,busy_time,4.016e-06,second
GPU[1].SA[11].CU[3].SIMD0,busy_time,4.016e-06,second
GPU[1].SA[11].CU[3].SIMD1,busy_time,4.016e-06,second
GPU[1].SA[11].CU[3].SIMD2,busy_time,4.016e-06,second
GPU[1].SA[11].CU[3].SIMD3,busy_time,4.016e-06,second
GPU[1].SA[12].CU[0].SIMD0,busy_time,4.016e-06,second
GPU[1].SA[12].CU[0].SIMD1,busy_time,4.016e-06,second
GPU[1].SA[12].CU[0].SIMD2,busy_time,4.016e-06,second
GPU[1].SA[12].CU[0].SIMD3,busy_time,4.016e-06,second
GPU[1].SA[12].CU[1].SIMD0,busy_time,4.016e-06,second
GPU[1].SA[12].CU[1].SIMD1,busy_time,4.016e-06,second
GPU[1].SA[12].CU[1].SIMD2,busy_time,4.016e-06,second
GPU[1].SA[12].CU[1].SIMD3,busy_time,4.016e-06,second
GPU[1].SA[12].CU[2].SIMD0,busy_time,4.016e-06,second
GPU[1].SA[12].CU[2].SIMD1,busy_time,4.016e-06,second
GPU[1].SA[12].CU[2].SIMD2,busy_time,4.016e-06,second
GPU[1].SA[12].CU[2].SIMD3,busy_time,4.016e-06,second
GPU[1].SA[12].CU[3].SIMD0,busy_time,4.016e-06,second
GPU[1].SA[12].CU[3].SIMD1,busy_time,4.016e-06,second
GPU[1].SA[12].CU[3].SIMD2,busy_time,4.016e-06,second
GPU[1].SA[12].CU[3].SIMD3,busy_time,4.016e-06,second
GPU[1].SA[13].CU[0].SIMD0,busy_time,4.016e-06,second
GPU[1].SA[13].CU[0].SIMD1,busy_time,4.016e-06,second
GPU[1].SA[13].CU[0].SIMD2,busy_time,4.016e-06,second
GPU[1].SA[13].CU[0].SIMD3,busy_time,4.016e-06,second
GPU[1].SA[13].CU[1].SIMD0,busy_time,4.016e-06,second
GPU[1].SA[13].CU[1].SIMD1,busy_time,4.016e-06,second
GPU[1].SA[13].CU[1].SIMD2,busy_time,4.016e-06,second
GPU[1].SA[13].CU[1].SIMD3,busy_time,4.016e-06,second
GPU[1].SA[13].CU[2].SIMD0,busy_time,4.016e-06,second
GPU[1].SA[13].CU[2].SIMD1,busy_time,4.016e-06,second
GPU[1].SA[13].CU[2].SIMD2,busy_time,4.016e-06,second
GPU[1].SA[13].CU[2].SIMD3,busy_time,4.016e-06,second
GPU[1].SA[13].CU[3].SIMD0,busy_time,4.016e-06,second
GPU[1].SA[13].CU[3].SIMD1,busy_time,4.016e-06,second
GPU[1].SA[13].CU[3].SIMD2,busy_time,4.016e-06,second
GPU[1].SA[13].CU[3].SIMD3,busy_time,4.016e-06,second
GPU[1].SA[14].CU[0].SIMD0,busy_time,4.016e-06,second
GPU[1].SA[14].CU[0].SIMD1,busy_time,4.016e-06,second
GPU[1].SA[14].CU[0].SIMD2,busy_time,4.016e-06,second
GPU[1].SA[14].CU[0].SIMD3,busy_time,4.016e-06,second
GPU[1].SA[14].CU[1].SIMD0,busy_time,4.016e-06,second
GPU[1].SA[14].CU[1].SIMD1,busy_time,4.016e-06,second
GPU[1].SA[14].CU[1].SIMD2,busy_time,4.016e-06,second
GPU[1].SA[14].CU[1].SIMD3,busy_time,4.016e-06,second
GPU[1].SA[14].CU[2].SIMD0,busy_time,4.016e-06,second
GPU[1].SA[14].CU[2].SIMD1,busy_time,4.016e-06,second
GPU[1].SA[14].CU[2].SIMD2,busy_time,4.016e-06,second
GPU[1].SA[14].CU[2].SIMD3,busy_time,4.016e-06,second
GPU[1].SA[14].CU[3].SIMD0,busy_time,4.016e-06,second
GPU[1].SA[14].CU[3].SIMD1,busy_time,4.016e-06,second
GPU[1].SA[14].CU[3].SIMD2,busy_time,4.016e-06,second
GPU[1].SA[14].CU[3].SIMD3,busy_time,4.016e-06,second
GPU[1].SA[15].CU[0].SIMD0,busy_time,4.016e-06,second
GPU[1].SA[15].CU[0].SIMD1,busy_time,4.016e-06,second
GPU[1].SA[15].CU[0].SIMD2,busy_time,4.016e-06,second
GPU[1].SA[15].CU[0].SIMD3,busy_time,4.016e-06,second
GPU[1].SA[15].CU[1].SIMD0,busy_time,4.016e-06,second
GPU[1].SA[15].CU[1].SIMD1,busy_time,4.016e-06,second
GPU[1].SA[15].CU[1].SIMD2,busy_time,4.016e-06,second
GPU[1].SA[15].CU[1].SIMD3,busy_time,4.016e-06,second
GPU[1].SA[15].CU[2].SIMD0,busy_time,4.016e-06,second
GPU[1].SA[15].CU[2].SIMD1,busy_time,4.016e-06,second
GPU[1].SA[15].CU[2].SIMD2,busy_time,4.016e-06,second
GPU[1].SA[15].CU[2].SIMD3,busy_time,4.016e-06,second
GPU[1].SA[15].CU[3].SIMD0,busy_time,4.016e-06,second
GPU[1].SA[15].CU[3].SIMD1,busy_time,4.016e-06,second
GPU[1].SA[15].CU[3].SIMD2,busy_time,4.016e-06,second
GPU[1].SA[15].CU[3].SIMD3,busy_time,4.016e-06,second
GPU[1].L2Cache[0],req_average_latency,8.8183e-08,second
GPU[1].L2Cache[1],req_average_latency,8.5224e-08,second
GPU[1].L2Cache[2],req_average_latency,7.8976e-08,second
GPU[1].L2Cache[3],req_average_latency,7.3895e-08,second
GPU[1].L2Cache[4],req_average_latency,7.9877e-08,second
GPU[1].L2Cache[5],req_average_latency,8.451e-08,second
GPU[1].L2Cache[6],req_average_latency,8.1549e-08,second
GPU[1].L2Cache[7],req_average_latency,6.7744e-08,second
GPU[1].L2Cache[8],req_average_latency,7.5717e-08,second
GPU[1].L2Cache[9],req_average_latency,7.9071e-08,second
GPU[1].L2Cache[10],req_average_latency,7.3403e-08,second
GPU[1].L2Cache[11],req_average_latency,7.8255e-08,second
GPU[1].L2Cache[12],req_average_latency,7.8633e-08,second
GPU[1].L2Cache[13],req_average_latency,7.908e-08,second
GPU[1].L2Cache[14],req_average_latency,8.1535e-08,second
GPU[1].L2Cache[15],req_average_latency,6.4469e-08,second
GPU[1].SA[0].L1VCache[0],req_average_latency,3.4096e-08,second
GPU[1].SA[0].L1VCache[1],req_average_latency,3.3541e-08,second
GPU[1].SA[0].L1VCache[2],req_average_latency,3.3721e-08,second
GPU[1].SA[0].L1VCache[3],req_average_latency,3.3758e-08,second
GPU[1].SA[0].L1SCache,req_average_latency,8.957e-09,second
GPU[1].SA[0].L1ICache,req_average_latency,5.771e-09,second
GPU[1].SA[1].L1VCache[0],req_average_latency,3.2662e-08,second
GPU[1].SA[1].L1VCache[1],req_average_latency,3.5005e-08,second
GPU[1].SA[1].L1VCache[2],req_average_latency,3.3912e-08,second
GPU[1].SA[1].L1VCache[3],req_average_latency,3.2817e-08,second
GPU[1].SA[1].L1SCache,req_average_latency,8.957e-09,second
GPU[1].SA[1].L1ICache,req_average_latency,5.775e-09,second
GPU[1].SA[2].L1VCache[0],req_average_latency,3.2651e-08,second
GPU[1].SA[2].L1VCache[1],req_average_latency,3.3017e-08,second
GPU[1].SA[2].L1VCache[2],req_average_latency,3.2568e-08,second
GPU[1].SA[2].L1VCache[3],req_average_latency,3.2618e-08,second
GPU[1].SA[2].L1SCache,req_average_latency,8.957e-09,second
GPU[1].SA[2].L1ICache,req_average_latency,5.769e-09,second
GPU[1].SA[3].L1VCache[0],req_average_latency,3.3036e-08,second
GPU[1].SA[3].L1VCache[1],req_average_latency,3.2952e-08,second
GPU[1].SA[3].L1VCache[2],req_average_latency,3.3604e-08,second
GPU[1].SA[3].L1VCache[3],req_average_latency,3.2163e-08,second
GPU[1].SA[3].L1SCache,req_average_latency,8.957e-09,second
GPU[1].SA[3].L1ICache,req_average_latency,5.776e-09,second
GPU[1].SA[4].L1VCache[0],req_average_latency,3.604e-08,second
GPU[1].SA[4].L1VCache[1],req_average_latency,3.6365e-08,second
GPU[1].SA[4].L1VCache[2],req_average_latency,3.4122e-08,second
GPU[1].SA[4].L1VCache[3],req_average_latency,3.3044e-08,second
GPU[1].SA[4].L1SCache,req_average_latency,8.957e-09,second
GPU[1].SA[4].L1ICache,req_average_latency,5.768e-09,second
GPU[1].SA[5].L1VCache[0],req_average_latency,3.4351e-08,second
GPU[1].SA[5].L1VCache[1],req_average_latency,3.4071e-08,second
GPU[1].SA[5].L1VCache[2],req_average_latency,3.444e-08,second
GPU[1].SA[5].L1VCache[3],req_average_latency,3.3602e-08,second
GPU[1].SA[5].L1SCache,req_average_latency,8.957e-09,second
GPU[1].SA[5].L1ICache,req_average_latency,5.765e-09,second
GPU[1].SA[6].L1VCache[0],req_average_latency,3.5559e-08,second
GPU[1].SA[6].L1VCache[1],req_average_latency,3.4684e-08,second
GPU[1].SA[6].L1VCache[2],req_average_latency,3.4418e-08,second
GPU[1].SA[6].L1VCache[3],req_average_latency,3.5909e-08,second
GPU[1].SA[6].L1SCache,req_average_latency,8.957e-09,second
GPU[1].SA[6].L1ICache,req_average_latency,5.76e-09,second
GPU[1].SA[7].L1VCache[0],req_average_latency,3.4787e-08,second
GPU[1].SA[7].L1VCache[1],req_average_latency,3.5536e-08,second
GPU[1].SA[7].L1VCache[2],req_average_latency,3.4347e-08,second
GPU[1].SA[7].L1VCache[3],req_average_latency,3.517e-08,second
GPU[1].SA[7].L1SCache,req_average_latency,8.957e-09,second
GPU[1].SA[7].L1ICache,req_average_latency,5.761e-09,second
GPU[1].SA[8].L1VCache[0],req_average_latency,3.4189e-08,second
GPU[1].SA[8].L1VCache[1],req_average_latency,3.4306e-08,second
GPU[1].SA[8].L1VCache[2],req_average_latency,3.4346e-08,second
GPU[1].SA[8].L1VCache[3],req_average_latency,3.3436e-08,second
GPU[1].SA[8].L1SCache,req_average_latency,8.957e-09,second
GPU[1].SA[8].L1ICache,req_average_latency,5.756e-09,second
GPU[1].SA[9].L1VCache[0],req_average_latency,3.471e-08,second
GPU[1].SA[9].L1VCache[1],req_average_latency,3.4223e-08,second
GPU[1].SA[9].L1VCache[2],req_average_latency,3.4714e-08,second
GPU[1].SA[9].L1VCache[3],req_average_latency,3.3977e-08,second
GPU[1].SA[9].L1SCache,req_average_latency,8.957e-09,second
GPU[1].SA[9].L1ICache,req_average_latency,5.756e-09,second
GPU[1].SA[10].L1VCache[0],req_average_latency,3.4474e-08,second
GPU[1].SA[10].L1VCache[1],req_average_latency,3.4288e-08,second
GPU[1].SA[10].L1VCache[2],req_average_latency,3.4815e-08,second
GPU[1].SA[10].L1VCache[3],req_average_latency,3.4128e-08,second
GPU[1].SA[10].L1SCache,req_average_latency,8.957e-09,second
GPU[1].SA[10].L1ICache,req_average_latency,5.766e-09,second
GPU[1].SA[11].L1VCache[0],req_average_latency,3.4442e-08,second
GPU[1].SA[11].L1VCache[1],req_average_latency,3.4552e-08,second
GPU[1].SA[11].L1VCache[2],req_average_latency,3.4862e-08,second
GPU[1].SA[11].L1VCache[3],req_average_latency,3.4343e-08,second
GPU[1].SA[11].L1SCache,req_average_latency,8.957e-09,second
GPU[1].SA[11].L1ICache,req_average_latency,5.753e-09,second
GPU[1].SA[12].L1VCache[0],req_average_latency,3.4507e-08,second
GPU[1].SA[12].L1VCache[1],req_average_latency,3.4714e-08,second
GPU[1].SA[12].L1VCache[2],req_average_latency,3.4927e-08,second
GPU[1].SA[12].L1VCache[3],req_average_latency,3.4569e-08,second
GPU[1].SA[12].L1SCache,req_average_latency,8.957e-09,second
GPU[1].SA[12].L1ICache,req_average_latency,5.771e-09,second
GPU[1].SA[13].L1VCache[0],req_average_latency,3.4933e-08,second
GPU[1].SA[13].L1VCache[1],req_average_latency,3.4904e-08,second
GPU[1].SA[13].L1VCache[2],req_average_latency,3.484e-08,second
GPU[1].SA[13].L1VCache[3],req_average_latency,3.4792e-08,second
GPU[1].SA[13].L1SCache,req_average_latency,8.957e-09,second
GPU[1].SA[13].L1ICache,req_average_latency,5.748e-09,second
GPU[1].SA[14].L1VCache[0],req_average_latency,3.4376e-08,second
GPU[1].SA[14].L1VCache[1],req_average_latency,3.509e-08,second
GPU[1].SA[14].L1VCache[2],req_average_latency,3.4553e-08,second
GPU[1].SA[14].L1VCache[3],req_average_latency,3.5632e-08,second
GPU[1].SA[14].L1SCache,req_average_latency,8.957e-09,second
GPU[1].SA[14].L1ICache,req_average_latency,5.743e-09,second
GPU[1].SA[15].L1VCache[0],req_average_latency,3.3777e-08,second
GPU[1].SA[15].L1VCache[1],req_average_latency,3.4414e-08,second
GPU[1].SA[15].L1VCache[2],req_average_latency,3.5044e-08,second
GPU[1].SA[15].L1VCache[3],req_average_latency,3.381e-08,second
GPU[1].SA[15].L1SCache,req_average_latency,8.957e-09,second
GPU[1].SA[15].L1ICache,req_average_latency,5.743e-09,second
GPU[1].L2Cache[0],read-hit,36.0,count
GPU[1].L2Cache[0],read-miss,315.0,count
GPU[1].L2Cache[0],read-mshr-hit,75.0,count
GPU[1].L2Cache[0],write-hit,0.0,count
GPU[1].L2Cache[0],write-miss,256.0,count
GPU[1].L2Cache[0],write-mshr-hit,0.0,count
GPU[1].L2Cache[1],read-hit,38.0,count
GPU[1].L2Cache[1],read-miss,310.0,count
GPU[1].L2Cache[1],read-mshr-hit,30.0,count
GPU[1].L2Cache[1],write-hit,0.0,count
GPU[1].L2Cache[1],write-miss,256.0,count
GPU[1].L2Cache[1],write-mshr-hit,0.0,count
GPU[1].L2Cache[2],read-hit,67.0,count
GPU[1].L2Cache[2],read-miss,328.0,count
GPU[1].L2Cache[2],read-mshr-hit,30.0,count
GPU[1].L2Cache[2],write-hit,0.0,count
GPU[1].L2Cache[2],write-miss,256.0,count
GPU[1].L2Cache[2],write-mshr-hit,0.0,count
GPU[1].L2Cache[3],read-hit,95.0,count
GPU[1].L2Cache[3],read-miss,329.0,count
GPU[1].L2Cache[3],read-mshr-hit,3.0,count
GPU[1].L2Cache[3],write-hit,0.0,count
GPU[1].L2Cache[3],write-miss,256.0,count
GPU[1].L2Cache[3],write-mshr-hit,0.0,count
GPU[1].L2Cache[4],read-hit,71.0,count
GPU[1].L2Cache[4],read-miss,315.0,count
GPU[1].L2Cache[4],read-mshr-hit,0.0,count
GPU[1].L2Cache[4],write-hit,0.0,count
GPU[1].L2Cache[4],write-miss,256.0,count
GPU[1].L2Cache[4],write-mshr-hit,0.0,count
GPU[1].L2Cache[5],read-hit,33.0,count
GPU[1].L2Cache[5],read-miss,314.0,count
GPU[1].L2Cache[5],read-mshr-hit,0.0,count
GPU[1].L2Cache[5],write-hit,0.0,count
GPU[1].L2Cache[5],write-miss,256.0,count
GPU[1].L2Cache[5],write-mshr-hit,0.0,count
GPU[1].L2Cache[6],read-hit,56.0,count
GPU[1].L2Cache[6],read-miss,312.0,count
GPU[1].L2Cache[6],read-mshr-hit,0.0,count
GPU[1].L2Cache[6],write-hit,0.0,count
GPU[1].L2Cache[6],write-miss,256.0,count
GPU[1].L2Cache[6],write-mshr-hit,0.0,count
GPU[1].L2Cache[7],read-hit,200.0,count
GPU[1].L2Cache[7],read-miss,327.0,count
GPU[1].L2Cache[7],read-mshr-hit,0.0,count
GPU[1].L2Cache[7],write-hit,0.0,count
GPU[1].L2Cache[7],write-miss,256.0,count
GPU[1].L2Cache[7],write-mshr-hit,0.0,count
GPU[1].L2Cache[8],read-hit,61.0,count
GPU[1].L2Cache[8],read-miss,338.0,count
GPU[1].L2Cache[8],read-mshr-hit,0.0,count
GPU[1].L2Cache[8],write-hit,0.0,count
GPU[1].L2Cache[8],write-miss,256.0,count
GPU[1].L2Cache[8],write-mshr-hit,0.0,count
GPU[1].L2Cache[9],read-hit,33.0,count
GPU[1].L2Cache[9],read-miss,340.0,count
GPU[1].L2Cache[9],read-mshr-hit,0.0,count
GPU[1].L2Cache[9],write-hit,0.0,count
GPU[1].L2Cache[9],write-miss,256.0,count
GPU[1].L2Cache[9],write-mshr-hit,0.0,count
GPU[1].L2Cache[10],read-hit,99.0,count
GPU[1].L2Cache[10],read-miss,322.0,count
GPU[1].L2Cache[10],read-mshr-hit,0.0,count
GPU[1].L2Cache[10],write-hit,0.0,count
GPU[1].L2Cache[10],write-miss,256.0,count
GPU[1].L2Cache[10],write-mshr-hit,0.0,count
GPU[1].L2Cache[11],read-hit,52.0,count
GPU[1].L2Cache[11],read-miss,320.0,count
GPU[1].L2Cache[11],read-mshr-hit,0.0,count
GPU[1].L2Cache[11],write-hit,0.0,count
GPU[1].L2Cache[11],write-miss,256.0,count
GPU[1].L2Cache[11],write-mshr-hit,0.0,count
GPU[1].L2Cache[12],read-hit,81.0,count
GPU[1].L2Cache[12],read-miss,315.0,count
GPU[1].L2Cache[12],read-mshr-hit,0.0,count
GPU[1].L2Cache[12],write-hit,0.0,count
GPU[1].L2Cache[12],write-miss,256.0,count
GPU[1].L2Cache[12],write-mshr-hit,0.0,count
GPU[1].L2Cache[13],read-hit,77.0,count
GPU[1].L2Cache[13],read-miss,313.0,count
GPU[1].L2Cache[13],read-mshr-hit,0.0,count
GPU[1].L2Cache[13],write-hit,0.0,count
GPU[1].L2Cache[13],write-miss,256.0,count
GPU[1].L2Cache[13],write-mshr-hit,0.0,count
GPU[1].L2Cache[14],read-hit,59.0,count
GPU[1].L2Cache[14],read-miss,302.0,count
GPU[1].L2Cache[14],read-mshr-hit,0.0,count
GPU[1].L2Cache[14],write-hit,0.0,count
GPU[1].L2Cache[14],write-miss,256.0,count
GPU[1].L2Cache[14],write-mshr-hit,0.0,count
GPU[1].L2Cache[15],read-hit,260.0,count
GPU[1].L2Cache[15],read-miss,317.0,count
GPU[1].L2Cache[15],read-mshr-hit,0.0,count
GPU[1].L2Cache[15],write-hit,0.0,count
GPU[1].L2Cache[15],write-miss,256.0,count
GPU[1].L2Cache[15],write-mshr-hit,0.0,count
GPU[1].SA[0].L1VCache[0],read-hit,1162.0,count
GPU[1].SA[0].L1VCache[0],read-miss,99.0,count
GPU[1].SA[0].L1VCache[0],read-mshr-hit,3.0,count
GPU[1].SA[0].L1VCache[0],write-hit,0.0,count
GPU[1].SA[0].L1VCache[0],write-miss,64.0,count
GPU[1].SA[0].L1VCache[0],write-mshr-hit,0.0,count
GPU[1].SA[0].L1VCache[1],read-hit,1196.0,count
GPU[1].SA[0].L1VCache[1],read-miss,68.0,count
GPU[1].SA[0].L1VCache[1],read-mshr-hit,0.0,count
GPU[1].SA[0].L1VCache[1],write-hit,0.0,count
GPU[1].SA[0].L1VCache[1],write-miss,64.0,count
GPU[1].SA[0].L1VCache[1],write-mshr-hit,0.0,count
GPU[1].SA[0].L1VCache[2],read-hit,1196.0,count
GPU[1].SA[0].L1VCache[2],read-miss,68.0,count
GPU[1].SA[0].L1VCache[2],read-mshr-hit,0.0,count
GPU[1].SA[0].L1VCache[2],write-hit,0.0,count
GPU[1].SA[0].L1VCache[2],write-miss,64.0,count
GPU[1].SA[0].L1VCache[2],write-mshr-hit,0.0,count
GPU[1].SA[0].L1VCache[3],read-hit,1157.0,count
GPU[1].SA[0].L1VCache[3],read-miss,107.0,count
GPU[1].SA[0].L1VCache[3],read-mshr-hit,0.0,count
GPU[1].SA[0].L1VCache[3],write-hit,0.0,count
GPU[1].SA[0].L1VCache[3],write-miss,64.0,count
GPU[1].SA[0].L1VCache[3],write-mshr-hit,0.0,count
GPU[1].SA[0].L1SCache,read-hit,1232.0,count
GPU[1].SA[0].L1SCache,read-miss,3.0,count
GPU[1].SA[0].L1SCache,read-mshr-hit,45.0,count
GPU[1].SA[0].L1SCache,write-hit,0.0,count
GPU[1].SA[0].L1SCache,write-miss,0.0,count
GPU[1].SA[0].L1SCache,write-mshr-hit,0.0,count
GPU[1].SA[0].L1ICache,read-hit,5587.0,count
GPU[1].SA[0].L1ICache,read-miss,7.0,count
GPU[1].SA[0].L1ICache,read-mshr-hit,90.0,count
GPU[1].SA[0].L1ICache,write-hit,0.0,count
GPU[1].SA[0].L1ICache,write-miss,0.0,count
GPU[1].SA[0].L1ICache,write-mshr-hit,0.0,count
GPU[1].SA[1].L1VCache[0],read-hit,1195.0,count
GPU[1].SA[1].L1VCache[0],read-miss,68.0,count
GPU[1].SA[1].L1VCache[0],read-mshr-hit,1.0,count
GPU[1].SA[1].L1VCache[0],write-hit,0.0,count
GPU[1].SA[1].L1VCache[0],write-miss,64.0,count
GPU[1].SA[1].L1VCache[0],write-mshr-hit,0.0,count
GPU[1].SA[1].L1VCache[1],read-hit,1106.0,count
GPU[1].SA[1].L1VCache[1],read-miss,157.0,count
GPU[1].SA[1].L1VCache[1],read-mshr-hit,1.0,count
GPU[1].SA[1].L1VCache[1],write-hit,0.0,count
GPU[1].SA[1].L1VCache[1],write-miss,64.0,count
GPU[1].SA[1].L1VCache[1],write-mshr-hit,0.0,count
GPU[1].SA[1].L1VCache[2],read-hit,1152.0,count
GPU[1].SA[1].L1VCache[2],read-miss,109.0,count
GPU[1].SA[1].L1VCache[2],read-mshr-hit,3.0,count
GPU[1].SA[1].L1VCache[2],write-hit,0.0,count
GPU[1].SA[1].L1VCache[2],write-miss,64.0,count
GPU[1].SA[1].L1VCache[2],write-mshr-hit,0.0,count
GPU[1].SA[1].L1VCache[3],read-hit,1170.0,count
GPU[1].SA[1].L1VCache[3],read-miss,94.0,count
GPU[1].SA[1].L1VCache[3],read-mshr-hit,0.0,count
GPU[1].SA[1].L1VCache[3],write-hit,0.0,count
GPU[1].SA[1].L1VCache[3],write-miss,64.0,count
GPU[1].SA[1].L1VCache[3],write-mshr-hit,0.0,count
GPU[1].SA[1].L1SCache,read-hit,1232.0,count
GPU[1].SA[1].L1SCache,read-miss,3.0,count
GPU[1].SA[1].L1SCache,read-mshr-hit,45.0,count
GPU[1].SA[1].L1SCache,write-hit,0.0,count
GPU[1].SA[1].L1SCache,write-miss,0.0,count
GPU[1].SA[1].L1SCache,write-mshr-hit,0.0,count
GPU[1].SA[1].L1ICache,read-hit,5586.0,count
GPU[1].SA[1].L1ICache,read-miss,7.0,count
GPU[1].SA[1].L1ICache,read-mshr-hit,91.0,count
GPU[1].SA[1].L1ICache,write-hit,0.0,count
GPU[1].SA[1].L1ICache,write-miss,0.0,count
GPU[1].SA[1].L1ICache,write-mshr-hit,0.0,count
GPU[1].SA[2].L1VCache[0],read-hit,1195.0,count
GPU[1].SA[2].L1VCache[0],read-miss,68.0,count
GPU[1].SA[2].L1VCache[0],read-mshr-hit,1.0,count
GPU[1].SA[2].L1VCache[0],write-hit,0.0,count
GPU[1].SA[2].L1VCache[0],write-miss,64.0,count
GPU[1].SA[2].L1VCache[0],write-mshr-hit,0.0,count
GPU[1].SA[2].L1VCache[1],read-hit,1196.0,count
GPU[1].SA[2].L1VCache[1],read-miss,68.0,count
GPU[1].SA[2].L1VCache[1],read-mshr-hit,0.0,count
GPU[1].SA[2].L1VCache[1],write-hit,0.0,count
GPU[1].SA[2].L1VCache[1],write-miss,64.0,count
GPU[1].SA[2].L1VCache[1],write-mshr-hit,0.0,count
GPU[1].SA[2].L1VCache[2],read-hit,1196.0,count
GPU[1].SA[2].L1VCache[2],read-miss,68.0,count
GPU[1].SA[2].L1VCache[2],read-mshr-hit,0.0,count
GPU[1].SA[2].L1VCache[2],write-hit,0.0,count
GPU[1].SA[2].L1VCache[2],write-miss,64.0,count
GPU[1].SA[2].L1VCache[2],write-mshr-hit,0.0,count
GPU[1].SA[2].L1VCache[3],read-hit,1142.0,count
GPU[1].SA[2].L1VCache[3],read-miss,121.0,count
GPU[1].SA[2].L1VCache[3],read-mshr-hit,1.0,count
GPU[1].SA[2].L1VCache[3],write-hit,0.0,count
GPU[1].SA[2].L1VCache[3],write-miss,64.0,count
GPU[1].SA[2].L1VCache[3],write-mshr-hit,0.0,count
GPU[1].SA[2].L1SCache,read-hit,1232.0,count
GPU[1].SA[2].L1SCache,read-miss,3.0,count
GPU[1].SA[2].L1SCache,read-mshr-hit,45.0,count
GPU[1].SA[2].L1SCache,write-hit,0.0,count
GPU[1].SA[2].L1SCache,write-miss,0.0,count
GPU[1].SA[2].L1SCache,write-mshr-hit,0.0,count
GPU[1].SA[2].L1ICache,read-hit,5587.0,count
GPU[1].SA[2].L1ICache,read-miss,7.0,count
GPU[1].SA[2].L1ICache,read-mshr-hit,90.0,count
GPU[1].SA[2].L1ICache,write-hit,0.0,count
GPU[1].SA[2].L1ICache,write-miss,0.0,count
GPU[1].SA[2].L1ICache,write-mshr-hit,0.0,count
GPU[1].SA[3].L1VCache[0],read-hit,1196.0,count
GPU[1].SA[3].L1VCache[0],read-miss,68.0,count
GPU[1].SA[3].L1VCache[0],read-mshr-hit,0.0,count
GPU[1].SA[3].L1VCache[0],write-hit,0.0,count
GPU[1].SA[3].L1VCache[0],write-miss,64.0,count
GPU[1].SA[3].L1VCache[0],write-mshr-hit,0.0,count
GPU[1].SA[3].L1VCache[1],read-hit,1196.0,count
GPU[1].SA[3].L1VCache[1],read-miss,68.0,count
GPU[1].SA[3].L1VCache[1],read-mshr-hit,0.0,count
GPU[1].SA[3].L1VCache[1],write-hit,0.0,count
GPU[1].SA[3].L1VCache[1],write-miss,64.0,count
GPU[1].SA[3].L1VCache[1],write-mshr-hit,0.0,count
GPU[1].SA[3].L1VCache[2],read-hit,1153.0,count
GPU[1].SA[3].L1VCache[2],read-miss,111.0,count
GPU[1].SA[3].L1VCache[2],read-mshr-hit,0.0,count
GPU[1].SA[3].L1VCache[2],write-hit,0.0,count
GPU[1].SA[3].L1VCache[2],write-miss,64.0,count
GPU[1].SA[3].L1VCache[2],write-mshr-hit,0.0,count
GPU[1].SA[3].L1VCache[3],read-hit,1196.0,count
GPU[1].SA[3].L1VCache[3],read-miss,68.0,count
GPU[1].SA[3].L1VCache[3],read-mshr-hit,0.0,count
GPU[1].SA[3].L1VCache[3],write-hit,0.0,count
GPU[1].SA[3].L1VCache[3],write-miss,64.0,count
GPU[1].SA[3].L1VCache[3],write-mshr-hit,0.0,count
GPU[1].SA[3].L1SCache,read-hit,1232.0,count
GPU[1].SA[3].L1SCache,read-miss,3.0,count
GPU[1].SA[3].L1SCache,read-mshr-hit,45.0,count
GPU[1].SA[3].L1SCache,write-hit,0.0,count
GPU[1].SA[3].L1SCache,write-miss,0.0,count
GPU[1].SA[3].L1SCache,write-mshr-hit,0.0,count
GPU[1].SA[3].L1ICache,read-hit,5587.0,count
GPU[1].SA[3].L1ICache,read-miss,7.0,count
GPU[1].SA[3].L1ICache,read-mshr-hit,90.0,count
GPU[1].SA[3].L1ICache,write-hit,0.0,count
GPU[1].SA[3].L1ICache,write-miss,0.0,count
GPU[1].SA[3].L1ICache,write-mshr-hit,0.0,count
GPU[1].SA[4].L1VCache[0],read-hit,1111.0,count
GPU[1].SA[4].L1VCache[0],read-miss,149.0,count
GPU[1].SA[4].L1VCache[0],read-mshr-hit,4.0,count
GPU[1].SA[4].L1VCache[0],write-hit,0.0,count
GPU[1].SA[4].L1VCache[0],write-miss,64.0,count
GPU[1].SA[4].L1VCache[0],write-mshr-hit,0.0,count
GPU[1].SA[4].L1VCache[1],read-hit,1131.0,count
GPU[1].SA[4].L1VCache[1],read-miss,131.0,count
GPU[1].SA[4].L1VCache[1],read-mshr-hit,2.0,count
GPU[1].SA[4].L1VCache[1],write-hit,0.0,count
GPU[1].SA[4].L1VCache[1],write-miss,64.0,count
GPU[1].SA[4].L1VCache[1],write-mshr-hit,0.0,count
GPU[1].SA[4].L1VCache[2],read-hit,1196.0,count
GPU[1].SA[4].L1VCache[2],read-miss,68.0,count
GPU[1].SA[4].L1VCache[2],read-mshr-hit,0.0,count
GPU[1].SA[4].L1VCache[2],write-hit,0.0,count
GPU[1].SA[4].L1VCache[2],write-miss,64.0,count
GPU[1].SA[4].L1VCache[2],write-mshr-hit,0.0,count
GPU[1].SA[4].L1VCache[3],read-hit,1196.0,count
GPU[1].SA[4].L1VCache[3],read-miss,68.0,count
GPU[1].SA[4].L1VCache[3],read-mshr-hit,0.0,count
GPU[1].SA[4].L1VCache[3],write-hit,0.0,count
GPU[1].SA[4].L1VCache[3],write-miss,64.0,count
GPU[1].SA[4].L1VCache[3],write-mshr-hit,0.0,count
GPU[1].SA[4].L1SCache,read-hit,1232.0,count
GPU[1].SA[4].L1SCache,read-miss,3.0,count
GPU[1].SA[4].L1SCache,read-mshr-hit,45.0,count
GPU[1].SA[4].L1SCache,write-hit,0.0,count
GPU[1].SA[4].L1SCache,write-miss,0.0,count
GPU[1].SA[4].L1SCache,write-mshr-hit,0.0,count
GPU[1].SA[4].L1ICache,read-hit,5586.0,count
GPU[1].SA[4].L1ICache,read-miss,7.0,count
GPU[1].SA[4].L1ICache,read-mshr-hit,91.0,count
GPU[1].SA[4].L1ICache,write-hit,0.0,count
GPU[1].SA[4].L1ICache,write-miss,0.0,count
GPU[1].SA[4].L1ICache,write-mshr-hit,0.0,count
GPU[1].SA[5].L1VCache[0],read-hit,1196.0,count
GPU[1].SA[5].L1VCache[0],read-miss,68.0,count
GPU[1].SA[5].L1VCache[0],read-mshr-hit,0.0,count
GPU[1].SA[5].L1VCache[0],write-hit,0.0,count
GPU[1].SA[5].L1VCache[0],write-miss,64.0,count
GPU[1].SA[5].L1VCache[0],write-mshr-hit,0.0,count
GPU[1].SA[5].L1VCache[1],read-hit,1196.0,count
GPU[1].SA[5].L1VCache[1],read-miss,68.0,count
GPU[1].SA[5].L1VCache[1],read-mshr-hit,0.0,count
GPU[1].SA[5].L1VCache[1],write-hit,0.0,count
GPU[1].SA[5].L1VCache[1],write-miss,64.0,count
GPU[1].SA[5].L1VCache[1],write-mshr-hit,0.0,count
GPU[1].SA[5].L1VCache[2],read-hit,1196.0,count
GPU[1].SA[5].L1VCache[2],read-miss,68.0,count
GPU[1].SA[5].L1VCache[2],read-mshr-hit,0.0,count
GPU[1].SA[5].L1VCache[2],write-hit,0.0,count
GPU[1].SA[5].L1VCache[2],write-miss,64.0,count
GPU[1].SA[5].L1VCache[2],write-mshr-hit,0.0,count
GPU[1].SA[5].L1VCache[3],read-hit,1196.0,count
GPU[1].SA[5].L1VCache[3],read-miss,68.0,count
GPU[1].SA[5].L1VCache[3],read-mshr-hit,0.0,count
GPU[1].SA[5].L1VCache[3],write-hit,0.0,count
GPU[1].SA[5].L1VCache[3],write-miss,64.0,count
GPU[1].SA[5].L1VCache[3],write-mshr-hit,0.0,count
GPU[1].SA[5].L1SCache,read-hit,1232.0,count
GPU[1].SA[5].L1SCache,read-miss,3.0,count
GPU[1].SA[5].L1SCache,read-mshr-hit,45.0,count
GPU[1].SA[5].L1SCache,write-hit,0.0,count
GPU[1].SA[5].L1SCache,write-miss,0.0,count
GPU[1].SA[5].L1SCache,write-mshr-hit,0.0,count
GPU[1].SA[5].L1ICache,read-hit,5587.0,count
GPU[1].SA[5].L1ICache,read-miss,7.0,count
GPU[1].SA[5].L1ICache,read-mshr-hit,90.0,count
GPU[1].SA[5].L1ICache,write-hit,0.0,count
GPU[1].SA[5].L1ICache,write-miss,0.0,count
GPU[1].SA[5].L1ICache,write-mshr-hit,0.0,count
GPU[1].SA[6].L1VCache[0],read-hit,1165.0,count
GPU[1].SA[6].L1VCache[0],read-miss,99.0,count
GPU[1].SA[6].L1VCache[0],read-mshr-hit,0.0,count
GPU[1].SA[6].L1VCache[0],write-hit,0.0,count
GPU[1].SA[6].L1VCache[0],write-miss,64.0,count
GPU[1].SA[6].L1VCache[0],write-mshr-hit,0.0,count
GPU[1].SA[6].L1VCache[1],read-hit,1196.0,count
GPU[1].SA[6].L1VCache[1],read-miss,68.0,count
GPU[1].SA[6].L1VCache[1],read-mshr-hit,0.0,count
GPU[1].SA[6].L1VCache[1],write-hit,0.0,count
GPU[1].SA[6].L1VCache[1],write-miss,64.0,count
GPU[1].SA[6].L1VCache[1],write-mshr-hit,0.0,count
GPU[1].SA[6].L1VCache[2],read-hit,1152.0,count
GPU[1].SA[6].L1VCache[2],read-miss,112.0,count
GPU[1].SA[6].L1VCache[2],read-mshr-hit,0.0,count
GPU[1].SA[6].L1VCache[2],write-hit,0.0,count
GPU[1].SA[6].L1VCache[2],write-miss,64.0,count
GPU[1].SA[6].L1VCache[2],write-mshr-hit,0.0,count
GPU[1].SA[6].L1VCache[3],read-hit,1125.0,count
GPU[1].SA[6].L1VCache[3],read-miss,139.0,count
GPU[1].SA[6].L1VCache[3],read-mshr-hit,0.0,count
GPU[1].SA[6].L1VCache[3],write-hit,0.0,count
GPU[1].SA[6].L1VCache[3],write-miss,64.0,count
GPU[1].SA[6].L1VCache[3],write-mshr-hit,0.0,count
GPU[1].SA[6].L1SCache,read-hit,1232.0,count
GPU[1].SA[6].L1SCache,read-miss,3.0,count
GPU[1].SA[6].L1SCache,read-mshr-hit,45.0,count
GPU[1].SA[6].L1SCache,write-hit,0.0,count
GPU[1].SA[6].L1SCache,write-miss,0.0,count
GPU[1].SA[6].L1SCache,write-mshr-hit,0.0,count
GPU[1].SA[6].L1ICache,read-hit,5587.0,count
GPU[1].SA[6].L1ICache,read-miss,7.0,count
GPU[1].SA[6].L1ICache,read-mshr-hit,90.0,count
GPU[1].SA[6].L1ICache,write-hit,0.0,count
GPU[1].SA[6].L1ICache,write-miss,0.0,count
GPU[1].SA[6].L1ICache,write-mshr-hit,0.0,count
GPU[1].SA[7].L1VCache[0],read-hit,1196.0,count
GPU[1].SA[7].L1VCache[0],read-miss,68.0,count
GPU[1].SA[7].L1VCache[0],read-mshr-hit,0.0,count
GPU[1].SA[7].L1VCache[0],write-hit,0.0,count
GPU[1].SA[7].L1VCache[0],write-miss,64.0,count
GPU[1].SA[7].L1VCache[0],write-mshr-hit,0.0,count
GPU[1].SA[7].L1VCache[1],read-hit,1196.0,count
GPU[1].SA[7].L1VCache[1],read-miss,68.0,count
GPU[1].SA[7].L1VCache[1],read-mshr-hit,0.0,count
GPU[1].SA[7].L1VCache[1],write-hit,0.0,count
GPU[1].SA[7].L1VCache[1],write-miss,64.0,count
GPU[1].SA[7].L1VCache[1],write-mshr-hit,0.0,count
GPU[1].SA[7].L1VCache[2],read-hit,1196.0,count
GPU[1].SA[7].L1VCache[2],read-miss,68.0,count
GPU[1].SA[7].L1VCache[2],read-mshr-hit,0.0,count
GPU[1].SA[7].L1VCache[2],write-hit,0.0,count
GPU[1].SA[7].L1VCache[2],write-miss,64.0,count
GPU[1].SA[7].L1VCache[2],write-mshr-hit,0.0,count
GPU[1].SA[7].L1VCache[3],read-hit,1137.0,count
GPU[1].SA[7].L1VCache[3],read-miss,127.0,count
GPU[1].SA[7].L1VCache[3],read-mshr-hit,0.0,count
GPU[1].SA[7].L1VCache[3],write-hit,0.0,count
GPU[1].SA[7].L1VCache[3],write-miss,64.0,count
GPU[1].SA[7].L1VCache[3],write-mshr-hit,0.0,count
GPU[1].SA[7].L1SCache,read-hit,1232.0,count
GPU[1].SA[7].L1SCache,read-miss,3.0,count
GPU[1].SA[7].L1SCache,read-mshr-hit,45.0,count
GPU[1].SA[7].L1SCache,write-hit,0.0,count
GPU[1].SA[7].L1SCache,write-miss,0.0,count
GPU[1].SA[7].L1SCache,write-mshr-hit,0.0,count
GPU[1].SA[7].L1ICache,read-hit,5587.0,count
GPU[1].SA[7].L1ICache,read-miss,7.0,count
GPU[1].SA[7].L1ICache,read-mshr-hit,90.0,count
GPU[1].SA[7].L1ICache,write-hit,0.0,count
GPU[1].SA[7].L1ICache,write-miss,0.0,count
GPU[1].SA[7].L1ICache,write-mshr-hit,0.0,count
GPU[1].SA[8].L1VCache[0],read-hit,1196.0,count
GPU[1].SA[8].L1VCache[0],read-miss,68.0,count
GPU[1].SA[8].L1VCache[0],read-mshr-hit,0.0,count
GPU[1].SA[8].L1VCache[0],write-hit,0.0,count
GPU[1].SA[8].L1VCache[0],write-miss,64.0,count
GPU[1].SA[8].L1VCache[0],write-mshr-hit,0.0,count
GPU[1].SA[8].L1VCache[1],read-hit,1196.0,count
GPU[1].SA[8].L1VCache[1],read-miss,68.0,count
GPU[1].SA[8].L1VCache[1],read-mshr-hit,0.0,count
GPU[1].SA[8].L1VCache[1],write-hit,0.0,count
GPU[1].SA[8].L1VCache[1],write-miss,64.0,count
GPU[1].SA[8].L1VCache[1],write-mshr-hit,0.0,count
GPU[1].SA[8].L1VCache[2],read-hit,1165.0,count
GPU[1].SA[8].L1VCache[2],read-miss,99.0,count
GPU[1].SA[8].L1VCache[2],read-mshr-hit,0.0,count
GPU[1].SA[8].L1VCache[2],write-hit,0.0,count
GPU[1].SA[8].L1VCache[2],write-miss,64.0,count
GPU[1].SA[8].L1VCache[2],write-mshr-hit,0.0,count
GPU[1].SA[8].L1VCache[3],read-hit,1196.0,count
GPU[1].SA[8].L1VCache[3],read-miss,68.0,count
GPU[1].SA[8].L1VCache[3],read-mshr-hit,0.0,count
GPU[1].SA[8].L1VCache[3],write-hit,0.0,count
GPU[1].SA[8].L1VCache[3],write-miss,64.0,count
GPU[1].SA[8].L1VCache[3],write-mshr-hit,0.0,count
GPU[1].SA[8].L1SCache,read-hit,1232.0,count
GPU[1].SA[8].L1SCache,read-miss,3.0,count
GPU[1].SA[8].L1SCache,read-mshr-hit,45.0,count
GPU[1].SA[8].L1SCache,write-hit,0.0,count
GPU[1].SA[8].L1SCache,write-miss,0.0,count
GPU[1].SA[8].L1SCache,write-mshr-hit,0.0,count
GPU[1].SA[8].L1ICache,read-hit,5587.0,count
GPU[1].SA[8].L1ICache,read-miss,7.0,count
GPU[1].SA[8].L1ICache,read-mshr-hit,90.0,count
GPU[1].SA[8].L1ICache,write-hit,0.0,count
GPU[1].SA[8].L1ICache,write-miss,0.0,count
GPU[1].SA[8].L1ICache,write-mshr-hit,0.0,count
GPU[1].SA[9].L1VCache[0],read-hit,1196.0,count
GPU[1].SA[9].L1VCache[0],read-miss,68.0,count
GPU[1].SA[9].L1VCache[0],read-mshr-hit,0.0,count
GPU[1].SA[9].L1VCache[0],write-hit,0.0,count
GPU[1].SA[9].L1VCache[0],write-miss,64.0,count
GPU[1].SA[9].L1VCache[0],write-mshr-hit,0.0,count
GPU[1].SA[9].L1VCache[1],read-hit,1196.0,count
GPU[1].SA[9].L1VCache[1],read-miss,68.0,count
GPU[1].SA[9].L1VCache[1],read-mshr-hit,0.0,count
GPU[1].SA[9].L1VCache[1],write-hit,0.0,count
GPU[1].SA[9].L1VCache[1],write-miss,64.0,count
GPU[1].SA[9].L1VCache[1],write-mshr-hit,0.0,count
GPU[1].SA[9].L1VCache[2],read-hit,1196.0,count
GPU[1].SA[9].L1VCache[2],read-miss,68.0,count
GPU[1].SA[9].L1VCache[2],read-mshr-hit,0.0,count
GPU[1].SA[9].L1VCache[2],write-hit,0.0,count
GPU[1].SA[9].L1VCache[2],write-miss,64.0,count
GPU[1].SA[9].L1VCache[2],write-mshr-hit,0.0,count
GPU[1].SA[9].L1VCache[3],read-hit,1196.0,count
GPU[1].SA[9].L1VCache[3],read-miss,68.0,count
GPU[1].SA[9].L1VCache[3],read-mshr-hit,0.0,count
GPU[1].SA[9].L1VCache[3],write-hit,0.0,count
GPU[1].SA[9].L1VCache[3],write-miss,64.0,count
GPU[1].SA[9].L1VCache[3],write-mshr-hit,0.0,count
GPU[1].SA[9].L1SCache,read-hit,1232.0,count
GPU[1].SA[9].L1SCache,read-miss,3.0,count
GPU[1].SA[9].L1SCache,read-mshr-hit,45.0,count
GPU[1].SA[9].L1SCache,write-hit,0.0,count
GPU[1].SA[9].L1SCache,write-miss,0.0,count
GPU[1].SA[9].L1SCache,write-mshr-hit,0.0,count
GPU[1].SA[9].L1ICache,read-hit,5587.0,count
GPU[1].SA[9].L1ICache,read-miss,7.0,count
GPU[1].SA[9].L1ICache,read-mshr-hit,90.0,count
GPU[1].SA[9].L1ICache,write-hit,0.0,count
GPU[1].SA[9].L1ICache,write-miss,0.0,count
GPU[1].SA[9].L1ICache,write-mshr-hit,0.0,count
GPU[1].SA[10].L1VCache[0],read-hit,1195.0,count
GPU[1].SA[10].L1VCache[0],read-miss,68.0,count
GPU[1].SA[10].L1VCache[0],read-mshr-hit,1.0,count
GPU[1].SA[10].L1VCache[0],write-hit,0.0,count
GPU[1].SA[10].L1VCache[0],write-miss,64.0,count
GPU[1].SA[10].L1VCache[0],write-mshr-hit,0.0,count
GPU[1].SA[10].L1VCache[1],read-hit,1196.0,count
GPU[1].SA[10].L1VCache[1],read-miss,68.0,count
GPU[1].SA[10].L1VCache[1],read-mshr-hit,0.0,count
GPU[1].SA[10].L1VCache[1],write-hit,0.0,count
GPU[1].SA[10].L1VCache[1],write-miss,64.0,count
GPU[1].SA[10].L1VCache[1],write-mshr-hit,0.0,count
GPU[1].SA[10].L1VCache[2],read-hit,1196.0,count
GPU[1].SA[10].L1VCache[2],read-miss,68.0,count
GPU[1].SA[10].L1VCache[2],read-mshr-hit,0.0,count
GPU[1].SA[10].L1VCache[2],write-hit,0.0,count
GPU[1].SA[10].L1VCache[2],write-miss,64.0,count
GPU[1].SA[10].L1VCache[2],write-mshr-hit,0.0,count
GPU[1].SA[10].L1VCache[3],read-hit,1196.0,count
GPU[1].SA[10].L1VCache[3],read-miss,68.0,count
GPU[1].SA[10].L1VCache[3],read-mshr-hit,0.0,count
GPU[1].SA[10].L1VCache[3],write-hit,0.0,count
GPU[1].SA[10].L1VCache[3],write-miss,64.0,count
GPU[1].SA[10].L1VCache[3],write-mshr-hit,0.0,count
GPU[1].SA[10].L1SCache,read-hit,1232.0,count
GPU[1].SA[10].L1SCache,read-miss,3.0,count
GPU[1].SA[10].L1SCache,read-mshr-hit,45.0,count
GPU[1].SA[10].L1SCache,write-hit,0.0,count
GPU[1].SA[10].L1SCache,write-miss,0.0,count
GPU[1].SA[10].L1SCache,write-mshr-hit,0.0,count
GPU[1].SA[10].L1ICache,read-hit,5587.0,count
GPU[1].SA[10].L1ICache,read-miss,7.0,count
GPU[1].SA[10].L1ICache,read-mshr-hit,90.0,count
GPU[1].SA[10].L1ICache,write-hit,0.0,count
GPU[1].SA[10].L1ICache,write-miss,0.0,count
GPU[1].SA[10].L1ICache,write-mshr-hit,0.0,count
GPU[1].SA[11].L1VCache[0],read-hit,1195.0,count
GPU[1].SA[11].L1VCache[0],read-miss,68.0,count
GPU[1].SA[11].L1VCache[0],read-mshr-hit,1.0,count
GPU[1].SA[11].L1VCache[0],write-hit,0.0,count
GPU[1].SA[11].L1VCache[0],write-miss,64.0,count
GPU[1].SA[11].L1VCache[0],write-mshr-hit,0.0,count
GPU[1].SA[11].L1VCache[1],read-hit,1196.0,count
GPU[1].SA[11].L1VCache[1],read-miss,68.0,count
GPU[1].SA[11].L1VCache[1],read-mshr-hit,0.0,count
GPU[1].SA[11].L1VCache[1],write-hit,0.0,count
GPU[1].SA[11].L1VCache[1],write-miss,64.0,count
GPU[1].SA[11].L1VCache[1],write-mshr-hit,0.0,count
GPU[1].SA[11].L1VCache[2],read-hit,1196.0,count
GPU[1].SA[11].L1VCache[2],read-miss,68.0,count
GPU[1].SA[11].L1VCache[2],read-mshr-hit,0.0,count
GPU[1].SA[11].L1VCache[2],write-hit,0.0,count
GPU[1].SA[11].L1VCache[2],write-miss,64.0,count
GPU[1].SA[11].L1VCache[2],write-mshr-hit,0.0,count
GPU[1].SA[11].L1VCache[3],read-hit,1196.0,count
GPU[1].SA[11].L1VCache[3],read-miss,68.0,count
GPU[1].SA[11].L1VCache[3],read-mshr-hit,0.0,count
GPU[1].SA[11].L1VCache[3],write-hit,0.0,count
GPU[1].SA[11].L1VCache[3],write-miss,64.0,count
GPU[1].SA[11].L1VCache[3],write-mshr-hit,0.0,count
GPU[1].SA[11].L1SCache,read-hit,1232.0,count
GPU[1].SA[11].L1SCache,read-miss,3.0,count
GPU[1].SA[11].L1SCache,read-mshr-hit,45.0,count
GPU[1].SA[11].L1SCache,write-hit,0.0,count
GPU[1].SA[11].L1SCache,write-miss,0.0,count
GPU[1].SA[11].L1SCache,write-mshr-hit,0.0,count
GPU[1].SA[11].L1ICache,read-hit,5587.0,count
GPU[1].SA[11].L1ICache,read-miss,7.0,count
GPU[1].SA[11].L1ICache,read-mshr-hit,90.0,count
GPU[1].SA[11].L1ICache,write-hit,0.0,count
GPU[1].SA[11].L1ICache,write-miss,0.0,count
GPU[1].SA[11].L1ICache,write-mshr-hit,0.0,count
GPU[1].SA[12].L1VCache[0],read-hit,1195.0,count
GPU[1].SA[12].L1VCache[0],read-miss,68.0,count
GPU[1].SA[12].L1VCache[0],read-mshr-hit,1.0,count
GPU[1].SA[12].L1VCache[0],write-hit,0.0,count
GPU[1].SA[12].L1VCache[0],write-miss,64.0,count
GPU[1].SA[12].L1VCache[0],write-mshr-hit,0.0,count
GPU[1].SA[12].L1VCache[1],read-hit,1195.0,count
GPU[1].SA[12].L1VCache[1],read-miss,68.0,count
GPU[1].SA[12].L1VCache[1],read-mshr-hit,1.0,count
GPU[1].SA[12].L1VCache[1],write-hit,0.0,count
GPU[1].SA[12].L1VCache[1],write-miss,64.0,count
GPU[1].SA[12].L1VCache[1],write-mshr-hit,0.0,count
GPU[1].SA[12].L1VCache[2],read-hit,1163.0,count
GPU[1].SA[12].L1VCache[2],read-miss,100.0,count
GPU[1].SA[12].L1VCache[2],read-mshr-hit,1.0,count
GPU[1].SA[12].L1VCache[2],write-hit,0.0,count
GPU[1].SA[12].L1VCache[2],write-miss,64.0,count
GPU[1].SA[12].L1VCache[2],write-mshr-hit,0.0,count
GPU[1].SA[12].L1VCache[3],read-hit,1196.0,count
GPU[1].SA[12].L1VCache[3],read-miss,68.0,count
GPU[1].SA[12].L1VCache[3],read-mshr-hit,0.0,count
GPU[1].SA[12].L1VCache[3],write-hit,0.0,count
GPU[1].SA[12].L1VCache[3],write-miss,64.0,count
GPU[1].SA[12].L1VCache[3],write-mshr-hit,0.0,count
GPU[1].SA[12].L1SCache,read-hit,1232.0,count
GPU[1].SA[12].L1SCache,read-miss,3.0,count
GPU[1].SA[12].L1SCache,read-mshr-hit,45.0,count
GPU[1].SA[12].L1SCache,write-hit,0.0,count
GPU[1].SA[12].L1SCache,write-miss,0.0,count
GPU[1].SA[12].L1SCache,write-mshr-hit,0.0,count
GPU[1].SA[12].L1ICache,read-hit,5587.0,count
GPU[1].SA[12].L1ICache,read-miss,7.0,count
GPU[1].SA[12].L1ICache,read-mshr-hit,90.0,count
GPU[1].SA[12].L1ICache,write-hit,0.0,count
GPU[1].SA[12].L1ICache,write-miss,0.0,count
GPU[1].SA[12].L1ICache,write-mshr-hit,0.0,count
GPU[1].SA[13].L1VCache[0],read-hit,1157.0,count
GPU[1].SA[13].L1VCache[0],read-miss,106.0,count
GPU[1].SA[13].L1VCache[0],read-mshr-hit,1.0,count
GPU[1].SA[13].L1VCache[0],write-hit,0.0,count
GPU[1].SA[13].L1VCache[0],write-miss,64.0,count
GPU[1].SA[13].L1VCache[0],write-mshr-hit,0.0,count
GPU[1].SA[13].L1VCache[1],read-hit,1158.0,count
GPU[1].SA[13].L1VCache[1],read-miss,106.0,count
GPU[1].SA[13].L1VCache[1],read-mshr-hit,0.0,count
GPU[1].SA[13].L1VCache[1],write-hit,0.0,count
GPU[1].SA[13].L1VCache[1],write-miss,64.0,count
GPU[1].SA[13].L1VCache[1],write-mshr-hit,0.0,count
GPU[1].SA[13].L1VCache[2],read-hit,1166.0,count
GPU[1].SA[13].L1VCache[2],read-miss,98.0,count
GPU[1].SA[13].L1VCache[2],read-mshr-hit,0.0,count
GPU[1].SA[13].L1VCache[2],write-hit,0.0,count
GPU[1].SA[13].L1VCache[2],write-miss,64.0,count
GPU[1].SA[13].L1VCache[2],write-mshr-hit,0.0,count
GPU[1].SA[13].L1VCache[3],read-hit,1196.0,count
GPU[1].SA[13].L1VCache[3],read-miss,68.0,count
GPU[1].SA[13].L1VCache[3],read-mshr-hit,0.0,count
GPU[1].SA[13].L1VCache[3],write-hit,0.0,count
GPU[1].SA[13].L1VCache[3],write-miss,64.0,count
GPU[1].SA[13].L1VCache[3],write-mshr-hit,0.0,count
GPU[1].SA[13].L1SCache,read-hit,1232.0,count
GPU[1].SA[13].L1SCache,read-miss,3.0,count
GPU[1].SA[13].L1SCache,read-mshr-hit,45.0,count
GPU[1].SA[13].L1SCache,write-hit,0.0,count
GPU[1].SA[13].L1SCache,write-miss,0.0,count
GPU[1].SA[13].L1SCache,write-mshr-hit,0.0,count
GPU[1].SA[13].L1ICache,read-hit,5587.0,count
GPU[1].SA[13].L1ICache,read-miss,7.0,count
GPU[1].SA[13].L1ICache,read-mshr-hit,90.0,count
GPU[1].SA[13].L1ICache,write-hit,0.0,count
GPU[1].SA[13].L1ICache,write-miss,0.0,count
GPU[1].SA[13].L1ICache,write-mshr-hit,0.0,count
GPU[1].SA[14].L1VCache[0],read-hit,1195.0,count
GPU[1].SA[14].L1VCache[0],read-miss,68.0,count
GPU[1].SA[14].L1VCache[0],read-mshr-hit,1.0,count
GPU[1].SA[14].L1VCache[0],write-hit,0.0,count
GPU[1].SA[14].L1VCache[0],write-miss,64.0,count
GPU[1].SA[14].L1VCache[0],write-mshr-hit,0.0,count
GPU[1].SA[14].L1VCache[1],read-hit,1129.0,count
GPU[1].SA[14].L1VCache[1],read-miss,130.0,count
GPU[1].SA[14].L1VCache[1],read-mshr-hit,5.0,count
GPU[1].SA[14].L1VCache[1],write-hit,0.0,count
GPU[1].SA[14].L1VCache[1],write-miss,64.0,count
GPU[1].SA[14].L1VCache[1],write-mshr-hit,0.0,count
GPU[1].SA[14].L1VCache[2],read-hit,1196.0,count
GPU[1].SA[14].L1VCache[2],read-miss,68.0,count
GPU[1].SA[14].L1VCache[2],read-mshr-hit,0.0,count
GPU[1].SA[14].L1VCache[2],write-hit,0.0,count
GPU[1].SA[14].L1VCache[2],write-miss,64.0,count
GPU[1].SA[14].L1VCache[2],write-mshr-hit,0.0,count
GPU[1].SA[14].L1VCache[3],read-hit,1087.0,count
GPU[1].SA[14].L1VCache[3],read-miss,177.0,count
GPU[1].SA[14].L1VCache[3],read-mshr-hit,0.0,count
GPU[1].SA[14].L1VCache[3],write-hit,0.0,count
GPU[1].SA[14].L1VCache[3],write-miss,64.0,count
GPU[1].SA[14].L1VCache[3],write-mshr-hit,0.0,count
GPU[1].SA[14].L1SCache,read-hit,1232.0,count
GPU[1].SA[14].L1SCache,read-miss,3.0,count
GPU[1].SA[14].L1SCache,read-mshr-hit,45.0,count
GPU[1].SA[14].L1SCache,write-hit,0.0,count
GPU[1].SA[14].L1SCache,write-miss,0.0,count
GPU[1].SA[14].L1SCache,write-mshr-hit,0.0,count
GPU[1].SA[14].L1ICache,read-hit,5587.0,count
GPU[1].SA[14].L1ICache,read-miss,7.0,count
GPU[1].SA[14].L1ICache,read-mshr-hit,90.0,count
GPU[1].SA[14].L1ICache,write-hit,0.0,count
GPU[1].SA[14].L1ICache,write-miss,0.0,count
GPU[1].SA[14].L1ICache,write-mshr-hit,0.0,count
GPU[1].SA[15].L1VCache[0],read-hit,1195.0,count
GPU[1].SA[15].L1VCache[0],read-miss,68.0,count
GPU[1].SA[15].L1VCache[0],read-mshr-hit,1.0,count
GPU[1].SA[15].L1VCache[0],write-hit,0.0,count
GPU[1].SA[15].L1VCache[0],write-miss,64.0,count
GPU[1].SA[15].L1VCache[0],write-mshr-hit,0.0,count
GPU[1].SA[15].L1VCache[1],read-hit,1196.0,count
GPU[1].SA[15].L1VCache[1],read-miss,68.0,count
GPU[1].SA[15].L1VCache[1],read-mshr-hit,0.0,count
GPU[1].SA[15].L1VCache[1],write-hit,0.0,count
GPU[1].SA[15].L1VCache[1],write-miss,64.0,count
GPU[1].SA[15].L1VCache[1],write-mshr-hit,0.0,count
GPU[1].SA[15].L1VCache[2],read-hit,1155.0,count
GPU[1].SA[15].L1VCache[2],read-miss,108.0,count
GPU[1].SA[15].L1VCache[2],read-mshr-hit,1.0,count
GPU[1].SA[15].L1VCache[2],write-hit,0.0,count
GPU[1].SA[15].L1VCache[2],write-miss,64.0,count
GPU[1].SA[15].L1VCache[2],write-mshr-hit,0.0,count
GPU[1].SA[15].L1VCache[3],read-hit,1196.0,count
GPU[1].SA[15].L1VCache[3],read-miss,68.0,count
GPU[1].SA[15].L1VCache[3],read-mshr-hit,0.0,count
GPU[1].SA[15].L1VCache[3],write-hit,0.0,count
GPU[1].SA[15].L1VCache[3],write-miss,64.0,count
GPU[1].SA[15].L1VCache[3],write-mshr-hit,0.0,count
GPU[1].SA[15].L1SCache,read-hit,1232.0,count
GPU[1].SA[15].L1SCache,read-miss,3.0,count
GPU[1].SA[15].L1SCache,read-mshr-hit,45.0,count
GPU[1].SA[15].L1SCache,write-hit,0.0,count
GPU[1].SA[15].L1SCache,write-miss,0.0,count
GPU[1].SA[15].L1SCache,write-mshr-hit,0.0,count
GPU[1].SA[15].L1ICache,read-hit,5587.0,count
GPU[1].SA[15].L1ICache,read-miss,7.0,count
GPU[1].SA[15].L1ICache,read-mshr-hit,90.0,count
GPU[1].SA[15].L1ICache,write-hit,0.0,count
GPU[1].SA[15].L1ICache,write-miss,0.0,count
GPU[1].SA[15].L1ICache,write-mshr-hit,0.0,count
GPU[1].L2Cache[0],prefetch_requests,71.0,count
GPU[1].L2Cache[0],prefetch_hits,0.0,count
GPU[1].L2Cache[0],cache_pollution,0.0,count
GPU[1].L2Cache[0],demand_read_hits,36.0,count
GPU[1].L2Cache[0],demand_read_misses,262.0,count
GPU[1].L2Cache[0],demand_read_mshr_hits,75.0,count
GPU[1].L2Cache[0],prefetch_cache_hits,14.0,count
GPU[1].L2Cache[0],prefetch_mshr_hits,4.0,count
GPU[1].L2Cache[0],prefetch_misses,53.0,count
GPU[1].L2Cache[0],mshr_hits,75.0,count
GPU[1].L2Cache[0],mshr_misses,315.0,count
GPU[1].L2Cache[1],prefetch_requests,54.0,count
GPU[1].L2Cache[1],prefetch_hits,0.0,count
GPU[1].L2Cache[1],cache_pollution,0.0,count
GPU[1].L2Cache[1],demand_read_hits,38.0,count
GPU[1].L2Cache[1],demand_read_misses,258.0,count
GPU[1].L2Cache[1],demand_read_mshr_hits,30.0,count
GPU[1].L2Cache[1],prefetch_cache_hits,0.0,count
GPU[1].L2Cache[1],prefetch_mshr_hits,2.0,count
GPU[1].L2Cache[1],prefetch_misses,52.0,count
GPU[1].L2Cache[1],mshr_hits,30.0,count
GPU[1].L2Cache[1],mshr_misses,310.0,count
GPU[1].L2Cache[2],prefetch_requests,72.0,count
GPU[1].L2Cache[2],prefetch_hits,0.0,count
GPU[1].L2Cache[2],cache_pollution,0.0,count
GPU[1].L2Cache[2],demand_read_hits,67.0,count
GPU[1].L2Cache[2],demand_read_misses,258.0,count
GPU[1].L2Cache[2],demand_read_mshr_hits,30.0,count
GPU[1].L2Cache[2],prefetch_cache_hits,2.0,count
GPU[1].L2Cache[2],prefetch_mshr_hits,0.0,count
GPU[1].L2Cache[2],prefetch_misses,70.0,count
GPU[1].L2Cache[2],mshr_hits,30.0,count
GPU[1].L2Cache[2],mshr_misses,328.0,count
GPU[1].L2Cache[3],prefetch_requests,79.0,count
GPU[1].L2Cache[3],prefetch_hits,0.0,count
GPU[1].L2Cache[3],cache_pollution,0.0,count
GPU[1].L2Cache[3],demand_read_hits,95.0,count
GPU[1].L2Cache[3],demand_read_misses,257.0,count
GPU[1].L2Cache[3],demand_read_mshr_hits,3.0,count
GPU[1].L2Cache[3],prefetch_cache_hits,7.0,count
GPU[1].L2Cache[3],prefetch_mshr_hits,0.0,count
GPU[1].L2Cache[3],prefetch_misses,72.0,count
GPU[1].L2Cache[3],mshr_hits,3.0,count
GPU[1].L2Cache[3],mshr_misses,329.0,count
GPU[1].L2Cache[4],prefetch_requests,90.0,count
GPU[1].L2Cache[4],prefetch_hits,0.0,count
GPU[1].L2Cache[4],cache_pollution,0.0,count
GPU[1].L2Cache[4],demand_read_hits,71.0,count
GPU[1].L2Cache[4],demand_read_misses,256.0,count
GPU[1].L2Cache[4],demand_read_mshr_hits,0.0,count
GPU[1].L2Cache[4],prefetch_cache_hits,31.0,count
GPU[1].L2Cache[4],prefetch_mshr_hits,0.0,count
GPU[1].L2Cache[4],prefetch_misses,59.0,count
GPU[1].L2Cache[4],mshr_hits,0.0,count
GPU[1].L2Cache[4],mshr_misses,315.0,count
GPU[1].L2Cache[5],prefetch_requests,60.0,count
GPU[1].L2Cache[5],prefetch_hits,0.0,count
GPU[1].L2Cache[5],cache_pollution,0.0,count
GPU[1].L2Cache[5],demand_read_hits,33.0,count
GPU[1].L2Cache[5],demand_read_misses,256.0,count
GPU[1].L2Cache[5],demand_read_mshr_hits,0.0,count
GPU[1].L2Cache[5],prefetch_cache_hits,2.0,count
GPU[1].L2Cache[5],prefetch_mshr_hits,0.0,count
GPU[1].L2Cache[5],prefetch_misses,58.0,count
GPU[1].L2Cache[5],mshr_hits,0.0,count
GPU[1].L2Cache[5],mshr_misses,314.0,count
GPU[1].L2Cache[6],prefetch_requests,56.0,count
GPU[1].L2Cache[6],prefetch_hits,0.0,count
GPU[1].L2Cache[6],cache_pollution,0.0,count
GPU[1].L2Cache[6],demand_read_hits,56.0,count
GPU[1].L2Cache[6],demand_read_misses,256.0,count
GPU[1].L2Cache[6],demand_read_mshr_hits,0.0,count
GPU[1].L2Cache[6],prefetch_cache_hits,0.0,count
GPU[1].L2Cache[6],prefetch_mshr_hits,0.0,count
GPU[1].L2Cache[6],prefetch_misses,56.0,count
GPU[1].L2Cache[6],mshr_hits,0.0,count
GPU[1].L2Cache[6],mshr_misses,312.0,count
GPU[1].L2Cache[7],prefetch_requests,74.0,count
GPU[1].L2Cache[7],prefetch_hits,0.0,count
GPU[1].L2Cache[7],cache_pollution,0.0,count
GPU[1].L2Cache[7],demand_read_hits,200.0,count
GPU[1].L2Cache[7],demand_read_misses,256.0,count
GPU[1].L2Cache[7],demand_read_mshr_hits,0.0,count
GPU[1].L2Cache[7],prefetch_cache_hits,3.0,count
GPU[1].L2Cache[7],prefetch_mshr_hits,0.0,count
GPU[1].L2Cache[7],prefetch_misses,71.0,count
GPU[1].L2Cache[7],mshr_hits,0.0,count
GPU[1].L2Cache[7],mshr_misses,327.0,count
GPU[1].L2Cache[8],prefetch_requests,102.0,count
GPU[1].L2Cache[8],prefetch_hits,0.0,count
GPU[1].L2Cache[8],cache_pollution,0.0,count
GPU[1].L2Cache[8],demand_read_hits,61.0,count
GPU[1].L2Cache[8],demand_read_misses,256.0,count
GPU[1].L2Cache[8],demand_read_mshr_hits,0.0,count
GPU[1].L2Cache[8],prefetch_cache_hits,20.0,count
GPU[1].L2Cache[8],prefetch_mshr_hits,0.0,count
GPU[1].L2Cache[8],prefetch_misses,82.0,count
GPU[1].L2Cache[8],mshr_hits,0.0,count
GPU[1].L2Cache[8],mshr_misses,338.0,count
GPU[1].L2Cache[9],prefetch_requests,84.0,count
GPU[1].L2Cache[9],prefetch_hits,0.0,count
GPU[1].L2Cache[9],cache_pollution,0.0,count
GPU[1].L2Cache[9],demand_read_hits,33.0,count
GPU[1].L2Cache[9],demand_read_misses,256.0,count
GPU[1].L2Cache[9],demand_read_mshr_hits,0.0,count
GPU[1].L2Cache[9],prefetch_cache_hits,0.0,count
GPU[1].L2Cache[9],prefetch_mshr_hits,0.0,count
GPU[1].L2Cache[9],prefetch_misses,84.0,count
GPU[1].L2Cache[9],mshr_hits,0.0,count
GPU[1].L2Cache[9],mshr_misses,340.0,count
GPU[1].L2Cache[10],prefetch_requests,90.0,count
GPU[1].L2Cache[10],prefetch_hits,0.0,count
GPU[1].L2Cache[10],cache_pollution,0.0,count
GPU[1].L2Cache[10],demand_read_hits,99.0,count
GPU[1].L2Cache[10],demand_read_misses,256.0,count
GPU[1].L2Cache[10],demand_read_mshr_hits,0.0,count
GPU[1].L2Cache[10],prefetch_cache_hits,24.0,count
GPU[1].L2Cache[10],prefetch_mshr_hits,0.0,count
GPU[1].L2Cache[10],prefetch_misses,66.0,count
GPU[1].L2Cache[10],mshr_hits,0.0,count
GPU[1].L2Cache[10],mshr_misses,322.0,count
GPU[1].L2Cache[11],prefetch_requests,64.0,count
GPU[1].L2Cache[11],prefetch_hits,0.0,count
GPU[1].L2Cache[11],cache_pollution,0.0,count
GPU[1].L2Cache[11],demand_read_hits,52.0,count
GPU[1].L2Cache[11],demand_read_misses,256.0,count
GPU[1].L2Cache[11],demand_read_mshr_hits,0.0,count
GPU[1].L2Cache[11],prefetch_cache_hits,0.0,count
GPU[1].L2Cache[11],prefetch_mshr_hits,0.0,count
GPU[1].L2Cache[11],prefetch_misses,64.0,count
GPU[1].L2Cache[11],mshr_hits,0.0,count
GPU[1].L2Cache[11],mshr_misses,320.0,count
GPU[1].L2Cache[12],prefetch_requests,71.0,count
GPU[1].L2Cache[12],prefetch_hits,0.0,count
GPU[1].L2Cache[12],cache_pollution,0.0,count
GPU[1].L2Cache[12],demand_read_hits,81.0,count
GPU[1].L2Cache[12],demand_read_misses,256.0,count
GPU[1].L2Cache[12],demand_read_mshr_hits,0.0,count
GPU[1].L2Cache[12],prefetch_cache_hits,12.0,count
GPU[1].L2Cache[12],prefetch_mshr_hits,0.0,count
GPU[1].L2Cache[12],prefetch_misses,59.0,count
GPU[1].L2Cache[12],mshr_hits,0.0,count
GPU[1].L2Cache[12],mshr_misses,315.0,count
GPU[1].L2Cache[13],prefetch_requests,57.0,count
GPU[1].L2Cache[13],prefetch_hits,0.0,count
GPU[1].L2Cache[13],cache_pollution,0.0,count
GPU[1].L2Cache[13],demand_read_hits,77.0,count
GPU[1].L2Cache[13],demand_read_misses,256.0,count
GPU[1].L2Cache[13],demand_read_mshr_hits,0.0,count
GPU[1].L2Cache[13],prefetch_cache_hits,0.0,count
GPU[1].L2Cache[13],prefetch_mshr_hits,0.0,count
GPU[1].L2Cache[13],prefetch_misses,57.0,count
GPU[1].L2Cache[13],mshr_hits,0.0,count
GPU[1].L2Cache[13],mshr_misses,313.0,count
GPU[1].L2Cache[14],prefetch_requests,47.0,count
GPU[1].L2Cache[14],prefetch_hits,0.0,count
GPU[1].L2Cache[14],cache_pollution,0.0,count
GPU[1].L2Cache[14],demand_read_hits,59.0,count
GPU[1].L2Cache[14],demand_read_misses,256.0,count
GPU[1].L2Cache[14],demand_read_mshr_hits,0.0,count
GPU[1].L2Cache[14],prefetch_cache_hits,0.0,count
GPU[1].L2Cache[14],prefetch_mshr_hits,1.0,count
GPU[1].L2Cache[14],prefetch_misses,46.0,count
GPU[1].L2Cache[14],mshr_hits,0.0,count
GPU[1].L2Cache[14],mshr_misses,302.0,count
GPU[1].L2Cache[15],prefetch_requests,84.0,count
GPU[1].L2Cache[15],prefetch_hits,0.0,count
GPU[1].L2Cache[15],cache_pollution,0.0,count
GPU[1].L2Cache[15],demand_read_hits,260.0,count
GPU[1].L2Cache[15],demand_read_misses,256.0,count
GPU[1].L2Cache[15],demand_read_mshr_hits,0.0,count
GPU[1].L2Cache[15],prefetch_cache_hits,23.0,count
GPU[1].L2Cache[15],prefetch_mshr_hits,0.0,count
GPU[1].L2Cache[15],prefetch_misses,61.0,count
GPU[1].L2Cache[15],mshr_hits,0.0,count
GPU[1].L2Cache[15],mshr_misses,317.0,count
GPU[1].L2TLB,hit,210.0,count
GPU[1].L2TLB,miss,133.0,count
GPU[1].L2TLB,mshr-hit,297.0,count
GPU[1].SA[0].L1VTLB[0],hit,1260.0,count
GPU[1].SA[0].L1VTLB[0],miss,12.0,count
GPU[1].SA[0].L1VTLB[0],mshr-hit,56.0,count
GPU[1].SA[0].L1VTLB[1],hit,1276.0,count
GPU[1].SA[0].L1VTLB[1],miss,8.0,count
GPU[1].SA[0].L1VTLB[1],mshr-hit,44.0,count
GPU[1].SA[0].L1VTLB[2],hit,1248.0,count
GPU[1].SA[0].L1VTLB[2],miss,8.0,count
GPU[1].SA[0].L1VTLB[2],mshr-hit,72.0,count
GPU[1].SA[0].L1VTLB[3],hit,1236.0,count
GPU[1].SA[0].L1VTLB[3],miss,8.0,count
GPU[1].SA[0].L1VTLB[3],mshr-hit,84.0,count
GPU[1].SA[0].L1STLB,hit,1036.0,count
GPU[1].SA[0].L1STLB,miss,3.0,count
GPU[1].SA[0].L1STLB,mshr-hit,241.0,count
GPU[1].SA[0].L1ITLB,hit,6.0,count
GPU[1].SA[0].L1ITLB,miss,1.0,count
GPU[1].SA[0].L1ITLB,mshr-hit,0.0,count
GPU[1].SA[1].L1VTLB[0],hit,1248.0,count
GPU[1].SA[1].L1VTLB[0],miss,12.0,count
GPU[1].SA[1].L1VTLB[0],mshr-hit,68.0,count
GPU[1].SA[1].L1VTLB[1],hit,1272.0,count
GPU[1].SA[1].L1VTLB[1],miss,8.0,count
GPU[1].SA[1].L1VTLB[1],mshr-hit,48.0,count
GPU[1].SA[1].L1VTLB[2],hit,1244.0,count
GPU[1].SA[1].L1VTLB[2],miss,8.0,count
GPU[1].SA[1].L1VTLB[2],mshr-hit,76.0,count
GPU[1].SA[1].L1VTLB[3],hit,1248.0,count
GPU[1].SA[1].L1VTLB[3],miss,8.0,count
GPU[1].SA[1].L1VTLB[3],mshr-hit,72.0,count
GPU[1].SA[1].L1STLB,hit,1036.0,count
GPU[1].SA[1].L1STLB,miss,3.0,count
GPU[1].SA[1].L1STLB,mshr-hit,241.0,count
GPU[1].SA[1].L1ITLB,hit,6.0,count
GPU[1].SA[1].L1ITLB,miss,1.0,count
GPU[1].SA[1].L1ITLB,mshr-hit,0.0,count
GPU[1].SA[2].L1VTLB[0],hit,1260.0,count
GPU[1].SA[2].L1VTLB[0],miss,12.0,count
GPU[1].SA[2].L1VTLB[0],mshr-hit,56.0,count
GPU[1].SA[2].L1VTLB[1],hit,1276.0,count
GPU[1].SA[2].L1VTLB[1],miss,8.0,count
GPU[1].SA[2].L1VTLB[1],mshr-hit,44.0,count
GPU[1].SA[2].L1VTLB[2],hit,1244.0,count
GPU[1].SA[2].L1VTLB[2],miss,8.0,count
GPU[1].SA[2].L1VTLB[2],mshr-hit,76.0,count
GPU[1].SA[2].L1VTLB[3],hit,1244.0,count
GPU[1].SA[2].L1VTLB[3],miss,8.0,count
GPU[1].SA[2].L1VTLB[3],mshr-hit,76.0,count
GPU[1].SA[2].L1STLB,hit,1036.0,count
GPU[1].SA[2].L1STLB,miss,3.0,count
GPU[1].SA[2].L1STLB,mshr-hit,241.0,count
GPU[1].SA[2].L1ITLB,hit,6.0,count
GPU[1].SA[2].L1ITLB,miss,1.0,count
GPU[1].SA[2].L1ITLB,mshr-hit,0.0,count
GPU[1].SA[3].L1VTLB[0],hit,1256.0,count
GPU[1].SA[3].L1VTLB[0],miss,12.0,count
GPU[1].SA[3].L1VTLB[0],mshr-hit,60.0,count
GPU[1].SA[3].L1VTLB[1],hit,1272.0,count
GPU[1].SA[3].L1VTLB[1],miss,8.0,count
GPU[1].SA[3].L1VTLB[1],mshr-hit,48.0,count
GPU[1].SA[3].L1VTLB[2],hit,1232.0,count
GPU[1].SA[3].L1VTLB[2],miss,8.0,count
GPU[1].SA[3].L1VTLB[2],mshr-hit,88.0,count
GPU[1].SA[3].L1VTLB[3],hit,1248.0,count
GPU[1].SA[3].L1VTLB[3],miss,8.0,count
GPU[1].SA[3].L1VTLB[3],mshr-hit,72.0,count
GPU[1].SA[3].L1STLB,hit,1036.0,count
GPU[1].SA[3].L1STLB,miss,3.0,count
GPU[1].SA[3].L1STLB,mshr-hit,241.0,count
GPU[1].SA[3].L1ITLB,hit,6.0,count
GPU[1].SA[3].L1ITLB,miss,1.0,count
GPU[1].SA[3].L1ITLB,mshr-hit,0.0,count
GPU[1].SA[4].L1VTLB[0],hit,1252.0,count
GPU[1].SA[4].L1VTLB[0],miss,12.0,count
GPU[1].SA[4].L1VTLB[0],mshr-hit,64.0,count
GPU[1].SA[4].L1VTLB[1],hit,1263.0,count
GPU[1].SA[4].L1VTLB[1],miss,8.0,count
GPU[1].SA[4].L1VTLB[1],mshr-hit,57.0,count
GPU[1].SA[4].L1VTLB[2],hit,1248.0,count
GPU[1].SA[4].L1VTLB[2],miss,8.0,count
GPU[1].SA[4].L1VTLB[2],mshr-hit,72.0,count
GPU[1].SA[4].L1VTLB[3],hit,1236.0,count
GPU[1].SA[4].L1VTLB[3],miss,8.0,count
GPU[1].SA[4].L1VTLB[3],mshr-hit,84.0,count
GPU[1].SA[4].L1STLB,hit,1036.0,count
GPU[1].SA[4].L1STLB,miss,3.0,count
GPU[1].SA[4].L1STLB,mshr-hit,241.0,count
GPU[1].SA[4].L1ITLB,hit,6.0,count
GPU[1].SA[4].L1ITLB,miss,1.0,count
GPU[1].SA[4].L1ITLB,mshr-hit,0.0,count
GPU[1].SA[5].L1VTLB[0],hit,1252.0,count
GPU[1].SA[5].L1VTLB[0],miss,12.0,count
GPU[1].SA[5].L1VTLB[0],mshr-hit,64.0,count
GPU[1].SA[5].L1VTLB[1],hit,1274.0,count
GPU[1].SA[5].L1VTLB[1],miss,8.0,count
GPU[1].SA[5].L1VTLB[1],mshr-hit,46.0,count
GPU[1].SA[5].L1VTLB[2],hit,1240.0,count
GPU[1].SA[5].L1VTLB[2],miss,8.0,count
GPU[1].SA[5].L1VTLB[2],mshr-hit,80.0,count
GPU[1].SA[5].L1VTLB[3],hit,1244.0,count
GPU[1].SA[5].L1VTLB[3],miss,8.0,count
GPU[1].SA[5].L1VTLB[3],mshr-hit,76.0,count
GPU[1].SA[5].L1STLB,hit,1036.0,count
GPU[1].SA[5].L1STLB,miss,3.0,count
GPU[1].SA[5].L1STLB,mshr-hit,241.0,count
GPU[1].SA[5].L1ITLB,hit,6.0,count
GPU[1].SA[5].L1ITLB,miss,1.0,count
GPU[1].SA[5].L1ITLB,mshr-hit,0.0,count
GPU[1].SA[6].L1VTLB[0],hit,1248.0,count
GPU[1].SA[6].L1VTLB[0],miss,12.0,count
GPU[1].SA[6].L1VTLB[0],mshr-hit,68.0,count
GPU[1].SA[6].L1VTLB[1],hit,1268.0,count
GPU[1].SA[6].L1VTLB[1],miss,8.0,count
GPU[1].SA[6].L1VTLB[1],mshr-hit,52.0,count
GPU[1].SA[6].L1VTLB[2],hit,1244.0,count
GPU[1].SA[6].L1VTLB[2],miss,8.0,count
GPU[1].SA[6].L1VTLB[2],mshr-hit,76.0,count
GPU[1].SA[6].L1VTLB[3],hit,1240.0,count
GPU[1].SA[6].L1VTLB[3],miss,8.0,count
GPU[1].SA[6].L1VTLB[3],mshr-hit,80.0,count
GPU[1].SA[6].L1STLB,hit,1036.0,count
GPU[1].SA[6].L1STLB,miss,3.0,count
GPU[1].SA[6].L1STLB,mshr-hit,241.0,count
GPU[1].SA[6].L1ITLB,hit,6.0,count
GPU[1].SA[6].L1ITLB,miss,1.0,count
GPU[1].SA[6].L1ITLB,mshr-hit,0.0,count
GPU[1].SA[7].L1VTLB[0],hit,1253.0,count
GPU[1].SA[7].L1VTLB[0],miss,12.0,count
GPU[1].SA[7].L1VTLB[0],mshr-hit,63.0,count
GPU[1].SA[7].L1VTLB[1],hit,1276.0,count
GPU[1].SA[7].L1VTLB[1],miss,8.0,count
GPU[1].SA[7].L1VTLB[1],mshr-hit,44.0,count
GPU[1].SA[7].L1VTLB[2],hit,1248.0,count
GPU[1].SA[7].L1VTLB[2],miss,8.0,count
GPU[1].SA[7].L1VTLB[2],mshr-hit,72.0,count
GPU[1].SA[7].L1VTLB[3],hit,1232.0,count
GPU[1].SA[7].L1VTLB[3],miss,8.0,count
GPU[1].SA[7].L1VTLB[3],mshr-hit,88.0,count
GPU[1].SA[7].L1STLB,hit,1036.0,count
GPU[1].SA[7].L1STLB,miss,3.0,count
GPU[1].SA[7].L1STLB,mshr-hit,241.0,count
GPU[1].SA[7].L1ITLB,hit,6.0,count
GPU[1].SA[7].L1ITLB,miss,1.0,count
GPU[1].SA[7].L1ITLB,mshr-hit,0.0,count
GPU[1].SA[8].L1VTLB[0],hit,1254.0,count
GPU[1].SA[8].L1VTLB[0],miss,12.0,count
GPU[1].SA[8].L1VTLB[0],mshr-hit,62.0,count
GPU[1].SA[8].L1VTLB[1],hit,1276.0,count
GPU[1].SA[8].L1VTLB[1],miss,8.0,count
GPU[1].SA[8].L1VTLB[1],mshr-hit,44.0,count
GPU[1].SA[8].L1VTLB[2],hit,1248.0,count
GPU[1].SA[8].L1VTLB[2],miss,8.0,count
GPU[1].SA[8].L1VTLB[2],mshr-hit,72.0,count
GPU[1].SA[8].L1VTLB[3],hit,1244.0,count
GPU[1].SA[8].L1VTLB[3],miss,8.0,count
GPU[1].SA[8].L1VTLB[3],mshr-hit,76.0,count
GPU[1].SA[8].L1STLB,hit,1036.0,count
GPU[1].SA[8].L1STLB,miss,3.0,count
GPU[1].SA[8].L1STLB,mshr-hit,241.0,count
GPU[1].SA[8].L1ITLB,hit,6.0,count
GPU[1].SA[8].L1ITLB,miss,1.0,count
GPU[1].SA[8].L1ITLB,mshr-hit,0.0,count
GPU[1].SA[9].L1VTLB[0],hit,1256.0,count
GPU[1].SA[9].L1VTLB[0],miss,12.0,count
GPU[1].SA[9].L1VTLB[0],mshr-hit,60.0,count
GPU[1].SA[9].L1VTLB[1],hit,1276.0,count
GPU[1].SA[9].L1VTLB[1],miss,8.0,count
GPU[1].SA[9].L1VTLB[1],mshr-hit,44.0,count
GPU[1].SA[9].L1VTLB[2],hit,1248.0,count
GPU[1].SA[9].L1VTLB[2],miss,8.0,count
GPU[1].SA[9].L1VTLB[2],mshr-hit,72.0,count
GPU[1].SA[9].L1VTLB[3],hit,1240.0,count
GPU[1].SA[9].L1VTLB[3],miss,8.0,count
GPU[1].SA[9].L1VTLB[3],mshr-hit,80.0,count
GPU[1].SA[9].L1STLB,hit,1036.0,count
GPU[1].SA[9].L1STLB,miss,3.0,count
GPU[1].SA[9].L1STLB,mshr-hit,241.0,count
GPU[1].SA[9].L1ITLB,hit,6.0,count
GPU[1].SA[9].L1ITLB,miss,1.0,count
GPU[1].SA[9].L1ITLB,mshr-hit,0.0,count
GPU[1].SA[10].L1VTLB[0],hit,1255.0,count
GPU[1].SA[10].L1VTLB[0],miss,12.0,count
GPU[1].SA[10].L1VTLB[0],mshr-hit,61.0,count
GPU[1].SA[10].L1VTLB[1],hit,1276.0,count
GPU[1].SA[10].L1VTLB[1],miss,8.0,count
GPU[1].SA[10].L1VTLB[1],mshr-hit,44.0,count
GPU[1].SA[10].L1VTLB[2],hit,1236.0,count
GPU[1].SA[10].L1VTLB[2],miss,8.0,count
GPU[1].SA[10].L1VTLB[2],mshr-hit,84.0,count
GPU[1].SA[10].L1VTLB[3],hit,1248.0,count
GPU[1].SA[10].L1VTLB[3],miss,8.0,count
GPU[1].SA[10].L1VTLB[3],mshr-hit,72.0,count
GPU[1].SA[10].L1STLB,hit,1036.0,count
GPU[1].SA[10].L1STLB,miss,3.0,count
GPU[1].SA[10].L1STLB,mshr-hit,241.0,count
GPU[1].SA[10].L1ITLB,hit,6.0,count
GPU[1].SA[10].L1ITLB,miss,1.0,count
GPU[1].SA[10].L1ITLB,mshr-hit,0.0,count
GPU[1].SA[11].L1VTLB[0],hit,1259.0,count
GPU[1].SA[11].L1VTLB[0],miss,12.0,count
GPU[1].SA[11].L1VTLB[0],mshr-hit,57.0,count
GPU[1].SA[11].L1VTLB[1],hit,1250.0,count
GPU[1].SA[11].L1VTLB[1],miss,8.0,count
GPU[1].SA[11].L1VTLB[1],mshr-hit,70.0,count
GPU[1].SA[11].L1VTLB[2],hit,1246.0,count
GPU[1].SA[11].L1VTLB[2],miss,8.0,count
GPU[1].SA[11].L1VTLB[2],mshr-hit,74.0,count
GPU[1].SA[11].L1VTLB[3],hit,1248.0,count
GPU[1].SA[11].L1VTLB[3],miss,8.0,count
GPU[1].SA[11].L1VTLB[3],mshr-hit,72.0,count
GPU[1].SA[11].L1STLB,hit,1036.0,count
GPU[1].SA[11].L1STLB,miss,3.0,count
GPU[1].SA[11].L1STLB,mshr-hit,241.0,count
GPU[1].SA[11].L1ITLB,hit,6.0,count
GPU[1].SA[11].L1ITLB,miss,1.0,count
GPU[1].SA[11].L1ITLB,mshr-hit,0.0,count
GPU[1].SA[12].L1VTLB[0],hit,1260.0,count
GPU[1].SA[12].L1VTLB[0],miss,12.0,count
GPU[1].SA[12].L1VTLB[0],mshr-hit,56.0,count
GPU[1].SA[12].L1VTLB[1],hit,1276.0,count
GPU[1].SA[12].L1VTLB[1],miss,8.0,count
GPU[1].SA[12].L1VTLB[1],mshr-hit,44.0,count
GPU[1].SA[12].L1VTLB[2],hit,1240.0,count
GPU[1].SA[12].L1VTLB[2],miss,8.0,count
GPU[1].SA[12].L1VTLB[2],mshr-hit,80.0,count
GPU[1].SA[12].L1VTLB[3],hit,1246.0,count
GPU[1].SA[12].L1VTLB[3],miss,8.0,count
GPU[1].SA[12].L1VTLB[3],mshr-hit,74.0,count
GPU[1].SA[12].L1STLB,hit,1036.0,count
GPU[1].SA[12].L1STLB,miss,3.0,count
GPU[1].SA[12].L1STLB,mshr-hit,241.0,count
GPU[1].SA[12].L1ITLB,hit,6.0,count
GPU[1].SA[12].L1ITLB,miss,1.0,count
GPU[1].SA[12].L1ITLB,mshr-hit,0.0,count
GPU[1].SA[13].L1VTLB[0],hit,1257.0,count
GPU[1].SA[13].L1VTLB[0],miss,12.0,count
GPU[1].SA[13].L1VTLB[0],mshr-hit,59.0,count
GPU[1].SA[13].L1VTLB[1],hit,1272.0,count
GPU[1].SA[13].L1VTLB[1],miss,8.0,count
GPU[1].SA[13].L1VTLB[1],mshr-hit,48.0,count
GPU[1].SA[13].L1VTLB[2],hit,1240.0,count
GPU[1].SA[13].L1VTLB[2],miss,8.0,count
GPU[1].SA[13].L1VTLB[2],mshr-hit,80.0,count
GPU[1].SA[13].L1VTLB[3],hit,1232.0,count
GPU[1].SA[13].L1VTLB[3],miss,8.0,count
GPU[1].SA[13].L1VTLB[3],mshr-hit,88.0,count
GPU[1].SA[13].L1STLB,hit,1036.0,count
GPU[1].SA[13].L1STLB,miss,3.0,count
GPU[1].SA[13].L1STLB,mshr-hit,241.0,count
GPU[1].SA[13].L1ITLB,hit,6.0,count
GPU[1].SA[13].L1ITLB,miss,1.0,count
GPU[1].SA[13].L1ITLB,mshr-hit,0.0,count
GPU[1].SA[14].L1VTLB[0],hit,1256.0,count
GPU[1].SA[14].L1VTLB[0],miss,12.0,count
GPU[1].SA[14].L1VTLB[0],mshr-hit,60.0,count
GPU[1].SA[14].L1VTLB[1],hit,1276.0,count
GPU[1].SA[14].L1VTLB[1],miss,8.0,count
GPU[1].SA[14].L1VTLB[1],mshr-hit,44.0,count
GPU[1].SA[14].L1VTLB[2],hit,1240.0,count
GPU[1].SA[14].L1VTLB[2],miss,8.0,count
GPU[1].SA[14].L1VTLB[2],mshr-hit,80.0,count
GPU[1].SA[14].L1VTLB[3],hit,1247.0,count
GPU[1].SA[14].L1VTLB[3],miss,8.0,count
GPU[1].SA[14].L1VTLB[3],mshr-hit,73.0,count
GPU[1].SA[14].L1STLB,hit,1036.0,count
GPU[1].SA[14].L1STLB,miss,3.0,count
GPU[1].SA[14].L1STLB,mshr-hit,241.0,count
GPU[1].SA[14].L1ITLB,hit,6.0,count
GPU[1].SA[14].L1ITLB,miss,1.0,count
GPU[1].SA[14].L1ITLB,mshr-hit,0.0,count
GPU[1].SA[15].L1VTLB[0],hit,1260.0,count
GPU[1].SA[15].L1VTLB[0],miss,12.0,count
GPU[1].SA[15].L1VTLB[0],mshr-hit,56.0,count
GPU[1].SA[15].L1VTLB[1],hit,1272.0,count
GPU[1].SA[15].L1VTLB[1],miss,8.0,count
GPU[1].SA[15].L1VTLB[1],mshr-hit,48.0,count
GPU[1].SA[15].L1VTLB[2],hit,1244.0,count
GPU[1].SA[15].L1VTLB[2],miss,8.0,count
GPU[1].SA[15].L1VTLB[2],mshr-hit,76.0,count
GPU[1].SA[15].L1VTLB[3],hit,1248.0,count
GPU[1].SA[15].L1VTLB[3],miss,8.0,count
GPU[1].SA[15].L1VTLB[3],mshr-hit,72.0,count
GPU[1].SA[15].L1STLB,hit,1036.0,count
GPU[1].SA[15].L1STLB,miss,3.0,count
GPU[1].SA[15].L1STLB,mshr-hit,241.0,count
GPU[1].SA[15].L1ITLB,hit,6.0,count
GPU[1].SA[15].L1ITLB,miss,1.0,count
GPU[1].SA[15].L1ITLB,mshr-hit,0.0,count
GPU[1].RDMA,outgoing_trans_count,0.0,count
GPU[1].RDMA,incoming_trans_count,0.0,count
GPU[1].DRAM[0],read_trans_count,315.0,count
GPU[1].DRAM[0],write_trans_count,261.0,count
GPU[1].DRAM[0],read_avg_latency,9.90000000000002e-08,second
GPU[1].DRAM[0],write_avg_latency,9.90000000000002e-08,second
GPU[1].DRAM[0],read_size,20160.0,bytes
GPU[1].DRAM[0],write_size,16704.0,bytes
GPU[1].DRAM[1],read_trans_count,310.0,count
GPU[1].DRAM[1],write_trans_count,258.0,count
GPU[1].DRAM[1],read_avg_latency,9.90000000000002e-08,second
GPU[1].DRAM[1],write_avg_latency,9.90000000000002e-08,second
GPU[1].DRAM[1],read_size,19840.0,bytes
GPU[1].DRAM[1],write_size,16484.0,bytes
GPU[1].DRAM[2],read_trans_count,328.0,count
GPU[1].DRAM[2],write_trans_count,256.0,count
GPU[1].DRAM[2],read_avg_latency,9.90000000000002e-08,second
GPU[1].DRAM[2],write_avg_latency,9.90000000000002e-08,second
GPU[1].DRAM[2],read_size,20992.0,bytes
GPU[1].DRAM[2],write_size,16384.0,bytes
GPU[1].DRAM[3],read_trans_count,329.0,count
GPU[1].DRAM[3],write_trans_count,256.0,count
GPU[1].DRAM[3],read_avg_latency,9.90000000000002e-08,second
GPU[1].DRAM[3],write_avg_latency,9.90000000000002e-08,second
GPU[1].DRAM[3],read_size,21056.0,bytes
GPU[1].DRAM[3],write_size,16384.0,bytes
GPU[1].DRAM[4],read_trans_count,315.0,count
GPU[1].DRAM[4],write_trans_count,256.0,count
GPU[1].DRAM[4],read_avg_latency,9.90000000000002e-08,second
GPU[1].DRAM[4],write_avg_latency,9.90000000000002e-08,second
GPU[1].DRAM[4],read_size,20160.0,bytes
GPU[1].DRAM[4],write_size,16384.0,bytes
GPU[1].DRAM[5],read_trans_count,314.0,count
GPU[1].DRAM[5],write_trans_count,256.0,count
GPU[1].DRAM[5],read_avg_latency,9.90000000000002e-08,second
GPU[1].DRAM[5],write_avg_latency,9.90000000000002e-08,second
GPU[1].DRAM[5],read_size,20096.0,bytes
GPU[1].DRAM[5],write_size,16384.0,bytes
GPU[1].DRAM[6],read_trans_count,312.0,count
GPU[1].DRAM[6],write_trans_count,256.0,count
GPU[1].DRAM[6],read_avg_latency,9.90000000000002e-08,second
GPU[1].DRAM[6],write_avg_latency,9.90000000000002e-08,second
GPU[1].DRAM[6],read_size,19968.0,bytes
GPU[1].DRAM[6],write_size,16384.0,bytes
GPU[1].DRAM[7],read_trans_count,327.0,count
GPU[1].DRAM[7],write_trans_count,256.0,count
GPU[1].DRAM[7],read_avg_latency,9.90000000000002e-08,second
GPU[1].DRAM[7],write_avg_latency,9.90000000000002e-08,second
GPU[1].DRAM[7],read_size,20928.0,bytes
GPU[1].DRAM[7],write_size,16384.0,bytes
GPU[1].DRAM[8],read_trans_count,338.0,count
GPU[1].DRAM[8],write_trans_count,256.0,count
GPU[1].DRAM[8],read_avg_latency,9.90000000000002e-08,second
GPU[1].DRAM[8],write_avg_latency,9.90000000000002e-08,second
GPU[1].DRAM[8],read_size,21632.0,bytes
GPU[1].DRAM[8],write_size,16384.0,bytes
GPU[1].DRAM[9],read_trans_count,340.0,count
GPU[1].DRAM[9],write_trans_count,256.0,count
GPU[1].DRAM[9],read_avg_latency,9.90000000000002e-08,second
GPU[1].DRAM[9],write_avg_latency,9.90000000000002e-08,second
GPU[1].DRAM[9],read_size,21760.0,bytes
GPU[1].DRAM[9],write_size,16384.0,bytes
GPU[1].DRAM[10],read_trans_count,322.0,count
GPU[1].DRAM[10],write_trans_count,256.0,count
GPU[1].DRAM[10],read_avg_latency,9.90000000000002e-08,second
GPU[1].DRAM[10],write_avg_latency,9.90000000000002e-08,second
GPU[1].DRAM[10],read_size,20608.0,bytes
GPU[1].DRAM[10],write_size,16384.0,bytes
GPU[1].DRAM[11],read_trans_count,320.0,count
GPU[1].DRAM[11],write_trans_count,256.0,count
GPU[1].DRAM[11],read_avg_latency,9.90000000000002e-08,second
GPU[1].DRAM[11],write_avg_latency,9.90000000000002e-08,second
GPU[1].DRAM[11],read_size,20480.0,bytes
GPU[1].DRAM[11],write_size,16384.0,bytes
GPU[1].DRAM[12],read_trans_count,315.0,count
GPU[1].DRAM[12],write_trans_count,256.0,count
GPU[1].DRAM[12],read_avg_latency,9.90000000000002e-08,second
GPU[1].DRAM[12],write_avg_latency,9.90000000000002e-08,second
GPU[1].DRAM[12],read_size,20160.0,bytes
GPU[1].DRAM[12],write_size,16384.0,bytes
GPU[1].DRAM[13],read_trans_count,313.0,count
GPU[1].DRAM[13],write_trans_count,256.0,count
GPU[1].DRAM[13],read_avg_latency,9.90000000000002e-08,second
GPU[1].DRAM[13],write_avg_latency,9.90000000000002e-08,second
GPU[1].DRAM[13],read_size,20032.0,bytes
GPU[1].DRAM[13],write_size,16384.0,bytes
GPU[1].DRAM[14],read_trans_count,302.0,count
GPU[1].DRAM[14],write_trans_count,256.0,count
GPU[1].DRAM[14],read_avg_latency,9.90000000000002e-08,second
GPU[1].DRAM[14],write_avg_latency,9.90000000000002e-08,second
GPU[1].DRAM[14],read_size,19328.0,bytes
GPU[1].DRAM[14],write_size,16384.0,bytes
GPU[1].DRAM[15],read_trans_count,317.0,count
GPU[1].DRAM[15],write_trans_count,256.0,count
GPU[1].DRAM[15],read_avg_latency,9.90000000000002e-08,second
GPU[1].DRAM[15],write_avg_latency,9.90000000000002e-08,second
GPU[1].DRAM[15],read_size,20288.0,bytes
GPU[1].DRAM[15],write_size,16384.0,bytes
