Location,What,Value,Unit
Driver,kernel_time,1.0882e-05,second
GPU[1].CommandProcessor,kernel_time,1.088e-05,second
GPU[1].SA[0].CU[0],cu_inst_count,6272.0,count
GPU[1].SA[0].CU[0],cu_CPI,1.73501275510204,cycles/inst
GPU[1].SA[0].CU[0],simd_inst_count,4016.0,count
GPU[1].SA[0].CU[0],simd_CPI,2.70966135458167,cycles/inst
GPU[1].SA[0].CU[1],cu_inst_count,6272.0,count
GPU[1].SA[0].CU[1],cu_CPI,1.73501275510204,cycles/inst
GPU[1].SA[0].CU[1],simd_inst_count,4016.0,count
GPU[1].SA[0].CU[1],simd_CPI,2.70966135458167,cycles/inst
GPU[1].SA[0].CU[2],cu_inst_count,6272.0,count
GPU[1].SA[0].CU[2],cu_CPI,1.73501275510204,cycles/inst
GPU[1].SA[0].CU[2],simd_inst_count,4016.0,count
GPU[1].SA[0].CU[2],simd_CPI,2.70966135458167,cycles/inst
GPU[1].SA[0].CU[3],cu_inst_count,6272.0,count
GPU[1].SA[0].CU[3],cu_CPI,1.73501275510204,cycles/inst
GPU[1].SA[0].CU[3],simd_inst_count,4016.0,count
GPU[1].SA[0].CU[3],simd_CPI,2.70966135458167,cycles/inst
GPU[1].SA[1].CU[0],cu_inst_count,6272.0,count
GPU[1].SA[1].CU[0],cu_CPI,1.73501275510204,cycles/inst
GPU[1].SA[1].CU[0],simd_inst_count,4016.0,count
GPU[1].SA[1].CU[0],simd_CPI,2.70966135458167,cycles/inst
GPU[1].SA[1].CU[1],cu_inst_count,6272.0,count
GPU[1].SA[1].CU[1],cu_CPI,1.73501275510204,cycles/inst
GPU[1].SA[1].CU[1],simd_inst_count,4016.0,count
GPU[1].SA[1].CU[1],simd_CPI,2.70966135458167,cycles/inst
GPU[1].SA[1].CU[2],cu_inst_count,6272.0,count
GPU[1].SA[1].CU[2],cu_CPI,1.73501275510204,cycles/inst
GPU[1].SA[1].CU[2],simd_inst_count,4016.0,count
GPU[1].SA[1].CU[2],simd_CPI,2.70966135458167,cycles/inst
GPU[1].SA[1].CU[3],cu_inst_count,6272.0,count
GPU[1].SA[1].CU[3],cu_CPI,1.73501275510204,cycles/inst
GPU[1].SA[1].CU[3],simd_inst_count,4016.0,count
GPU[1].SA[1].CU[3],simd_CPI,2.70966135458167,cycles/inst
GPU[1].SA[2].CU[0],cu_inst_count,6272.0,count
GPU[1].SA[2].CU[0],cu_CPI,1.73501275510204,cycles/inst
GPU[1].SA[2].CU[0],simd_inst_count,4016.0,count
GPU[1].SA[2].CU[0],simd_CPI,2.70966135458167,cycles/inst
GPU[1].SA[2].CU[1],cu_inst_count,6272.0,count
GPU[1].SA[2].CU[1],cu_CPI,1.73501275510204,cycles/inst
GPU[1].SA[2].CU[1],simd_inst_count,4016.0,count
GPU[1].SA[2].CU[1],simd_CPI,2.70966135458167,cycles/inst
GPU[1].SA[2].CU[2],cu_inst_count,6272.0,count
GPU[1].SA[2].CU[2],cu_CPI,1.73501275510204,cycles/inst
GPU[1].SA[2].CU[2],simd_inst_count,4016.0,count
GPU[1].SA[2].CU[2],simd_CPI,2.70966135458167,cycles/inst
GPU[1].SA[2].CU[3],cu_inst_count,6272.0,count
GPU[1].SA[2].CU[3],cu_CPI,1.73501275510204,cycles/inst
GPU[1].SA[2].CU[3],simd_inst_count,4016.0,count
GPU[1].SA[2].CU[3],simd_CPI,2.70966135458167,cycles/inst
GPU[1].SA[3].CU[0],cu_inst_count,6272.0,count
GPU[1].SA[3].CU[0],cu_CPI,1.73501275510204,cycles/inst
GPU[1].SA[3].CU[0],simd_inst_count,4016.0,count
GPU[1].SA[3].CU[0],simd_CPI,2.70966135458167,cycles/inst
GPU[1].SA[3].CU[1],cu_inst_count,6272.0,count
GPU[1].SA[3].CU[1],cu_CPI,1.73501275510204,cycles/inst
GPU[1].SA[3].CU[1],simd_inst_count,4016.0,count
GPU[1].SA[3].CU[1],simd_CPI,2.70966135458167,cycles/inst
GPU[1].SA[3].CU[2],cu_inst_count,6272.0,count
GPU[1].SA[3].CU[2],cu_CPI,1.73501275510204,cycles/inst
GPU[1].SA[3].CU[2],simd_inst_count,4016.0,count
GPU[1].SA[3].CU[2],simd_CPI,2.70966135458167,cycles/inst
GPU[1].SA[3].CU[3],cu_inst_count,6272.0,count
GPU[1].SA[3].CU[3],cu_CPI,1.73501275510204,cycles/inst
GPU[1].SA[3].CU[3],simd_inst_count,4016.0,count
GPU[1].SA[3].CU[3],simd_CPI,2.70966135458167,cycles/inst
GPU[1].SA[4].CU[0],cu_inst_count,6272.0,count
GPU[1].SA[4].CU[0],cu_CPI,1.73501275510204,cycles/inst
GPU[1].SA[4].CU[0],simd_inst_count,4016.0,count
GPU[1].SA[4].CU[0],simd_CPI,2.70966135458167,cycles/inst
GPU[1].SA[4].CU[1],cu_inst_count,6272.0,count
GPU[1].SA[4].CU[1],cu_CPI,1.73501275510204,cycles/inst
GPU[1].SA[4].CU[1],simd_inst_count,4016.0,count
GPU[1].SA[4].CU[1],simd_CPI,2.70966135458167,cycles/inst
GPU[1].SA[4].CU[2],cu_inst_count,6272.0,count
GPU[1].SA[4].CU[2],cu_CPI,1.73501275510204,cycles/inst
GPU[1].SA[4].CU[2],simd_inst_count,4016.0,count
GPU[1].SA[4].CU[2],simd_CPI,2.70966135458167,cycles/inst
GPU[1].SA[4].CU[3],cu_inst_count,6272.0,count
GPU[1].SA[4].CU[3],cu_CPI,1.73501275510204,cycles/inst
GPU[1].SA[4].CU[3],simd_inst_count,4016.0,count
GPU[1].SA[4].CU[3],simd_CPI,2.70966135458167,cycles/inst
GPU[1].SA[5].CU[0],cu_inst_count,6272.0,count
GPU[1].SA[5].CU[0],cu_CPI,1.73501275510204,cycles/inst
GPU[1].SA[5].CU[0],simd_inst_count,4016.0,count
GPU[1].SA[5].CU[0],simd_CPI,2.70966135458167,cycles/inst
GPU[1].SA[5].CU[1],cu_inst_count,6272.0,count
GPU[1].SA[5].CU[1],cu_CPI,1.73501275510204,cycles/inst
GPU[1].SA[5].CU[1],simd_inst_count,4016.0,count
GPU[1].SA[5].CU[1],simd_CPI,2.70966135458167,cycles/inst
GPU[1].SA[5].CU[2],cu_inst_count,6272.0,count
GPU[1].SA[5].CU[2],cu_CPI,1.73501275510204,cycles/inst
GPU[1].SA[5].CU[2],simd_inst_count,4016.0,count
GPU[1].SA[5].CU[2],simd_CPI,2.70966135458167,cycles/inst
GPU[1].SA[5].CU[3],cu_inst_count,6272.0,count
GPU[1].SA[5].CU[3],cu_CPI,1.73501275510204,cycles/inst
GPU[1].SA[5].CU[3],simd_inst_count,4016.0,count
GPU[1].SA[5].CU[3],simd_CPI,2.70966135458167,cycles/inst
GPU[1].SA[6].CU[0],cu_inst_count,6272.0,count
GPU[1].SA[6].CU[0],cu_CPI,1.73501275510204,cycles/inst
GPU[1].SA[6].CU[0],simd_inst_count,4016.0,count
GPU[1].SA[6].CU[0],simd_CPI,2.70966135458167,cycles/inst
GPU[1].SA[6].CU[1],cu_inst_count,6272.0,count
GPU[1].SA[6].CU[1],cu_CPI,1.73501275510204,cycles/inst
GPU[1].SA[6].CU[1],simd_inst_count,4016.0,count
GPU[1].SA[6].CU[1],simd_CPI,2.70966135458167,cycles/inst
GPU[1].SA[6].CU[2],cu_inst_count,6272.0,count
GPU[1].SA[6].CU[2],cu_CPI,1.73501275510204,cycles/inst
GPU[1].SA[6].CU[2],simd_inst_count,4016.0,count
GPU[1].SA[6].CU[2],simd_CPI,2.70966135458167,cycles/inst
GPU[1].SA[6].CU[3],cu_inst_count,6272.0,count
GPU[1].SA[6].CU[3],cu_CPI,1.73501275510204,cycles/inst
GPU[1].SA[6].CU[3],simd_inst_count,4016.0,count
GPU[1].SA[6].CU[3],simd_CPI,2.70966135458167,cycles/inst
GPU[1].SA[7].CU[0],cu_inst_count,6272.0,count
GPU[1].SA[7].CU[0],cu_CPI,1.73501275510204,cycles/inst
GPU[1].SA[7].CU[0],simd_inst_count,4016.0,count
GPU[1].SA[7].CU[0],simd_CPI,2.70966135458167,cycles/inst
GPU[1].SA[7].CU[1],cu_inst_count,6272.0,count
GPU[1].SA[7].CU[1],cu_CPI,1.73501275510204,cycles/inst
GPU[1].SA[7].CU[1],simd_inst_count,4016.0,count
GPU[1].SA[7].CU[1],simd_CPI,2.70966135458167,cycles/inst
GPU[1].SA[7].CU[2],cu_inst_count,6272.0,count
GPU[1].SA[7].CU[2],cu_CPI,1.73501275510204,cycles/inst
GPU[1].SA[7].CU[2],simd_inst_count,4016.0,count
GPU[1].SA[7].CU[2],simd_CPI,2.70966135458167,cycles/inst
GPU[1].SA[7].CU[3],cu_inst_count,6272.0,count
GPU[1].SA[7].CU[3],cu_CPI,1.73501275510204,cycles/inst
GPU[1].SA[7].CU[3],simd_inst_count,4016.0,count
GPU[1].SA[7].CU[3],simd_CPI,2.70966135458167,cycles/inst
GPU[1].SA[8].CU[0],cu_inst_count,6272.0,count
GPU[1].SA[8].CU[0],cu_CPI,1.73501275510204,cycles/inst
GPU[1].SA[8].CU[0],simd_inst_count,4016.0,count
GPU[1].SA[8].CU[0],simd_CPI,2.70966135458167,cycles/inst
GPU[1].SA[8].CU[1],cu_inst_count,6272.0,count
GPU[1].SA[8].CU[1],cu_CPI,1.73501275510204,cycles/inst
GPU[1].SA[8].CU[1],simd_inst_count,4016.0,count
GPU[1].SA[8].CU[1],simd_CPI,2.70966135458167,cycles/inst
GPU[1].SA[8].CU[2],cu_inst_count,6272.0,count
GPU[1].SA[8].CU[2],cu_CPI,1.73501275510204,cycles/inst
GPU[1].SA[8].CU[2],simd_inst_count,4016.0,count
GPU[1].SA[8].CU[2],simd_CPI,2.70966135458167,cycles/inst
GPU[1].SA[8].CU[3],cu_inst_count,6272.0,count
GPU[1].SA[8].CU[3],cu_CPI,1.73501275510204,cycles/inst
GPU[1].SA[8].CU[3],simd_inst_count,4016.0,count
GPU[1].SA[8].CU[3],simd_CPI,2.70966135458167,cycles/inst
GPU[1].SA[9].CU[0],cu_inst_count,6272.0,count
GPU[1].SA[9].CU[0],cu_CPI,1.73501275510204,cycles/inst
GPU[1].SA[9].CU[0],simd_inst_count,4016.0,count
GPU[1].SA[9].CU[0],simd_CPI,2.70966135458167,cycles/inst
GPU[1].SA[9].CU[1],cu_inst_count,6272.0,count
GPU[1].SA[9].CU[1],cu_CPI,1.73501275510204,cycles/inst
GPU[1].SA[9].CU[1],simd_inst_count,4016.0,count
GPU[1].SA[9].CU[1],simd_CPI,2.70966135458167,cycles/inst
GPU[1].SA[9].CU[2],cu_inst_count,6272.0,count
GPU[1].SA[9].CU[2],cu_CPI,1.73501275510204,cycles/inst
GPU[1].SA[9].CU[2],simd_inst_count,4016.0,count
GPU[1].SA[9].CU[2],simd_CPI,2.70966135458167,cycles/inst
GPU[1].SA[9].CU[3],cu_inst_count,6272.0,count
GPU[1].SA[9].CU[3],cu_CPI,1.73501275510204,cycles/inst
GPU[1].SA[9].CU[3],simd_inst_count,4016.0,count
GPU[1].SA[9].CU[3],simd_CPI,2.70966135458167,cycles/inst
GPU[1].SA[10].CU[0],cu_inst_count,6272.0,count
GPU[1].SA[10].CU[0],cu_CPI,1.73501275510204,cycles/inst
GPU[1].SA[10].CU[0],simd_inst_count,4016.0,count
GPU[1].SA[10].CU[0],simd_CPI,2.70966135458167,cycles/inst
GPU[1].SA[10].CU[1],cu_inst_count,6272.0,count
GPU[1].SA[10].CU[1],cu_CPI,1.73501275510204,cycles/inst
GPU[1].SA[10].CU[1],simd_inst_count,4016.0,count
GPU[1].SA[10].CU[1],simd_CPI,2.70966135458167,cycles/inst
GPU[1].SA[10].CU[2],cu_inst_count,6272.0,count
GPU[1].SA[10].CU[2],cu_CPI,1.73501275510204,cycles/inst
GPU[1].SA[10].CU[2],simd_inst_count,4016.0,count
GPU[1].SA[10].CU[2],simd_CPI,2.70966135458167,cycles/inst
GPU[1].SA[10].CU[3],cu_inst_count,6272.0,count
GPU[1].SA[10].CU[3],cu_CPI,1.73501275510204,cycles/inst
GPU[1].SA[10].CU[3],simd_inst_count,4016.0,count
GPU[1].SA[10].CU[3],simd_CPI,2.70966135458167,cycles/inst
GPU[1].SA[11].CU[0],cu_inst_count,6272.0,count
GPU[1].SA[11].CU[0],cu_CPI,1.73501275510204,cycles/inst
GPU[1].SA[11].CU[0],simd_inst_count,4016.0,count
GPU[1].SA[11].CU[0],simd_CPI,2.70966135458167,cycles/inst
GPU[1].SA[11].CU[1],cu_inst_count,6272.0,count
GPU[1].SA[11].CU[1],cu_CPI,1.73501275510204,cycles/inst
GPU[1].SA[11].CU[1],simd_inst_count,4016.0,count
GPU[1].SA[11].CU[1],simd_CPI,2.70966135458167,cycles/inst
GPU[1].SA[11].CU[2],cu_inst_count,6272.0,count
GPU[1].SA[11].CU[2],cu_CPI,1.73501275510204,cycles/inst
GPU[1].SA[11].CU[2],simd_inst_count,4016.0,count
GPU[1].SA[11].CU[2],simd_CPI,2.70966135458167,cycles/inst
GPU[1].SA[11].CU[3],cu_inst_count,6272.0,count
GPU[1].SA[11].CU[3],cu_CPI,1.73501275510204,cycles/inst
GPU[1].SA[11].CU[3],simd_inst_count,4016.0,count
GPU[1].SA[11].CU[3],simd_CPI,2.70966135458167,cycles/inst
GPU[1].SA[12].CU[0],cu_inst_count,6272.0,count
GPU[1].SA[12].CU[0],cu_CPI,1.73501275510204,cycles/inst
GPU[1].SA[12].CU[0],simd_inst_count,4016.0,count
GPU[1].SA[12].CU[0],simd_CPI,2.70966135458167,cycles/inst
GPU[1].SA[12].CU[1],cu_inst_count,6272.0,count
GPU[1].SA[12].CU[1],cu_CPI,1.73501275510204,cycles/inst
GPU[1].SA[12].CU[1],simd_inst_count,4016.0,count
GPU[1].SA[12].CU[1],simd_CPI,2.70966135458167,cycles/inst
GPU[1].SA[12].CU[2],cu_inst_count,6272.0,count
GPU[1].SA[12].CU[2],cu_CPI,1.73501275510204,cycles/inst
GPU[1].SA[12].CU[2],simd_inst_count,4016.0,count
GPU[1].SA[12].CU[2],simd_CPI,2.70966135458167,cycles/inst
GPU[1].SA[12].CU[3],cu_inst_count,6272.0,count
GPU[1].SA[12].CU[3],cu_CPI,1.73501275510204,cycles/inst
GPU[1].SA[12].CU[3],simd_inst_count,4016.0,count
GPU[1].SA[12].CU[3],simd_CPI,2.70966135458167,cycles/inst
GPU[1].SA[13].CU[0],cu_inst_count,6272.0,count
GPU[1].SA[13].CU[0],cu_CPI,1.73501275510204,cycles/inst
GPU[1].SA[13].CU[0],simd_inst_count,4016.0,count
GPU[1].SA[13].CU[0],simd_CPI,2.70966135458167,cycles/inst
GPU[1].SA[13].CU[1],cu_inst_count,6272.0,count
GPU[1].SA[13].CU[1],cu_CPI,1.73501275510204,cycles/inst
GPU[1].SA[13].CU[1],simd_inst_count,4016.0,count
GPU[1].SA[13].CU[1],simd_CPI,2.70966135458167,cycles/inst
GPU[1].SA[13].CU[2],cu_inst_count,6272.0,count
GPU[1].SA[13].CU[2],cu_CPI,1.73501275510204,cycles/inst
GPU[1].SA[13].CU[2],simd_inst_count,4016.0,count
GPU[1].SA[13].CU[2],simd_CPI,2.70966135458167,cycles/inst
GPU[1].SA[13].CU[3],cu_inst_count,6272.0,count
GPU[1].SA[13].CU[3],cu_CPI,1.73501275510204,cycles/inst
GPU[1].SA[13].CU[3],simd_inst_count,4016.0,count
GPU[1].SA[13].CU[3],simd_CPI,2.70966135458167,cycles/inst
GPU[1].SA[14].CU[0],cu_inst_count,6272.0,count
GPU[1].SA[14].CU[0],cu_CPI,1.73501275510204,cycles/inst
GPU[1].SA[14].CU[0],simd_inst_count,4016.0,count
GPU[1].SA[14].CU[0],simd_CPI,2.70966135458167,cycles/inst
GPU[1].SA[14].CU[1],cu_inst_count,6272.0,count
GPU[1].SA[14].CU[1],cu_CPI,1.73501275510204,cycles/inst
GPU[1].SA[14].CU[1],simd_inst_count,4016.0,count
GPU[1].SA[14].CU[1],simd_CPI,2.70966135458167,cycles/inst
GPU[1].SA[14].CU[2],cu_inst_count,6272.0,count
GPU[1].SA[14].CU[2],cu_CPI,1.73501275510204,cycles/inst
GPU[1].SA[14].CU[2],simd_inst_count,4016.0,count
GPU[1].SA[14].CU[2],simd_CPI,2.70966135458167,cycles/inst
GPU[1].SA[14].CU[3],cu_inst_count,6272.0,count
GPU[1].SA[14].CU[3],cu_CPI,1.73501275510204,cycles/inst
GPU[1].SA[14].CU[3],simd_inst_count,4016.0,count
GPU[1].SA[14].CU[3],simd_CPI,2.70966135458167,cycles/inst
GPU[1].SA[15].CU[0],cu_inst_count,6272.0,count
GPU[1].SA[15].CU[0],cu_CPI,1.73501275510204,cycles/inst
GPU[1].SA[15].CU[0],simd_inst_count,4016.0,count
GPU[1].SA[15].CU[0],simd_CPI,2.70966135458167,cycles/inst
GPU[1].SA[15].CU[1],cu_inst_count,6272.0,count
GPU[1].SA[15].CU[1],cu_CPI,1.73501275510204,cycles/inst
GPU[1].SA[15].CU[1],simd_inst_count,4016.0,count
GPU[1].SA[15].CU[1],simd_CPI,2.70966135458167,cycles/inst
GPU[1].SA[15].CU[2],cu_inst_count,6272.0,count
GPU[1].SA[15].CU[2],cu_CPI,1.73501275510204,cycles/inst
GPU[1].SA[15].CU[2],simd_inst_count,4016.0,count
GPU[1].SA[15].CU[2],simd_CPI,2.70966135458167,cycles/inst
GPU[1].SA[15].CU[3],cu_inst_count,6272.0,count
GPU[1].SA[15].CU[3],cu_CPI,1.73501275510204,cycles/inst
GPU[1].SA[15].CU[3],simd_inst_count,4016.0,count
GPU[1].SA[15].CU[3],simd_CPI,2.70966135458167,cycles/inst
GPU[1].SA[0].CU[0],CPIStack.Branch,0.00334821428571433,cycles/inst
GPU[1].SA[0].CU[0],CPIStack.Fetch,0.0550063775510202,cycles/inst
GPU[1].SA[0].CU[0],CPIStack.Idle,0.000318877551020567,cycles/inst
GPU[1].SA[0].CU[0],CPIStack.ScalarInst,0.0180165816326529,cycles/inst
GPU[1].SA[0].CU[0],CPIStack.ScalarMem,0.0620216836734698,cycles/inst
GPU[1].SA[0].CU[0],CPIStack.ScalarMemInst,0.000956632653061296,cycles/inst
GPU[1].SA[0].CU[0],CPIStack.Special,0.000159438775510013,cycles/inst
GPU[1].SA[0].CU[0],CPIStack.VALU,0.954081632653061,cycles/inst
GPU[1].SA[0].CU[0],CPIStack.VMem,0.0352359693877548,cycles/inst
GPU[1].SA[0].CU[0],CPIStack.VMemInst,0.00621811224489836,cycles/inst
GPU[1].SA[0].CU[0],CPIStack.total,1.73453443877551,cycles/inst
GPU[1].SA[0].CU[0],SIMDCPIStack.Branch,0.00522908366533872,cycles/inst
GPU[1].SA[0].CU[0],SIMDCPIStack.Fetch,0.0859063745019916,cycles/inst
GPU[1].SA[0].CU[0],SIMDCPIStack.Idle,0.000498007968127738,cycles/inst
GPU[1].SA[0].CU[0],SIMDCPIStack.ScalarInst,0.0281374501992029,cycles/inst
GPU[1].SA[0].CU[0],SIMDCPIStack.ScalarMem,0.0968625498007974,cycles/inst
GPU[1].SA[0].CU[0],SIMDCPIStack.ScalarMemInst,0.00149402390438258,cycles/inst
GPU[1].SA[0].CU[0],SIMDCPIStack.Special,0.000249003984063447,cycles/inst
GPU[1].SA[0].CU[0],SIMDCPIStack.VALU,1.49003984063745,cycles/inst
GPU[1].SA[0].CU[0],SIMDCPIStack.VMem,0.0550298804780872,cycles/inst
GPU[1].SA[0].CU[0],SIMDCPIStack.VMemInst,0.00971115537848668,cycles/inst
GPU[1].SA[0].CU[0],SIMDCPIStack.total,2.70891434262948,cycles/inst
GPU[1].SA[0].CU[1],CPIStack.Branch,0.00191326530612232,cycles/inst
GPU[1].SA[0].CU[1],CPIStack.Fetch,0.0553252551020407,cycles/inst
GPU[1].SA[0].CU[1],CPIStack.Idle,0.000318877551020567,cycles/inst
GPU[1].SA[0].CU[1],CPIStack.ScalarInst,0.0132334183673465,cycles/inst
GPU[1].SA[0].CU[1],CPIStack.ScalarMem,0.0617028061224494,cycles/inst
GPU[1].SA[0].CU[1],CPIStack.ScalarMemInst,0.000956632653061566,cycles/inst
GPU[1].SA[0].CU[1],CPIStack.Special,0.000159438775510284,cycles/inst
GPU[1].SA[0].CU[1],CPIStack.VALU,0.899394132653061,cycles/inst
GPU[1].SA[0].CU[1],CPIStack.VMem,0.043207908163265,cycles/inst
GPU[1].SA[0].CU[1],CPIStack.VMemInst,0.00446428571428551,cycles/inst
GPU[1].SA[0].CU[1],CPIStack.total,1.73453443877551,cycles/inst
GPU[1].SA[0].CU[1],SIMDCPIStack.Branch,0.00298804780876474,cycles/inst
GPU[1].SA[0].CU[1],SIMDCPIStack.Fetch,0.0864043824701194,cycles/inst
GPU[1].SA[0].CU[1],SIMDCPIStack.Idle,0.000498007968127738,cycles/inst
GPU[1].SA[0].CU[1],SIMDCPIStack.ScalarInst,0.0206673306772902,cycles/inst
GPU[1].SA[0].CU[1],SIMDCPIStack.ScalarMem,0.0963645418326699,cycles/inst
GPU[1].SA[0].CU[1],SIMDCPIStack.ScalarMemInst,0.001494023904383,cycles/inst
GPU[1].SA[0].CU[1],SIMDCPIStack.Special,0.000249003984063869,cycles/inst
GPU[1].SA[0].CU[1],SIMDCPIStack.VALU,1.40463147410359,cycles/inst
GPU[1].SA[0].CU[1],SIMDCPIStack.VMem,0.0674800796812744,cycles/inst
GPU[1].SA[0].CU[1],SIMDCPIStack.VMemInst,0.00697211155378454,cycles/inst
GPU[1].SA[0].CU[1],SIMDCPIStack.total,2.70891434262948,cycles/inst
GPU[1].SA[0].CU[2],CPIStack.Branch,0.00271045918367374,cycles/inst
GPU[1].SA[0].CU[2],CPIStack.Fetch,0.0573979591836733,cycles/inst
GPU[1].SA[0].CU[2],CPIStack.Idle,0.000318877551020297,cycles/inst
GPU[1].SA[0].CU[2],CPIStack.ScalarInst,0.0192920918367349,cycles/inst
GPU[1].SA[0].CU[2],CPIStack.ScalarMem,0.0749362244897956,cycles/inst
GPU[1].SA[0].CU[2],CPIStack.ScalarMemInst,0.000478316326530716,cycles/inst
GPU[1].SA[0].CU[2],CPIStack.Special,0.000159438775510284,cycles/inst
GPU[1].SA[0].CU[2],CPIStack.VALU,0.852678571428571,cycles/inst
GPU[1].SA[0].CU[2],CPIStack.VMem,0.0448022959183675,cycles/inst
GPU[1].SA[0].CU[2],CPIStack.VMemInst,0.00318877551020405,cycles/inst
GPU[1].SA[0].CU[2],CPIStack.total,1.73453443877551,cycles/inst
GPU[1].SA[0].CU[2],SIMDCPIStack.Branch,0.00423306772908409,cycles/inst
GPU[1].SA[0].CU[2],SIMDCPIStack.Fetch,0.089641434262948,cycles/inst
GPU[1].SA[0].CU[2],SIMDCPIStack.Idle,0.000498007968127317,cycles/inst
GPU[1].SA[0].CU[2],SIMDCPIStack.ScalarInst,0.0301294820717134,cycles/inst
GPU[1].SA[0].CU[2],SIMDCPIStack.ScalarMem,0.11703187250996,cycles/inst
GPU[1].SA[0].CU[2],SIMDCPIStack.ScalarMemInst,0.000747011952191397,cycles/inst
GPU[1].SA[0].CU[2],SIMDCPIStack.Special,0.000249003984063869,cycles/inst
GPU[1].SA[0].CU[2],SIMDCPIStack.VALU,1.33167330677291,cycles/inst
GPU[1].SA[0].CU[2],SIMDCPIStack.VMem,0.0699701195219126,cycles/inst
GPU[1].SA[0].CU[2],SIMDCPIStack.VMemInst,0.00498007968127485,cycles/inst
GPU[1].SA[0].CU[2],SIMDCPIStack.total,2.70891434262948,cycles/inst
GPU[1].SA[0].CU[3],CPIStack.Branch,0.0030293367346935,cycles/inst
GPU[1].SA[0].CU[3],CPIStack.Fetch,0.0561224489795917,cycles/inst
GPU[1].SA[0].CU[3],CPIStack.Idle,0.000478316326530851,cycles/inst
GPU[1].SA[0].CU[3],CPIStack.ScalarInst,0.0170599489795917,cycles/inst
GPU[1].SA[0].CU[3],CPIStack.ScalarMem,0.0722257653061227,cycles/inst
GPU[1].SA[0].CU[3],CPIStack.ScalarMemInst,0.000956632653061161,cycles/inst
GPU[1].SA[0].CU[3],CPIStack.Special,0.000318877551020567,cycles/inst
GPU[1].SA[0].CU[3],CPIStack.VALU,0.907366071428571,cycles/inst
GPU[1].SA[0].CU[3],CPIStack.VMem,0.0331632653061228,cycles/inst
GPU[1].SA[0].CU[3],CPIStack.VMemInst,0.00446428571428578,cycles/inst
GPU[1].SA[0].CU[3],CPIStack.total,1.73453443877551,cycles/inst
GPU[1].SA[0].CU[3],SIMDCPIStack.Branch,0.00473107569721056,cycles/inst
GPU[1].SA[0].CU[3],SIMDCPIStack.Fetch,0.0876494023904381,cycles/inst
GPU[1].SA[0].CU[3],SIMDCPIStack.Idle,0.000747011952191608,cycles/inst
GPU[1].SA[0].CU[3],SIMDCPIStack.ScalarInst,0.0266434262948205,cycles/inst
GPU[1].SA[0].CU[3],SIMDCPIStack.ScalarMem,0.112798804780877,cycles/inst
GPU[1].SA[0].CU[3],SIMDCPIStack.ScalarMemInst,0.00149402390438237,cycles/inst
GPU[1].SA[0].CU[3],SIMDCPIStack.Special,0.000498007968127738,cycles/inst
GPU[1].SA[0].CU[3],SIMDCPIStack.VALU,1.41708167330677,cycles/inst
GPU[1].SA[0].CU[3],SIMDCPIStack.VMem,0.0517928286852595,cycles/inst
GPU[1].SA[0].CU[3],SIMDCPIStack.VMemInst,0.00697211155378496,cycles/inst
GPU[1].SA[0].CU[3],SIMDCPIStack.total,2.70891434262948,cycles/inst
GPU[1].SA[1].CU[0],CPIStack.Branch,0.00271045918367347,cycles/inst
GPU[1].SA[1].CU[0],CPIStack.Fetch,0.0550063775510202,cycles/inst
GPU[1].SA[1].CU[0],CPIStack.Idle,0.000318877551020567,cycles/inst
GPU[1].SA[1].CU[0],CPIStack.ScalarInst,0.0176977040816323,cycles/inst
GPU[1].SA[1].CU[0],CPIStack.ScalarMem,0.0615433673469389,cycles/inst
GPU[1].SA[1].CU[0],CPIStack.ScalarMemInst,0.000956632653061296,cycles/inst
GPU[1].SA[1].CU[0],CPIStack.Special,0.000159438775510013,cycles/inst
GPU[1].SA[1].CU[0],CPIStack.VALU,0.935746173469388,cycles/inst
GPU[1].SA[1].CU[0],CPIStack.VMem,0.0379464285714289,cycles/inst
GPU[1].SA[1].CU[0],CPIStack.VMemInst,0.00526147959183693,cycles/inst
GPU[1].SA[1].CU[0],CPIStack.total,1.73453443877551,cycles/inst
GPU[1].SA[1].CU[0],SIMDCPIStack.Branch,0.00423306772908367,cycles/inst
GPU[1].SA[1].CU[0],SIMDCPIStack.Fetch,0.0859063745019916,cycles/inst
GPU[1].SA[1].CU[0],SIMDCPIStack.Idle,0.000498007968127738,cycles/inst
GPU[1].SA[1].CU[0],SIMDCPIStack.ScalarInst,0.0276394422310751,cycles/inst
GPU[1].SA[1].CU[0],SIMDCPIStack.ScalarMem,0.0961155378486058,cycles/inst
GPU[1].SA[1].CU[0],SIMDCPIStack.ScalarMemInst,0.00149402390438258,cycles/inst
GPU[1].SA[1].CU[0],SIMDCPIStack.Special,0.000249003984063447,cycles/inst
GPU[1].SA[1].CU[0],SIMDCPIStack.VALU,1.46140438247012,cycles/inst
GPU[1].SA[1].CU[0],SIMDCPIStack.VMem,0.0592629482071718,cycles/inst
GPU[1].SA[1].CU[0],SIMDCPIStack.VMemInst,0.00821713147410389,cycles/inst
GPU[1].SA[1].CU[0],SIMDCPIStack.total,2.70891434262948,cycles/inst
GPU[1].SA[1].CU[1],CPIStack.Branch,0.00223214285714289,cycles/inst
GPU[1].SA[1].CU[1],CPIStack.Fetch,0.0553252551020407,cycles/inst
GPU[1].SA[1].CU[1],CPIStack.Idle,0.000318877551020567,cycles/inst
GPU[1].SA[1].CU[1],CPIStack.ScalarInst,0.0124362244897962,cycles/inst
GPU[1].SA[1].CU[1],CPIStack.ScalarMem,0.0613839285714283,cycles/inst
GPU[1].SA[1].CU[1],CPIStack.ScalarMemInst,0.000956632653061296,cycles/inst
GPU[1].SA[1].CU[1],CPIStack.Special,0.000159438775510013,cycles/inst
GPU[1].SA[1].CU[1],CPIStack.VALU,0.944515306122449,cycles/inst
GPU[1].SA[1].CU[1],CPIStack.VMem,0.0573979591836732,cycles/inst
GPU[1].SA[1].CU[1],CPIStack.VMemInst,0.00446428571428605,cycles/inst
GPU[1].SA[1].CU[1],CPIStack.total,1.73453443877551,cycles/inst
GPU[1].SA[1].CU[1],SIMDCPIStack.Branch,0.00348605577689248,cycles/inst
GPU[1].SA[1].CU[1],SIMDCPIStack.Fetch,0.0864043824701194,cycles/inst
GPU[1].SA[1].CU[1],SIMDCPIStack.Idle,0.000498007968127738,cycles/inst
GPU[1].SA[1].CU[1],SIMDCPIStack.ScalarInst,0.0194223107569725,cycles/inst
GPU[1].SA[1].CU[1],SIMDCPIStack.ScalarMem,0.0958665338645413,cycles/inst
GPU[1].SA[1].CU[1],SIMDCPIStack.ScalarMemInst,0.00149402390438258,cycles/inst
GPU[1].SA[1].CU[1],SIMDCPIStack.Special,0.000249003984063447,cycles/inst
GPU[1].SA[1].CU[1],SIMDCPIStack.VALU,1.47509960159363,cycles/inst
GPU[1].SA[1].CU[1],SIMDCPIStack.VMem,0.0896414342629478,cycles/inst
GPU[1].SA[1].CU[1],SIMDCPIStack.VMemInst,0.00697211155378538,cycles/inst
GPU[1].SA[1].CU[1],SIMDCPIStack.total,2.70891434262948,cycles/inst
GPU[1].SA[1].CU[2],CPIStack.Branch,0.00255102040816373,cycles/inst
GPU[1].SA[1].CU[2],CPIStack.Fetch,0.0543686224489796,cycles/inst
GPU[1].SA[1].CU[2],CPIStack.Idle,0.000159438775510284,cycles/inst
GPU[1].SA[1].CU[2],CPIStack.ScalarInst,0.0133928571428573,cycles/inst
GPU[1].SA[1].CU[2],CPIStack.ScalarMem,0.0733418367346939,cycles/inst
GPU[1].SA[1].CU[2],CPIStack.ScalarMemInst,0.000797193877551013,cycles/inst
GPU[1].SA[1].CU[2],CPIStack.Special,0.0,cycles/inst
GPU[1].SA[1].CU[2],CPIStack.VALU,0.922831632653061,cycles/inst
GPU[1].SA[1].CU[2],CPIStack.VMem,0.0350765306122448,cycles/inst
GPU[1].SA[1].CU[2],CPIStack.VMemInst,0.00334821428571433,cycles/inst
GPU[1].SA[1].CU[2],CPIStack.total,1.73453443877551,cycles/inst
GPU[1].SA[1].CU[2],SIMDCPIStack.Branch,0.00398406374502064,cycles/inst
GPU[1].SA[1].CU[2],SIMDCPIStack.Fetch,0.084910358565737,cycles/inst
GPU[1].SA[1].CU[2],SIMDCPIStack.Idle,0.000249003984063869,cycles/inst
GPU[1].SA[1].CU[2],SIMDCPIStack.ScalarInst,0.0209163346613549,cycles/inst
GPU[1].SA[1].CU[2],SIMDCPIStack.ScalarMem,0.114541832669323,cycles/inst
GPU[1].SA[1].CU[2],SIMDCPIStack.ScalarMemInst,0.00124501992031871,cycles/inst
GPU[1].SA[1].CU[2],SIMDCPIStack.Special,0.0,cycles/inst
GPU[1].SA[1].CU[2],SIMDCPIStack.VALU,1.44123505976096,cycles/inst
GPU[1].SA[1].CU[2],SIMDCPIStack.VMem,0.0547808764940238,cycles/inst
GPU[1].SA[1].CU[2],SIMDCPIStack.VMemInst,0.00522908366533872,cycles/inst
GPU[1].SA[1].CU[2],SIMDCPIStack.total,2.70891434262948,cycles/inst
GPU[1].SA[1].CU[3],CPIStack.Branch,0.0027104591836732,cycles/inst
GPU[1].SA[1].CU[3],CPIStack.Fetch,0.0534119897959183,cycles/inst
GPU[1].SA[1].CU[3],CPIStack.Idle,0.000159438775510284,cycles/inst
GPU[1].SA[1].CU[3],CPIStack.ScalarInst,0.0164221938775508,cycles/inst
GPU[1].SA[1].CU[3],CPIStack.ScalarMem,0.0720663265306124,cycles/inst
GPU[1].SA[1].CU[3],CPIStack.ScalarMemInst,0.000478316326530581,cycles/inst
GPU[1].SA[1].CU[3],CPIStack.Special,0.0,cycles/inst
GPU[1].SA[1].CU[3],CPIStack.VALU,0.872130102040817,cycles/inst
GPU[1].SA[1].CU[3],CPIStack.VMem,0.0309311224489796,cycles/inst
GPU[1].SA[1].CU[3],CPIStack.VMemInst,0.0,cycles/inst
GPU[1].SA[1].CU[3],CPIStack.total,1.73453443877551,cycles/inst
GPU[1].SA[1].CU[3],SIMDCPIStack.Branch,0.00423306772908325,cycles/inst
GPU[1].SA[1].CU[3],SIMDCPIStack.Fetch,0.0834163346613544,cycles/inst
GPU[1].SA[1].CU[3],SIMDCPIStack.Idle,0.000249003984063869,cycles/inst
GPU[1].SA[1].CU[3],SIMDCPIStack.ScalarInst,0.0256474103585655,cycles/inst
GPU[1].SA[1].CU[3],SIMDCPIStack.ScalarMem,0.112549800796813,cycles/inst
GPU[1].SA[1].CU[3],SIMDCPIStack.ScalarMemInst,0.000747011952191186,cycles/inst
GPU[1].SA[1].CU[3],SIMDCPIStack.Special,0.0,cycles/inst
GPU[1].SA[1].CU[3],SIMDCPIStack.VALU,1.36205179282869,cycles/inst
GPU[1].SA[1].CU[3],SIMDCPIStack.VMem,0.0483067729083666,cycles/inst
GPU[1].SA[1].CU[3],SIMDCPIStack.VMemInst,0.0,cycles/inst
GPU[1].SA[1].CU[3],SIMDCPIStack.total,2.70891434262948,cycles/inst
GPU[1].SA[2].CU[0],CPIStack.Branch,0.00143494897959228,cycles/inst
GPU[1].SA[2].CU[0],CPIStack.Fetch,0.053252551020408,cycles/inst
GPU[1].SA[2].CU[0],CPIStack.Idle,0.000159438775510149,cycles/inst
GPU[1].SA[2].CU[0],CPIStack.ScalarInst,0.00573979591836724,cycles/inst
GPU[1].SA[2].CU[0],CPIStack.ScalarMem,0.0602678571428569,cycles/inst
GPU[1].SA[2].CU[0],CPIStack.ScalarMemInst,0.000478316326530716,cycles/inst
GPU[1].SA[2].CU[0],CPIStack.Special,0.0,cycles/inst
GPU[1].SA[2].CU[0],CPIStack.VALU,0.909598214285714,cycles/inst
GPU[1].SA[2].CU[0],CPIStack.VMem,0.0314094387755105,cycles/inst
GPU[1].SA[2].CU[0],CPIStack.VMemInst,0.0023915816326529,cycles/inst
GPU[1].SA[2].CU[0],CPIStack.total,1.734375,cycles/inst
GPU[1].SA[2].CU[0],SIMDCPIStack.Branch,0.0022410358565744,cycles/inst
GPU[1].SA[2].CU[0],SIMDCPIStack.Fetch,0.0831673306772906,cycles/inst
GPU[1].SA[2].CU[0],SIMDCPIStack.Idle,0.000249003984063658,cycles/inst
GPU[1].SA[2].CU[0],SIMDCPIStack.ScalarInst,0.00896414342629465,cycles/inst
GPU[1].SA[2].CU[0],SIMDCPIStack.ScalarMem,0.0941235059760953,cycles/inst
GPU[1].SA[2].CU[0],SIMDCPIStack.ScalarMemInst,0.000747011952191397,cycles/inst
GPU[1].SA[2].CU[0],SIMDCPIStack.Special,0.0,cycles/inst
GPU[1].SA[2].CU[0],SIMDCPIStack.VALU,1.42056772908367,cycles/inst
GPU[1].SA[2].CU[0],SIMDCPIStack.VMem,0.0490537848605582,cycles/inst
GPU[1].SA[2].CU[0],SIMDCPIStack.VMemInst,0.00373505976095593,cycles/inst
GPU[1].SA[2].CU[0],SIMDCPIStack.total,2.70866533864542,cycles/inst
GPU[1].SA[2].CU[1],CPIStack.Branch,0.00191326530612232,cycles/inst
GPU[1].SA[2].CU[1],CPIStack.Fetch,0.0567602040816326,cycles/inst
GPU[1].SA[2].CU[1],CPIStack.Idle,0.000478316326530716,cycles/inst
GPU[1].SA[2].CU[1],CPIStack.ScalarInst,0.0129145408163268,cycles/inst
GPU[1].SA[2].CU[1],CPIStack.ScalarMem,0.0618622448979591,cycles/inst
GPU[1].SA[2].CU[1],CPIStack.ScalarMemInst,0.000956632653061296,cycles/inst
GPU[1].SA[2].CU[1],CPIStack.Special,0.000318877551020297,cycles/inst
GPU[1].SA[2].CU[1],CPIStack.VALU,0.941167091836735,cycles/inst
GPU[1].SA[2].CU[1],CPIStack.VMem,0.0454400510204081,cycles/inst
GPU[1].SA[2].CU[1],CPIStack.VMemInst,0.00446428571428578,cycles/inst
GPU[1].SA[2].CU[1],CPIStack.total,1.734375,cycles/inst
GPU[1].SA[2].CU[1],SIMDCPIStack.Branch,0.00298804780876474,cycles/inst
GPU[1].SA[2].CU[1],SIMDCPIStack.Fetch,0.0886454183266931,cycles/inst
GPU[1].SA[2].CU[1],SIMDCPIStack.Idle,0.000747011952191397,cycles/inst
GPU[1].SA[2].CU[1],SIMDCPIStack.ScalarInst,0.0201693227091637,cycles/inst
GPU[1].SA[2].CU[1],SIMDCPIStack.ScalarMem,0.0966135458167329,cycles/inst
GPU[1].SA[2].CU[1],SIMDCPIStack.ScalarMemInst,0.00149402390438258,cycles/inst
GPU[1].SA[2].CU[1],SIMDCPIStack.Special,0.000498007968127317,cycles/inst
GPU[1].SA[2].CU[1],SIMDCPIStack.VALU,1.46987051792829,cycles/inst
GPU[1].SA[2].CU[1],SIMDCPIStack.VMem,0.0709661354581673,cycles/inst
GPU[1].SA[2].CU[1],SIMDCPIStack.VMemInst,0.00697211155378496,cycles/inst
GPU[1].SA[2].CU[1],SIMDCPIStack.total,2.70866533864542,cycles/inst
GPU[1].SA[2].CU[2],CPIStack.Branch,0.00302933673469404,cycles/inst
GPU[1].SA[2].CU[2],CPIStack.Fetch,0.0585140306122449,cycles/inst
GPU[1].SA[2].CU[2],CPIStack.Idle,0.000478316326530446,cycles/inst
GPU[1].SA[2].CU[2],CPIStack.ScalarInst,0.0253507653061224,cycles/inst
GPU[1].SA[2].CU[2],CPIStack.ScalarMem,0.0778061224489794,cycles/inst
GPU[1].SA[2].CU[2],CPIStack.ScalarMemInst,0.00143494897959215,cycles/inst
GPU[1].SA[2].CU[2],CPIStack.Special,0.000318877551020297,cycles/inst
GPU[1].SA[2].CU[2],CPIStack.VALU,0.834024234693878,cycles/inst
GPU[1].SA[2].CU[2],CPIStack.VMem,0.053411989795918,cycles/inst
GPU[1].SA[2].CU[2],CPIStack.VMemInst,0.00478316326530581,cycles/inst
GPU[1].SA[2].CU[2],CPIStack.total,1.734375,cycles/inst
GPU[1].SA[2].CU[2],SIMDCPIStack.Branch,0.00473107569721141,cycles/inst
GPU[1].SA[2].CU[2],SIMDCPIStack.Fetch,0.0913844621513944,cycles/inst
GPU[1].SA[2].CU[2],SIMDCPIStack.Idle,0.000747011952190975,cycles/inst
GPU[1].SA[2].CU[2],SIMDCPIStack.ScalarInst,0.0395916334661354,cycles/inst
GPU[1].SA[2].CU[2],SIMDCPIStack.ScalarMem,0.121513944223107,cycles/inst
GPU[1].SA[2].CU[2],SIMDCPIStack.ScalarMemInst,0.00224103585657419,cycles/inst
GPU[1].SA[2].CU[2],SIMDCPIStack.Special,0.000498007968127317,cycles/inst
GPU[1].SA[2].CU[2],SIMDCPIStack.VALU,1.30253984063745,cycles/inst
GPU[1].SA[2].CU[2],SIMDCPIStack.VMem,0.083416334661354,cycles/inst
GPU[1].SA[2].CU[2],SIMDCPIStack.VMemInst,0.00747011952191186,cycles/inst
GPU[1].SA[2].CU[2],SIMDCPIStack.total,2.70866533864542,cycles/inst
GPU[1].SA[2].CU[3],CPIStack.Branch,0.00207270408163234,cycles/inst
GPU[1].SA[2].CU[3],CPIStack.Fetch,0.0532525510204081,cycles/inst
GPU[1].SA[2].CU[3],CPIStack.Idle,0.000318877551020432,cycles/inst
GPU[1].SA[2].CU[3],CPIStack.ScalarInst,0.0103635204081633,cycles/inst
GPU[1].SA[2].CU[3],CPIStack.ScalarMem,0.0719068877551024,cycles/inst
GPU[1].SA[2].CU[3],CPIStack.ScalarMemInst,0.000478316326530581,cycles/inst
GPU[1].SA[2].CU[3],CPIStack.Special,0.000159438775510013,cycles/inst
GPU[1].SA[2].CU[3],CPIStack.VALU,0.916294642857143,cycles/inst
GPU[1].SA[2].CU[3],CPIStack.VMem,0.0325255102040816,cycles/inst
GPU[1].SA[2].CU[3],CPIStack.VMemInst,0.00318877551020405,cycles/inst
GPU[1].SA[2].CU[3],CPIStack.total,1.734375,cycles/inst
GPU[1].SA[2].CU[3],SIMDCPIStack.Branch,0.00323705179282819,cycles/inst
GPU[1].SA[2].CU[3],SIMDCPIStack.Fetch,0.0831673306772907,cycles/inst
GPU[1].SA[2].CU[3],SIMDCPIStack.Idle,0.000498007968127527,cycles/inst
GPU[1].SA[2].CU[3],SIMDCPIStack.ScalarInst,0.0161852589641435,cycles/inst
GPU[1].SA[2].CU[3],SIMDCPIStack.ScalarMem,0.11230079681275,cycles/inst
GPU[1].SA[2].CU[3],SIMDCPIStack.ScalarMemInst,0.000747011952191186,cycles/inst
GPU[1].SA[2].CU[3],SIMDCPIStack.Special,0.000249003984063447,cycles/inst
GPU[1].SA[2].CU[3],SIMDCPIStack.VALU,1.43102589641434,cycles/inst
GPU[1].SA[2].CU[3],SIMDCPIStack.VMem,0.050796812749004,cycles/inst
GPU[1].SA[2].CU[3],SIMDCPIStack.VMemInst,0.00498007968127485,cycles/inst
GPU[1].SA[2].CU[3],SIMDCPIStack.total,2.70866533864542,cycles/inst
GPU[1].SA[3].CU[0],CPIStack.Branch,0.00334821428571433,cycles/inst
GPU[1].SA[3].CU[0],CPIStack.Fetch,0.0540497448979591,cycles/inst
GPU[1].SA[3].CU[0],CPIStack.Idle,0.000159438775510149,cycles/inst
GPU[1].SA[3].CU[0],CPIStack.ScalarInst,0.0178571428571428,cycles/inst
GPU[1].SA[3].CU[0],CPIStack.ScalarMem,0.0607461734693878,cycles/inst
GPU[1].SA[3].CU[0],CPIStack.ScalarMemInst,0.000478316326530716,cycles/inst
GPU[1].SA[3].CU[0],CPIStack.Special,0.0,cycles/inst
GPU[1].SA[3].CU[0],CPIStack.VALU,0.897002551020409,cycles/inst
GPU[1].SA[3].CU[0],CPIStack.VMem,0.051658163265306,cycles/inst
GPU[1].SA[3].CU[0],CPIStack.VMemInst,0.0027104591836732,cycles/inst
GPU[1].SA[3].CU[0],CPIStack.total,1.734375,cycles/inst
GPU[1].SA[3].CU[0],SIMDCPIStack.Branch,0.00522908366533872,cycles/inst
GPU[1].SA[3].CU[0],SIMDCPIStack.Fetch,0.0844123505976095,cycles/inst
GPU[1].SA[3].CU[0],SIMDCPIStack.Idle,0.000249003984063658,cycles/inst
GPU[1].SA[3].CU[0],SIMDCPIStack.ScalarInst,0.0278884462151394,cycles/inst
GPU[1].SA[3].CU[0],SIMDCPIStack.ScalarMem,0.0948705179282869,cycles/inst
GPU[1].SA[3].CU[0],SIMDCPIStack.ScalarMemInst,0.000747011952191397,cycles/inst
GPU[1].SA[3].CU[0],SIMDCPIStack.Special,0.0,cycles/inst
GPU[1].SA[3].CU[0],SIMDCPIStack.VALU,1.40089641434263,cycles/inst
GPU[1].SA[3].CU[0],SIMDCPIStack.VMem,0.0806772908366531,cycles/inst
GPU[1].SA[3].CU[0],SIMDCPIStack.VMemInst,0.00423306772908325,cycles/inst
GPU[1].SA[3].CU[0],SIMDCPIStack.total,2.70866533864542,cycles/inst
GPU[1].SA[3].CU[1],CPIStack.Branch,0.00143494897959174,cycles/inst
GPU[1].SA[3].CU[1],CPIStack.Fetch,0.0535714285714285,cycles/inst
GPU[1].SA[3].CU[1],CPIStack.Idle,0.000159438775510149,cycles/inst
GPU[1].SA[3].CU[1],CPIStack.ScalarInst,0.0113201530612245,cycles/inst
GPU[1].SA[3].CU[1],CPIStack.ScalarMem,0.0599489795918365,cycles/inst
GPU[1].SA[3].CU[1],CPIStack.ScalarMemInst,0.000637755102040729,cycles/inst
GPU[1].SA[3].CU[1],CPIStack.Special,0.0,cycles/inst
GPU[1].SA[3].CU[1],CPIStack.VALU,0.916454081632653,cycles/inst
GPU[1].SA[3].CU[1],CPIStack.VMem,0.0317283163265308,cycles/inst
GPU[1].SA[3].CU[1],CPIStack.VMemInst,0.00366709183673463,cycles/inst
GPU[1].SA[3].CU[1],CPIStack.total,1.734375,cycles/inst
GPU[1].SA[3].CU[1],SIMDCPIStack.Branch,0.00224103585657356,cycles/inst
GPU[1].SA[3].CU[1],SIMDCPIStack.Fetch,0.0836653386454183,cycles/inst
GPU[1].SA[3].CU[1],SIMDCPIStack.Idle,0.000249003984063658,cycles/inst
GPU[1].SA[3].CU[1],SIMDCPIStack.ScalarInst,0.0176792828685259,cycles/inst
GPU[1].SA[3].CU[1],SIMDCPIStack.ScalarMem,0.0936254980079678,cycles/inst
GPU[1].SA[3].CU[1],SIMDCPIStack.ScalarMemInst,0.000996015936254844,cycles/inst
GPU[1].SA[3].CU[1],SIMDCPIStack.Special,0.0,cycles/inst
GPU[1].SA[3].CU[1],SIMDCPIStack.VALU,1.43127490039841,cycles/inst
GPU[1].SA[3].CU[1],SIMDCPIStack.VMem,0.0495517928286855,cycles/inst
GPU[1].SA[3].CU[1],SIMDCPIStack.VMemInst,0.00572709163346604,cycles/inst
GPU[1].SA[3].CU[1],SIMDCPIStack.total,2.70866533864542,cycles/inst
GPU[1].SA[3].CU[2],CPIStack.Branch,0.00207270408163288,cycles/inst
GPU[1].SA[3].CU[2],CPIStack.Fetch,0.0542091836734694,cycles/inst
GPU[1].SA[3].CU[2],CPIStack.Idle,0.000159438775510149,cycles/inst
GPU[1].SA[3].CU[2],CPIStack.ScalarInst,0.0141900510204079,cycles/inst
GPU[1].SA[3].CU[2],CPIStack.ScalarMem,0.0730229591836733,cycles/inst
GPU[1].SA[3].CU[2],CPIStack.ScalarMemInst,0.000478316326530716,cycles/inst
GPU[1].SA[3].CU[2],CPIStack.Special,0.0,cycles/inst
GPU[1].SA[3].CU[2],CPIStack.VALU,0.885841836734693,cycles/inst
GPU[1].SA[3].CU[2],CPIStack.VMem,0.0556441326530614,cycles/inst
GPU[1].SA[3].CU[2],CPIStack.VMemInst,0.00143494897959201,cycles/inst
GPU[1].SA[3].CU[2],CPIStack.total,1.734375,cycles/inst
GPU[1].SA[3].CU[2],SIMDCPIStack.Branch,0.00323705179282903,cycles/inst
GPU[1].SA[3].CU[2],SIMDCPIStack.Fetch,0.0846613545816733,cycles/inst
GPU[1].SA[3].CU[2],SIMDCPIStack.Idle,0.000249003984063658,cycles/inst
GPU[1].SA[3].CU[2],SIMDCPIStack.ScalarInst,0.022161354581673,cycles/inst
GPU[1].SA[3].CU[2],SIMDCPIStack.ScalarMem,0.114043824701195,cycles/inst
GPU[1].SA[3].CU[2],SIMDCPIStack.ScalarMemInst,0.000747011952191397,cycles/inst
GPU[1].SA[3].CU[2],SIMDCPIStack.Special,0.0,cycles/inst
GPU[1].SA[3].CU[2],SIMDCPIStack.VALU,1.38346613545817,cycles/inst
GPU[1].SA[3].CU[2],SIMDCPIStack.VMem,0.0869023904382473,cycles/inst
GPU[1].SA[3].CU[2],SIMDCPIStack.VMemInst,0.00224103585657398,cycles/inst
GPU[1].SA[3].CU[2],SIMDCPIStack.total,2.70866533864542,cycles/inst
GPU[1].SA[3].CU[3],CPIStack.Branch,0.00143494897959201,cycles/inst
GPU[1].SA[3].CU[3],CPIStack.Fetch,0.0532525510204081,cycles/inst
GPU[1].SA[3].CU[3],CPIStack.Idle,0.000159438775510149,cycles/inst
GPU[1].SA[3].CU[3],CPIStack.ScalarInst,0.00829081632653069,cycles/inst
GPU[1].SA[3].CU[3],CPIStack.ScalarMem,0.0704719387755104,cycles/inst
GPU[1].SA[3].CU[3],CPIStack.ScalarMemInst,0.000478316326530581,cycles/inst
GPU[1].SA[3].CU[3],CPIStack.Special,0.0,cycles/inst
GPU[1].SA[3].CU[3],CPIStack.VALU,0.876753826530612,cycles/inst
GPU[1].SA[3].CU[3],CPIStack.VMem,0.0500637755102039,cycles/inst
GPU[1].SA[3].CU[3],CPIStack.VMemInst,0.0036670918367349,cycles/inst
GPU[1].SA[3].CU[3],CPIStack.total,1.734375,cycles/inst
GPU[1].SA[3].CU[3],SIMDCPIStack.Branch,0.00224103585657398,cycles/inst
GPU[1].SA[3].CU[3],SIMDCPIStack.Fetch,0.0831673306772907,cycles/inst
GPU[1].SA[3].CU[3],SIMDCPIStack.Idle,0.000249003984063658,cycles/inst
GPU[1].SA[3].CU[3],SIMDCPIStack.ScalarInst,0.0129482071713149,cycles/inst
GPU[1].SA[3].CU[3],SIMDCPIStack.ScalarMem,0.110059760956176,cycles/inst
GPU[1].SA[3].CU[3],SIMDCPIStack.ScalarMemInst,0.000747011952191186,cycles/inst
GPU[1].SA[3].CU[3],SIMDCPIStack.Special,0.0,cycles/inst
GPU[1].SA[3].CU[3],SIMDCPIStack.VALU,1.36927290836653,cycles/inst
GPU[1].SA[3].CU[3],SIMDCPIStack.VMem,0.0781872509960157,cycles/inst
GPU[1].SA[3].CU[3],SIMDCPIStack.VMemInst,0.00572709163346646,cycles/inst
GPU[1].SA[3].CU[3],SIMDCPIStack.total,2.70866533864542,cycles/inst
GPU[1].SA[4].CU[0],CPIStack.Branch,0.00207270408163288,cycles/inst
GPU[1].SA[4].CU[0],CPIStack.Fetch,0.0546874999999997,cycles/inst
GPU[1].SA[4].CU[0],CPIStack.Idle,0.000318877551020297,cycles/inst
GPU[1].SA[4].CU[0],CPIStack.ScalarInst,0.0130739795918365,cycles/inst
GPU[1].SA[4].CU[0],CPIStack.ScalarMem,0.0613839285714284,cycles/inst
GPU[1].SA[4].CU[0],CPIStack.ScalarMemInst,0.000478316326530716,cycles/inst
GPU[1].SA[4].CU[0],CPIStack.Special,0.000159438775510284,cycles/inst
GPU[1].SA[4].CU[0],CPIStack.VALU,0.876753826530613,cycles/inst
GPU[1].SA[4].CU[0],CPIStack.VMem,0.0542091836734694,cycles/inst
GPU[1].SA[4].CU[0],CPIStack.VMemInst,0.00318877551020405,cycles/inst
GPU[1].SA[4].CU[0],CPIStack.total,1.73421556122449,cycles/inst
GPU[1].SA[4].CU[0],SIMDCPIStack.Branch,0.00323705179282903,cycles/inst
GPU[1].SA[4].CU[0],SIMDCPIStack.Fetch,0.0854083665338641,cycles/inst
GPU[1].SA[4].CU[0],SIMDCPIStack.Idle,0.000498007968127317,cycles/inst
GPU[1].SA[4].CU[0],SIMDCPIStack.ScalarInst,0.0204183266932267,cycles/inst
GPU[1].SA[4].CU[0],SIMDCPIStack.ScalarMem,0.0958665338645416,cycles/inst
GPU[1].SA[4].CU[0],SIMDCPIStack.ScalarMemInst,0.000747011952191397,cycles/inst
GPU[1].SA[4].CU[0],SIMDCPIStack.Special,0.000249003984063869,cycles/inst
GPU[1].SA[4].CU[0],SIMDCPIStack.VALU,1.36927290836653,cycles/inst
GPU[1].SA[4].CU[0],SIMDCPIStack.VMem,0.0846613545816733,cycles/inst
GPU[1].SA[4].CU[0],SIMDCPIStack.VMemInst,0.00498007968127485,cycles/inst
GPU[1].SA[4].CU[0],SIMDCPIStack.total,2.70841633466136,cycles/inst
GPU[1].SA[4].CU[1],CPIStack.Branch,0.00143494897959174,cycles/inst
GPU[1].SA[4].CU[1],CPIStack.Fetch,0.0534119897959183,cycles/inst
GPU[1].SA[4].CU[1],CPIStack.Idle,0.000159438775510284,cycles/inst
GPU[1].SA[4].CU[1],CPIStack.ScalarInst,0.0130739795918365,cycles/inst
GPU[1].SA[4].CU[1],CPIStack.ScalarMem,0.0607461734693879,cycles/inst
GPU[1].SA[4].CU[1],CPIStack.ScalarMemInst,0.000478316326530716,cycles/inst
GPU[1].SA[4].CU[1],CPIStack.Special,0.0,cycles/inst
GPU[1].SA[4].CU[1],CPIStack.VALU,0.955676020408163,cycles/inst
GPU[1].SA[4].CU[1],CPIStack.VMem,0.0433673469387755,cycles/inst
GPU[1].SA[4].CU[1],CPIStack.VMemInst,0.0036670918367349,cycles/inst
GPU[1].SA[4].CU[1],CPIStack.total,1.73421556122449,cycles/inst
GPU[1].SA[4].CU[1],SIMDCPIStack.Branch,0.00224103585657356,cycles/inst
GPU[1].SA[4].CU[1],SIMDCPIStack.Fetch,0.0834163346613544,cycles/inst
GPU[1].SA[4].CU[1],SIMDCPIStack.Idle,0.000249003984063869,cycles/inst
GPU[1].SA[4].CU[1],SIMDCPIStack.ScalarInst,0.0204183266932267,cycles/inst
GPU[1].SA[4].CU[1],SIMDCPIStack.ScalarMem,0.0948705179282871,cycles/inst
GPU[1].SA[4].CU[1],SIMDCPIStack.ScalarMemInst,0.000747011952191397,cycles/inst
GPU[1].SA[4].CU[1],SIMDCPIStack.Special,0.0,cycles/inst
GPU[1].SA[4].CU[1],SIMDCPIStack.VALU,1.49252988047809,cycles/inst
GPU[1].SA[4].CU[1],SIMDCPIStack.VMem,0.0677290836653387,cycles/inst
GPU[1].SA[4].CU[1],SIMDCPIStack.VMemInst,0.00572709163346646,cycles/inst
GPU[1].SA[4].CU[1],SIMDCPIStack.total,2.70841633466136,cycles/inst
GPU[1].SA[4].CU[2],CPIStack.Branch,0.00255102040816346,cycles/inst
GPU[1].SA[4].CU[2],CPIStack.Fetch,0.0556441326530612,cycles/inst
GPU[1].SA[4].CU[2],CPIStack.Idle,0.000318877551020567,cycles/inst
GPU[1].SA[4].CU[2],CPIStack.ScalarInst,0.0135522959183679,cycles/inst
GPU[1].SA[4].CU[2],CPIStack.ScalarMem,0.0735012755102039,cycles/inst
GPU[1].SA[4].CU[2],CPIStack.ScalarMemInst,0.000637755102040999,cycles/inst
GPU[1].SA[4].CU[2],CPIStack.Special,0.000159438775510284,cycles/inst
GPU[1].SA[4].CU[2],CPIStack.VALU,0.830357142857142,cycles/inst
GPU[1].SA[4].CU[2],CPIStack.VMem,0.0558035714285714,cycles/inst
GPU[1].SA[4].CU[2],CPIStack.VMemInst,0.00446428571428551,cycles/inst
GPU[1].SA[4].CU[2],CPIStack.total,1.73421556122449,cycles/inst
GPU[1].SA[4].CU[2],SIMDCPIStack.Branch,0.00398406374502022,cycles/inst
GPU[1].SA[4].CU[2],SIMDCPIStack.Fetch,0.0869023904382469,cycles/inst
GPU[1].SA[4].CU[2],SIMDCPIStack.Idle,0.000498007968127738,cycles/inst
GPU[1].SA[4].CU[2],SIMDCPIStack.ScalarInst,0.0211653386454192,cycles/inst
GPU[1].SA[4].CU[2],SIMDCPIStack.ScalarMem,0.114790836653386,cycles/inst
GPU[1].SA[4].CU[2],SIMDCPIStack.ScalarMemInst,0.000996015936255266,cycles/inst
GPU[1].SA[4].CU[2],SIMDCPIStack.Special,0.000249003984063869,cycles/inst
GPU[1].SA[4].CU[2],SIMDCPIStack.VALU,1.29681274900398,cycles/inst
GPU[1].SA[4].CU[2],SIMDCPIStack.VMem,0.0871513944223108,cycles/inst
GPU[1].SA[4].CU[2],SIMDCPIStack.VMemInst,0.00697211155378454,cycles/inst
GPU[1].SA[4].CU[2],SIMDCPIStack.total,2.70841633466136,cycles/inst
GPU[1].SA[4].CU[3],CPIStack.Branch,0.00255102040816319,cycles/inst
GPU[1].SA[4].CU[3],CPIStack.Fetch,0.0570790816326528,cycles/inst
GPU[1].SA[4].CU[3],CPIStack.Idle,0.000318877551020567,cycles/inst
GPU[1].SA[4].CU[3],CPIStack.ScalarInst,0.0240752551020407,cycles/inst
GPU[1].SA[4].CU[3],CPIStack.ScalarMem,0.0731823979591833,cycles/inst
GPU[1].SA[4].CU[3],CPIStack.ScalarMemInst,0.00143494897959201,cycles/inst
GPU[1].SA[4].CU[3],CPIStack.Special,0.000159438775510013,cycles/inst
GPU[1].SA[4].CU[3],CPIStack.VALU,0.818718112244899,cycles/inst
GPU[1].SA[4].CU[3],CPIStack.VMem,0.0628188775510207,cycles/inst
GPU[1].SA[4].CU[3],CPIStack.VMemInst,0.00382653061224465,cycles/inst
GPU[1].SA[4].CU[3],CPIStack.total,1.73421556122449,cycles/inst
GPU[1].SA[4].CU[3],SIMDCPIStack.Branch,0.0039840637450198,cycles/inst
GPU[1].SA[4].CU[3],SIMDCPIStack.Fetch,0.0891434262948202,cycles/inst
GPU[1].SA[4].CU[3],SIMDCPIStack.Idle,0.000498007968127738,cycles/inst
GPU[1].SA[4].CU[3],SIMDCPIStack.ScalarInst,0.0375996015936253,cycles/inst
GPU[1].SA[4].CU[3],SIMDCPIStack.ScalarMem,0.114292828685258,cycles/inst
GPU[1].SA[4].CU[3],SIMDCPIStack.ScalarMemInst,0.00224103585657398,cycles/inst
GPU[1].SA[4].CU[3],SIMDCPIStack.Special,0.000249003984063447,cycles/inst
GPU[1].SA[4].CU[3],SIMDCPIStack.VALU,1.27863545816733,cycles/inst
GPU[1].SA[4].CU[3],SIMDCPIStack.VMem,0.098107569721116,cycles/inst
GPU[1].SA[4].CU[3],SIMDCPIStack.VMemInst,0.00597609561752949,cycles/inst
GPU[1].SA[4].CU[3],SIMDCPIStack.total,2.70841633466136,cycles/inst
GPU[1].SA[5].CU[0],CPIStack.Branch,0.00398596938775547,cycles/inst
GPU[1].SA[5].CU[0],CPIStack.Fetch,0.0530931122448977,cycles/inst
GPU[1].SA[5].CU[0],CPIStack.Idle,0.000159438775510284,cycles/inst
GPU[1].SA[5].CU[0],CPIStack.ScalarInst,0.0283801020408159,cycles/inst
GPU[1].SA[5].CU[0],CPIStack.ScalarMem,0.0640943877551021,cycles/inst
GPU[1].SA[5].CU[0],CPIStack.ScalarMemInst,0.000478316326530716,cycles/inst
GPU[1].SA[5].CU[0],CPIStack.Special,0.0,cycles/inst
GPU[1].SA[5].CU[0],CPIStack.VALU,0.879623724489797,cycles/inst
GPU[1].SA[5].CU[0],CPIStack.VMem,0.0368303571428566,cycles/inst
GPU[1].SA[5].CU[0],CPIStack.VMemInst,0.0,cycles/inst
GPU[1].SA[5].CU[0],CPIStack.total,1.73421556122449,cycles/inst
GPU[1].SA[5].CU[0],SIMDCPIStack.Branch,0.0062250996015942,cycles/inst
GPU[1].SA[5].CU[0],SIMDCPIStack.Fetch,0.0829183266932267,cycles/inst
GPU[1].SA[5].CU[0],SIMDCPIStack.Idle,0.000249003984063869,cycles/inst
GPU[1].SA[5].CU[0],SIMDCPIStack.ScalarInst,0.0443227091633459,cycles/inst
GPU[1].SA[5].CU[0],SIMDCPIStack.ScalarMem,0.100099601593626,cycles/inst
GPU[1].SA[5].CU[0],SIMDCPIStack.ScalarMemInst,0.000747011952191397,cycles/inst
GPU[1].SA[5].CU[0],SIMDCPIStack.Special,0.0,cycles/inst
GPU[1].SA[5].CU[0],SIMDCPIStack.VALU,1.37375498007968,cycles/inst
GPU[1].SA[5].CU[0],SIMDCPIStack.VMem,0.0575199203187243,cycles/inst
GPU[1].SA[5].CU[0],SIMDCPIStack.VMemInst,0.0,cycles/inst
GPU[1].SA[5].CU[0],SIMDCPIStack.total,2.70841633466136,cycles/inst
GPU[1].SA[5].CU[1],CPIStack.Branch,0.00255102040816373,cycles/inst
GPU[1].SA[5].CU[1],CPIStack.Fetch,0.0550063775510203,cycles/inst
GPU[1].SA[5].CU[1],CPIStack.Idle,0.000318877551020567,cycles/inst
GPU[1].SA[5].CU[1],CPIStack.ScalarInst,0.0183354591836734,cycles/inst
GPU[1].SA[5].CU[1],CPIStack.ScalarMem,0.0613839285714285,cycles/inst
GPU[1].SA[5].CU[1],CPIStack.ScalarMemInst,0.000478316326530716,cycles/inst
GPU[1].SA[5].CU[1],CPIStack.Special,0.000159438775510284,cycles/inst
GPU[1].SA[5].CU[1],CPIStack.VALU,0.913265306122449,cycles/inst
GPU[1].SA[5].CU[1],CPIStack.VMem,0.0355548469387751,cycles/inst
GPU[1].SA[5].CU[1],CPIStack.VMemInst,0.00318877551020405,cycles/inst
GPU[1].SA[5].CU[1],CPIStack.total,1.73421556122449,cycles/inst
GPU[1].SA[5].CU[1],SIMDCPIStack.Branch,0.00398406374502064,cycles/inst
GPU[1].SA[5].CU[1],SIMDCPIStack.Fetch,0.0859063745019918,cycles/inst
GPU[1].SA[5].CU[1],SIMDCPIStack.Idle,0.000498007968127738,cycles/inst
GPU[1].SA[5].CU[1],SIMDCPIStack.ScalarInst,0.0286354581673306,cycles/inst
GPU[1].SA[5].CU[1],SIMDCPIStack.ScalarMem,0.0958665338645418,cycles/inst
GPU[1].SA[5].CU[1],SIMDCPIStack.ScalarMemInst,0.000747011952191397,cycles/inst
GPU[1].SA[5].CU[1],SIMDCPIStack.Special,0.000249003984063869,cycles/inst
GPU[1].SA[5].CU[1],SIMDCPIStack.VALU,1.42629482071713,cycles/inst
GPU[1].SA[5].CU[1],SIMDCPIStack.VMem,0.0555278884462146,cycles/inst
GPU[1].SA[5].CU[1],SIMDCPIStack.VMemInst,0.00498007968127485,cycles/inst
GPU[1].SA[5].CU[1],SIMDCPIStack.total,2.70841633466136,cycles/inst
GPU[1].SA[5].CU[2],CPIStack.Branch,0.00223214285714316,cycles/inst
GPU[1].SA[5].CU[2],CPIStack.Fetch,0.0556441326530612,cycles/inst
GPU[1].SA[5].CU[2],CPIStack.Idle,0.000318877551020567,cycles/inst
GPU[1].SA[5].CU[2],CPIStack.ScalarInst,0.0151466836734694,cycles/inst
GPU[1].SA[5].CU[2],CPIStack.ScalarMem,0.0741390306122447,cycles/inst
GPU[1].SA[5].CU[2],CPIStack.ScalarMemInst,0.000478316326530716,cycles/inst
GPU[1].SA[5].CU[2],CPIStack.Special,0.000159438775510013,cycles/inst
GPU[1].SA[5].CU[2],CPIStack.VALU,0.860969387755102,cycles/inst
GPU[1].SA[5].CU[2],CPIStack.VMem,0.0483099489795919,cycles/inst
GPU[1].SA[5].CU[2],CPIStack.VMemInst,0.00318877551020405,cycles/inst
GPU[1].SA[5].CU[2],CPIStack.total,1.73421556122449,cycles/inst
GPU[1].SA[5].CU[2],SIMDCPIStack.Branch,0.0034860557768929,cycles/inst
GPU[1].SA[5].CU[2],SIMDCPIStack.Fetch,0.0869023904382469,cycles/inst
GPU[1].SA[5].CU[2],SIMDCPIStack.Idle,0.000498007968127738,cycles/inst
GPU[1].SA[5].CU[2],SIMDCPIStack.ScalarInst,0.0236553784860558,cycles/inst
GPU[1].SA[5].CU[2],SIMDCPIStack.ScalarMem,0.115786852589641,cycles/inst
GPU[1].SA[5].CU[2],SIMDCPIStack.ScalarMemInst,0.000747011952191397,cycles/inst
GPU[1].SA[5].CU[2],SIMDCPIStack.Special,0.000249003984063447,cycles/inst
GPU[1].SA[5].CU[2],SIMDCPIStack.VALU,1.34462151394422,cycles/inst
GPU[1].SA[5].CU[2],SIMDCPIStack.VMem,0.0754482071713148,cycles/inst
GPU[1].SA[5].CU[2],SIMDCPIStack.VMemInst,0.00498007968127485,cycles/inst
GPU[1].SA[5].CU[2],SIMDCPIStack.total,2.70841633466136,cycles/inst
GPU[1].SA[5].CU[3],CPIStack.Branch,0.00143494897959174,cycles/inst
GPU[1].SA[5].CU[3],CPIStack.Fetch,0.0530931122448978,cycles/inst
GPU[1].SA[5].CU[3],CPIStack.Idle,0.000159438775510284,cycles/inst
GPU[1].SA[5].CU[3],CPIStack.ScalarInst,0.0106823979591836,cycles/inst
GPU[1].SA[5].CU[3],CPIStack.ScalarMem,0.0707908163265309,cycles/inst
GPU[1].SA[5].CU[3],CPIStack.ScalarMemInst,0.000478316326530581,cycles/inst
GPU[1].SA[5].CU[3],CPIStack.Special,0.0,cycles/inst
GPU[1].SA[5].CU[3],CPIStack.VALU,0.918048469387755,cycles/inst
GPU[1].SA[5].CU[3],CPIStack.VMem,0.0393813775510209,cycles/inst
GPU[1].SA[5].CU[3],CPIStack.VMemInst,0.00127551020408146,cycles/inst
GPU[1].SA[5].CU[3],CPIStack.total,1.73421556122449,cycles/inst
GPU[1].SA[5].CU[3],SIMDCPIStack.Branch,0.00224103585657356,cycles/inst
GPU[1].SA[5].CU[3],SIMDCPIStack.Fetch,0.0829183266932269,cycles/inst
GPU[1].SA[5].CU[3],SIMDCPIStack.Idle,0.000249003984063869,cycles/inst
GPU[1].SA[5].CU[3],SIMDCPIStack.ScalarInst,0.0166832669322708,cycles/inst
GPU[1].SA[5].CU[3],SIMDCPIStack.ScalarMem,0.110557768924303,cycles/inst
GPU[1].SA[5].CU[3],SIMDCPIStack.ScalarMemInst,0.000747011952191186,cycles/inst
GPU[1].SA[5].CU[3],SIMDCPIStack.Special,0.0,cycles/inst
GPU[1].SA[5].CU[3],SIMDCPIStack.VALU,1.43376494023904,cycles/inst
GPU[1].SA[5].CU[3],SIMDCPIStack.VMem,0.0615039840637457,cycles/inst
GPU[1].SA[5].CU[3],SIMDCPIStack.VMemInst,0.00199203187250969,cycles/inst
GPU[1].SA[5].CU[3],SIMDCPIStack.total,2.70841633466136,cycles/inst
GPU[1].SA[6].CU[0],CPIStack.Branch,0.00191326530612313,cycles/inst
GPU[1].SA[6].CU[0],CPIStack.Fetch,0.0529336734693875,cycles/inst
GPU[1].SA[6].CU[0],CPIStack.Idle,0.000159438775510149,cycles/inst
GPU[1].SA[6].CU[0],CPIStack.ScalarInst,0.00876913265306101,cycles/inst
GPU[1].SA[6].CU[0],CPIStack.ScalarMem,0.0610650510204081,cycles/inst
GPU[1].SA[6].CU[0],CPIStack.ScalarMemInst,0.000478316326530716,cycles/inst
GPU[1].SA[6].CU[0],CPIStack.Special,0.0,cycles/inst
GPU[1].SA[6].CU[0],CPIStack.VALU,0.896364795918368,cycles/inst
GPU[1].SA[6].CU[0],CPIStack.VMem,0.0393813775510201,cycles/inst
GPU[1].SA[6].CU[0],CPIStack.VMemInst,0.000637755102040594,cycles/inst
GPU[1].SA[6].CU[0],CPIStack.total,1.73405612244898,cycles/inst
GPU[1].SA[6].CU[0],SIMDCPIStack.Branch,0.00298804780876601,cycles/inst
GPU[1].SA[6].CU[0],SIMDCPIStack.Fetch,0.082669322709163,cycles/inst
GPU[1].SA[6].CU[0],SIMDCPIStack.Idle,0.000249003984063658,cycles/inst
GPU[1].SA[6].CU[0],SIMDCPIStack.ScalarInst,0.0136952191235056,cycles/inst
GPU[1].SA[6].CU[0],SIMDCPIStack.ScalarMem,0.0953685258964142,cycles/inst
GPU[1].SA[6].CU[0],SIMDCPIStack.ScalarMemInst,0.000747011952191397,cycles/inst
GPU[1].SA[6].CU[0],SIMDCPIStack.Special,0.0,cycles/inst
GPU[1].SA[6].CU[0],SIMDCPIStack.VALU,1.39990039840637,cycles/inst
GPU[1].SA[6].CU[0],SIMDCPIStack.VMem,0.0615039840637445,cycles/inst
GPU[1].SA[6].CU[0],SIMDCPIStack.VMemInst,0.000996015936254633,cycles/inst
GPU[1].SA[6].CU[0],SIMDCPIStack.total,2.70816733067729,cycles/inst
GPU[1].SA[6].CU[1],CPIStack.Branch,0.00223214285714289,cycles/inst
GPU[1].SA[6].CU[1],CPIStack.Fetch,0.0535714285714284,cycles/inst
GPU[1].SA[6].CU[1],CPIStack.Idle,0.000318877551020432,cycles/inst
GPU[1].SA[6].CU[1],CPIStack.ScalarInst,0.0165816326530614,cycles/inst
GPU[1].SA[6].CU[1],CPIStack.ScalarMem,0.0610650510204082,cycles/inst
GPU[1].SA[6].CU[1],CPIStack.ScalarMemInst,0.000478316326530716,cycles/inst
GPU[1].SA[6].CU[1],CPIStack.Special,0.000159438775510284,cycles/inst
GPU[1].SA[6].CU[1],CPIStack.VALU,0.899075255102041,cycles/inst
GPU[1].SA[6].CU[1],CPIStack.VMem,0.0315688775510205,cycles/inst
GPU[1].SA[6].CU[1],CPIStack.VMemInst,0.00318877551020405,cycles/inst
GPU[1].SA[6].CU[1],CPIStack.total,1.73405612244898,cycles/inst
GPU[1].SA[6].CU[1],SIMDCPIStack.Branch,0.00348605577689248,cycles/inst
GPU[1].SA[6].CU[1],SIMDCPIStack.Fetch,0.0836653386454181,cycles/inst
GPU[1].SA[6].CU[1],SIMDCPIStack.Idle,0.000498007968127527,cycles/inst
GPU[1].SA[6].CU[1],SIMDCPIStack.ScalarInst,0.0258964143426297,cycles/inst
GPU[1].SA[6].CU[1],SIMDCPIStack.ScalarMem,0.0953685258964144,cycles/inst
GPU[1].SA[6].CU[1],SIMDCPIStack.ScalarMemInst,0.000747011952191397,cycles/inst
GPU[1].SA[6].CU[1],SIMDCPIStack.Special,0.000249003984063869,cycles/inst
GPU[1].SA[6].CU[1],SIMDCPIStack.VALU,1.40413346613546,cycles/inst
GPU[1].SA[6].CU[1],SIMDCPIStack.VMem,0.0493027888446216,cycles/inst
GPU[1].SA[6].CU[1],SIMDCPIStack.VMemInst,0.00498007968127485,cycles/inst
GPU[1].SA[6].CU[1],SIMDCPIStack.total,2.70816733067729,cycles/inst
GPU[1].SA[6].CU[2],CPIStack.Branch,0.00207270408163261,cycles/inst
GPU[1].SA[6].CU[2],CPIStack.Fetch,0.053890306122449,cycles/inst
GPU[1].SA[6].CU[2],CPIStack.Idle,0.000159438775510149,cycles/inst
GPU[1].SA[6].CU[2],CPIStack.ScalarInst,0.0121173469387748,cycles/inst
GPU[1].SA[6].CU[2],CPIStack.ScalarMem,0.0735012755102039,cycles/inst
GPU[1].SA[6].CU[2],CPIStack.ScalarMemInst,0.000478316326530716,cycles/inst
GPU[1].SA[6].CU[2],CPIStack.Special,0.000159438775510013,cycles/inst
GPU[1].SA[6].CU[2],CPIStack.VALU,0.84327168367347,cycles/inst
GPU[1].SA[6].CU[2],CPIStack.VMem,0.047353316326531,cycles/inst
GPU[1].SA[6].CU[2],CPIStack.VMemInst,0.000159438775510013,cycles/inst
GPU[1].SA[6].CU[2],CPIStack.total,1.73405612244898,cycles/inst
GPU[1].SA[6].CU[2],SIMDCPIStack.Branch,0.00323705179282861,cycles/inst
GPU[1].SA[6].CU[2],SIMDCPIStack.Fetch,0.0841633466135458,cycles/inst
GPU[1].SA[6].CU[2],SIMDCPIStack.Idle,0.000249003984063658,cycles/inst
GPU[1].SA[6].CU[2],SIMDCPIStack.ScalarInst,0.0189243027888435,cycles/inst
GPU[1].SA[6].CU[2],SIMDCPIStack.ScalarMem,0.114790836653386,cycles/inst
GPU[1].SA[6].CU[2],SIMDCPIStack.ScalarMemInst,0.000747011952191397,cycles/inst
GPU[1].SA[6].CU[2],SIMDCPIStack.Special,0.000249003984063447,cycles/inst
GPU[1].SA[6].CU[2],SIMDCPIStack.VALU,1.31698207171315,cycles/inst
GPU[1].SA[6].CU[2],SIMDCPIStack.VMem,0.0739541832669329,cycles/inst
GPU[1].SA[6].CU[2],SIMDCPIStack.VMemInst,0.000249003984063447,cycles/inst
GPU[1].SA[6].CU[2],SIMDCPIStack.total,2.70816733067729,cycles/inst
GPU[1].SA[6].CU[3],CPIStack.Branch,0.00191326530612232,cycles/inst
GPU[1].SA[6].CU[3],CPIStack.Fetch,0.0529336734693877,cycles/inst
GPU[1].SA[6].CU[3],CPIStack.Idle,0.000159438775510149,cycles/inst
GPU[1].SA[6].CU[3],CPIStack.ScalarInst,0.011798469387755,cycles/inst
GPU[1].SA[6].CU[3],CPIStack.ScalarMem,0.0706313775510207,cycles/inst
GPU[1].SA[6].CU[3],CPIStack.ScalarMemInst,0.000478316326530581,cycles/inst
GPU[1].SA[6].CU[3],CPIStack.Special,0.0,cycles/inst
GPU[1].SA[6].CU[3],CPIStack.VALU,0.855867346938775,cycles/inst
GPU[1].SA[6].CU[3],CPIStack.VMem,0.0583545918367352,cycles/inst
GPU[1].SA[6].CU[3],CPIStack.VMemInst,0.00255102040816319,cycles/inst
GPU[1].SA[6].CU[3],CPIStack.total,1.73405612244898,cycles/inst
GPU[1].SA[6].CU[3],SIMDCPIStack.Branch,0.00298804780876474,cycles/inst
GPU[1].SA[6].CU[3],SIMDCPIStack.Fetch,0.0826693227091632,cycles/inst
GPU[1].SA[6].CU[3],SIMDCPIStack.Idle,0.000249003984063658,cycles/inst
GPU[1].SA[6].CU[3],SIMDCPIStack.ScalarInst,0.018426294820717,cycles/inst
GPU[1].SA[6].CU[3],SIMDCPIStack.ScalarMem,0.110308764940239,cycles/inst
GPU[1].SA[6].CU[3],SIMDCPIStack.ScalarMemInst,0.000747011952191186,cycles/inst
GPU[1].SA[6].CU[3],SIMDCPIStack.Special,0.0,cycles/inst
GPU[1].SA[6].CU[3],SIMDCPIStack.VALU,1.33665338645418,cycles/inst
GPU[1].SA[6].CU[3],SIMDCPIStack.VMem,0.0911354581673314,cycles/inst
GPU[1].SA[6].CU[3],SIMDCPIStack.VMemInst,0.0039840637450198,cycles/inst
GPU[1].SA[6].CU[3],SIMDCPIStack.total,2.70816733067729,cycles/inst
GPU[1].SA[7].CU[0],CPIStack.Branch,0.00191326530612259,cycles/inst
GPU[1].SA[7].CU[0],CPIStack.Fetch,0.0529336734693875,cycles/inst
GPU[1].SA[7].CU[0],CPIStack.Idle,0.000159438775510149,cycles/inst
GPU[1].SA[7].CU[0],CPIStack.ScalarInst,0.0100446428571425,cycles/inst
GPU[1].SA[7].CU[0],CPIStack.ScalarMem,0.0602678571428569,cycles/inst
GPU[1].SA[7].CU[0],CPIStack.ScalarMemInst,0.000478316326530716,cycles/inst
GPU[1].SA[7].CU[0],CPIStack.Special,0.000159438775510013,cycles/inst
GPU[1].SA[7].CU[0],CPIStack.VALU,0.899234693877551,cycles/inst
GPU[1].SA[7].CU[0],CPIStack.VMem,0.0334821428571433,cycles/inst
GPU[1].SA[7].CU[0],CPIStack.VMemInst,0.000318877551020567,cycles/inst
GPU[1].SA[7].CU[0],CPIStack.total,1.73405612244898,cycles/inst
GPU[1].SA[7].CU[0],SIMDCPIStack.Branch,0.00298804780876516,cycles/inst
GPU[1].SA[7].CU[0],SIMDCPIStack.Fetch,0.082669322709163,cycles/inst
GPU[1].SA[7].CU[0],SIMDCPIStack.Idle,0.000249003984063658,cycles/inst
GPU[1].SA[7].CU[0],SIMDCPIStack.ScalarInst,0.0156872509960153,cycles/inst
GPU[1].SA[7].CU[0],SIMDCPIStack.ScalarMem,0.0941235059760953,cycles/inst
GPU[1].SA[7].CU[0],SIMDCPIStack.ScalarMemInst,0.000747011952191397,cycles/inst
GPU[1].SA[7].CU[0],SIMDCPIStack.Special,0.000249003984063447,cycles/inst
GPU[1].SA[7].CU[0],SIMDCPIStack.VALU,1.40438247011952,cycles/inst
GPU[1].SA[7].CU[0],SIMDCPIStack.VMem,0.0522908366533872,cycles/inst
GPU[1].SA[7].CU[0],SIMDCPIStack.VMemInst,0.000498007968127738,cycles/inst
GPU[1].SA[7].CU[0],SIMDCPIStack.total,2.70816733067729,cycles/inst
GPU[1].SA[7].CU[1],CPIStack.Branch,0.0023915816326529,cycles/inst
GPU[1].SA[7].CU[1],CPIStack.Fetch,0.0548469387755101,cycles/inst
GPU[1].SA[7].CU[1],CPIStack.Idle,0.000318877551020432,cycles/inst
GPU[1].SA[7].CU[1],CPIStack.ScalarInst,0.0172193877551017,cycles/inst
GPU[1].SA[7].CU[1],CPIStack.ScalarMem,0.0621811224489794,cycles/inst
GPU[1].SA[7].CU[1],CPIStack.ScalarMemInst,0.00111607142857158,cycles/inst
GPU[1].SA[7].CU[1],CPIStack.Special,0.000159438775510013,cycles/inst
GPU[1].SA[7].CU[1],CPIStack.VALU,0.928252551020409,cycles/inst
GPU[1].SA[7].CU[1],CPIStack.VMem,0.0368303571428574,cycles/inst
GPU[1].SA[7].CU[1],CPIStack.VMemInst,0.00446428571428578,cycles/inst
GPU[1].SA[7].CU[1],CPIStack.total,1.73405612244898,cycles/inst
GPU[1].SA[7].CU[1],SIMDCPIStack.Branch,0.00373505976095593,cycles/inst
GPU[1].SA[7].CU[1],SIMDCPIStack.Fetch,0.0856573705179282,cycles/inst
GPU[1].SA[7].CU[1],SIMDCPIStack.Idle,0.000498007968127527,cycles/inst
GPU[1].SA[7].CU[1],SIMDCPIStack.ScalarInst,0.026892430278884,cycles/inst
GPU[1].SA[7].CU[1],SIMDCPIStack.ScalarMem,0.0971115537848603,cycles/inst
GPU[1].SA[7].CU[1],SIMDCPIStack.ScalarMemInst,0.00174302788844645,cycles/inst
GPU[1].SA[7].CU[1],SIMDCPIStack.Special,0.000249003984063447,cycles/inst
GPU[1].SA[7].CU[1],SIMDCPIStack.VALU,1.44970119521912,cycles/inst
GPU[1].SA[7].CU[1],SIMDCPIStack.VMem,0.0575199203187255,cycles/inst
GPU[1].SA[7].CU[1],SIMDCPIStack.VMemInst,0.00697211155378496,cycles/inst
GPU[1].SA[7].CU[1],SIMDCPIStack.total,2.70816733067729,cycles/inst
GPU[1].SA[7].CU[2],CPIStack.Branch,0.00191326530612286,cycles/inst
GPU[1].SA[7].CU[2],CPIStack.Fetch,0.055484693877551,cycles/inst
GPU[1].SA[7].CU[2],CPIStack.Idle,0.000318877551020432,cycles/inst
GPU[1].SA[7].CU[2],CPIStack.ScalarInst,0.0218431122448975,cycles/inst
GPU[1].SA[7].CU[2],CPIStack.ScalarMem,0.0749362244897956,cycles/inst
GPU[1].SA[7].CU[2],CPIStack.ScalarMemInst,0.000956632653061296,cycles/inst
GPU[1].SA[7].CU[2],CPIStack.Special,0.000159438775510284,cycles/inst
GPU[1].SA[7].CU[2],CPIStack.VALU,0.900988520408163,cycles/inst
GPU[1].SA[7].CU[2],CPIStack.VMem,0.0500637755102042,cycles/inst
GPU[1].SA[7].CU[2],CPIStack.VMemInst,0.00526147959183693,cycles/inst
GPU[1].SA[7].CU[2],CPIStack.total,1.73405612244898,cycles/inst
GPU[1].SA[7].CU[2],SIMDCPIStack.Branch,0.00298804780876559,cycles/inst
GPU[1].SA[7].CU[2],SIMDCPIStack.Fetch,0.0866533864541832,cycles/inst
GPU[1].SA[7].CU[2],SIMDCPIStack.Idle,0.000498007968127527,cycles/inst
GPU[1].SA[7].CU[2],SIMDCPIStack.ScalarInst,0.0341135458167324,cycles/inst
GPU[1].SA[7].CU[2],SIMDCPIStack.ScalarMem,0.11703187250996,cycles/inst
GPU[1].SA[7].CU[2],SIMDCPIStack.ScalarMemInst,0.00149402390438258,cycles/inst
GPU[1].SA[7].CU[2],SIMDCPIStack.Special,0.000249003984063869,cycles/inst
GPU[1].SA[7].CU[2],SIMDCPIStack.VALU,1.40712151394422,cycles/inst
GPU[1].SA[7].CU[2],SIMDCPIStack.VMem,0.0781872509960161,cycles/inst
GPU[1].SA[7].CU[2],SIMDCPIStack.VMemInst,0.00821713147410389,cycles/inst
GPU[1].SA[7].CU[2],SIMDCPIStack.total,2.70816733067729,cycles/inst
GPU[1].SA[7].CU[3],CPIStack.Branch,0.00366709183673463,cycles/inst
GPU[1].SA[7].CU[3],CPIStack.Fetch,0.0577168367346938,cycles/inst
GPU[1].SA[7].CU[3],CPIStack.Idle,0.000478316326530716,cycles/inst
GPU[1].SA[7].CU[3],CPIStack.ScalarInst,0.0200892857142852,cycles/inst
GPU[1].SA[7].CU[3],CPIStack.ScalarMem,0.0739795918367353,cycles/inst
GPU[1].SA[7].CU[3],CPIStack.ScalarMemInst,0.00143494897959174,cycles/inst
GPU[1].SA[7].CU[3],CPIStack.Special,0.000318877551020567,cycles/inst
GPU[1].SA[7].CU[3],CPIStack.VALU,0.877391581632653,cycles/inst
GPU[1].SA[7].CU[3],CPIStack.VMem,0.0650510204081633,cycles/inst
GPU[1].SA[7].CU[3],CPIStack.VMemInst,0.00446428571428578,cycles/inst
GPU[1].SA[7].CU[3],CPIStack.total,1.73405612244898,cycles/inst
GPU[1].SA[7].CU[3],SIMDCPIStack.Branch,0.00572709163346604,cycles/inst
GPU[1].SA[7].CU[3],SIMDCPIStack.Fetch,0.0901394422310755,cycles/inst
GPU[1].SA[7].CU[3],SIMDCPIStack.Idle,0.000747011952191397,cycles/inst
GPU[1].SA[7].CU[3],SIMDCPIStack.ScalarInst,0.0313745019920311,cycles/inst
GPU[1].SA[7].CU[3],SIMDCPIStack.ScalarMem,0.115537848605579,cycles/inst
GPU[1].SA[7].CU[3],SIMDCPIStack.ScalarMemInst,0.00224103585657356,cycles/inst
GPU[1].SA[7].CU[3],SIMDCPIStack.Special,0.000498007968127738,cycles/inst
GPU[1].SA[7].CU[3],SIMDCPIStack.VALU,1.37026892430279,cycles/inst
GPU[1].SA[7].CU[3],SIMDCPIStack.VMem,0.101593625498008,cycles/inst
GPU[1].SA[7].CU[3],SIMDCPIStack.VMemInst,0.00697211155378496,cycles/inst
GPU[1].SA[7].CU[3],SIMDCPIStack.total,2.70816733067729,cycles/inst
GPU[1].SA[8].CU[0],CPIStack.Branch,0.00191326530612259,cycles/inst
GPU[1].SA[8].CU[0],CPIStack.Fetch,0.0559630102040813,cycles/inst
GPU[1].SA[8].CU[0],CPIStack.Idle,0.000478316326530851,cycles/inst
GPU[1].SA[8].CU[0],CPIStack.ScalarInst,0.0148278061224485,cycles/inst
GPU[1].SA[8].CU[0],CPIStack.ScalarMem,0.0615433673469387,cycles/inst
GPU[1].SA[8].CU[0],CPIStack.ScalarMemInst,0.000956632653061296,cycles/inst
GPU[1].SA[8].CU[0],CPIStack.Special,0.000318877551020297,cycles/inst
GPU[1].SA[8].CU[0],CPIStack.VALU,0.930325255102041,cycles/inst
GPU[1].SA[8].CU[0],CPIStack.VMem,0.0344387755102042,cycles/inst
GPU[1].SA[8].CU[0],CPIStack.VMemInst,0.00446428571428578,cycles/inst
GPU[1].SA[8].CU[0],CPIStack.total,1.73389668367347,cycles/inst
GPU[1].SA[8].CU[0],SIMDCPIStack.Branch,0.00298804780876516,cycles/inst
GPU[1].SA[8].CU[0],SIMDCPIStack.Fetch,0.087400398406374,cycles/inst
GPU[1].SA[8].CU[0],SIMDCPIStack.Idle,0.000747011952191608,cycles/inst
GPU[1].SA[8].CU[0],SIMDCPIStack.ScalarInst,0.0231573705179276,cycles/inst
GPU[1].SA[8].CU[0],SIMDCPIStack.ScalarMem,0.0961155378486054,cycles/inst
GPU[1].SA[8].CU[0],SIMDCPIStack.ScalarMemInst,0.00149402390438258,cycles/inst
GPU[1].SA[8].CU[0],SIMDCPIStack.Special,0.000498007968127317,cycles/inst
GPU[1].SA[8].CU[0],SIMDCPIStack.VALU,1.45293824701195,cycles/inst
GPU[1].SA[8].CU[0],SIMDCPIStack.VMem,0.0537848605577692,cycles/inst
GPU[1].SA[8].CU[0],SIMDCPIStack.VMemInst,0.00697211155378496,cycles/inst
GPU[1].SA[8].CU[0],SIMDCPIStack.total,2.70791832669323,cycles/inst
GPU[1].SA[8].CU[1],CPIStack.Branch,0.00175382653061204,cycles/inst
GPU[1].SA[8].CU[1],CPIStack.Fetch,0.0530931122448978,cycles/inst
GPU[1].SA[8].CU[1],CPIStack.Idle,0.000159438775510284,cycles/inst
GPU[1].SA[8].CU[1],CPIStack.ScalarInst,0.0207270408163271,cycles/inst
GPU[1].SA[8].CU[1],CPIStack.ScalarMem,0.0621811224489794,cycles/inst
GPU[1].SA[8].CU[1],CPIStack.ScalarMemInst,0.000478316326530716,cycles/inst
GPU[1].SA[8].CU[1],CPIStack.Special,0.000159438775510284,cycles/inst
GPU[1].SA[8].CU[1],CPIStack.VALU,0.959343112244897,cycles/inst
GPU[1].SA[8].CU[1],CPIStack.VMem,0.0494260204081636,cycles/inst
GPU[1].SA[8].CU[1],CPIStack.VMemInst,0.00111607142857117,cycles/inst
GPU[1].SA[8].CU[1],CPIStack.total,1.73389668367347,cycles/inst
GPU[1].SA[8].CU[1],SIMDCPIStack.Branch,0.00273904382470087,cycles/inst
GPU[1].SA[8].CU[1],SIMDCPIStack.Fetch,0.0829183266932269,cycles/inst
GPU[1].SA[8].CU[1],SIMDCPIStack.Idle,0.000249003984063869,cycles/inst
GPU[1].SA[8].CU[1],SIMDCPIStack.ScalarInst,0.0323705179282878,cycles/inst
GPU[1].SA[8].CU[1],SIMDCPIStack.ScalarMem,0.0971115537848603,cycles/inst
GPU[1].SA[8].CU[1],SIMDCPIStack.ScalarMemInst,0.000747011952191397,cycles/inst
GPU[1].SA[8].CU[1],SIMDCPIStack.Special,0.000249003984063869,cycles/inst
GPU[1].SA[8].CU[1],SIMDCPIStack.VALU,1.49825697211155,cycles/inst
GPU[1].SA[8].CU[1],SIMDCPIStack.VMem,0.0771912350597615,cycles/inst
GPU[1].SA[8].CU[1],SIMDCPIStack.VMemInst,0.00174302788844582,cycles/inst
GPU[1].SA[8].CU[1],SIMDCPIStack.total,2.70791832669323,cycles/inst
GPU[1].SA[8].CU[2],CPIStack.Branch,0.00207270408163288,cycles/inst
GPU[1].SA[8].CU[2],CPIStack.Fetch,0.0553252551020407,cycles/inst
GPU[1].SA[8].CU[2],CPIStack.Idle,0.000318877551020567,cycles/inst
GPU[1].SA[8].CU[2],CPIStack.ScalarInst,0.0169005102040817,cycles/inst
GPU[1].SA[8].CU[2],CPIStack.ScalarMem,0.0741390306122445,cycles/inst
GPU[1].SA[8].CU[2],CPIStack.ScalarMemInst,0.000956632653061566,cycles/inst
GPU[1].SA[8].CU[2],CPIStack.Special,0.000159438775510013,cycles/inst
GPU[1].SA[8].CU[2],CPIStack.VALU,0.874362244897959,cycles/inst
GPU[1].SA[8].CU[2],CPIStack.VMem,0.0519770408163263,cycles/inst
GPU[1].SA[8].CU[2],CPIStack.VMemInst,0.00446428571428551,cycles/inst
GPU[1].SA[8].CU[2],CPIStack.total,1.73389668367347,cycles/inst
GPU[1].SA[8].CU[2],SIMDCPIStack.Branch,0.00323705179282903,cycles/inst
GPU[1].SA[8].CU[2],SIMDCPIStack.Fetch,0.0864043824701194,cycles/inst
GPU[1].SA[8].CU[2],SIMDCPIStack.Idle,0.000498007968127738,cycles/inst
GPU[1].SA[8].CU[2],SIMDCPIStack.ScalarInst,0.0263944223107571,cycles/inst
GPU[1].SA[8].CU[2],SIMDCPIStack.ScalarMem,0.115786852589641,cycles/inst
GPU[1].SA[8].CU[2],SIMDCPIStack.ScalarMemInst,0.001494023904383,cycles/inst
GPU[1].SA[8].CU[2],SIMDCPIStack.Special,0.000249003984063447,cycles/inst
GPU[1].SA[8].CU[2],SIMDCPIStack.VALU,1.36553784860558,cycles/inst
GPU[1].SA[8].CU[2],SIMDCPIStack.VMem,0.0811752988047804,cycles/inst
GPU[1].SA[8].CU[2],SIMDCPIStack.VMemInst,0.00697211155378454,cycles/inst
GPU[1].SA[8].CU[2],SIMDCPIStack.total,2.70791832669323,cycles/inst
GPU[1].SA[8].CU[3],CPIStack.Branch,0.0033482142857146,cycles/inst
GPU[1].SA[8].CU[3],CPIStack.Fetch,0.0551658163265306,cycles/inst
GPU[1].SA[8].CU[3],CPIStack.Idle,0.000318877551020297,cycles/inst
GPU[1].SA[8].CU[3],CPIStack.ScalarInst,0.0235969387755098,cycles/inst
GPU[1].SA[8].CU[3],CPIStack.ScalarMem,0.0722257653061224,cycles/inst
GPU[1].SA[8].CU[3],CPIStack.ScalarMemInst,0.000478316326530581,cycles/inst
GPU[1].SA[8].CU[3],CPIStack.Special,0.0,cycles/inst
GPU[1].SA[8].CU[3],CPIStack.VALU,0.807876275510204,cycles/inst
GPU[1].SA[8].CU[3],CPIStack.VMem,0.0663265306122447,cycles/inst
GPU[1].SA[8].CU[3],CPIStack.VMemInst,0.00318877551020405,cycles/inst
GPU[1].SA[8].CU[3],CPIStack.total,1.73389668367347,cycles/inst
GPU[1].SA[8].CU[3],SIMDCPIStack.Branch,0.00522908366533914,cycles/inst
GPU[1].SA[8].CU[3],SIMDCPIStack.Fetch,0.0861553784860557,cycles/inst
GPU[1].SA[8].CU[3],SIMDCPIStack.Idle,0.000498007968127317,cycles/inst
GPU[1].SA[8].CU[3],SIMDCPIStack.ScalarInst,0.0368525896414337,cycles/inst
GPU[1].SA[8].CU[3],SIMDCPIStack.ScalarMem,0.112798804780876,cycles/inst
GPU[1].SA[8].CU[3],SIMDCPIStack.ScalarMemInst,0.000747011952191186,cycles/inst
GPU[1].SA[8].CU[3],SIMDCPIStack.Special,0.0,cycles/inst
GPU[1].SA[8].CU[3],SIMDCPIStack.VALU,1.261703187251,cycles/inst
GPU[1].SA[8].CU[3],SIMDCPIStack.VMem,0.103585657370518,cycles/inst
GPU[1].SA[8].CU[3],SIMDCPIStack.VMemInst,0.00498007968127485,cycles/inst
GPU[1].SA[8].CU[3],SIMDCPIStack.total,2.70791832669323,cycles/inst
GPU[1].SA[9].CU[0],CPIStack.Branch,0.00191326530612259,cycles/inst
GPU[1].SA[9].CU[0],CPIStack.Fetch,0.0529336734693875,cycles/inst
GPU[1].SA[9].CU[0],CPIStack.Idle,0.000318877551020297,cycles/inst
GPU[1].SA[9].CU[0],CPIStack.ScalarInst,0.010044642857143,cycles/inst
GPU[1].SA[9].CU[0],CPIStack.ScalarMem,0.0605867346938772,cycles/inst
GPU[1].SA[9].CU[0],CPIStack.ScalarMemInst,0.000478316326530716,cycles/inst
GPU[1].SA[9].CU[0],CPIStack.Special,0.000159438775510284,cycles/inst
GPU[1].SA[9].CU[0],CPIStack.VALU,0.931760204081633,cycles/inst
GPU[1].SA[9].CU[0],CPIStack.VMem,0.0317283163265305,cycles/inst
GPU[1].SA[9].CU[0],CPIStack.VMemInst,0.00318877551020405,cycles/inst
GPU[1].SA[9].CU[0],CPIStack.total,1.73389668367347,cycles/inst
GPU[1].SA[9].CU[0],SIMDCPIStack.Branch,0.00298804780876516,cycles/inst
GPU[1].SA[9].CU[0],SIMDCPIStack.Fetch,0.082669322709163,cycles/inst
GPU[1].SA[9].CU[0],SIMDCPIStack.Idle,0.000498007968127317,cycles/inst
GPU[1].SA[9].CU[0],SIMDCPIStack.ScalarInst,0.0156872509960162,cycles/inst
GPU[1].SA[9].CU[0],SIMDCPIStack.ScalarMem,0.0946215139442226,cycles/inst
GPU[1].SA[9].CU[0],SIMDCPIStack.ScalarMemInst,0.000747011952191397,cycles/inst
GPU[1].SA[9].CU[0],SIMDCPIStack.Special,0.000249003984063869,cycles/inst
GPU[1].SA[9].CU[0],SIMDCPIStack.VALU,1.45517928286853,cycles/inst
GPU[1].SA[9].CU[0],SIMDCPIStack.VMem,0.0495517928286851,cycles/inst
GPU[1].SA[9].CU[0],SIMDCPIStack.VMemInst,0.00498007968127485,cycles/inst
GPU[1].SA[9].CU[0],SIMDCPIStack.total,2.70791832669323,cycles/inst
GPU[1].SA[9].CU[1],CPIStack.Branch,0.00382653061224465,cycles/inst
GPU[1].SA[9].CU[1],CPIStack.Fetch,0.0593112244897956,cycles/inst
GPU[1].SA[9].CU[1],CPIStack.Idle,0.000637755102041134,cycles/inst
GPU[1].SA[9].CU[1],CPIStack.ScalarInst,0.027264030612245,cycles/inst
GPU[1].SA[9].CU[1],CPIStack.ScalarMem,0.0629783163265308,cycles/inst
GPU[1].SA[9].CU[1],CPIStack.ScalarMemInst,0.00143494897959188,cycles/inst
GPU[1].SA[9].CU[1],CPIStack.Special,0.000478316326530581,cycles/inst
GPU[1].SA[9].CU[1],CPIStack.VALU,0.906568877551021,cycles/inst
GPU[1].SA[9].CU[1],CPIStack.VMem,0.05500637755102,cycles/inst
GPU[1].SA[9].CU[1],CPIStack.VMemInst,0.00573979591836751,cycles/inst
GPU[1].SA[9].CU[1],CPIStack.total,1.73389668367347,cycles/inst
GPU[1].SA[9].CU[1],SIMDCPIStack.Branch,0.00597609561752949,cycles/inst
GPU[1].SA[9].CU[1],SIMDCPIStack.Fetch,0.0926294820717127,cycles/inst
GPU[1].SA[9].CU[1],SIMDCPIStack.Idle,0.000996015936255477,cycles/inst
GPU[1].SA[9].CU[1],SIMDCPIStack.ScalarInst,0.0425796812749005,cycles/inst
GPU[1].SA[9].CU[1],SIMDCPIStack.ScalarMem,0.0983565737051796,cycles/inst
GPU[1].SA[9].CU[1],SIMDCPIStack.ScalarMemInst,0.00224103585657377,cycles/inst
GPU[1].SA[9].CU[1],SIMDCPIStack.Special,0.000747011952191186,cycles/inst
GPU[1].SA[9].CU[1],SIMDCPIStack.VALU,1.41583665338645,cycles/inst
GPU[1].SA[9].CU[1],SIMDCPIStack.VMem,0.0859063745019914,cycles/inst
GPU[1].SA[9].CU[1],SIMDCPIStack.VMemInst,0.00896414342629507,cycles/inst
GPU[1].SA[9].CU[1],SIMDCPIStack.total,2.70791832669323,cycles/inst
GPU[1].SA[9].CU[2],CPIStack.Branch,0.00286989795918375,cycles/inst
GPU[1].SA[9].CU[2],CPIStack.Fetch,0.0537308673469387,cycles/inst
GPU[1].SA[9].CU[2],CPIStack.Idle,0.000159438775510284,cycles/inst
GPU[1].SA[9].CU[2],CPIStack.ScalarInst,0.0194515306122446,cycles/inst
GPU[1].SA[9].CU[2],CPIStack.ScalarMem,0.0746173469387756,cycles/inst
GPU[1].SA[9].CU[2],CPIStack.ScalarMemInst,0.000478316326530716,cycles/inst
GPU[1].SA[9].CU[2],CPIStack.Special,0.0,cycles/inst
GPU[1].SA[9].CU[2],CPIStack.VALU,0.884566326530612,cycles/inst
GPU[1].SA[9].CU[2],CPIStack.VMem,0.044642857142857,cycles/inst
GPU[1].SA[9].CU[2],CPIStack.VMemInst,0.0036670918367349,cycles/inst
GPU[1].SA[9].CU[2],CPIStack.total,1.73389668367347,cycles/inst
GPU[1].SA[9].CU[2],SIMDCPIStack.Branch,0.00448207171314754,cycles/inst
GPU[1].SA[9].CU[2],SIMDCPIStack.Fetch,0.0839143426294819,cycles/inst
GPU[1].SA[9].CU[2],SIMDCPIStack.Idle,0.000249003984063869,cycles/inst
GPU[1].SA[9].CU[2],SIMDCPIStack.ScalarInst,0.0303784860557764,cycles/inst
GPU[1].SA[9].CU[2],SIMDCPIStack.ScalarMem,0.116533864541833,cycles/inst
GPU[1].SA[9].CU[2],SIMDCPIStack.ScalarMemInst,0.000747011952191397,cycles/inst
GPU[1].SA[9].CU[2],SIMDCPIStack.Special,0.0,cycles/inst
GPU[1].SA[9].CU[2],SIMDCPIStack.VALU,1.38147410358566,cycles/inst
GPU[1].SA[9].CU[2],SIMDCPIStack.VMem,0.0697211155378484,cycles/inst
GPU[1].SA[9].CU[2],SIMDCPIStack.VMemInst,0.00572709163346646,cycles/inst
GPU[1].SA[9].CU[2],SIMDCPIStack.total,2.70791832669323,cycles/inst
GPU[1].SA[9].CU[3],CPIStack.Branch,0.00255102040816319,cycles/inst
GPU[1].SA[9].CU[3],CPIStack.Fetch,0.0527742346938774,cycles/inst
GPU[1].SA[9].CU[3],CPIStack.Idle,0.000159438775510284,cycles/inst
GPU[1].SA[9].CU[3],CPIStack.ScalarInst,0.0113201530612245,cycles/inst
GPU[1].SA[9].CU[3],CPIStack.ScalarMem,0.0698341836734695,cycles/inst
GPU[1].SA[9].CU[3],CPIStack.ScalarMemInst,0.000478316326530581,cycles/inst
GPU[1].SA[9].CU[3],CPIStack.Special,0.0,cycles/inst
GPU[1].SA[9].CU[3],CPIStack.VALU,0.884406887755102,cycles/inst
GPU[1].SA[9].CU[3],CPIStack.VMem,0.0427295918367347,cycles/inst
GPU[1].SA[9].CU[3],CPIStack.VMemInst,0.00207270408163288,cycles/inst
GPU[1].SA[9].CU[3],CPIStack.total,1.73389668367347,cycles/inst
GPU[1].SA[9].CU[3],SIMDCPIStack.Branch,0.0039840637450198,cycles/inst
GPU[1].SA[9].CU[3],SIMDCPIStack.Fetch,0.0824203187250994,cycles/inst
GPU[1].SA[9].CU[3],SIMDCPIStack.Idle,0.000249003984063869,cycles/inst
GPU[1].SA[9].CU[3],SIMDCPIStack.ScalarInst,0.0176792828685259,cycles/inst
GPU[1].SA[9].CU[3],SIMDCPIStack.ScalarMem,0.10906374501992,cycles/inst
GPU[1].SA[9].CU[3],SIMDCPIStack.ScalarMemInst,0.000747011952191186,cycles/inst
GPU[1].SA[9].CU[3],SIMDCPIStack.Special,0.0,cycles/inst
GPU[1].SA[9].CU[3],SIMDCPIStack.VALU,1.38122509960159,cycles/inst
GPU[1].SA[9].CU[3],SIMDCPIStack.VMem,0.0667330677290836,cycles/inst
GPU[1].SA[9].CU[3],SIMDCPIStack.VMemInst,0.00323705179282903,cycles/inst
GPU[1].SA[9].CU[3],SIMDCPIStack.total,2.70791832669323,cycles/inst
GPU[1].SA[10].CU[0],CPIStack.Branch,0.00239158163265344,cycles/inst
GPU[1].SA[10].CU[0],CPIStack.Fetch,0.0558035714285712,cycles/inst
GPU[1].SA[10].CU[0],CPIStack.Idle,0.000478316326530716,cycles/inst
GPU[1].SA[10].CU[0],CPIStack.ScalarInst,0.0127551020408162,cycles/inst
GPU[1].SA[10].CU[0],CPIStack.ScalarMem,0.0610650510204081,cycles/inst
GPU[1].SA[10].CU[0],CPIStack.ScalarMemInst,0.00143494897959188,cycles/inst
GPU[1].SA[10].CU[0],CPIStack.Special,0.000318877551020297,cycles/inst
GPU[1].SA[10].CU[0],CPIStack.VALU,0.985012755102041,cycles/inst
GPU[1].SA[10].CU[0],CPIStack.VMem,0.0339604591836734,cycles/inst
GPU[1].SA[10].CU[0],CPIStack.VMemInst,0.00573979591836751,cycles/inst
GPU[1].SA[10].CU[0],CPIStack.total,1.73373724489796,cycles/inst
GPU[1].SA[10].CU[0],SIMDCPIStack.Branch,0.00373505976095677,cycles/inst
GPU[1].SA[10].CU[0],SIMDCPIStack.Fetch,0.0871513944223103,cycles/inst
GPU[1].SA[10].CU[0],SIMDCPIStack.Idle,0.000747011952191397,cycles/inst
GPU[1].SA[10].CU[0],SIMDCPIStack.ScalarInst,0.0199203187250994,cycles/inst
GPU[1].SA[10].CU[0],SIMDCPIStack.ScalarMem,0.0953685258964142,cycles/inst
GPU[1].SA[10].CU[0],SIMDCPIStack.ScalarMemInst,0.00224103585657377,cycles/inst
GPU[1].SA[10].CU[0],SIMDCPIStack.Special,0.000498007968127317,cycles/inst
GPU[1].SA[10].CU[0],SIMDCPIStack.VALU,1.53834661354582,cycles/inst
GPU[1].SA[10].CU[0],SIMDCPIStack.VMem,0.0530378486055776,cycles/inst
GPU[1].SA[10].CU[0],SIMDCPIStack.VMemInst,0.00896414342629507,cycles/inst
GPU[1].SA[10].CU[0],SIMDCPIStack.total,2.70766932270916,cycles/inst
GPU[1].SA[10].CU[1],CPIStack.Branch,0.00239158163265317,cycles/inst
GPU[1].SA[10].CU[1],CPIStack.Fetch,0.0538903061224488,cycles/inst
GPU[1].SA[10].CU[1],CPIStack.Idle,0.000159438775510149,cycles/inst
GPU[1].SA[10].CU[1],CPIStack.ScalarInst,0.0176977040816326,cycles/inst
GPU[1].SA[10].CU[1],CPIStack.ScalarMem,0.0618622448979591,cycles/inst
GPU[1].SA[10].CU[1],CPIStack.ScalarMemInst,0.000478316326530716,cycles/inst
GPU[1].SA[10].CU[1],CPIStack.Special,0.000159438775510284,cycles/inst
GPU[1].SA[10].CU[1],CPIStack.VALU,0.893973214285714,cycles/inst
GPU[1].SA[10].CU[1],CPIStack.VMem,0.0425701530612244,cycles/inst
GPU[1].SA[10].CU[1],CPIStack.VMemInst,0.00239158163265317,cycles/inst
GPU[1].SA[10].CU[1],CPIStack.total,1.73373724489796,cycles/inst
GPU[1].SA[10].CU[1],SIMDCPIStack.Branch,0.00373505976095635,cycles/inst
GPU[1].SA[10].CU[1],SIMDCPIStack.Fetch,0.0841633466135456,cycles/inst
GPU[1].SA[10].CU[1],SIMDCPIStack.Idle,0.000249003984063658,cycles/inst
GPU[1].SA[10].CU[1],SIMDCPIStack.ScalarInst,0.0276394422310756,cycles/inst
GPU[1].SA[10].CU[1],SIMDCPIStack.ScalarMem,0.0966135458167329,cycles/inst
GPU[1].SA[10].CU[1],SIMDCPIStack.ScalarMemInst,0.000747011952191397,cycles/inst
GPU[1].SA[10].CU[1],SIMDCPIStack.Special,0.000249003984063869,cycles/inst
GPU[1].SA[10].CU[1],SIMDCPIStack.VALU,1.39616533864542,cycles/inst
GPU[1].SA[10].CU[1],SIMDCPIStack.VMem,0.0664840637450198,cycles/inst
GPU[1].SA[10].CU[1],SIMDCPIStack.VMemInst,0.00373505976095635,cycles/inst
GPU[1].SA[10].CU[1],SIMDCPIStack.total,2.70766932270916,cycles/inst
GPU[1].SA[10].CU[2],CPIStack.Branch,0.00255102040816346,cycles/inst
GPU[1].SA[10].CU[2],CPIStack.Fetch,0.0551658163265306,cycles/inst
GPU[1].SA[10].CU[2],CPIStack.Idle,0.000318877551020432,cycles/inst
GPU[1].SA[10].CU[2],CPIStack.ScalarInst,0.0165816326530614,cycles/inst
GPU[1].SA[10].CU[2],CPIStack.ScalarMem,0.0733418367346939,cycles/inst
GPU[1].SA[10].CU[2],CPIStack.ScalarMemInst,0.000956632653061296,cycles/inst
GPU[1].SA[10].CU[2],CPIStack.Special,0.000159438775510284,cycles/inst
GPU[1].SA[10].CU[2],CPIStack.VALU,0.910395408163264,cycles/inst
GPU[1].SA[10].CU[2],CPIStack.VMem,0.0427295918367347,cycles/inst
GPU[1].SA[10].CU[2],CPIStack.VMemInst,0.00478316326530635,cycles/inst
GPU[1].SA[10].CU[2],CPIStack.total,1.73373724489796,cycles/inst
GPU[1].SA[10].CU[2],SIMDCPIStack.Branch,0.00398406374502022,cycles/inst
GPU[1].SA[10].CU[2],SIMDCPIStack.Fetch,0.0861553784860557,cycles/inst
GPU[1].SA[10].CU[2],SIMDCPIStack.Idle,0.000498007968127527,cycles/inst
GPU[1].SA[10].CU[2],SIMDCPIStack.ScalarInst,0.0258964143426297,cycles/inst
GPU[1].SA[10].CU[2],SIMDCPIStack.ScalarMem,0.114541832669323,cycles/inst
GPU[1].SA[10].CU[2],SIMDCPIStack.ScalarMemInst,0.00149402390438258,cycles/inst
GPU[1].SA[10].CU[2],SIMDCPIStack.Special,0.000249003984063869,cycles/inst
GPU[1].SA[10].CU[2],SIMDCPIStack.VALU,1.42181274900398,cycles/inst
GPU[1].SA[10].CU[2],SIMDCPIStack.VMem,0.0667330677290836,cycles/inst
GPU[1].SA[10].CU[2],SIMDCPIStack.VMemInst,0.0074701195219127,cycles/inst
GPU[1].SA[10].CU[2],SIMDCPIStack.total,2.70766932270916,cycles/inst
GPU[1].SA[10].CU[3],CPIStack.Branch,0.00302933673469431,cycles/inst
GPU[1].SA[10].CU[3],CPIStack.Fetch,0.0526147959183672,cycles/inst
GPU[1].SA[10].CU[3],CPIStack.Idle,0.000159438775510149,cycles/inst
GPU[1].SA[10].CU[3],CPIStack.ScalarInst,0.00908801020408157,cycles/inst
GPU[1].SA[10].CU[3],CPIStack.ScalarMem,0.0698341836734695,cycles/inst
GPU[1].SA[10].CU[3],CPIStack.ScalarMemInst,0.000956632653061161,cycles/inst
GPU[1].SA[10].CU[3],CPIStack.Special,0.0,cycles/inst
GPU[1].SA[10].CU[3],CPIStack.VALU,0.907525510204082,cycles/inst
GPU[1].SA[10].CU[3],CPIStack.VMem,0.034757653061224,cycles/inst
GPU[1].SA[10].CU[3],CPIStack.VMemInst,0.00350765306122435,cycles/inst
GPU[1].SA[10].CU[3],CPIStack.total,1.73373724489796,cycles/inst
GPU[1].SA[10].CU[3],SIMDCPIStack.Branch,0.00473107569721183,cycles/inst
GPU[1].SA[10].CU[3],SIMDCPIStack.Fetch,0.0821713147410357,cycles/inst
GPU[1].SA[10].CU[3],SIMDCPIStack.Idle,0.000249003984063658,cycles/inst
GPU[1].SA[10].CU[3],SIMDCPIStack.ScalarInst,0.0141932270916334,cycles/inst
GPU[1].SA[10].CU[3],SIMDCPIStack.ScalarMem,0.10906374501992,cycles/inst
GPU[1].SA[10].CU[3],SIMDCPIStack.ScalarMemInst,0.00149402390438237,cycles/inst
GPU[1].SA[10].CU[3],SIMDCPIStack.Special,0.0,cycles/inst
GPU[1].SA[10].CU[3],SIMDCPIStack.VALU,1.41733067729084,cycles/inst
GPU[1].SA[10].CU[3],SIMDCPIStack.VMem,0.0542828685258956,cycles/inst
GPU[1].SA[10].CU[3],SIMDCPIStack.VMemInst,0.00547808764940217,cycles/inst
GPU[1].SA[10].CU[3],SIMDCPIStack.total,2.70766932270916,cycles/inst
GPU[1].SA[11].CU[0],CPIStack.Branch,0.00286989795918402,cycles/inst
GPU[1].SA[11].CU[0],CPIStack.Fetch,0.0573979591836732,cycles/inst
GPU[1].SA[11].CU[0],CPIStack.Idle,0.000637755102040729,cycles/inst
GPU[1].SA[11].CU[0],CPIStack.ScalarInst,0.0194515306122446,cycles/inst
GPU[1].SA[11].CU[0],CPIStack.ScalarMem,0.0626594387755101,cycles/inst
GPU[1].SA[11].CU[0],CPIStack.ScalarMemInst,0.00143494897959215,cycles/inst
GPU[1].SA[11].CU[0],CPIStack.Special,0.000478316326530581,cycles/inst
GPU[1].SA[11].CU[0],CPIStack.VALU,0.961415816326531,cycles/inst
GPU[1].SA[11].CU[0],CPIStack.VMem,0.0393813775510206,cycles/inst
GPU[1].SA[11].CU[0],CPIStack.VMemInst,0.00573979591836697,cycles/inst
GPU[1].SA[11].CU[0],CPIStack.total,1.73373724489796,cycles/inst
GPU[1].SA[11].CU[0],SIMDCPIStack.Branch,0.00448207171314796,cycles/inst
GPU[1].SA[11].CU[0],SIMDCPIStack.Fetch,0.0896414342629478,cycles/inst
GPU[1].SA[11].CU[0],SIMDCPIStack.Idle,0.000996015936254844,cycles/inst
GPU[1].SA[11].CU[0],SIMDCPIStack.ScalarInst,0.0303784860557764,cycles/inst
GPU[1].SA[11].CU[0],SIMDCPIStack.ScalarMem,0.0978585657370517,cycles/inst
GPU[1].SA[11].CU[0],SIMDCPIStack.ScalarMemInst,0.00224103585657419,cycles/inst
GPU[1].SA[11].CU[0],SIMDCPIStack.Special,0.000747011952191186,cycles/inst
GPU[1].SA[11].CU[0],SIMDCPIStack.VALU,1.50149402390438,cycles/inst
GPU[1].SA[11].CU[0],SIMDCPIStack.VMem,0.0615039840637453,cycles/inst
GPU[1].SA[11].CU[0],SIMDCPIStack.VMemInst,0.00896414342629423,cycles/inst
GPU[1].SA[11].CU[0],SIMDCPIStack.total,2.70766932270916,cycles/inst
GPU[1].SA[11].CU[1],CPIStack.Branch,0.00430484693877577,cycles/inst
GPU[1].SA[11].CU[1],CPIStack.Fetch,0.056441326530612,cycles/inst
GPU[1].SA[11].CU[1],CPIStack.Idle,0.000478316326530446,cycles/inst
GPU[1].SA[11].CU[1],CPIStack.ScalarInst,0.0227997448979597,cycles/inst
GPU[1].SA[11].CU[1],CPIStack.ScalarMem,0.0632971938775511,cycles/inst
GPU[1].SA[11].CU[1],CPIStack.ScalarMemInst,0.00127551020408159,cycles/inst
GPU[1].SA[11].CU[1],CPIStack.Special,0.000478316326530851,cycles/inst
GPU[1].SA[11].CU[1],CPIStack.VALU,0.956792091836734,cycles/inst
GPU[1].SA[11].CU[1],CPIStack.VMem,0.0446428571428567,cycles/inst
GPU[1].SA[11].CU[1],CPIStack.VMemInst,0.00446428571428578,cycles/inst
GPU[1].SA[11].CU[1],CPIStack.total,1.73373724489796,cycles/inst
GPU[1].SA[11].CU[1],SIMDCPIStack.Branch,0.00672310756972152,cycles/inst
GPU[1].SA[11].CU[1],SIMDCPIStack.Fetch,0.0881474103585654,cycles/inst
GPU[1].SA[11].CU[1],SIMDCPIStack.Idle,0.000747011952190975,cycles/inst
GPU[1].SA[11].CU[1],SIMDCPIStack.ScalarInst,0.0356075697211164,cycles/inst
GPU[1].SA[11].CU[1],SIMDCPIStack.ScalarMem,0.0988545816733069,cycles/inst
GPU[1].SA[11].CU[1],SIMDCPIStack.ScalarMemInst,0.0019920318725099,cycles/inst
GPU[1].SA[11].CU[1],SIMDCPIStack.Special,0.000747011952191608,cycles/inst
GPU[1].SA[11].CU[1],SIMDCPIStack.VALU,1.49427290836653,cycles/inst
GPU[1].SA[11].CU[1],SIMDCPIStack.VMem,0.0697211155378479,cycles/inst
GPU[1].SA[11].CU[1],SIMDCPIStack.VMemInst,0.00697211155378496,cycles/inst
GPU[1].SA[11].CU[1],SIMDCPIStack.total,2.70766932270916,cycles/inst
GPU[1].SA[11].CU[2],CPIStack.Branch,0.00446428571428578,cycles/inst
GPU[1].SA[11].CU[2],CPIStack.Fetch,0.0554846938775514,cycles/inst
GPU[1].SA[11].CU[2],CPIStack.Idle,0.000318877551020162,cycles/inst
GPU[1].SA[11].CU[2],CPIStack.ScalarInst,0.0227997448979587,cycles/inst
GPU[1].SA[11].CU[2],CPIStack.ScalarMem,0.0747767857142859,cycles/inst
GPU[1].SA[11].CU[2],CPIStack.ScalarMemInst,0.000956632653061296,cycles/inst
GPU[1].SA[11].CU[2],CPIStack.Special,0.000318877551020567,cycles/inst
GPU[1].SA[11].CU[2],CPIStack.VALU,0.874043367346938,cycles/inst
GPU[1].SA[11].CU[2],CPIStack.VMem,0.0448022959183678,cycles/inst
GPU[1].SA[11].CU[2],CPIStack.VMemInst,0.00446428571428578,cycles/inst
GPU[1].SA[11].CU[2],CPIStack.total,1.73373724489796,cycles/inst
GPU[1].SA[11].CU[2],SIMDCPIStack.Branch,0.00697211155378496,cycles/inst
GPU[1].SA[11].CU[2],SIMDCPIStack.Fetch,0.0866533864541839,cycles/inst
GPU[1].SA[11].CU[2],SIMDCPIStack.Idle,0.000498007968127106,cycles/inst
GPU[1].SA[11].CU[2],SIMDCPIStack.ScalarInst,0.0356075697211147,cycles/inst
GPU[1].SA[11].CU[2],SIMDCPIStack.ScalarMem,0.116782868525897,cycles/inst
GPU[1].SA[11].CU[2],SIMDCPIStack.ScalarMemInst,0.00149402390438258,cycles/inst
GPU[1].SA[11].CU[2],SIMDCPIStack.Special,0.000498007968127738,cycles/inst
GPU[1].SA[11].CU[2],SIMDCPIStack.VALU,1.36503984063745,cycles/inst
GPU[1].SA[11].CU[2],SIMDCPIStack.VMem,0.0699701195219131,cycles/inst
GPU[1].SA[11].CU[2],SIMDCPIStack.VMemInst,0.00697211155378496,cycles/inst
GPU[1].SA[11].CU[2],SIMDCPIStack.total,2.70766932270916,cycles/inst
GPU[1].SA[11].CU[3],CPIStack.Branch,0.00302933673469377,cycles/inst
GPU[1].SA[11].CU[3],CPIStack.Fetch,0.0558035714285713,cycles/inst
GPU[1].SA[11].CU[3],CPIStack.Idle,0.000478316326530716,cycles/inst
GPU[1].SA[11].CU[3],CPIStack.ScalarInst,0.0145089285714282,cycles/inst
GPU[1].SA[11].CU[3],CPIStack.ScalarMem,0.0723852040816327,cycles/inst
GPU[1].SA[11].CU[3],CPIStack.ScalarMemInst,0.000956632653061161,cycles/inst
GPU[1].SA[11].CU[3],CPIStack.Special,0.000318877551020297,cycles/inst
GPU[1].SA[11].CU[3],CPIStack.VALU,0.926658163265306,cycles/inst
GPU[1].SA[11].CU[3],CPIStack.VMem,0.0438456632653064,cycles/inst
GPU[1].SA[11].CU[3],CPIStack.VMemInst,0.00446428571428578,cycles/inst
GPU[1].SA[11].CU[3],CPIStack.total,1.73373724489796,cycles/inst
GPU[1].SA[11].CU[3],SIMDCPIStack.Branch,0.00473107569721098,cycles/inst
GPU[1].SA[11].CU[3],SIMDCPIStack.Fetch,0.0871513944223106,cycles/inst
GPU[1].SA[11].CU[3],SIMDCPIStack.Idle,0.000747011952191397,cycles/inst
GPU[1].SA[11].CU[3],SIMDCPIStack.ScalarInst,0.0226593625498003,cycles/inst
GPU[1].SA[11].CU[3],SIMDCPIStack.ScalarMem,0.11304780876494,cycles/inst
GPU[1].SA[11].CU[3],SIMDCPIStack.ScalarMemInst,0.00149402390438237,cycles/inst
GPU[1].SA[11].CU[3],SIMDCPIStack.Special,0.000498007968127317,cycles/inst
GPU[1].SA[11].CU[3],SIMDCPIStack.VALU,1.44721115537849,cycles/inst
GPU[1].SA[11].CU[3],SIMDCPIStack.VMem,0.0684760956175303,cycles/inst
GPU[1].SA[11].CU[3],SIMDCPIStack.VMemInst,0.00697211155378496,cycles/inst
GPU[1].SA[11].CU[3],SIMDCPIStack.total,2.70766932270916,cycles/inst
GPU[1].SA[12].CU[0],CPIStack.Branch,0.00255102040816346,cycles/inst
GPU[1].SA[12].CU[0],CPIStack.Fetch,0.054049744897959,cycles/inst
GPU[1].SA[12].CU[0],CPIStack.Idle,0.000318877551020432,cycles/inst
GPU[1].SA[12].CU[0],CPIStack.ScalarInst,0.0125956632653059,cycles/inst
GPU[1].SA[12].CU[0],CPIStack.ScalarMem,0.0618622448979592,cycles/inst
GPU[1].SA[12].CU[0],CPIStack.ScalarMemInst,0.000956632653061296,cycles/inst
GPU[1].SA[12].CU[0],CPIStack.Special,0.000159438775510284,cycles/inst
GPU[1].SA[12].CU[0],CPIStack.VALU,0.975924744897959,cycles/inst
GPU[1].SA[12].CU[0],CPIStack.VMem,0.0279017857142856,cycles/inst
GPU[1].SA[12].CU[0],CPIStack.VMemInst,0.00605867346938754,cycles/inst
GPU[1].SA[12].CU[0],CPIStack.total,1.73357780612245,cycles/inst
GPU[1].SA[12].CU[0],SIMDCPIStack.Branch,0.00398406374502022,cycles/inst
GPU[1].SA[12].CU[0],SIMDCPIStack.Fetch,0.0844123505976093,cycles/inst
GPU[1].SA[12].CU[0],SIMDCPIStack.Idle,0.000498007968127527,cycles/inst
GPU[1].SA[12].CU[0],SIMDCPIStack.ScalarInst,0.0196713147410355,cycles/inst
GPU[1].SA[12].CU[0],SIMDCPIStack.ScalarMem,0.0966135458167331,cycles/inst
GPU[1].SA[12].CU[0],SIMDCPIStack.ScalarMemInst,0.00149402390438258,cycles/inst
GPU[1].SA[12].CU[0],SIMDCPIStack.Special,0.000249003984063869,cycles/inst
GPU[1].SA[12].CU[0],SIMDCPIStack.VALU,1.52415338645418,cycles/inst
GPU[1].SA[12].CU[0],SIMDCPIStack.VMem,0.0435756972111552,cycles/inst
GPU[1].SA[12].CU[0],SIMDCPIStack.VMemInst,0.00946215139442197,cycles/inst
GPU[1].SA[12].CU[0],SIMDCPIStack.total,2.7074203187251,cycles/inst
GPU[1].SA[12].CU[1],CPIStack.Branch,0.00223214285714316,cycles/inst
GPU[1].SA[12].CU[1],CPIStack.Fetch,0.0527742346938775,cycles/inst
GPU[1].SA[12].CU[1],CPIStack.Idle,0.000159438775510149,cycles/inst
GPU[1].SA[12].CU[1],CPIStack.ScalarInst,0.0113201530612245,cycles/inst
GPU[1].SA[12].CU[1],CPIStack.ScalarMem,0.0599489795918368,cycles/inst
GPU[1].SA[12].CU[1],CPIStack.ScalarMemInst,0.000637755102040999,cycles/inst
GPU[1].SA[12].CU[1],CPIStack.Special,0.0,cycles/inst
GPU[1].SA[12].CU[1],CPIStack.VALU,0.903380102040816,cycles/inst
GPU[1].SA[12].CU[1],CPIStack.VMem,0.0368303571428566,cycles/inst
GPU[1].SA[12].CU[1],CPIStack.VMemInst,0.00414540816326548,cycles/inst
GPU[1].SA[12].CU[1],CPIStack.total,1.73357780612245,cycles/inst
GPU[1].SA[12].CU[1],SIMDCPIStack.Branch,0.0034860557768929,cycles/inst
GPU[1].SA[12].CU[1],SIMDCPIStack.Fetch,0.0824203187250996,cycles/inst
GPU[1].SA[12].CU[1],SIMDCPIStack.Idle,0.000249003984063658,cycles/inst
GPU[1].SA[12].CU[1],SIMDCPIStack.ScalarInst,0.0176792828685259,cycles/inst
GPU[1].SA[12].CU[1],SIMDCPIStack.ScalarMem,0.0936254980079682,cycles/inst
GPU[1].SA[12].CU[1],SIMDCPIStack.ScalarMemInst,0.000996015936255266,cycles/inst
GPU[1].SA[12].CU[1],SIMDCPIStack.Special,0.0,cycles/inst
GPU[1].SA[12].CU[1],SIMDCPIStack.VALU,1.41085657370518,cycles/inst
GPU[1].SA[12].CU[1],SIMDCPIStack.VMem,0.0575199203187243,cycles/inst
GPU[1].SA[12].CU[1],SIMDCPIStack.VMemInst,0.00647410358565765,cycles/inst
GPU[1].SA[12].CU[1],SIMDCPIStack.total,2.7074203187251,cycles/inst
GPU[1].SA[12].CU[2],CPIStack.Branch,0.00223214285714289,cycles/inst
GPU[1].SA[12].CU[2],CPIStack.Fetch,0.053890306122449,cycles/inst
GPU[1].SA[12].CU[2],CPIStack.Idle,0.000318877551020432,cycles/inst
GPU[1].SA[12].CU[2],CPIStack.ScalarInst,0.0124362244897959,cycles/inst
GPU[1].SA[12].CU[2],CPIStack.ScalarMem,0.0739795918367347,cycles/inst
GPU[1].SA[12].CU[2],CPIStack.ScalarMemInst,0.000478316326530716,cycles/inst
GPU[1].SA[12].CU[2],CPIStack.Special,0.000159438775510013,cycles/inst
GPU[1].SA[12].CU[2],CPIStack.VALU,0.873405612244898,cycles/inst
GPU[1].SA[12].CU[2],CPIStack.VMem,0.0376275510204086,cycles/inst
GPU[1].SA[12].CU[2],CPIStack.VMemInst,0.00318877551020405,cycles/inst
GPU[1].SA[12].CU[2],CPIStack.total,1.73357780612245,cycles/inst
GPU[1].SA[12].CU[2],SIMDCPIStack.Branch,0.00348605577689248,cycles/inst
GPU[1].SA[12].CU[2],SIMDCPIStack.Fetch,0.0841633466135458,cycles/inst
GPU[1].SA[12].CU[2],SIMDCPIStack.Idle,0.000498007968127527,cycles/inst
GPU[1].SA[12].CU[2],SIMDCPIStack.ScalarInst,0.0194223107569721,cycles/inst
GPU[1].SA[12].CU[2],SIMDCPIStack.ScalarMem,0.115537848605578,cycles/inst
GPU[1].SA[12].CU[2],SIMDCPIStack.ScalarMemInst,0.000747011952191397,cycles/inst
GPU[1].SA[12].CU[2],SIMDCPIStack.Special,0.000249003984063447,cycles/inst
GPU[1].SA[12].CU[2],SIMDCPIStack.VALU,1.3640438247012,cycles/inst
GPU[1].SA[12].CU[2],SIMDCPIStack.VMem,0.0587649402390444,cycles/inst
GPU[1].SA[12].CU[2],SIMDCPIStack.VMemInst,0.00498007968127485,cycles/inst
GPU[1].SA[12].CU[2],SIMDCPIStack.total,2.7074203187251,cycles/inst
GPU[1].SA[12].CU[3],CPIStack.Branch,0.00398596938775493,cycles/inst
GPU[1].SA[12].CU[3],CPIStack.Fetch,0.053252551020408,cycles/inst
GPU[1].SA[12].CU[3],CPIStack.Idle,0.000159438775510149,cycles/inst
GPU[1].SA[12].CU[3],CPIStack.ScalarInst,0.0274234693877558,cycles/inst
GPU[1].SA[12].CU[3],CPIStack.ScalarMem,0.0725446428571427,cycles/inst
GPU[1].SA[12].CU[3],CPIStack.ScalarMemInst,0.00127551020408146,cycles/inst
GPU[1].SA[12].CU[3],CPIStack.Special,0.0,cycles/inst
GPU[1].SA[12].CU[3],CPIStack.VALU,0.860969387755102,cycles/inst
GPU[1].SA[12].CU[3],CPIStack.VMem,0.036033163265306,cycles/inst
GPU[1].SA[12].CU[3],CPIStack.VMemInst,0.00191326530612259,cycles/inst
GPU[1].SA[12].CU[3],CPIStack.total,1.73357780612245,cycles/inst
GPU[1].SA[12].CU[3],SIMDCPIStack.Branch,0.00622509960159335,cycles/inst
GPU[1].SA[12].CU[3],SIMDCPIStack.Fetch,0.0831673306772906,cycles/inst
GPU[1].SA[12].CU[3],SIMDCPIStack.Idle,0.000249003984063658,cycles/inst
GPU[1].SA[12].CU[3],SIMDCPIStack.ScalarInst,0.0428286852589653,cycles/inst
GPU[1].SA[12].CU[3],SIMDCPIStack.ScalarMem,0.113296812749004,cycles/inst
GPU[1].SA[12].CU[3],SIMDCPIStack.ScalarMemInst,0.00199203187250969,cycles/inst
GPU[1].SA[12].CU[3],SIMDCPIStack.Special,0.0,cycles/inst
GPU[1].SA[12].CU[3],SIMDCPIStack.VALU,1.34462151394422,cycles/inst
GPU[1].SA[12].CU[3],SIMDCPIStack.VMem,0.0562749003984062,cycles/inst
GPU[1].SA[12].CU[3],SIMDCPIStack.VMemInst,0.00298804780876516,cycles/inst
GPU[1].SA[12].CU[3],SIMDCPIStack.total,2.7074203187251,cycles/inst
GPU[1].SA[13].CU[0],CPIStack.Branch,0.00159438775510257,cycles/inst
GPU[1].SA[13].CU[0],CPIStack.Fetch,0.052455357142857,cycles/inst
GPU[1].SA[13].CU[0],CPIStack.Idle,0.000159438775510149,cycles/inst
GPU[1].SA[13].CU[0],CPIStack.ScalarInst,0.0108418367346933,cycles/inst
GPU[1].SA[13].CU[0],CPIStack.ScalarMem,0.0601084183673469,cycles/inst
GPU[1].SA[13].CU[0],CPIStack.ScalarMemInst,0.000478316326530716,cycles/inst
GPU[1].SA[13].CU[0],CPIStack.Special,0.0,cycles/inst
GPU[1].SA[13].CU[0],CPIStack.VALU,0.916294642857143,cycles/inst
GPU[1].SA[13].CU[0],CPIStack.VMem,0.0271045918367344,cycles/inst
GPU[1].SA[13].CU[0],CPIStack.VMemInst,0.00318877551020405,cycles/inst
GPU[1].SA[13].CU[0],CPIStack.total,1.73357780612245,cycles/inst
GPU[1].SA[13].CU[0],SIMDCPIStack.Branch,0.00249003984063827,cycles/inst
GPU[1].SA[13].CU[0],SIMDCPIStack.Fetch,0.0819223107569718,cycles/inst
GPU[1].SA[13].CU[0],SIMDCPIStack.Idle,0.000249003984063658,cycles/inst
GPU[1].SA[13].CU[0],SIMDCPIStack.ScalarInst,0.0169322709163338,cycles/inst
GPU[1].SA[13].CU[0],SIMDCPIStack.ScalarMem,0.0938745019920319,cycles/inst
GPU[1].SA[13].CU[0],SIMDCPIStack.ScalarMemInst,0.000747011952191397,cycles/inst
GPU[1].SA[13].CU[0],SIMDCPIStack.Special,0.0,cycles/inst
GPU[1].SA[13].CU[0],SIMDCPIStack.VALU,1.43102589641434,cycles/inst
GPU[1].SA[13].CU[0],SIMDCPIStack.VMem,0.0423306772908362,cycles/inst
GPU[1].SA[13].CU[0],SIMDCPIStack.VMemInst,0.00498007968127485,cycles/inst
GPU[1].SA[13].CU[0],SIMDCPIStack.total,2.7074203187251,cycles/inst
GPU[1].SA[13].CU[1],CPIStack.Branch,0.00175382653061231,cycles/inst
GPU[1].SA[13].CU[1],CPIStack.Fetch,0.0527742346938775,cycles/inst
GPU[1].SA[13].CU[1],CPIStack.Idle,0.000159438775510149,cycles/inst
GPU[1].SA[13].CU[1],CPIStack.ScalarInst,0.0113201530612247,cycles/inst
GPU[1].SA[13].CU[1],CPIStack.ScalarMem,0.0602678571428571,cycles/inst
GPU[1].SA[13].CU[1],CPIStack.ScalarMemInst,0.000478316326530716,cycles/inst
GPU[1].SA[13].CU[1],CPIStack.Special,0.0,cycles/inst
GPU[1].SA[13].CU[1],CPIStack.VALU,0.929209183673469,cycles/inst
GPU[1].SA[13].CU[1],CPIStack.VMem,0.0341198979591834,cycles/inst
GPU[1].SA[13].CU[1],CPIStack.VMemInst,0.00318877551020405,cycles/inst
GPU[1].SA[13].CU[1],CPIStack.total,1.73357780612245,cycles/inst
GPU[1].SA[13].CU[1],SIMDCPIStack.Branch,0.0027390438247013,cycles/inst
GPU[1].SA[13].CU[1],SIMDCPIStack.Fetch,0.0824203187250996,cycles/inst
GPU[1].SA[13].CU[1],SIMDCPIStack.Idle,0.000249003984063658,cycles/inst
GPU[1].SA[13].CU[1],SIMDCPIStack.ScalarInst,0.0176792828685263,cycles/inst
GPU[1].SA[13].CU[1],SIMDCPIStack.ScalarMem,0.0941235059760955,cycles/inst
GPU[1].SA[13].CU[1],SIMDCPIStack.ScalarMemInst,0.000747011952191397,cycles/inst
GPU[1].SA[13].CU[1],SIMDCPIStack.Special,0.0,cycles/inst
GPU[1].SA[13].CU[1],SIMDCPIStack.VALU,1.45119521912351,cycles/inst
GPU[1].SA[13].CU[1],SIMDCPIStack.VMem,0.053286852589641,cycles/inst
GPU[1].SA[13].CU[1],SIMDCPIStack.VMemInst,0.00498007968127485,cycles/inst
GPU[1].SA[13].CU[1],SIMDCPIStack.total,2.7074203187251,cycles/inst
GPU[1].SA[13].CU[2],CPIStack.Branch,0.00334821428571433,cycles/inst
GPU[1].SA[13].CU[2],CPIStack.Fetch,0.0534119897959184,cycles/inst
GPU[1].SA[13].CU[2],CPIStack.Idle,0.000159438775510149,cycles/inst
GPU[1].SA[13].CU[2],CPIStack.ScalarInst,0.0184948979591834,cycles/inst
GPU[1].SA[13].CU[2],CPIStack.ScalarMem,0.0749362244897959,cycles/inst
GPU[1].SA[13].CU[2],CPIStack.ScalarMemInst,0.000478316326530716,cycles/inst
GPU[1].SA[13].CU[2],CPIStack.Special,0.000159438775510284,cycles/inst
GPU[1].SA[13].CU[2],CPIStack.VALU,0.859534438775511,cycles/inst
GPU[1].SA[13].CU[2],CPIStack.VMem,0.046396683673469,cycles/inst
GPU[1].SA[13].CU[2],CPIStack.VMemInst,0.0,cycles/inst
GPU[1].SA[13].CU[2],CPIStack.total,1.73357780612245,cycles/inst
GPU[1].SA[13].CU[2],SIMDCPIStack.Branch,0.00522908366533872,cycles/inst
GPU[1].SA[13].CU[2],SIMDCPIStack.Fetch,0.0834163346613546,cycles/inst
GPU[1].SA[13].CU[2],SIMDCPIStack.Idle,0.000249003984063658,cycles/inst
GPU[1].SA[13].CU[2],SIMDCPIStack.ScalarInst,0.0288844621513941,cycles/inst
GPU[1].SA[13].CU[2],SIMDCPIStack.ScalarMem,0.11703187250996,cycles/inst
GPU[1].SA[13].CU[2],SIMDCPIStack.ScalarMemInst,0.000747011952191397,cycles/inst
GPU[1].SA[13].CU[2],SIMDCPIStack.Special,0.000249003984063869,cycles/inst
GPU[1].SA[13].CU[2],SIMDCPIStack.VALU,1.34238047808765,cycles/inst
GPU[1].SA[13].CU[2],SIMDCPIStack.VMem,0.0724601593625492,cycles/inst
GPU[1].SA[13].CU[2],SIMDCPIStack.VMemInst,0.0,cycles/inst
GPU[1].SA[13].CU[2],SIMDCPIStack.total,2.7074203187251,cycles/inst
GPU[1].SA[13].CU[3],CPIStack.Branch,0.00382653061224519,cycles/inst
GPU[1].SA[13].CU[3],CPIStack.Fetch,0.0556441326530612,cycles/inst
GPU[1].SA[13].CU[3],CPIStack.Idle,0.000478316326530446,cycles/inst
GPU[1].SA[13].CU[3],CPIStack.ScalarInst,0.0197704081632652,cycles/inst
GPU[1].SA[13].CU[3],CPIStack.ScalarMem,0.0722257653061224,cycles/inst
GPU[1].SA[13].CU[3],CPIStack.ScalarMemInst,0.000956632653061161,cycles/inst
GPU[1].SA[13].CU[3],CPIStack.Special,0.000318877551020567,cycles/inst
GPU[1].SA[13].CU[3],CPIStack.VALU,0.897480867346938,cycles/inst
GPU[1].SA[13].CU[3],CPIStack.VMem,0.0416135204081635,cycles/inst
GPU[1].SA[13].CU[3],CPIStack.VMemInst,0.00446428571428578,cycles/inst
GPU[1].SA[13].CU[3],CPIStack.total,1.73357780612245,cycles/inst
GPU[1].SA[13].CU[3],SIMDCPIStack.Branch,0.00597609561753033,cycles/inst
GPU[1].SA[13].CU[3],SIMDCPIStack.Fetch,0.0869023904382469,cycles/inst
GPU[1].SA[13].CU[3],SIMDCPIStack.Idle,0.000747011952190975,cycles/inst
GPU[1].SA[13].CU[3],SIMDCPIStack.ScalarInst,0.0308764940239042,cycles/inst
GPU[1].SA[13].CU[3],SIMDCPIStack.ScalarMem,0.112798804780876,cycles/inst
GPU[1].SA[13].CU[3],SIMDCPIStack.ScalarMemInst,0.00149402390438237,cycles/inst
GPU[1].SA[13].CU[3],SIMDCPIStack.Special,0.000498007968127738,cycles/inst
GPU[1].SA[13].CU[3],SIMDCPIStack.VALU,1.40164342629482,cycles/inst
GPU[1].SA[13].CU[3],SIMDCPIStack.VMem,0.0649900398406378,cycles/inst
GPU[1].SA[13].CU[3],SIMDCPIStack.VMemInst,0.00697211155378496,cycles/inst
GPU[1].SA[13].CU[3],SIMDCPIStack.total,2.7074203187251,cycles/inst
GPU[1].SA[14].CU[0],CPIStack.Branch,0.00286989795918375,cycles/inst
GPU[1].SA[14].CU[0],CPIStack.Fetch,0.0551658163265302,cycles/inst
GPU[1].SA[14].CU[0],CPIStack.Idle,0.000478316326530581,cycles/inst
GPU[1].SA[14].CU[0],CPIStack.ScalarInst,0.0153061224489794,cycles/inst
GPU[1].SA[14].CU[0],CPIStack.ScalarMem,0.0618622448979592,cycles/inst
GPU[1].SA[14].CU[0],CPIStack.ScalarMemInst,0.000956632653061296,cycles/inst
GPU[1].SA[14].CU[0],CPIStack.Special,0.000318877551020567,cycles/inst
GPU[1].SA[14].CU[0],CPIStack.VALU,0.927455357142857,cycles/inst
GPU[1].SA[14].CU[0],CPIStack.VMem,0.0279017857142861,cycles/inst
GPU[1].SA[14].CU[0],CPIStack.VMemInst,0.00446428571428551,cycles/inst
GPU[1].SA[14].CU[0],CPIStack.total,1.73341836734694,cycles/inst
GPU[1].SA[14].CU[0],SIMDCPIStack.Branch,0.00448207171314754,cycles/inst
GPU[1].SA[14].CU[0],SIMDCPIStack.Fetch,0.0861553784860551,cycles/inst
GPU[1].SA[14].CU[0],SIMDCPIStack.Idle,0.000747011952191186,cycles/inst
GPU[1].SA[14].CU[0],SIMDCPIStack.ScalarInst,0.0239043824701192,cycles/inst
GPU[1].SA[14].CU[0],SIMDCPIStack.ScalarMem,0.0966135458167331,cycles/inst
GPU[1].SA[14].CU[0],SIMDCPIStack.ScalarMemInst,0.00149402390438258,cycles/inst
GPU[1].SA[14].CU[0],SIMDCPIStack.Special,0.000498007968127738,cycles/inst
GPU[1].SA[14].CU[0],SIMDCPIStack.VALU,1.4484561752988,cycles/inst
GPU[1].SA[14].CU[0],SIMDCPIStack.VMem,0.043575697211156,cycles/inst
GPU[1].SA[14].CU[0],SIMDCPIStack.VMemInst,0.00697211155378454,cycles/inst
GPU[1].SA[14].CU[0],SIMDCPIStack.total,2.70717131474104,cycles/inst
GPU[1].SA[14].CU[1],CPIStack.Branch,0.0030293367346935,cycles/inst
GPU[1].SA[14].CU[1],CPIStack.Fetch,0.0532525510204081,cycles/inst
GPU[1].SA[14].CU[1],CPIStack.Idle,0.000318877551020297,cycles/inst
GPU[1].SA[14].CU[1],CPIStack.ScalarInst,0.0133928571428571,cycles/inst
GPU[1].SA[14].CU[1],CPIStack.ScalarMem,0.0610650510204085,cycles/inst
GPU[1].SA[14].CU[1],CPIStack.ScalarMemInst,0.00143494897959188,cycles/inst
GPU[1].SA[14].CU[1],CPIStack.Special,0.000159438775510284,cycles/inst
GPU[1].SA[14].CU[1],CPIStack.VALU,0.938775510204081,cycles/inst
GPU[1].SA[14].CU[1],CPIStack.VMem,0.0433673469387761,cycles/inst
GPU[1].SA[14].CU[1],CPIStack.VMemInst,0.00446428571428578,cycles/inst
GPU[1].SA[14].CU[1],CPIStack.total,1.73341836734694,cycles/inst
GPU[1].SA[14].CU[1],SIMDCPIStack.Branch,0.00473107569721056,cycles/inst
GPU[1].SA[14].CU[1],SIMDCPIStack.Fetch,0.0831673306772907,cycles/inst
GPU[1].SA[14].CU[1],SIMDCPIStack.Idle,0.000498007968127317,cycles/inst
GPU[1].SA[14].CU[1],SIMDCPIStack.ScalarInst,0.0209163346613545,cycles/inst
GPU[1].SA[14].CU[1],SIMDCPIStack.ScalarMem,0.0953685258964149,cycles/inst
GPU[1].SA[14].CU[1],SIMDCPIStack.ScalarMemInst,0.00224103585657377,cycles/inst
GPU[1].SA[14].CU[1],SIMDCPIStack.Special,0.000249003984063869,cycles/inst
GPU[1].SA[14].CU[1],SIMDCPIStack.VALU,1.46613545816733,cycles/inst
GPU[1].SA[14].CU[1],SIMDCPIStack.VMem,0.0677290836653395,cycles/inst
GPU[1].SA[14].CU[1],SIMDCPIStack.VMemInst,0.00697211155378496,cycles/inst
GPU[1].SA[14].CU[1],SIMDCPIStack.total,2.70717131474104,cycles/inst
GPU[1].SA[14].CU[2],CPIStack.Branch,0.00366709183673463,cycles/inst
GPU[1].SA[14].CU[2],CPIStack.Fetch,0.0564413265306122,cycles/inst
GPU[1].SA[14].CU[2],CPIStack.Idle,0.000478316326530851,cycles/inst
GPU[1].SA[14].CU[2],CPIStack.ScalarInst,0.0285395408163267,cycles/inst
GPU[1].SA[14].CU[2],CPIStack.ScalarMem,0.0776466836734693,cycles/inst
GPU[1].SA[14].CU[2],CPIStack.ScalarMemInst,0.00143494897959188,cycles/inst
GPU[1].SA[14].CU[2],CPIStack.Special,0.000478316326530581,cycles/inst
GPU[1].SA[14].CU[2],CPIStack.VALU,0.869579081632653,cycles/inst
GPU[1].SA[14].CU[2],CPIStack.VMem,0.0513392857142854,cycles/inst
GPU[1].SA[14].CU[2],CPIStack.VMemInst,0.00573979591836751,cycles/inst
GPU[1].SA[14].CU[2],CPIStack.total,1.73341836734694,cycles/inst
GPU[1].SA[14].CU[2],SIMDCPIStack.Branch,0.00572709163346604,cycles/inst
GPU[1].SA[14].CU[2],SIMDCPIStack.Fetch,0.0881474103585656,cycles/inst
GPU[1].SA[14].CU[2],SIMDCPIStack.Idle,0.000747011952191608,cycles/inst
GPU[1].SA[14].CU[2],SIMDCPIStack.ScalarInst,0.0445717131474107,cycles/inst
GPU[1].SA[14].CU[2],SIMDCPIStack.ScalarMem,0.121264940239044,cycles/inst
GPU[1].SA[14].CU[2],SIMDCPIStack.ScalarMemInst,0.00224103585657377,cycles/inst
GPU[1].SA[14].CU[2],SIMDCPIStack.Special,0.000747011952191186,cycles/inst
GPU[1].SA[14].CU[2],SIMDCPIStack.VALU,1.35806772908367,cycles/inst
GPU[1].SA[14].CU[2],SIMDCPIStack.VMem,0.0801792828685254,cycles/inst
GPU[1].SA[14].CU[2],SIMDCPIStack.VMemInst,0.00896414342629507,cycles/inst
GPU[1].SA[14].CU[2],SIMDCPIStack.total,2.70717131474104,cycles/inst
GPU[1].SA[14].CU[3],CPIStack.Branch,0.00318877551020432,cycles/inst
GPU[1].SA[14].CU[3],CPIStack.Fetch,0.0538903061224488,cycles/inst
GPU[1].SA[14].CU[3],CPIStack.Idle,0.000318877551020297,cycles/inst
GPU[1].SA[14].CU[3],CPIStack.ScalarInst,0.0183354591836734,cycles/inst
GPU[1].SA[14].CU[3],CPIStack.ScalarMem,0.0722257653061224,cycles/inst
GPU[1].SA[14].CU[3],CPIStack.ScalarMemInst,0.000956632653061161,cycles/inst
GPU[1].SA[14].CU[3],CPIStack.Special,0.000159438775510284,cycles/inst
GPU[1].SA[14].CU[3],CPIStack.VALU,0.912786989795918,cycles/inst
GPU[1].SA[14].CU[3],CPIStack.VMem,0.0317283163265308,cycles/inst
GPU[1].SA[14].CU[3],CPIStack.VMemInst,0.00621811224489782,cycles/inst
GPU[1].SA[14].CU[3],CPIStack.total,1.73341836734694,cycles/inst
GPU[1].SA[14].CU[3],SIMDCPIStack.Branch,0.00498007968127528,cycles/inst
GPU[1].SA[14].CU[3],SIMDCPIStack.Fetch,0.0841633466135456,cycles/inst
GPU[1].SA[14].CU[3],SIMDCPIStack.Idle,0.000498007968127317,cycles/inst
GPU[1].SA[14].CU[3],SIMDCPIStack.ScalarInst,0.0286354581673306,cycles/inst
GPU[1].SA[14].CU[3],SIMDCPIStack.ScalarMem,0.112798804780876,cycles/inst
GPU[1].SA[14].CU[3],SIMDCPIStack.ScalarMemInst,0.00149402390438237,cycles/inst
GPU[1].SA[14].CU[3],SIMDCPIStack.Special,0.000249003984063869,cycles/inst
GPU[1].SA[14].CU[3],SIMDCPIStack.VALU,1.42554780876494,cycles/inst
GPU[1].SA[14].CU[3],SIMDCPIStack.VMem,0.0495517928286855,cycles/inst
GPU[1].SA[14].CU[3],SIMDCPIStack.VMemInst,0.00971115537848584,cycles/inst
GPU[1].SA[14].CU[3],SIMDCPIStack.total,2.70717131474104,cycles/inst
GPU[1].SA[15].CU[0],CPIStack.Branch,0.00239158163265371,cycles/inst
GPU[1].SA[15].CU[0],CPIStack.Fetch,0.0538903061224487,cycles/inst
GPU[1].SA[15].CU[0],CPIStack.Idle,0.000318877551020567,cycles/inst
GPU[1].SA[15].CU[0],CPIStack.ScalarInst,0.0135522959183665,cycles/inst
GPU[1].SA[15].CU[0],CPIStack.ScalarMem,0.0617028061224492,cycles/inst
GPU[1].SA[15].CU[0],CPIStack.ScalarMemInst,0.000956632653061296,cycles/inst
GPU[1].SA[15].CU[0],CPIStack.Special,0.000159438775510013,cycles/inst
GPU[1].SA[15].CU[0],CPIStack.VALU,0.897321428571429,cycles/inst
GPU[1].SA[15].CU[0],CPIStack.VMem,0.0381058673469389,cycles/inst
GPU[1].SA[15].CU[0],CPIStack.VMemInst,0.00446428571428578,cycles/inst
GPU[1].SA[15].CU[0],CPIStack.total,1.73341836734694,cycles/inst
GPU[1].SA[15].CU[0],SIMDCPIStack.Branch,0.00373505976095719,cycles/inst
GPU[1].SA[15].CU[0],SIMDCPIStack.Fetch,0.0841633466135454,cycles/inst
GPU[1].SA[15].CU[0],SIMDCPIStack.Idle,0.000498007968127738,cycles/inst
GPU[1].SA[15].CU[0],SIMDCPIStack.ScalarInst,0.0211653386454171,cycles/inst
GPU[1].SA[15].CU[0],SIMDCPIStack.ScalarMem,0.0963645418326697,cycles/inst
GPU[1].SA[15].CU[0],SIMDCPIStack.ScalarMemInst,0.00149402390438258,cycles/inst
GPU[1].SA[15].CU[0],SIMDCPIStack.Special,0.000249003984063447,cycles/inst
GPU[1].SA[15].CU[0],SIMDCPIStack.VALU,1.40139442231076,cycles/inst
GPU[1].SA[15].CU[0],SIMDCPIStack.VMem,0.0595119521912352,cycles/inst
GPU[1].SA[15].CU[0],SIMDCPIStack.VMemInst,0.00697211155378496,cycles/inst
GPU[1].SA[15].CU[0],SIMDCPIStack.total,2.70717131474104,cycles/inst
GPU[1].SA[15].CU[1],CPIStack.Branch,0.00255102040816346,cycles/inst
GPU[1].SA[15].CU[1],CPIStack.Fetch,0.0542091836734693,cycles/inst
GPU[1].SA[15].CU[1],CPIStack.Idle,0.000318877551020567,cycles/inst
GPU[1].SA[15].CU[1],CPIStack.ScalarInst,0.0122767857142854,cycles/inst
GPU[1].SA[15].CU[1],CPIStack.ScalarMem,0.0605867346938779,cycles/inst
GPU[1].SA[15].CU[1],CPIStack.ScalarMemInst,0.000956632653061296,cycles/inst
GPU[1].SA[15].CU[1],CPIStack.Special,0.000159438775510284,cycles/inst
GPU[1].SA[15].CU[1],CPIStack.VALU,0.94579081632653,cycles/inst
GPU[1].SA[15].CU[1],CPIStack.VMem,0.0602678571428569,cycles/inst
GPU[1].SA[15].CU[1],CPIStack.VMemInst,0.00605867346938781,cycles/inst
GPU[1].SA[15].CU[1],CPIStack.total,1.73341836734694,cycles/inst
GPU[1].SA[15].CU[1],SIMDCPIStack.Branch,0.00398406374502022,cycles/inst
GPU[1].SA[15].CU[1],SIMDCPIStack.Fetch,0.0846613545816731,cycles/inst
GPU[1].SA[15].CU[1],SIMDCPIStack.Idle,0.000498007968127738,cycles/inst
GPU[1].SA[15].CU[1],SIMDCPIStack.ScalarInst,0.0191733067729078,cycles/inst
GPU[1].SA[15].CU[1],SIMDCPIStack.ScalarMem,0.0946215139442237,cycles/inst
GPU[1].SA[15].CU[1],SIMDCPIStack.ScalarMemInst,0.00149402390438258,cycles/inst
GPU[1].SA[15].CU[1],SIMDCPIStack.Special,0.000249003984063869,cycles/inst
GPU[1].SA[15].CU[1],SIMDCPIStack.VALU,1.47709163346614,cycles/inst
GPU[1].SA[15].CU[1],SIMDCPIStack.VMem,0.0941235059760953,cycles/inst
GPU[1].SA[15].CU[1],SIMDCPIStack.VMemInst,0.00946215139442239,cycles/inst
GPU[1].SA[15].CU[1],SIMDCPIStack.total,2.70717131474104,cycles/inst
GPU[1].SA[15].CU[2],CPIStack.Branch,0.00223214285714316,cycles/inst
GPU[1].SA[15].CU[2],CPIStack.Fetch,0.0548469387755101,cycles/inst
GPU[1].SA[15].CU[2],CPIStack.Idle,0.000318877551020567,cycles/inst
GPU[1].SA[15].CU[2],CPIStack.ScalarInst,0.0199298469387752,cycles/inst
GPU[1].SA[15].CU[2],CPIStack.ScalarMem,0.0749362244897959,cycles/inst
GPU[1].SA[15].CU[2],CPIStack.ScalarMemInst,0.000478316326530716,cycles/inst
GPU[1].SA[15].CU[2],CPIStack.Special,0.0,cycles/inst
GPU[1].SA[15].CU[2],CPIStack.VALU,0.885682397959184,cycles/inst
GPU[1].SA[15].CU[2],CPIStack.VMem,0.0412946428571426,cycles/inst
GPU[1].SA[15].CU[2],CPIStack.VMemInst,0.00318877551020405,cycles/inst
GPU[1].SA[15].CU[2],CPIStack.total,1.73341836734694,cycles/inst
GPU[1].SA[15].CU[2],SIMDCPIStack.Branch,0.0034860557768929,cycles/inst
GPU[1].SA[15].CU[2],SIMDCPIStack.Fetch,0.0856573705179282,cycles/inst
GPU[1].SA[15].CU[2],SIMDCPIStack.Idle,0.000498007968127738,cycles/inst
GPU[1].SA[15].CU[2],SIMDCPIStack.ScalarInst,0.0311254980079676,cycles/inst
GPU[1].SA[15].CU[2],SIMDCPIStack.ScalarMem,0.11703187250996,cycles/inst
GPU[1].SA[15].CU[2],SIMDCPIStack.ScalarMemInst,0.000747011952191397,cycles/inst
GPU[1].SA[15].CU[2],SIMDCPIStack.Special,0.0,cycles/inst
GPU[1].SA[15].CU[2],SIMDCPIStack.VALU,1.3832171314741,cycles/inst
GPU[1].SA[15].CU[2],SIMDCPIStack.VMem,0.0644920318725096,cycles/inst
GPU[1].SA[15].CU[2],SIMDCPIStack.VMemInst,0.00498007968127485,cycles/inst
GPU[1].SA[15].CU[2],SIMDCPIStack.total,2.70717131474104,cycles/inst
GPU[1].SA[15].CU[3],CPIStack.Branch,0.00366709183673463,cycles/inst
GPU[1].SA[15].CU[3],CPIStack.Fetch,0.0554846938775509,cycles/inst
GPU[1].SA[15].CU[3],CPIStack.Idle,0.000318877551020567,cycles/inst
GPU[1].SA[15].CU[3],CPIStack.ScalarInst,0.028858418367347,cycles/inst
GPU[1].SA[15].CU[3],CPIStack.ScalarMem,0.0730229591836735,cycles/inst
GPU[1].SA[15].CU[3],CPIStack.ScalarMemInst,0.000956632653061161,cycles/inst
GPU[1].SA[15].CU[3],CPIStack.Special,0.000318877551020567,cycles/inst
GPU[1].SA[15].CU[3],CPIStack.VALU,0.873405612244898,cycles/inst
GPU[1].SA[15].CU[3],CPIStack.VMem,0.0381058673469391,cycles/inst
GPU[1].SA[15].CU[3],CPIStack.VMemInst,0.00318877551020405,cycles/inst
GPU[1].SA[15].CU[3],CPIStack.total,1.73341836734694,cycles/inst
GPU[1].SA[15].CU[3],SIMDCPIStack.Branch,0.00572709163346604,cycles/inst
GPU[1].SA[15].CU[3],SIMDCPIStack.Fetch,0.086653386454183,cycles/inst
GPU[1].SA[15].CU[3],SIMDCPIStack.Idle,0.000498007968127738,cycles/inst
GPU[1].SA[15].CU[3],SIMDCPIStack.ScalarInst,0.045069721115538,cycles/inst
GPU[1].SA[15].CU[3],SIMDCPIStack.ScalarMem,0.114043824701195,cycles/inst
GPU[1].SA[15].CU[3],SIMDCPIStack.ScalarMemInst,0.00149402390438237,cycles/inst
GPU[1].SA[15].CU[3],SIMDCPIStack.Special,0.000498007968127738,cycles/inst
GPU[1].SA[15].CU[3],SIMDCPIStack.VALU,1.36404382470119,cycles/inst
GPU[1].SA[15].CU[3],SIMDCPIStack.VMem,0.0595119521912356,cycles/inst
GPU[1].SA[15].CU[3],SIMDCPIStack.VMemInst,0.00498007968127485,cycles/inst
GPU[1].SA[15].CU[3],SIMDCPIStack.total,2.70717131474104,cycles/inst
GPU[1].SA[0].CU[0].SIMD0,busy_time,4.016e-06,second
GPU[1].SA[0].CU[0].SIMD1,busy_time,4.016e-06,second
GPU[1].SA[0].CU[0].SIMD2,busy_time,4.016e-06,second
GPU[1].SA[0].CU[0].SIMD3,busy_time,4.016e-06,second
GPU[1].SA[0].CU[1].SIMD0,busy_time,4.016e-06,second
GPU[1].SA[0].CU[1].SIMD1,busy_time,4.016e-06,second
GPU[1].SA[0].CU[1].SIMD2,busy_time,4.016e-06,second
GPU[1].SA[0].CU[1].SIMD3,busy_time,4.016e-06,second
GPU[1].SA[0].CU[2].SIMD0,busy_time,4.016e-06,second
GPU[1].SA[0].CU[2].SIMD1,busy_time,4.016e-06,second
GPU[1].SA[0].CU[2].SIMD2,busy_time,4.016e-06,second
GPU[1].SA[0].CU[2].SIMD3,busy_time,4.016e-06,second
GPU[1].SA[0].CU[3].SIMD0,busy_time,4.016e-06,second
GPU[1].SA[0].CU[3].SIMD1,busy_time,4.016e-06,second
GPU[1].SA[0].CU[3].SIMD2,busy_time,4.016e-06,second
GPU[1].SA[0].CU[3].SIMD3,busy_time,4.016e-06,second
GPU[1].SA[1].CU[0].SIMD0,busy_time,4.016e-06,second
GPU[1].SA[1].CU[0].SIMD1,busy_time,4.016e-06,second
GPU[1].SA[1].CU[0].SIMD2,busy_time,4.016e-06,second
GPU[1].SA[1].CU[0].SIMD3,busy_time,4.016e-06,second
GPU[1].SA[1].CU[1].SIMD0,busy_time,4.016e-06,second
GPU[1].SA[1].CU[1].SIMD1,busy_time,4.016e-06,second
GPU[1].SA[1].CU[1].SIMD2,busy_time,4.016e-06,second
GPU[1].SA[1].CU[1].SIMD3,busy_time,4.016e-06,second
GPU[1].SA[1].CU[2].SIMD0,busy_time,4.016e-06,second
GPU[1].SA[1].CU[2].SIMD1,busy_time,4.016e-06,second
GPU[1].SA[1].CU[2].SIMD2,busy_time,4.016e-06,second
GPU[1].SA[1].CU[2].SIMD3,busy_time,4.016e-06,second
GPU[1].SA[1].CU[3].SIMD0,busy_time,4.016e-06,second
GPU[1].SA[1].CU[3].SIMD1,busy_time,4.016e-06,second
GPU[1].SA[1].CU[3].SIMD2,busy_time,4.016e-06,second
GPU[1].SA[1].CU[3].SIMD3,busy_time,4.016e-06,second
GPU[1].SA[2].CU[0].SIMD0,busy_time,4.016e-06,second
GPU[1].SA[2].CU[0].SIMD1,busy_time,4.016e-06,second
GPU[1].SA[2].CU[0].SIMD2,busy_time,4.016e-06,second
GPU[1].SA[2].CU[0].SIMD3,busy_time,4.016e-06,second
GPU[1].SA[2].CU[1].SIMD0,busy_time,4.016e-06,second
GPU[1].SA[2].CU[1].SIMD1,busy_time,4.016e-06,second
GPU[1].SA[2].CU[1].SIMD2,busy_time,4.016e-06,second
GPU[1].SA[2].CU[1].SIMD3,busy_time,4.016e-06,second
GPU[1].SA[2].CU[2].SIMD0,busy_time,4.016e-06,second
GPU[1].SA[2].CU[2].SIMD1,busy_time,4.016e-06,second
GPU[1].SA[2].CU[2].SIMD2,busy_time,4.016e-06,second
GPU[1].SA[2].CU[2].SIMD3,busy_time,4.016e-06,second
GPU[1].SA[2].CU[3].SIMD0,busy_time,4.016e-06,second
GPU[1].SA[2].CU[3].SIMD1,busy_time,4.016e-06,second
GPU[1].SA[2].CU[3].SIMD2,busy_time,4.016e-06,second
GPU[1].SA[2].CU[3].SIMD3,busy_time,4.016e-06,second
GPU[1].SA[3].CU[0].SIMD0,busy_time,4.016e-06,second
GPU[1].SA[3].CU[0].SIMD1,busy_time,4.016e-06,second
GPU[1].SA[3].CU[0].SIMD2,busy_time,4.016e-06,second
GPU[1].SA[3].CU[0].SIMD3,busy_time,4.016e-06,second
GPU[1].SA[3].CU[1].SIMD0,busy_time,4.016e-06,second
GPU[1].SA[3].CU[1].SIMD1,busy_time,4.016e-06,second
GPU[1].SA[3].CU[1].SIMD2,busy_time,4.016e-06,second
GPU[1].SA[3].CU[1].SIMD3,busy_time,4.016e-06,second
GPU[1].SA[3].CU[2].SIMD0,busy_time,4.016e-06,second
GPU[1].SA[3].CU[2].SIMD1,busy_time,4.016e-06,second
GPU[1].SA[3].CU[2].SIMD2,busy_time,4.016e-06,second
GPU[1].SA[3].CU[2].SIMD3,busy_time,4.016e-06,second
GPU[1].SA[3].CU[3].SIMD0,busy_time,4.016e-06,second
GPU[1].SA[3].CU[3].SIMD1,busy_time,4.016e-06,second
GPU[1].SA[3].CU[3].SIMD2,busy_time,4.016e-06,second
GPU[1].SA[3].CU[3].SIMD3,busy_time,4.016e-06,second
GPU[1].SA[4].CU[0].SIMD0,busy_time,4.016e-06,second
GPU[1].SA[4].CU[0].SIMD1,busy_time,4.016e-06,second
GPU[1].SA[4].CU[0].SIMD2,busy_time,4.016e-06,second
GPU[1].SA[4].CU[0].SIMD3,busy_time,4.016e-06,second
GPU[1].SA[4].CU[1].SIMD0,busy_time,4.016e-06,second
GPU[1].SA[4].CU[1].SIMD1,busy_time,4.016e-06,second
GPU[1].SA[4].CU[1].SIMD2,busy_time,4.016e-06,second
GPU[1].SA[4].CU[1].SIMD3,busy_time,4.016e-06,second
GPU[1].SA[4].CU[2].SIMD0,busy_time,4.016e-06,second
GPU[1].SA[4].CU[2].SIMD1,busy_time,4.016e-06,second
GPU[1].SA[4].CU[2].SIMD2,busy_time,4.016e-06,second
GPU[1].SA[4].CU[2].SIMD3,busy_time,4.016e-06,second
GPU[1].SA[4].CU[3].SIMD0,busy_time,4.016e-06,second
GPU[1].SA[4].CU[3].SIMD1,busy_time,4.016e-06,second
GPU[1].SA[4].CU[3].SIMD2,busy_time,4.016e-06,second
GPU[1].SA[4].CU[3].SIMD3,busy_time,4.016e-06,second
GPU[1].SA[5].CU[0].SIMD0,busy_time,4.016e-06,second
GPU[1].SA[5].CU[0].SIMD1,busy_time,4.016e-06,second
GPU[1].SA[5].CU[0].SIMD2,busy_time,4.016e-06,second
GPU[1].SA[5].CU[0].SIMD3,busy_time,4.016e-06,second
GPU[1].SA[5].CU[1].SIMD0,busy_time,4.016e-06,second
GPU[1].SA[5].CU[1].SIMD1,busy_time,4.016e-06,second
GPU[1].SA[5].CU[1].SIMD2,busy_time,4.016e-06,second
GPU[1].SA[5].CU[1].SIMD3,busy_time,4.016e-06,second
GPU[1].SA[5].CU[2].SIMD0,busy_time,4.016e-06,second
GPU[1].SA[5].CU[2].SIMD1,busy_time,4.016e-06,second
GPU[1].SA[5].CU[2].SIMD2,busy_time,4.016e-06,second
GPU[1].SA[5].CU[2].SIMD3,busy_time,4.016e-06,second
GPU[1].SA[5].CU[3].SIMD0,busy_time,4.016e-06,second
GPU[1].SA[5].CU[3].SIMD1,busy_time,4.016e-06,second
GPU[1].SA[5].CU[3].SIMD2,busy_time,4.016e-06,second
GPU[1].SA[5].CU[3].SIMD3,busy_time,4.016e-06,second
GPU[1].SA[6].CU[0].SIMD0,busy_time,4.016e-06,second
GPU[1].SA[6].CU[0].SIMD1,busy_time,4.016e-06,second
GPU[1].SA[6].CU[0].SIMD2,busy_time,4.016e-06,second
GPU[1].SA[6].CU[0].SIMD3,busy_time,4.016e-06,second
GPU[1].SA[6].CU[1].SIMD0,busy_time,4.016e-06,second
GPU[1].SA[6].CU[1].SIMD1,busy_time,4.016e-06,second
GPU[1].SA[6].CU[1].SIMD2,busy_time,4.016e-06,second
GPU[1].SA[6].CU[1].SIMD3,busy_time,4.016e-06,second
GPU[1].SA[6].CU[2].SIMD0,busy_time,4.016e-06,second
GPU[1].SA[6].CU[2].SIMD1,busy_time,4.016e-06,second
GPU[1].SA[6].CU[2].SIMD2,busy_time,4.016e-06,second
GPU[1].SA[6].CU[2].SIMD3,busy_time,4.016e-06,second
GPU[1].SA[6].CU[3].SIMD0,busy_time,4.016e-06,second
GPU[1].SA[6].CU[3].SIMD1,busy_time,4.016e-06,second
GPU[1].SA[6].CU[3].SIMD2,busy_time,4.016e-06,second
GPU[1].SA[6].CU[3].SIMD3,busy_time,4.016e-06,second
GPU[1].SA[7].CU[0].SIMD0,busy_time,4.016e-06,second
GPU[1].SA[7].CU[0].SIMD1,busy_time,4.016e-06,second
GPU[1].SA[7].CU[0].SIMD2,busy_time,4.016e-06,second
GPU[1].SA[7].CU[0].SIMD3,busy_time,4.016e-06,second
GPU[1].SA[7].CU[1].SIMD0,busy_time,4.016e-06,second
GPU[1].SA[7].CU[1].SIMD1,busy_time,4.016e-06,second
GPU[1].SA[7].CU[1].SIMD2,busy_time,4.016e-06,second
GPU[1].SA[7].CU[1].SIMD3,busy_time,4.016e-06,second
GPU[1].SA[7].CU[2].SIMD0,busy_time,4.016e-06,second
GPU[1].SA[7].CU[2].SIMD1,busy_time,4.016e-06,second
GPU[1].SA[7].CU[2].SIMD2,busy_time,4.016e-06,second
GPU[1].SA[7].CU[2].SIMD3,busy_time,4.016e-06,second
GPU[1].SA[7].CU[3].SIMD0,busy_time,4.016e-06,second
GPU[1].SA[7].CU[3].SIMD1,busy_time,4.016e-06,second
GPU[1].SA[7].CU[3].SIMD2,busy_time,4.016e-06,second
GPU[1].SA[7].CU[3].SIMD3,busy_time,4.016e-06,second
GPU[1].SA[8].CU[0].SIMD0,busy_time,4.016e-06,second
GPU[1].SA[8].CU[0].SIMD1,busy_time,4.016e-06,second
GPU[1].SA[8].CU[0].SIMD2,busy_time,4.016e-06,second
GPU[1].SA[8].CU[0].SIMD3,busy_time,4.016e-06,second
GPU[1].SA[8].CU[1].SIMD0,busy_time,4.016e-06,second
GPU[1].SA[8].CU[1].SIMD1,busy_time,4.016e-06,second
GPU[1].SA[8].CU[1].SIMD2,busy_time,4.016e-06,second
GPU[1].SA[8].CU[1].SIMD3,busy_time,4.016e-06,second
GPU[1].SA[8].CU[2].SIMD0,busy_time,4.016e-06,second
GPU[1].SA[8].CU[2].SIMD1,busy_time,4.016e-06,second
GPU[1].SA[8].CU[2].SIMD2,busy_time,4.016e-06,second
GPU[1].SA[8].CU[2].SIMD3,busy_time,4.016e-06,second
GPU[1].SA[8].CU[3].SIMD0,busy_time,4.016e-06,second
GPU[1].SA[8].CU[3].SIMD1,busy_time,4.016e-06,second
GPU[1].SA[8].CU[3].SIMD2,busy_time,4.016e-06,second
GPU[1].SA[8].CU[3].SIMD3,busy_time,4.016e-06,second
GPU[1].SA[9].CU[0].SIMD0,busy_time,4.016e-06,second
GPU[1].SA[9].CU[0].SIMD1,busy_time,4.016e-06,second
GPU[1].SA[9].CU[0].SIMD2,busy_time,4.016e-06,second
GPU[1].SA[9].CU[0].SIMD3,busy_time,4.016e-06,second
GPU[1].SA[9].CU[1].SIMD0,busy_time,4.016e-06,second
GPU[1].SA[9].CU[1].SIMD1,busy_time,4.016e-06,second
GPU[1].SA[9].CU[1].SIMD2,busy_time,4.016e-06,second
GPU[1].SA[9].CU[1].SIMD3,busy_time,4.016e-06,second
GPU[1].SA[9].CU[2].SIMD0,busy_time,4.016e-06,second
GPU[1].SA[9].CU[2].SIMD1,busy_time,4.016e-06,second
GPU[1].SA[9].CU[2].SIMD2,busy_time,4.016e-06,second
GPU[1].SA[9].CU[2].SIMD3,busy_time,4.016e-06,second
GPU[1].SA[9].CU[3].SIMD0,busy_time,4.016e-06,second
GPU[1].SA[9].CU[3].SIMD1,busy_time,4.016e-06,second
GPU[1].SA[9].CU[3].SIMD2,busy_time,4.016e-06,second
GPU[1].SA[9].CU[3].SIMD3,busy_time,4.016e-06,second
GPU[1].SA[10].CU[0].SIMD0,busy_time,4.016e-06,second
GPU[1].SA[10].CU[0].SIMD1,busy_time,4.016e-06,second
GPU[1].SA[10].CU[0].SIMD2,busy_time,4.016e-06,second
GPU[1].SA[10].CU[0].SIMD3,busy_time,4.016e-06,second
GPU[1].SA[10].CU[1].SIMD0,busy_time,4.016e-06,second
GPU[1].SA[10].CU[1].SIMD1,busy_time,4.016e-06,second
GPU[1].SA[10].CU[1].SIMD2,busy_time,4.016e-06,second
GPU[1].SA[10].CU[1].SIMD3,busy_time,4.016e-06,second
GPU[1].SA[10].CU[2].SIMD0,busy_time,4.016e-06,second
GPU[1].SA[10].CU[2].SIMD1,busy_time,4.016e-06,second
GPU[1].SA[10].CU[2].SIMD2,busy_time,4.016e-06,second
GPU[1].SA[10].CU[2].SIMD3,busy_time,4.016e-06,second
GPU[1].SA[10].CU[3].SIMD0,busy_time,4.016e-06,second
GPU[1].SA[10].CU[3].SIMD1,busy_time,4.016e-06,second
GPU[1].SA[10].CU[3].SIMD2,busy_time,4.016e-06,second
GPU[1].SA[10].CU[3].SIMD3,busy_time,4.016e-06,second
GPU[1].SA[11].CU[0].SIMD0,busy_time,4.016e-06,second
GPU[1].SA[11].CU[0].SIMD1,busy_time,4.016e-06,second
GPU[1].SA[11].CU[0].SIMD2,busy_time,4.016e-06,second
GPU[1].SA[11].CU[0].SIMD3,busy_time,4.016e-06,second
GPU[1].SA[11].CU[1].SIMD0,busy_time,4.016e-06,second
GPU[1].SA[11].CU[1].SIMD1,busy_time,4.016e-06,second
GPU[1].SA[11].CU[1].SIMD2,busy_time,4.016e-06,second
GPU[1].SA[11].CU[1].SIMD3,busy_time,4.016e-06,second
GPU[1].SA[11].CU[2].SIMD0,busy_time,4.016e-06,second
GPU[1].SA[11].CU[2].SIMD1,busy_time,4.016e-06,second
GPU[1].SA[11].CU[2].SIMD2,busy_time,4.016e-06,second
GPU[1].SA[11].CU[2].SIMD3,busy_time,4.016e-06,second
GPU[1].SA[11].CU[3].SIMD0,busy_time,4.016e-06,second
GPU[1].SA[11].CU[3].SIMD1,busy_time,4.016e-06,second
GPU[1].SA[11].CU[3].SIMD2,busy_time,4.016e-06,second
GPU[1].SA[11].CU[3].SIMD3,busy_time,4.016e-06,second
GPU[1].SA[12].CU[0].SIMD0,busy_time,4.016e-06,second
GPU[1].SA[12].CU[0].SIMD1,busy_time,4.016e-06,second
GPU[1].SA[12].CU[0].SIMD2,busy_time,4.016e-06,second
GPU[1].SA[12].CU[0].SIMD3,busy_time,4.016e-06,second
GPU[1].SA[12].CU[1].SIMD0,busy_time,4.016e-06,second
GPU[1].SA[12].CU[1].SIMD1,busy_time,4.016e-06,second
GPU[1].SA[12].CU[1].SIMD2,busy_time,4.016e-06,second
GPU[1].SA[12].CU[1].SIMD3,busy_time,4.016e-06,second
GPU[1].SA[12].CU[2].SIMD0,busy_time,4.016e-06,second
GPU[1].SA[12].CU[2].SIMD1,busy_time,4.016e-06,second
GPU[1].SA[12].CU[2].SIMD2,busy_time,4.016e-06,second
GPU[1].SA[12].CU[2].SIMD3,busy_time,4.016e-06,second
GPU[1].SA[12].CU[3].SIMD0,busy_time,4.016e-06,second
GPU[1].SA[12].CU[3].SIMD1,busy_time,4.016e-06,second
GPU[1].SA[12].CU[3].SIMD2,busy_time,4.016e-06,second
GPU[1].SA[12].CU[3].SIMD3,busy_time,4.016e-06,second
GPU[1].SA[13].CU[0].SIMD0,busy_time,4.016e-06,second
GPU[1].SA[13].CU[0].SIMD1,busy_time,4.016e-06,second
GPU[1].SA[13].CU[0].SIMD2,busy_time,4.016e-06,second
GPU[1].SA[13].CU[0].SIMD3,busy_time,4.016e-06,second
GPU[1].SA[13].CU[1].SIMD0,busy_time,4.016e-06,second
GPU[1].SA[13].CU[1].SIMD1,busy_time,4.016e-06,second
GPU[1].SA[13].CU[1].SIMD2,busy_time,4.016e-06,second
GPU[1].SA[13].CU[1].SIMD3,busy_time,4.016e-06,second
GPU[1].SA[13].CU[2].SIMD0,busy_time,4.016e-06,second
GPU[1].SA[13].CU[2].SIMD1,busy_time,4.016e-06,second
GPU[1].SA[13].CU[2].SIMD2,busy_time,4.016e-06,second
GPU[1].SA[13].CU[2].SIMD3,busy_time,4.016e-06,second
GPU[1].SA[13].CU[3].SIMD0,busy_time,4.016e-06,second
GPU[1].SA[13].CU[3].SIMD1,busy_time,4.016e-06,second
GPU[1].SA[13].CU[3].SIMD2,busy_time,4.016e-06,second
GPU[1].SA[13].CU[3].SIMD3,busy_time,4.016e-06,second
GPU[1].SA[14].CU[0].SIMD0,busy_time,4.016e-06,second
GPU[1].SA[14].CU[0].SIMD1,busy_time,4.016e-06,second
GPU[1].SA[14].CU[0].SIMD2,busy_time,4.016e-06,second
GPU[1].SA[14].CU[0].SIMD3,busy_time,4.016e-06,second
GPU[1].SA[14].CU[1].SIMD0,busy_time,4.016e-06,second
GPU[1].SA[14].CU[1].SIMD1,busy_time,4.016e-06,second
GPU[1].SA[14].CU[1].SIMD2,busy_time,4.016e-06,second
GPU[1].SA[14].CU[1].SIMD3,busy_time,4.016e-06,second
GPU[1].SA[14].CU[2].SIMD0,busy_time,4.016e-06,second
GPU[1].SA[14].CU[2].SIMD1,busy_time,4.016e-06,second
GPU[1].SA[14].CU[2].SIMD2,busy_time,4.016e-06,second
GPU[1].SA[14].CU[2].SIMD3,busy_time,4.016e-06,second
GPU[1].SA[14].CU[3].SIMD0,busy_time,4.016e-06,second
GPU[1].SA[14].CU[3].SIMD1,busy_time,4.016e-06,second
GPU[1].SA[14].CU[3].SIMD2,busy_time,4.016e-06,second
GPU[1].SA[14].CU[3].SIMD3,busy_time,4.016e-06,second
GPU[1].SA[15].CU[0].SIMD0,busy_time,4.016e-06,second
GPU[1].SA[15].CU[0].SIMD1,busy_time,4.016e-06,second
GPU[1].SA[15].CU[0].SIMD2,busy_time,4.016e-06,second
GPU[1].SA[15].CU[0].SIMD3,busy_time,4.016e-06,second
GPU[1].SA[15].CU[1].SIMD0,busy_time,4.016e-06,second
GPU[1].SA[15].CU[1].SIMD1,busy_time,4.016e-06,second
GPU[1].SA[15].CU[1].SIMD2,busy_time,4.016e-06,second
GPU[1].SA[15].CU[1].SIMD3,busy_time,4.016e-06,second
GPU[1].SA[15].CU[2].SIMD0,busy_time,4.016e-06,second
GPU[1].SA[15].CU[2].SIMD1,busy_time,4.016e-06,second
GPU[1].SA[15].CU[2].SIMD2,busy_time,4.016e-06,second
GPU[1].SA[15].CU[2].SIMD3,busy_time,4.016e-06,second
GPU[1].SA[15].CU[3].SIMD0,busy_time,4.016e-06,second
GPU[1].SA[15].CU[3].SIMD1,busy_time,4.016e-06,second
GPU[1].SA[15].CU[3].SIMD2,busy_time,4.016e-06,second
GPU[1].SA[15].CU[3].SIMD3,busy_time,4.016e-06,second
GPU[1].L2Cache[0],req_average_latency,8.3628e-08,second
GPU[1].L2Cache[1],req_average_latency,8.2579e-08,second
GPU[1].L2Cache[2],req_average_latency,8.1708e-08,second
GPU[1].L2Cache[3],req_average_latency,7.6544e-08,second
GPU[1].L2Cache[4],req_average_latency,7.9333e-08,second
GPU[1].L2Cache[5],req_average_latency,8.3588e-08,second
GPU[1].L2Cache[6],req_average_latency,8.1777e-08,second
GPU[1].L2Cache[7],req_average_latency,6.8417e-08,second
GPU[1].L2Cache[8],req_average_latency,8.0918e-08,second
GPU[1].L2Cache[9],req_average_latency,8.4095e-08,second
GPU[1].L2Cache[10],req_average_latency,7.7252e-08,second
GPU[1].L2Cache[11],req_average_latency,8.1594e-08,second
GPU[1].L2Cache[12],req_average_latency,7.7822e-08,second
GPU[1].L2Cache[13],req_average_latency,7.9375e-08,second
GPU[1].L2Cache[14],req_average_latency,8.1766e-08,second
GPU[1].L2Cache[15],req_average_latency,6.5109e-08,second
GPU[1].SA[0].L1VCache[0],req_average_latency,3.6334e-08,second
GPU[1].SA[0].L1VCache[1],req_average_latency,3.6027e-08,second
GPU[1].SA[0].L1VCache[2],req_average_latency,3.5135e-08,second
GPU[1].SA[0].L1VCache[3],req_average_latency,3.6607e-08,second
GPU[1].SA[0].L1SCache,req_average_latency,8.957e-09,second
GPU[1].SA[0].L1ICache,req_average_latency,5.782e-09,second
GPU[1].SA[1].L1VCache[0],req_average_latency,3.578e-08,second
GPU[1].SA[1].L1VCache[1],req_average_latency,3.9826e-08,second
GPU[1].SA[1].L1VCache[2],req_average_latency,3.6161e-08,second
GPU[1].SA[1].L1VCache[3],req_average_latency,3.6469e-08,second
GPU[1].SA[1].L1SCache,req_average_latency,8.957e-09,second
GPU[1].SA[1].L1ICache,req_average_latency,5.782e-09,second
GPU[1].SA[2].L1VCache[0],req_average_latency,3.4621e-08,second
GPU[1].SA[2].L1VCache[1],req_average_latency,3.4956e-08,second
GPU[1].SA[2].L1VCache[2],req_average_latency,3.4202e-08,second
GPU[1].SA[2].L1VCache[3],req_average_latency,3.4956e-08,second
GPU[1].SA[2].L1SCache,req_average_latency,8.957e-09,second
GPU[1].SA[2].L1ICache,req_average_latency,5.776e-09,second
GPU[1].SA[3].L1VCache[0],req_average_latency,3.5483e-08,second
GPU[1].SA[3].L1VCache[1],req_average_latency,3.517e-08,second
GPU[1].SA[3].L1VCache[2],req_average_latency,3.7994e-08,second
GPU[1].SA[3].L1VCache[3],req_average_latency,3.6275e-08,second
GPU[1].SA[3].L1SCache,req_average_latency,8.957e-09,second
GPU[1].SA[3].L1ICache,req_average_latency,5.772e-09,second
GPU[1].SA[4].L1VCache[0],req_average_latency,4.1315e-08,second
GPU[1].SA[4].L1VCache[1],req_average_latency,4.0824e-08,second
GPU[1].SA[4].L1VCache[2],req_average_latency,3.6659e-08,second
GPU[1].SA[4].L1VCache[3],req_average_latency,3.6544e-08,second
GPU[1].SA[4].L1SCache,req_average_latency,8.957e-09,second
GPU[1].SA[4].L1ICache,req_average_latency,5.779e-09,second
GPU[1].SA[5].L1VCache[0],req_average_latency,3.6105e-08,second
GPU[1].SA[5].L1VCache[1],req_average_latency,3.6453e-08,second
GPU[1].SA[5].L1VCache[2],req_average_latency,3.7473e-08,second
GPU[1].SA[5].L1VCache[3],req_average_latency,3.6529e-08,second
GPU[1].SA[5].L1SCache,req_average_latency,8.957e-09,second
GPU[1].SA[5].L1ICache,req_average_latency,5.789e-09,second
GPU[1].SA[6].L1VCache[0],req_average_latency,4.0186e-08,second
GPU[1].SA[6].L1VCache[1],req_average_latency,3.7185e-08,second
GPU[1].SA[6].L1VCache[2],req_average_latency,3.8421e-08,second
GPU[1].SA[6].L1VCache[3],req_average_latency,3.9714e-08,second
GPU[1].SA[6].L1SCache,req_average_latency,8.957e-09,second
GPU[1].SA[6].L1ICache,req_average_latency,5.76e-09,second
GPU[1].SA[7].L1VCache[0],req_average_latency,3.6859e-08,second
GPU[1].SA[7].L1VCache[1],req_average_latency,3.7488e-08,second
GPU[1].SA[7].L1VCache[2],req_average_latency,3.7055e-08,second
GPU[1].SA[7].L1VCache[3],req_average_latency,3.8295e-08,second
GPU[1].SA[7].L1SCache,req_average_latency,8.957e-09,second
GPU[1].SA[7].L1ICache,req_average_latency,5.761e-09,second
GPU[1].SA[8].L1VCache[0],req_average_latency,3.6305e-08,second
GPU[1].SA[8].L1VCache[1],req_average_latency,3.5351e-08,second
GPU[1].SA[8].L1VCache[2],req_average_latency,3.6169e-08,second
GPU[1].SA[8].L1VCache[3],req_average_latency,3.5437e-08,second
GPU[1].SA[8].L1SCache,req_average_latency,8.957e-09,second
GPU[1].SA[8].L1ICache,req_average_latency,5.756e-09,second
GPU[1].SA[9].L1VCache[0],req_average_latency,3.5641e-08,second
GPU[1].SA[9].L1VCache[1],req_average_latency,3.4982e-08,second
GPU[1].SA[9].L1VCache[2],req_average_latency,3.5789e-08,second
GPU[1].SA[9].L1VCache[3],req_average_latency,3.5554e-08,second
GPU[1].SA[9].L1SCache,req_average_latency,8.957e-09,second
GPU[1].SA[9].L1ICache,req_average_latency,5.755e-09,second
GPU[1].SA[10].L1VCache[0],req_average_latency,3.5748e-08,second
GPU[1].SA[10].L1VCache[1],req_average_latency,3.5154e-08,second
GPU[1].SA[10].L1VCache[2],req_average_latency,3.5965e-08,second
GPU[1].SA[10].L1VCache[3],req_average_latency,3.5702e-08,second
GPU[1].SA[10].L1SCache,req_average_latency,8.957e-09,second
GPU[1].SA[10].L1ICache,req_average_latency,5.753e-09,second
GPU[1].SA[11].L1VCache[0],req_average_latency,3.6015e-08,second
GPU[1].SA[11].L1VCache[1],req_average_latency,3.5419e-08,second
GPU[1].SA[11].L1VCache[2],req_average_latency,3.6083e-08,second
GPU[1].SA[11].L1VCache[3],req_average_latency,3.6526e-08,second
GPU[1].SA[11].L1SCache,req_average_latency,8.957e-09,second
GPU[1].SA[11].L1ICache,req_average_latency,5.753e-09,second
GPU[1].SA[12].L1VCache[0],req_average_latency,3.6137e-08,second
GPU[1].SA[12].L1VCache[1],req_average_latency,3.5809e-08,second
GPU[1].SA[12].L1VCache[2],req_average_latency,3.6448e-08,second
GPU[1].SA[12].L1VCache[3],req_average_latency,3.6718e-08,second
GPU[1].SA[12].L1SCache,req_average_latency,8.957e-09,second
GPU[1].SA[12].L1ICache,req_average_latency,5.748e-09,second
GPU[1].SA[13].L1VCache[0],req_average_latency,3.6637e-08,second
GPU[1].SA[13].L1VCache[1],req_average_latency,3.65e-08,second
GPU[1].SA[13].L1VCache[2],req_average_latency,3.6496e-08,second
GPU[1].SA[13].L1VCache[3],req_average_latency,3.6549e-08,second
GPU[1].SA[13].L1SCache,req_average_latency,8.957e-09,second
GPU[1].SA[13].L1ICache,req_average_latency,5.748e-09,second
GPU[1].SA[14].L1VCache[0],req_average_latency,3.6344e-08,second
GPU[1].SA[14].L1VCache[1],req_average_latency,3.8066e-08,second
GPU[1].SA[14].L1VCache[2],req_average_latency,3.6956e-08,second
GPU[1].SA[14].L1VCache[3],req_average_latency,3.8358e-08,second
GPU[1].SA[14].L1SCache,req_average_latency,8.957e-09,second
GPU[1].SA[14].L1ICache,req_average_latency,5.744e-09,second
GPU[1].SA[15].L1VCache[0],req_average_latency,3.7743e-08,second
GPU[1].SA[15].L1VCache[1],req_average_latency,3.842e-08,second
GPU[1].SA[15].L1VCache[2],req_average_latency,3.7402e-08,second
GPU[1].SA[15].L1VCache[3],req_average_latency,3.7534e-08,second
GPU[1].SA[15].L1SCache,req_average_latency,8.957e-09,second
GPU[1].SA[15].L1ICache,req_average_latency,5.743e-09,second
GPU[1].L2Cache[0],read-hit,46.0,count
GPU[1].L2Cache[0],read-miss,427.0,count
GPU[1].L2Cache[0],read-mshr-hit,83.0,count
GPU[1].L2Cache[0],write-hit,9.0,count
GPU[1].L2Cache[0],write-miss,247.0,count
GPU[1].L2Cache[0],write-mshr-hit,0.0,count
GPU[1].L2Cache[1],read-hit,37.0,count
GPU[1].L2Cache[1],read-miss,386.0,count
GPU[1].L2Cache[1],read-mshr-hit,39.0,count
GPU[1].L2Cache[1],write-hit,0.0,count
GPU[1].L2Cache[1],write-miss,256.0,count
GPU[1].L2Cache[1],write-mshr-hit,0.0,count
GPU[1].L2Cache[2],read-hit,69.0,count
GPU[1].L2Cache[2],read-miss,473.0,count
GPU[1].L2Cache[2],read-mshr-hit,30.0,count
GPU[1].L2Cache[2],write-hit,30.0,count
GPU[1].L2Cache[2],write-miss,226.0,count
GPU[1].L2Cache[2],write-mshr-hit,0.0,count
GPU[1].L2Cache[3],read-hit,96.0,count
GPU[1].L2Cache[3],read-miss,576.0,count
GPU[1].L2Cache[3],read-mshr-hit,5.0,count
GPU[1].L2Cache[3],write-hit,22.0,count
GPU[1].L2Cache[3],write-miss,234.0,count
GPU[1].L2Cache[3],write-mshr-hit,0.0,count
GPU[1].L2Cache[4],read-hit,72.0,count
GPU[1].L2Cache[4],read-miss,438.0,count
GPU[1].L2Cache[4],read-mshr-hit,0.0,count
GPU[1].L2Cache[4],write-hit,5.0,count
GPU[1].L2Cache[4],write-miss,251.0,count
GPU[1].L2Cache[4],write-mshr-hit,0.0,count
GPU[1].L2Cache[5],read-hit,37.0,count
GPU[1].L2Cache[5],read-miss,413.0,count
GPU[1].L2Cache[5],read-mshr-hit,0.0,count
GPU[1].L2Cache[5],write-hit,20.0,count
GPU[1].L2Cache[5],write-miss,236.0,count
GPU[1].L2Cache[5],write-mshr-hit,0.0,count
GPU[1].L2Cache[6],read-hit,51.0,count
GPU[1].L2Cache[6],read-miss,442.0,count
GPU[1].L2Cache[6],read-mshr-hit,0.0,count
GPU[1].L2Cache[6],write-hit,7.0,count
GPU[1].L2Cache[6],write-miss,249.0,count
GPU[1].L2Cache[6],write-mshr-hit,0.0,count
GPU[1].L2Cache[7],read-hit,204.0,count
GPU[1].L2Cache[7],read-miss,683.0,count
GPU[1].L2Cache[7],read-mshr-hit,0.0,count
GPU[1].L2Cache[7],write-hit,86.0,count
GPU[1].L2Cache[7],write-miss,170.0,count
GPU[1].L2Cache[7],write-mshr-hit,0.0,count
GPU[1].L2Cache[8],read-hit,62.0,count
GPU[1].L2Cache[8],read-miss,434.0,count
GPU[1].L2Cache[8],read-mshr-hit,0.0,count
GPU[1].L2Cache[8],write-hit,2.0,count
GPU[1].L2Cache[8],write-miss,254.0,count
GPU[1].L2Cache[8],write-mshr-hit,0.0,count
GPU[1].L2Cache[9],read-hit,36.0,count
GPU[1].L2Cache[9],read-miss,406.0,count
GPU[1].L2Cache[9],read-mshr-hit,0.0,count
GPU[1].L2Cache[9],write-hit,5.0,count
GPU[1].L2Cache[9],write-miss,251.0,count
GPU[1].L2Cache[9],write-mshr-hit,0.0,count
GPU[1].L2Cache[10],read-hit,94.0,count
GPU[1].L2Cache[10],read-miss,491.0,count
GPU[1].L2Cache[10],read-mshr-hit,0.0,count
GPU[1].L2Cache[10],write-hit,18.0,count
GPU[1].L2Cache[10],write-miss,238.0,count
GPU[1].L2Cache[10],write-mshr-hit,0.0,count
GPU[1].L2Cache[11],read-hit,57.0,count
GPU[1].L2Cache[11],read-miss,434.0,count
GPU[1].L2Cache[11],read-mshr-hit,0.0,count
GPU[1].L2Cache[11],write-hit,16.0,count
GPU[1].L2Cache[11],write-miss,239.0,count
GPU[1].L2Cache[11],write-mshr-hit,1.0,count
GPU[1].L2Cache[12],read-hit,87.0,count
GPU[1].L2Cache[12],read-miss,467.0,count
GPU[1].L2Cache[12],read-mshr-hit,0.0,count
GPU[1].L2Cache[12],write-hit,17.0,count
GPU[1].L2Cache[12],write-miss,239.0,count
GPU[1].L2Cache[12],write-mshr-hit,0.0,count
GPU[1].L2Cache[13],read-hit,72.0,count
GPU[1].L2Cache[13],read-miss,484.0,count
GPU[1].L2Cache[13],read-mshr-hit,0.0,count
GPU[1].L2Cache[13],write-hit,13.0,count
GPU[1].L2Cache[13],write-miss,243.0,count
GPU[1].L2Cache[13],write-mshr-hit,0.0,count
GPU[1].L2Cache[14],read-hit,51.0,count
GPU[1].L2Cache[14],read-miss,417.0,count
GPU[1].L2Cache[14],read-mshr-hit,0.0,count
GPU[1].L2Cache[14],write-hit,9.0,count
GPU[1].L2Cache[14],write-miss,247.0,count
GPU[1].L2Cache[14],write-mshr-hit,0.0,count
GPU[1].L2Cache[15],read-hit,253.0,count
GPU[1].L2Cache[15],read-miss,694.0,count
GPU[1].L2Cache[15],read-mshr-hit,0.0,count
GPU[1].L2Cache[15],write-hit,77.0,count
GPU[1].L2Cache[15],write-miss,179.0,count
GPU[1].L2Cache[15],write-mshr-hit,0.0,count
GPU[1].SA[0].L1VCache[0],read-hit,1164.0,count
GPU[1].SA[0].L1VCache[0],read-miss,98.0,count
GPU[1].SA[0].L1VCache[0],read-mshr-hit,2.0,count
GPU[1].SA[0].L1VCache[0],write-hit,0.0,count
GPU[1].SA[0].L1VCache[0],write-miss,64.0,count
GPU[1].SA[0].L1VCache[0],write-mshr-hit,0.0,count
GPU[1].SA[0].L1VCache[1],read-hit,1195.0,count
GPU[1].SA[0].L1VCache[1],read-miss,68.0,count
GPU[1].SA[0].L1VCache[1],read-mshr-hit,1.0,count
GPU[1].SA[0].L1VCache[1],write-hit,0.0,count
GPU[1].SA[0].L1VCache[1],write-miss,64.0,count
GPU[1].SA[0].L1VCache[1],write-mshr-hit,0.0,count
GPU[1].SA[0].L1VCache[2],read-hit,1196.0,count
GPU[1].SA[0].L1VCache[2],read-miss,68.0,count
GPU[1].SA[0].L1VCache[2],read-mshr-hit,0.0,count
GPU[1].SA[0].L1VCache[2],write-hit,0.0,count
GPU[1].SA[0].L1VCache[2],write-miss,64.0,count
GPU[1].SA[0].L1VCache[2],write-mshr-hit,0.0,count
GPU[1].SA[0].L1VCache[3],read-hit,1158.0,count
GPU[1].SA[0].L1VCache[3],read-miss,106.0,count
GPU[1].SA[0].L1VCache[3],read-mshr-hit,0.0,count
GPU[1].SA[0].L1VCache[3],write-hit,0.0,count
GPU[1].SA[0].L1VCache[3],write-miss,64.0,count
GPU[1].SA[0].L1VCache[3],write-mshr-hit,0.0,count
GPU[1].SA[0].L1SCache,read-hit,1232.0,count
GPU[1].SA[0].L1SCache,read-miss,3.0,count
GPU[1].SA[0].L1SCache,read-mshr-hit,45.0,count
GPU[1].SA[0].L1SCache,write-hit,0.0,count
GPU[1].SA[0].L1SCache,write-miss,0.0,count
GPU[1].SA[0].L1SCache,write-mshr-hit,0.0,count
GPU[1].SA[0].L1ICache,read-hit,5587.0,count
GPU[1].SA[0].L1ICache,read-miss,7.0,count
GPU[1].SA[0].L1ICache,read-mshr-hit,90.0,count
GPU[1].SA[0].L1ICache,write-hit,0.0,count
GPU[1].SA[0].L1ICache,write-miss,0.0,count
GPU[1].SA[0].L1ICache,write-mshr-hit,0.0,count
GPU[1].SA[1].L1VCache[0],read-hit,1195.0,count
GPU[1].SA[1].L1VCache[0],read-miss,68.0,count
GPU[1].SA[1].L1VCache[0],read-mshr-hit,1.0,count
GPU[1].SA[1].L1VCache[0],write-hit,0.0,count
GPU[1].SA[1].L1VCache[0],write-miss,64.0,count
GPU[1].SA[1].L1VCache[0],write-mshr-hit,0.0,count
GPU[1].SA[1].L1VCache[1],read-hit,1109.0,count
GPU[1].SA[1].L1VCache[1],read-miss,155.0,count
GPU[1].SA[1].L1VCache[1],read-mshr-hit,0.0,count
GPU[1].SA[1].L1VCache[1],write-hit,0.0,count
GPU[1].SA[1].L1VCache[1],write-miss,64.0,count
GPU[1].SA[1].L1VCache[1],write-mshr-hit,0.0,count
GPU[1].SA[1].L1VCache[2],read-hit,1150.0,count
GPU[1].SA[1].L1VCache[2],read-miss,112.0,count
GPU[1].SA[1].L1VCache[2],read-mshr-hit,2.0,count
GPU[1].SA[1].L1VCache[2],write-hit,0.0,count
GPU[1].SA[1].L1VCache[2],write-miss,64.0,count
GPU[1].SA[1].L1VCache[2],write-mshr-hit,0.0,count
GPU[1].SA[1].L1VCache[3],read-hit,1166.0,count
GPU[1].SA[1].L1VCache[3],read-miss,98.0,count
GPU[1].SA[1].L1VCache[3],read-mshr-hit,0.0,count
GPU[1].SA[1].L1VCache[3],write-hit,0.0,count
GPU[1].SA[1].L1VCache[3],write-miss,64.0,count
GPU[1].SA[1].L1VCache[3],write-mshr-hit,0.0,count
GPU[1].SA[1].L1SCache,read-hit,1232.0,count
GPU[1].SA[1].L1SCache,read-miss,3.0,count
GPU[1].SA[1].L1SCache,read-mshr-hit,45.0,count
GPU[1].SA[1].L1SCache,write-hit,0.0,count
GPU[1].SA[1].L1SCache,write-miss,0.0,count
GPU[1].SA[1].L1SCache,write-mshr-hit,0.0,count
GPU[1].SA[1].L1ICache,read-hit,5587.0,count
GPU[1].SA[1].L1ICache,read-miss,7.0,count
GPU[1].SA[1].L1ICache,read-mshr-hit,90.0,count
GPU[1].SA[1].L1ICache,write-hit,0.0,count
GPU[1].SA[1].L1ICache,write-miss,0.0,count
GPU[1].SA[1].L1ICache,write-mshr-hit,0.0,count
GPU[1].SA[2].L1VCache[0],read-hit,1195.0,count
GPU[1].SA[2].L1VCache[0],read-miss,68.0,count
GPU[1].SA[2].L1VCache[0],read-mshr-hit,1.0,count
GPU[1].SA[2].L1VCache[0],write-hit,0.0,count
GPU[1].SA[2].L1VCache[0],write-miss,64.0,count
GPU[1].SA[2].L1VCache[0],write-mshr-hit,0.0,count
GPU[1].SA[2].L1VCache[1],read-hit,1195.0,count
GPU[1].SA[2].L1VCache[1],read-miss,68.0,count
GPU[1].SA[2].L1VCache[1],read-mshr-hit,1.0,count
GPU[1].SA[2].L1VCache[1],write-hit,0.0,count
GPU[1].SA[2].L1VCache[1],write-miss,64.0,count
GPU[1].SA[2].L1VCache[1],write-mshr-hit,0.0,count
GPU[1].SA[2].L1VCache[2],read-hit,1196.0,count
GPU[1].SA[2].L1VCache[2],read-miss,68.0,count
GPU[1].SA[2].L1VCache[2],read-mshr-hit,0.0,count
GPU[1].SA[2].L1VCache[2],write-hit,0.0,count
GPU[1].SA[2].L1VCache[2],write-miss,64.0,count
GPU[1].SA[2].L1VCache[2],write-mshr-hit,0.0,count
GPU[1].SA[2].L1VCache[3],read-hit,1150.0,count
GPU[1].SA[2].L1VCache[3],read-miss,114.0,count
GPU[1].SA[2].L1VCache[3],read-mshr-hit,0.0,count
GPU[1].SA[2].L1VCache[3],write-hit,0.0,count
GPU[1].SA[2].L1VCache[3],write-miss,64.0,count
GPU[1].SA[2].L1VCache[3],write-mshr-hit,0.0,count
GPU[1].SA[2].L1SCache,read-hit,1232.0,count
GPU[1].SA[2].L1SCache,read-miss,3.0,count
GPU[1].SA[2].L1SCache,read-mshr-hit,45.0,count
GPU[1].SA[2].L1SCache,write-hit,0.0,count
GPU[1].SA[2].L1SCache,write-miss,0.0,count
GPU[1].SA[2].L1SCache,write-mshr-hit,0.0,count
GPU[1].SA[2].L1ICache,read-hit,5587.0,count
GPU[1].SA[2].L1ICache,read-miss,7.0,count
GPU[1].SA[2].L1ICache,read-mshr-hit,90.0,count
GPU[1].SA[2].L1ICache,write-hit,0.0,count
GPU[1].SA[2].L1ICache,write-miss,0.0,count
GPU[1].SA[2].L1ICache,write-mshr-hit,0.0,count
GPU[1].SA[3].L1VCache[0],read-hit,1196.0,count
GPU[1].SA[3].L1VCache[0],read-miss,68.0,count
GPU[1].SA[3].L1VCache[0],read-mshr-hit,0.0,count
GPU[1].SA[3].L1VCache[0],write-hit,0.0,count
GPU[1].SA[3].L1VCache[0],write-miss,64.0,count
GPU[1].SA[3].L1VCache[0],write-mshr-hit,0.0,count
GPU[1].SA[3].L1VCache[1],read-hit,1196.0,count
GPU[1].SA[3].L1VCache[1],read-miss,68.0,count
GPU[1].SA[3].L1VCache[1],read-mshr-hit,0.0,count
GPU[1].SA[3].L1VCache[1],write-hit,0.0,count
GPU[1].SA[3].L1VCache[1],write-miss,64.0,count
GPU[1].SA[3].L1VCache[1],write-mshr-hit,0.0,count
GPU[1].SA[3].L1VCache[2],read-hit,1155.0,count
GPU[1].SA[3].L1VCache[2],read-miss,109.0,count
GPU[1].SA[3].L1VCache[2],read-mshr-hit,0.0,count
GPU[1].SA[3].L1VCache[2],write-hit,0.0,count
GPU[1].SA[3].L1VCache[2],write-miss,64.0,count
GPU[1].SA[3].L1VCache[2],write-mshr-hit,0.0,count
GPU[1].SA[3].L1VCache[3],read-hit,1196.0,count
GPU[1].SA[3].L1VCache[3],read-miss,68.0,count
GPU[1].SA[3].L1VCache[3],read-mshr-hit,0.0,count
GPU[1].SA[3].L1VCache[3],write-hit,0.0,count
GPU[1].SA[3].L1VCache[3],write-miss,64.0,count
GPU[1].SA[3].L1VCache[3],write-mshr-hit,0.0,count
GPU[1].SA[3].L1SCache,read-hit,1232.0,count
GPU[1].SA[3].L1SCache,read-miss,3.0,count
GPU[1].SA[3].L1SCache,read-mshr-hit,45.0,count
GPU[1].SA[3].L1SCache,write-hit,0.0,count
GPU[1].SA[3].L1SCache,write-miss,0.0,count
GPU[1].SA[3].L1SCache,write-mshr-hit,0.0,count
GPU[1].SA[3].L1ICache,read-hit,5587.0,count
GPU[1].SA[3].L1ICache,read-miss,7.0,count
GPU[1].SA[3].L1ICache,read-mshr-hit,90.0,count
GPU[1].SA[3].L1ICache,write-hit,0.0,count
GPU[1].SA[3].L1ICache,write-miss,0.0,count
GPU[1].SA[3].L1ICache,write-mshr-hit,0.0,count
GPU[1].SA[4].L1VCache[0],read-hit,1116.0,count
GPU[1].SA[4].L1VCache[0],read-miss,144.0,count
GPU[1].SA[4].L1VCache[0],read-mshr-hit,4.0,count
GPU[1].SA[4].L1VCache[0],write-hit,0.0,count
GPU[1].SA[4].L1VCache[0],write-miss,64.0,count
GPU[1].SA[4].L1VCache[0],write-mshr-hit,0.0,count
GPU[1].SA[4].L1VCache[1],read-hit,1136.0,count
GPU[1].SA[4].L1VCache[1],read-miss,128.0,count
GPU[1].SA[4].L1VCache[1],read-mshr-hit,0.0,count
GPU[1].SA[4].L1VCache[1],write-hit,0.0,count
GPU[1].SA[4].L1VCache[1],write-miss,64.0,count
GPU[1].SA[4].L1VCache[1],write-mshr-hit,0.0,count
GPU[1].SA[4].L1VCache[2],read-hit,1196.0,count
GPU[1].SA[4].L1VCache[2],read-miss,68.0,count
GPU[1].SA[4].L1VCache[2],read-mshr-hit,0.0,count
GPU[1].SA[4].L1VCache[2],write-hit,0.0,count
GPU[1].SA[4].L1VCache[2],write-miss,64.0,count
GPU[1].SA[4].L1VCache[2],write-mshr-hit,0.0,count
GPU[1].SA[4].L1VCache[3],read-hit,1196.0,count
GPU[1].SA[4].L1VCache[3],read-miss,68.0,count
GPU[1].SA[4].L1VCache[3],read-mshr-hit,0.0,count
GPU[1].SA[4].L1VCache[3],write-hit,0.0,count
GPU[1].SA[4].L1VCache[3],write-miss,64.0,count
GPU[1].SA[4].L1VCache[3],write-mshr-hit,0.0,count
GPU[1].SA[4].L1SCache,read-hit,1232.0,count
GPU[1].SA[4].L1SCache,read-miss,3.0,count
GPU[1].SA[4].L1SCache,read-mshr-hit,45.0,count
GPU[1].SA[4].L1SCache,write-hit,0.0,count
GPU[1].SA[4].L1SCache,write-miss,0.0,count
GPU[1].SA[4].L1SCache,write-mshr-hit,0.0,count
GPU[1].SA[4].L1ICache,read-hit,5587.0,count
GPU[1].SA[4].L1ICache,read-miss,7.0,count
GPU[1].SA[4].L1ICache,read-mshr-hit,90.0,count
GPU[1].SA[4].L1ICache,write-hit,0.0,count
GPU[1].SA[4].L1ICache,write-miss,0.0,count
GPU[1].SA[4].L1ICache,write-mshr-hit,0.0,count
GPU[1].SA[5].L1VCache[0],read-hit,1196.0,count
GPU[1].SA[5].L1VCache[0],read-miss,68.0,count
GPU[1].SA[5].L1VCache[0],read-mshr-hit,0.0,count
GPU[1].SA[5].L1VCache[0],write-hit,0.0,count
GPU[1].SA[5].L1VCache[0],write-miss,64.0,count
GPU[1].SA[5].L1VCache[0],write-mshr-hit,0.0,count
GPU[1].SA[5].L1VCache[1],read-hit,1196.0,count
GPU[1].SA[5].L1VCache[1],read-miss,68.0,count
GPU[1].SA[5].L1VCache[1],read-mshr-hit,0.0,count
GPU[1].SA[5].L1VCache[1],write-hit,0.0,count
GPU[1].SA[5].L1VCache[1],write-miss,64.0,count
GPU[1].SA[5].L1VCache[1],write-mshr-hit,0.0,count
GPU[1].SA[5].L1VCache[2],read-hit,1196.0,count
GPU[1].SA[5].L1VCache[2],read-miss,68.0,count
GPU[1].SA[5].L1VCache[2],read-mshr-hit,0.0,count
GPU[1].SA[5].L1VCache[2],write-hit,0.0,count
GPU[1].SA[5].L1VCache[2],write-miss,64.0,count
GPU[1].SA[5].L1VCache[2],write-mshr-hit,0.0,count
GPU[1].SA[5].L1VCache[3],read-hit,1196.0,count
GPU[1].SA[5].L1VCache[3],read-miss,68.0,count
GPU[1].SA[5].L1VCache[3],read-mshr-hit,0.0,count
GPU[1].SA[5].L1VCache[3],write-hit,0.0,count
GPU[1].SA[5].L1VCache[3],write-miss,64.0,count
GPU[1].SA[5].L1VCache[3],write-mshr-hit,0.0,count
GPU[1].SA[5].L1SCache,read-hit,1232.0,count
GPU[1].SA[5].L1SCache,read-miss,3.0,count
GPU[1].SA[5].L1SCache,read-mshr-hit,45.0,count
GPU[1].SA[5].L1SCache,write-hit,0.0,count
GPU[1].SA[5].L1SCache,write-miss,0.0,count
GPU[1].SA[5].L1SCache,write-mshr-hit,0.0,count
GPU[1].SA[5].L1ICache,read-hit,5587.0,count
GPU[1].SA[5].L1ICache,read-miss,7.0,count
GPU[1].SA[5].L1ICache,read-mshr-hit,90.0,count
GPU[1].SA[5].L1ICache,write-hit,0.0,count
GPU[1].SA[5].L1ICache,write-miss,0.0,count
GPU[1].SA[5].L1ICache,write-mshr-hit,0.0,count
GPU[1].SA[6].L1VCache[0],read-hit,1153.0,count
GPU[1].SA[6].L1VCache[0],read-miss,109.0,count
GPU[1].SA[6].L1VCache[0],read-mshr-hit,2.0,count
GPU[1].SA[6].L1VCache[0],write-hit,0.0,count
GPU[1].SA[6].L1VCache[0],write-miss,64.0,count
GPU[1].SA[6].L1VCache[0],write-mshr-hit,0.0,count
GPU[1].SA[6].L1VCache[1],read-hit,1195.0,count
GPU[1].SA[6].L1VCache[1],read-miss,68.0,count
GPU[1].SA[6].L1VCache[1],read-mshr-hit,1.0,count
GPU[1].SA[6].L1VCache[1],write-hit,0.0,count
GPU[1].SA[6].L1VCache[1],write-miss,64.0,count
GPU[1].SA[6].L1VCache[1],write-mshr-hit,0.0,count
GPU[1].SA[6].L1VCache[2],read-hit,1155.0,count
GPU[1].SA[6].L1VCache[2],read-miss,109.0,count
GPU[1].SA[6].L1VCache[2],read-mshr-hit,0.0,count
GPU[1].SA[6].L1VCache[2],write-hit,0.0,count
GPU[1].SA[6].L1VCache[2],write-miss,64.0,count
GPU[1].SA[6].L1VCache[2],write-mshr-hit,0.0,count
GPU[1].SA[6].L1VCache[3],read-hit,1135.0,count
GPU[1].SA[6].L1VCache[3],read-miss,129.0,count
GPU[1].SA[6].L1VCache[3],read-mshr-hit,0.0,count
GPU[1].SA[6].L1VCache[3],write-hit,0.0,count
GPU[1].SA[6].L1VCache[3],write-miss,64.0,count
GPU[1].SA[6].L1VCache[3],write-mshr-hit,0.0,count
GPU[1].SA[6].L1SCache,read-hit,1232.0,count
GPU[1].SA[6].L1SCache,read-miss,3.0,count
GPU[1].SA[6].L1SCache,read-mshr-hit,45.0,count
GPU[1].SA[6].L1SCache,write-hit,0.0,count
GPU[1].SA[6].L1SCache,write-miss,0.0,count
GPU[1].SA[6].L1SCache,write-mshr-hit,0.0,count
GPU[1].SA[6].L1ICache,read-hit,5587.0,count
GPU[1].SA[6].L1ICache,read-miss,7.0,count
GPU[1].SA[6].L1ICache,read-mshr-hit,90.0,count
GPU[1].SA[6].L1ICache,write-hit,0.0,count
GPU[1].SA[6].L1ICache,write-miss,0.0,count
GPU[1].SA[6].L1ICache,write-mshr-hit,0.0,count
GPU[1].SA[7].L1VCache[0],read-hit,1195.0,count
GPU[1].SA[7].L1VCache[0],read-miss,68.0,count
GPU[1].SA[7].L1VCache[0],read-mshr-hit,1.0,count
GPU[1].SA[7].L1VCache[0],write-hit,0.0,count
GPU[1].SA[7].L1VCache[0],write-miss,64.0,count
GPU[1].SA[7].L1VCache[0],write-mshr-hit,0.0,count
GPU[1].SA[7].L1VCache[1],read-hit,1195.0,count
GPU[1].SA[7].L1VCache[1],read-miss,68.0,count
GPU[1].SA[7].L1VCache[1],read-mshr-hit,1.0,count
GPU[1].SA[7].L1VCache[1],write-hit,0.0,count
GPU[1].SA[7].L1VCache[1],write-miss,64.0,count
GPU[1].SA[7].L1VCache[1],write-mshr-hit,0.0,count
GPU[1].SA[7].L1VCache[2],read-hit,1196.0,count
GPU[1].SA[7].L1VCache[2],read-miss,68.0,count
GPU[1].SA[7].L1VCache[2],read-mshr-hit,0.0,count
GPU[1].SA[7].L1VCache[2],write-hit,0.0,count
GPU[1].SA[7].L1VCache[2],write-miss,64.0,count
GPU[1].SA[7].L1VCache[2],write-mshr-hit,0.0,count
GPU[1].SA[7].L1VCache[3],read-hit,1141.0,count
GPU[1].SA[7].L1VCache[3],read-miss,123.0,count
GPU[1].SA[7].L1VCache[3],read-mshr-hit,0.0,count
GPU[1].SA[7].L1VCache[3],write-hit,0.0,count
GPU[1].SA[7].L1VCache[3],write-miss,64.0,count
GPU[1].SA[7].L1VCache[3],write-mshr-hit,0.0,count
GPU[1].SA[7].L1SCache,read-hit,1232.0,count
GPU[1].SA[7].L1SCache,read-miss,3.0,count
GPU[1].SA[7].L1SCache,read-mshr-hit,45.0,count
GPU[1].SA[7].L1SCache,write-hit,0.0,count
GPU[1].SA[7].L1SCache,write-miss,0.0,count
GPU[1].SA[7].L1SCache,write-mshr-hit,0.0,count
GPU[1].SA[7].L1ICache,read-hit,5587.0,count
GPU[1].SA[7].L1ICache,read-miss,7.0,count
GPU[1].SA[7].L1ICache,read-mshr-hit,90.0,count
GPU[1].SA[7].L1ICache,write-hit,0.0,count
GPU[1].SA[7].L1ICache,write-miss,0.0,count
GPU[1].SA[7].L1ICache,write-mshr-hit,0.0,count
GPU[1].SA[8].L1VCache[0],read-hit,1195.0,count
GPU[1].SA[8].L1VCache[0],read-miss,68.0,count
GPU[1].SA[8].L1VCache[0],read-mshr-hit,1.0,count
GPU[1].SA[8].L1VCache[0],write-hit,0.0,count
GPU[1].SA[8].L1VCache[0],write-miss,64.0,count
GPU[1].SA[8].L1VCache[0],write-mshr-hit,0.0,count
GPU[1].SA[8].L1VCache[1],read-hit,1196.0,count
GPU[1].SA[8].L1VCache[1],read-miss,68.0,count
GPU[1].SA[8].L1VCache[1],read-mshr-hit,0.0,count
GPU[1].SA[8].L1VCache[1],write-hit,0.0,count
GPU[1].SA[8].L1VCache[1],write-miss,64.0,count
GPU[1].SA[8].L1VCache[1],write-mshr-hit,0.0,count
GPU[1].SA[8].L1VCache[2],read-hit,1158.0,count
GPU[1].SA[8].L1VCache[2],read-miss,106.0,count
GPU[1].SA[8].L1VCache[2],read-mshr-hit,0.0,count
GPU[1].SA[8].L1VCache[2],write-hit,0.0,count
GPU[1].SA[8].L1VCache[2],write-miss,64.0,count
GPU[1].SA[8].L1VCache[2],write-mshr-hit,0.0,count
GPU[1].SA[8].L1VCache[3],read-hit,1196.0,count
GPU[1].SA[8].L1VCache[3],read-miss,68.0,count
GPU[1].SA[8].L1VCache[3],read-mshr-hit,0.0,count
GPU[1].SA[8].L1VCache[3],write-hit,0.0,count
GPU[1].SA[8].L1VCache[3],write-miss,64.0,count
GPU[1].SA[8].L1VCache[3],write-mshr-hit,0.0,count
GPU[1].SA[8].L1SCache,read-hit,1232.0,count
GPU[1].SA[8].L1SCache,read-miss,3.0,count
GPU[1].SA[8].L1SCache,read-mshr-hit,45.0,count
GPU[1].SA[8].L1SCache,write-hit,0.0,count
GPU[1].SA[8].L1SCache,write-miss,0.0,count
GPU[1].SA[8].L1SCache,write-mshr-hit,0.0,count
GPU[1].SA[8].L1ICache,read-hit,5587.0,count
GPU[1].SA[8].L1ICache,read-miss,7.0,count
GPU[1].SA[8].L1ICache,read-mshr-hit,90.0,count
GPU[1].SA[8].L1ICache,write-hit,0.0,count
GPU[1].SA[8].L1ICache,write-miss,0.0,count
GPU[1].SA[8].L1ICache,write-mshr-hit,0.0,count
GPU[1].SA[9].L1VCache[0],read-hit,1196.0,count
GPU[1].SA[9].L1VCache[0],read-miss,68.0,count
GPU[1].SA[9].L1VCache[0],read-mshr-hit,0.0,count
GPU[1].SA[9].L1VCache[0],write-hit,0.0,count
GPU[1].SA[9].L1VCache[0],write-miss,64.0,count
GPU[1].SA[9].L1VCache[0],write-mshr-hit,0.0,count
GPU[1].SA[9].L1VCache[1],read-hit,1196.0,count
GPU[1].SA[9].L1VCache[1],read-miss,68.0,count
GPU[1].SA[9].L1VCache[1],read-mshr-hit,0.0,count
GPU[1].SA[9].L1VCache[1],write-hit,0.0,count
GPU[1].SA[9].L1VCache[1],write-miss,64.0,count
GPU[1].SA[9].L1VCache[1],write-mshr-hit,0.0,count
GPU[1].SA[9].L1VCache[2],read-hit,1196.0,count
GPU[1].SA[9].L1VCache[2],read-miss,68.0,count
GPU[1].SA[9].L1VCache[2],read-mshr-hit,0.0,count
GPU[1].SA[9].L1VCache[2],write-hit,0.0,count
GPU[1].SA[9].L1VCache[2],write-miss,64.0,count
GPU[1].SA[9].L1VCache[2],write-mshr-hit,0.0,count
GPU[1].SA[9].L1VCache[3],read-hit,1196.0,count
GPU[1].SA[9].L1VCache[3],read-miss,68.0,count
GPU[1].SA[9].L1VCache[3],read-mshr-hit,0.0,count
GPU[1].SA[9].L1VCache[3],write-hit,0.0,count
GPU[1].SA[9].L1VCache[3],write-miss,64.0,count
GPU[1].SA[9].L1VCache[3],write-mshr-hit,0.0,count
GPU[1].SA[9].L1SCache,read-hit,1232.0,count
GPU[1].SA[9].L1SCache,read-miss,3.0,count
GPU[1].SA[9].L1SCache,read-mshr-hit,45.0,count
GPU[1].SA[9].L1SCache,write-hit,0.0,count
GPU[1].SA[9].L1SCache,write-miss,0.0,count
GPU[1].SA[9].L1SCache,write-mshr-hit,0.0,count
GPU[1].SA[9].L1ICache,read-hit,5587.0,count
GPU[1].SA[9].L1ICache,read-miss,7.0,count
GPU[1].SA[9].L1ICache,read-mshr-hit,90.0,count
GPU[1].SA[9].L1ICache,write-hit,0.0,count
GPU[1].SA[9].L1ICache,write-miss,0.0,count
GPU[1].SA[9].L1ICache,write-mshr-hit,0.0,count
GPU[1].SA[10].L1VCache[0],read-hit,1196.0,count
GPU[1].SA[10].L1VCache[0],read-miss,68.0,count
GPU[1].SA[10].L1VCache[0],read-mshr-hit,0.0,count
GPU[1].SA[10].L1VCache[0],write-hit,0.0,count
GPU[1].SA[10].L1VCache[0],write-miss,64.0,count
GPU[1].SA[10].L1VCache[0],write-mshr-hit,0.0,count
GPU[1].SA[10].L1VCache[1],read-hit,1196.0,count
GPU[1].SA[10].L1VCache[1],read-miss,68.0,count
GPU[1].SA[10].L1VCache[1],read-mshr-hit,0.0,count
GPU[1].SA[10].L1VCache[1],write-hit,0.0,count
GPU[1].SA[10].L1VCache[1],write-miss,64.0,count
GPU[1].SA[10].L1VCache[1],write-mshr-hit,0.0,count
GPU[1].SA[10].L1VCache[2],read-hit,1196.0,count
GPU[1].SA[10].L1VCache[2],read-miss,68.0,count
GPU[1].SA[10].L1VCache[2],read-mshr-hit,0.0,count
GPU[1].SA[10].L1VCache[2],write-hit,0.0,count
GPU[1].SA[10].L1VCache[2],write-miss,64.0,count
GPU[1].SA[10].L1VCache[2],write-mshr-hit,0.0,count
GPU[1].SA[10].L1VCache[3],read-hit,1196.0,count
GPU[1].SA[10].L1VCache[3],read-miss,68.0,count
GPU[1].SA[10].L1VCache[3],read-mshr-hit,0.0,count
GPU[1].SA[10].L1VCache[3],write-hit,0.0,count
GPU[1].SA[10].L1VCache[3],write-miss,64.0,count
GPU[1].SA[10].L1VCache[3],write-mshr-hit,0.0,count
GPU[1].SA[10].L1SCache,read-hit,1232.0,count
GPU[1].SA[10].L1SCache,read-miss,3.0,count
GPU[1].SA[10].L1SCache,read-mshr-hit,45.0,count
GPU[1].SA[10].L1SCache,write-hit,0.0,count
GPU[1].SA[10].L1SCache,write-miss,0.0,count
GPU[1].SA[10].L1SCache,write-mshr-hit,0.0,count
GPU[1].SA[10].L1ICache,read-hit,5587.0,count
GPU[1].SA[10].L1ICache,read-miss,7.0,count
GPU[1].SA[10].L1ICache,read-mshr-hit,90.0,count
GPU[1].SA[10].L1ICache,write-hit,0.0,count
GPU[1].SA[10].L1ICache,write-miss,0.0,count
GPU[1].SA[10].L1ICache,write-mshr-hit,0.0,count
GPU[1].SA[11].L1VCache[0],read-hit,1196.0,count
GPU[1].SA[11].L1VCache[0],read-miss,68.0,count
GPU[1].SA[11].L1VCache[0],read-mshr-hit,0.0,count
GPU[1].SA[11].L1VCache[0],write-hit,0.0,count
GPU[1].SA[11].L1VCache[0],write-miss,64.0,count
GPU[1].SA[11].L1VCache[0],write-mshr-hit,0.0,count
GPU[1].SA[11].L1VCache[1],read-hit,1196.0,count
GPU[1].SA[11].L1VCache[1],read-miss,68.0,count
GPU[1].SA[11].L1VCache[1],read-mshr-hit,0.0,count
GPU[1].SA[11].L1VCache[1],write-hit,0.0,count
GPU[1].SA[11].L1VCache[1],write-miss,64.0,count
GPU[1].SA[11].L1VCache[1],write-mshr-hit,0.0,count
GPU[1].SA[11].L1VCache[2],read-hit,1196.0,count
GPU[1].SA[11].L1VCache[2],read-miss,68.0,count
GPU[1].SA[11].L1VCache[2],read-mshr-hit,0.0,count
GPU[1].SA[11].L1VCache[2],write-hit,0.0,count
GPU[1].SA[11].L1VCache[2],write-miss,64.0,count
GPU[1].SA[11].L1VCache[2],write-mshr-hit,0.0,count
GPU[1].SA[11].L1VCache[3],read-hit,1196.0,count
GPU[1].SA[11].L1VCache[3],read-miss,68.0,count
GPU[1].SA[11].L1VCache[3],read-mshr-hit,0.0,count
GPU[1].SA[11].L1VCache[3],write-hit,0.0,count
GPU[1].SA[11].L1VCache[3],write-miss,64.0,count
GPU[1].SA[11].L1VCache[3],write-mshr-hit,0.0,count
GPU[1].SA[11].L1SCache,read-hit,1232.0,count
GPU[1].SA[11].L1SCache,read-miss,3.0,count
GPU[1].SA[11].L1SCache,read-mshr-hit,45.0,count
GPU[1].SA[11].L1SCache,write-hit,0.0,count
GPU[1].SA[11].L1SCache,write-miss,0.0,count
GPU[1].SA[11].L1SCache,write-mshr-hit,0.0,count
GPU[1].SA[11].L1ICache,read-hit,5587.0,count
GPU[1].SA[11].L1ICache,read-miss,7.0,count
GPU[1].SA[11].L1ICache,read-mshr-hit,90.0,count
GPU[1].SA[11].L1ICache,write-hit,0.0,count
GPU[1].SA[11].L1ICache,write-miss,0.0,count
GPU[1].SA[11].L1ICache,write-mshr-hit,0.0,count
GPU[1].SA[12].L1VCache[0],read-hit,1196.0,count
GPU[1].SA[12].L1VCache[0],read-miss,68.0,count
GPU[1].SA[12].L1VCache[0],read-mshr-hit,0.0,count
GPU[1].SA[12].L1VCache[0],write-hit,0.0,count
GPU[1].SA[12].L1VCache[0],write-miss,64.0,count
GPU[1].SA[12].L1VCache[0],write-mshr-hit,0.0,count
GPU[1].SA[12].L1VCache[1],read-hit,1196.0,count
GPU[1].SA[12].L1VCache[1],read-miss,68.0,count
GPU[1].SA[12].L1VCache[1],read-mshr-hit,0.0,count
GPU[1].SA[12].L1VCache[1],write-hit,0.0,count
GPU[1].SA[12].L1VCache[1],write-miss,64.0,count
GPU[1].SA[12].L1VCache[1],write-mshr-hit,0.0,count
GPU[1].SA[12].L1VCache[2],read-hit,1160.0,count
GPU[1].SA[12].L1VCache[2],read-miss,102.0,count
GPU[1].SA[12].L1VCache[2],read-mshr-hit,2.0,count
GPU[1].SA[12].L1VCache[2],write-hit,0.0,count
GPU[1].SA[12].L1VCache[2],write-miss,64.0,count
GPU[1].SA[12].L1VCache[2],write-mshr-hit,0.0,count
GPU[1].SA[12].L1VCache[3],read-hit,1196.0,count
GPU[1].SA[12].L1VCache[3],read-miss,68.0,count
GPU[1].SA[12].L1VCache[3],read-mshr-hit,0.0,count
GPU[1].SA[12].L1VCache[3],write-hit,0.0,count
GPU[1].SA[12].L1VCache[3],write-miss,64.0,count
GPU[1].SA[12].L1VCache[3],write-mshr-hit,0.0,count
GPU[1].SA[12].L1SCache,read-hit,1232.0,count
GPU[1].SA[12].L1SCache,read-miss,3.0,count
GPU[1].SA[12].L1SCache,read-mshr-hit,45.0,count
GPU[1].SA[12].L1SCache,write-hit,0.0,count
GPU[1].SA[12].L1SCache,write-miss,0.0,count
GPU[1].SA[12].L1SCache,write-mshr-hit,0.0,count
GPU[1].SA[12].L1ICache,read-hit,5587.0,count
GPU[1].SA[12].L1ICache,read-miss,7.0,count
GPU[1].SA[12].L1ICache,read-mshr-hit,90.0,count
GPU[1].SA[12].L1ICache,write-hit,0.0,count
GPU[1].SA[12].L1ICache,write-miss,0.0,count
GPU[1].SA[12].L1ICache,write-mshr-hit,0.0,count
GPU[1].SA[13].L1VCache[0],read-hit,1164.0,count
GPU[1].SA[13].L1VCache[0],read-miss,100.0,count
GPU[1].SA[13].L1VCache[0],read-mshr-hit,0.0,count
GPU[1].SA[13].L1VCache[0],write-hit,0.0,count
GPU[1].SA[13].L1VCache[0],write-miss,64.0,count
GPU[1].SA[13].L1VCache[0],write-mshr-hit,0.0,count
GPU[1].SA[13].L1VCache[1],read-hit,1148.0,count
GPU[1].SA[13].L1VCache[1],read-miss,116.0,count
GPU[1].SA[13].L1VCache[1],read-mshr-hit,0.0,count
GPU[1].SA[13].L1VCache[1],write-hit,0.0,count
GPU[1].SA[13].L1VCache[1],write-miss,64.0,count
GPU[1].SA[13].L1VCache[1],write-mshr-hit,0.0,count
GPU[1].SA[13].L1VCache[2],read-hit,1164.0,count
GPU[1].SA[13].L1VCache[2],read-miss,99.0,count
GPU[1].SA[13].L1VCache[2],read-mshr-hit,1.0,count
GPU[1].SA[13].L1VCache[2],write-hit,0.0,count
GPU[1].SA[13].L1VCache[2],write-miss,64.0,count
GPU[1].SA[13].L1VCache[2],write-mshr-hit,0.0,count
GPU[1].SA[13].L1VCache[3],read-hit,1196.0,count
GPU[1].SA[13].L1VCache[3],read-miss,68.0,count
GPU[1].SA[13].L1VCache[3],read-mshr-hit,0.0,count
GPU[1].SA[13].L1VCache[3],write-hit,0.0,count
GPU[1].SA[13].L1VCache[3],write-miss,64.0,count
GPU[1].SA[13].L1VCache[3],write-mshr-hit,0.0,count
GPU[1].SA[13].L1SCache,read-hit,1232.0,count
GPU[1].SA[13].L1SCache,read-miss,3.0,count
GPU[1].SA[13].L1SCache,read-mshr-hit,45.0,count
GPU[1].SA[13].L1SCache,write-hit,0.0,count
GPU[1].SA[13].L1SCache,write-miss,0.0,count
GPU[1].SA[13].L1SCache,write-mshr-hit,0.0,count
GPU[1].SA[13].L1ICache,read-hit,5587.0,count
GPU[1].SA[13].L1ICache,read-miss,7.0,count
GPU[1].SA[13].L1ICache,read-mshr-hit,90.0,count
GPU[1].SA[13].L1ICache,write-hit,0.0,count
GPU[1].SA[13].L1ICache,write-miss,0.0,count
GPU[1].SA[13].L1ICache,write-mshr-hit,0.0,count
GPU[1].SA[14].L1VCache[0],read-hit,1196.0,count
GPU[1].SA[14].L1VCache[0],read-miss,68.0,count
GPU[1].SA[14].L1VCache[0],read-mshr-hit,0.0,count
GPU[1].SA[14].L1VCache[0],write-hit,0.0,count
GPU[1].SA[14].L1VCache[0],write-miss,64.0,count
GPU[1].SA[14].L1VCache[0],write-mshr-hit,0.0,count
GPU[1].SA[14].L1VCache[1],read-hit,1135.0,count
GPU[1].SA[14].L1VCache[1],read-miss,124.0,count
GPU[1].SA[14].L1VCache[1],read-mshr-hit,5.0,count
GPU[1].SA[14].L1VCache[1],write-hit,0.0,count
GPU[1].SA[14].L1VCache[1],write-miss,64.0,count
GPU[1].SA[14].L1VCache[1],write-mshr-hit,0.0,count
GPU[1].SA[14].L1VCache[2],read-hit,1196.0,count
GPU[1].SA[14].L1VCache[2],read-miss,68.0,count
GPU[1].SA[14].L1VCache[2],read-mshr-hit,0.0,count
GPU[1].SA[14].L1VCache[2],write-hit,0.0,count
GPU[1].SA[14].L1VCache[2],write-miss,64.0,count
GPU[1].SA[14].L1VCache[2],write-mshr-hit,0.0,count
GPU[1].SA[14].L1VCache[3],read-hit,1079.0,count
GPU[1].SA[14].L1VCache[3],read-miss,185.0,count
GPU[1].SA[14].L1VCache[3],read-mshr-hit,0.0,count
GPU[1].SA[14].L1VCache[3],write-hit,0.0,count
GPU[1].SA[14].L1VCache[3],write-miss,64.0,count
GPU[1].SA[14].L1VCache[3],write-mshr-hit,0.0,count
GPU[1].SA[14].L1SCache,read-hit,1232.0,count
GPU[1].SA[14].L1SCache,read-miss,3.0,count
GPU[1].SA[14].L1SCache,read-mshr-hit,45.0,count
GPU[1].SA[14].L1SCache,write-hit,0.0,count
GPU[1].SA[14].L1SCache,write-miss,0.0,count
GPU[1].SA[14].L1SCache,write-mshr-hit,0.0,count
GPU[1].SA[14].L1ICache,read-hit,5587.0,count
GPU[1].SA[14].L1ICache,read-miss,7.0,count
GPU[1].SA[14].L1ICache,read-mshr-hit,90.0,count
GPU[1].SA[14].L1ICache,write-hit,0.0,count
GPU[1].SA[14].L1ICache,write-miss,0.0,count
GPU[1].SA[14].L1ICache,write-mshr-hit,0.0,count
GPU[1].SA[15].L1VCache[0],read-hit,1196.0,count
GPU[1].SA[15].L1VCache[0],read-miss,68.0,count
GPU[1].SA[15].L1VCache[0],read-mshr-hit,0.0,count
GPU[1].SA[15].L1VCache[0],write-hit,0.0,count
GPU[1].SA[15].L1VCache[0],write-miss,64.0,count
GPU[1].SA[15].L1VCache[0],write-mshr-hit,0.0,count
GPU[1].SA[15].L1VCache[1],read-hit,1196.0,count
GPU[1].SA[15].L1VCache[1],read-miss,68.0,count
GPU[1].SA[15].L1VCache[1],read-mshr-hit,0.0,count
GPU[1].SA[15].L1VCache[1],write-hit,0.0,count
GPU[1].SA[15].L1VCache[1],write-miss,64.0,count
GPU[1].SA[15].L1VCache[1],write-mshr-hit,0.0,count
GPU[1].SA[15].L1VCache[2],read-hit,1154.0,count
GPU[1].SA[15].L1VCache[2],read-miss,108.0,count
GPU[1].SA[15].L1VCache[2],read-mshr-hit,2.0,count
GPU[1].SA[15].L1VCache[2],write-hit,0.0,count
GPU[1].SA[15].L1VCache[2],write-miss,64.0,count
GPU[1].SA[15].L1VCache[2],write-mshr-hit,0.0,count
GPU[1].SA[15].L1VCache[3],read-hit,1196.0,count
GPU[1].SA[15].L1VCache[3],read-miss,68.0,count
GPU[1].SA[15].L1VCache[3],read-mshr-hit,0.0,count
GPU[1].SA[15].L1VCache[3],write-hit,0.0,count
GPU[1].SA[15].L1VCache[3],write-miss,64.0,count
GPU[1].SA[15].L1VCache[3],write-mshr-hit,0.0,count
GPU[1].SA[15].L1SCache,read-hit,1232.0,count
GPU[1].SA[15].L1SCache,read-miss,3.0,count
GPU[1].SA[15].L1SCache,read-mshr-hit,45.0,count
GPU[1].SA[15].L1SCache,write-hit,0.0,count
GPU[1].SA[15].L1SCache,write-miss,0.0,count
GPU[1].SA[15].L1SCache,write-mshr-hit,0.0,count
GPU[1].SA[15].L1ICache,read-hit,5587.0,count
GPU[1].SA[15].L1ICache,read-miss,7.0,count
GPU[1].SA[15].L1ICache,read-mshr-hit,90.0,count
GPU[1].SA[15].L1ICache,write-hit,0.0,count
GPU[1].SA[15].L1ICache,write-miss,0.0,count
GPU[1].SA[15].L1ICache,write-mshr-hit,0.0,count
GPU[1].L2Cache[0],prefetch_requests,288.0,count
GPU[1].L2Cache[0],prefetch_hits,10.0,count
GPU[1].L2Cache[0],cache_pollution,0.0,count
GPU[1].L2Cache[0],demand_read_hits,46.0,count
GPU[1].L2Cache[0],demand_read_misses,244.0,count
GPU[1].L2Cache[0],demand_read_mshr_hits,83.0,count
GPU[1].L2Cache[0],prefetch_cache_hits,94.0,count
GPU[1].L2Cache[0],prefetch_mshr_hits,11.0,count
GPU[1].L2Cache[0],prefetch_misses,183.0,count
GPU[1].L2Cache[0],mshr_hits,83.0,count
GPU[1].L2Cache[0],mshr_misses,427.0,count
GPU[1].L2Cache[1],prefetch_requests,243.0,count
GPU[1].L2Cache[1],prefetch_hits,3.0,count
GPU[1].L2Cache[1],cache_pollution,0.0,count
GPU[1].L2Cache[1],demand_read_hits,37.0,count
GPU[1].L2Cache[1],demand_read_misses,246.0,count
GPU[1].L2Cache[1],demand_read_mshr_hits,39.0,count
GPU[1].L2Cache[1],prefetch_cache_hits,86.0,count
GPU[1].L2Cache[1],prefetch_mshr_hits,17.0,count
GPU[1].L2Cache[1],prefetch_misses,140.0,count
GPU[1].L2Cache[1],mshr_hits,39.0,count
GPU[1].L2Cache[1],mshr_misses,386.0,count
GPU[1].L2Cache[2],prefetch_requests,379.0,count
GPU[1].L2Cache[2],prefetch_hits,0.0,count
GPU[1].L2Cache[2],cache_pollution,0.0,count
GPU[1].L2Cache[2],demand_read_hits,69.0,count
GPU[1].L2Cache[2],demand_read_misses,258.0,count
GPU[1].L2Cache[2],demand_read_mshr_hits,30.0,count
GPU[1].L2Cache[2],prefetch_cache_hits,163.0,count
GPU[1].L2Cache[2],prefetch_mshr_hits,1.0,count
GPU[1].L2Cache[2],prefetch_misses,215.0,count
GPU[1].L2Cache[2],mshr_hits,30.0,count
GPU[1].L2Cache[2],mshr_misses,473.0,count
GPU[1].L2Cache[3],prefetch_requests,469.0,count
GPU[1].L2Cache[3],prefetch_hits,0.0,count
GPU[1].L2Cache[3],cache_pollution,0.0,count
GPU[1].L2Cache[3],demand_read_hits,96.0,count
GPU[1].L2Cache[3],demand_read_misses,257.0,count
GPU[1].L2Cache[3],demand_read_mshr_hits,5.0,count
GPU[1].L2Cache[3],prefetch_cache_hits,149.0,count
GPU[1].L2Cache[3],prefetch_mshr_hits,1.0,count
GPU[1].L2Cache[3],prefetch_misses,319.0,count
GPU[1].L2Cache[3],mshr_hits,5.0,count
GPU[1].L2Cache[3],mshr_misses,576.0,count
GPU[1].L2Cache[4],prefetch_requests,388.0,count
GPU[1].L2Cache[4],prefetch_hits,0.0,count
GPU[1].L2Cache[4],cache_pollution,0.0,count
GPU[1].L2Cache[4],demand_read_hits,72.0,count
GPU[1].L2Cache[4],demand_read_misses,256.0,count
GPU[1].L2Cache[4],demand_read_mshr_hits,0.0,count
GPU[1].L2Cache[4],prefetch_cache_hits,206.0,count
GPU[1].L2Cache[4],prefetch_mshr_hits,0.0,count
GPU[1].L2Cache[4],prefetch_misses,182.0,count
GPU[1].L2Cache[4],mshr_hits,0.0,count
GPU[1].L2Cache[4],mshr_misses,438.0,count
GPU[1].L2Cache[5],prefetch_requests,244.0,count
GPU[1].L2Cache[5],prefetch_hits,0.0,count
GPU[1].L2Cache[5],cache_pollution,0.0,count
GPU[1].L2Cache[5],demand_read_hits,37.0,count
GPU[1].L2Cache[5],demand_read_misses,256.0,count
GPU[1].L2Cache[5],demand_read_mshr_hits,0.0,count
GPU[1].L2Cache[5],prefetch_cache_hits,87.0,count
GPU[1].L2Cache[5],prefetch_mshr_hits,0.0,count
GPU[1].L2Cache[5],prefetch_misses,157.0,count
GPU[1].L2Cache[5],mshr_hits,0.0,count
GPU[1].L2Cache[5],mshr_misses,413.0,count
GPU[1].L2Cache[6],prefetch_requests,296.0,count
GPU[1].L2Cache[6],prefetch_hits,0.0,count
GPU[1].L2Cache[6],cache_pollution,0.0,count
GPU[1].L2Cache[6],demand_read_hits,51.0,count
GPU[1].L2Cache[6],demand_read_misses,256.0,count
GPU[1].L2Cache[6],demand_read_mshr_hits,0.0,count
GPU[1].L2Cache[6],prefetch_cache_hits,110.0,count
GPU[1].L2Cache[6],prefetch_mshr_hits,0.0,count
GPU[1].L2Cache[6],prefetch_misses,186.0,count
GPU[1].L2Cache[6],mshr_hits,0.0,count
GPU[1].L2Cache[6],mshr_misses,442.0,count
GPU[1].L2Cache[7],prefetch_requests,794.0,count
GPU[1].L2Cache[7],prefetch_hits,0.0,count
GPU[1].L2Cache[7],cache_pollution,0.0,count
GPU[1].L2Cache[7],demand_read_hits,204.0,count
GPU[1].L2Cache[7],demand_read_misses,256.0,count
GPU[1].L2Cache[7],demand_read_mshr_hits,0.0,count
GPU[1].L2Cache[7],prefetch_cache_hits,347.0,count
GPU[1].L2Cache[7],prefetch_mshr_hits,20.0,count
GPU[1].L2Cache[7],prefetch_misses,427.0,count
GPU[1].L2Cache[7],mshr_hits,0.0,count
GPU[1].L2Cache[7],mshr_misses,683.0,count
GPU[1].L2Cache[8],prefetch_requests,341.0,count
GPU[1].L2Cache[8],prefetch_hits,0.0,count
GPU[1].L2Cache[8],cache_pollution,0.0,count
GPU[1].L2Cache[8],demand_read_hits,62.0,count
GPU[1].L2Cache[8],demand_read_misses,256.0,count
GPU[1].L2Cache[8],demand_read_mshr_hits,0.0,count
GPU[1].L2Cache[8],prefetch_cache_hits,163.0,count
GPU[1].L2Cache[8],prefetch_mshr_hits,0.0,count
GPU[1].L2Cache[8],prefetch_misses,178.0,count
GPU[1].L2Cache[8],mshr_hits,0.0,count
GPU[1].L2Cache[8],mshr_misses,434.0,count
GPU[1].L2Cache[9],prefetch_requests,245.0,count
GPU[1].L2Cache[9],prefetch_hits,0.0,count
GPU[1].L2Cache[9],cache_pollution,0.0,count
GPU[1].L2Cache[9],demand_read_hits,36.0,count
GPU[1].L2Cache[9],demand_read_misses,256.0,count
GPU[1].L2Cache[9],demand_read_mshr_hits,0.0,count
GPU[1].L2Cache[9],prefetch_cache_hits,95.0,count
GPU[1].L2Cache[9],prefetch_mshr_hits,0.0,count
GPU[1].L2Cache[9],prefetch_misses,150.0,count
GPU[1].L2Cache[9],mshr_hits,0.0,count
GPU[1].L2Cache[9],mshr_misses,406.0,count
GPU[1].L2Cache[10],prefetch_requests,462.0,count
GPU[1].L2Cache[10],prefetch_hits,0.0,count
GPU[1].L2Cache[10],cache_pollution,0.0,count
GPU[1].L2Cache[10],demand_read_hits,94.0,count
GPU[1].L2Cache[10],demand_read_misses,256.0,count
GPU[1].L2Cache[10],demand_read_mshr_hits,0.0,count
GPU[1].L2Cache[10],prefetch_cache_hits,227.0,count
GPU[1].L2Cache[10],prefetch_mshr_hits,0.0,count
GPU[1].L2Cache[10],prefetch_misses,235.0,count
GPU[1].L2Cache[10],mshr_hits,0.0,count
GPU[1].L2Cache[10],mshr_misses,491.0,count
GPU[1].L2Cache[11],prefetch_requests,312.0,count
GPU[1].L2Cache[11],prefetch_hits,0.0,count
GPU[1].L2Cache[11],cache_pollution,0.0,count
GPU[1].L2Cache[11],demand_read_hits,57.0,count
GPU[1].L2Cache[11],demand_read_misses,256.0,count
GPU[1].L2Cache[11],demand_read_mshr_hits,0.0,count
GPU[1].L2Cache[11],prefetch_cache_hits,134.0,count
GPU[1].L2Cache[11],prefetch_mshr_hits,0.0,count
GPU[1].L2Cache[11],prefetch_misses,178.0,count
GPU[1].L2Cache[11],mshr_hits,1.0,count
GPU[1].L2Cache[11],mshr_misses,434.0,count
GPU[1].L2Cache[12],prefetch_requests,428.0,count
GPU[1].L2Cache[12],prefetch_hits,0.0,count
GPU[1].L2Cache[12],cache_pollution,0.0,count
GPU[1].L2Cache[12],demand_read_hits,87.0,count
GPU[1].L2Cache[12],demand_read_misses,256.0,count
GPU[1].L2Cache[12],demand_read_mshr_hits,0.0,count
GPU[1].L2Cache[12],prefetch_cache_hits,217.0,count
GPU[1].L2Cache[12],prefetch_mshr_hits,0.0,count
GPU[1].L2Cache[12],prefetch_misses,211.0,count
GPU[1].L2Cache[12],mshr_hits,0.0,count
GPU[1].L2Cache[12],mshr_misses,467.0,count
GPU[1].L2Cache[13],prefetch_requests,368.0,count
GPU[1].L2Cache[13],prefetch_hits,0.0,count
GPU[1].L2Cache[13],cache_pollution,0.0,count
GPU[1].L2Cache[13],demand_read_hits,72.0,count
GPU[1].L2Cache[13],demand_read_misses,256.0,count
GPU[1].L2Cache[13],demand_read_mshr_hits,0.0,count
GPU[1].L2Cache[13],prefetch_cache_hits,140.0,count
GPU[1].L2Cache[13],prefetch_mshr_hits,0.0,count
GPU[1].L2Cache[13],prefetch_misses,228.0,count
GPU[1].L2Cache[13],mshr_hits,0.0,count
GPU[1].L2Cache[13],mshr_misses,484.0,count
GPU[1].L2Cache[14],prefetch_requests,288.0,count
GPU[1].L2Cache[14],prefetch_hits,0.0,count
GPU[1].L2Cache[14],cache_pollution,0.0,count
GPU[1].L2Cache[14],demand_read_hits,51.0,count
GPU[1].L2Cache[14],demand_read_misses,256.0,count
GPU[1].L2Cache[14],demand_read_mshr_hits,0.0,count
GPU[1].L2Cache[14],prefetch_cache_hits,127.0,count
GPU[1].L2Cache[14],prefetch_mshr_hits,0.0,count
GPU[1].L2Cache[14],prefetch_misses,161.0,count
GPU[1].L2Cache[14],mshr_hits,0.0,count
GPU[1].L2Cache[14],mshr_misses,417.0,count
GPU[1].L2Cache[15],prefetch_requests,995.0,count
GPU[1].L2Cache[15],prefetch_hits,0.0,count
GPU[1].L2Cache[15],cache_pollution,0.0,count
GPU[1].L2Cache[15],demand_read_hits,253.0,count
GPU[1].L2Cache[15],demand_read_misses,256.0,count
GPU[1].L2Cache[15],demand_read_mshr_hits,0.0,count
GPU[1].L2Cache[15],prefetch_cache_hits,526.0,count
GPU[1].L2Cache[15],prefetch_mshr_hits,31.0,count
GPU[1].L2Cache[15],prefetch_misses,438.0,count
GPU[1].L2Cache[15],mshr_hits,0.0,count
GPU[1].L2Cache[15],mshr_misses,694.0,count
GPU[1].L2TLB,hit,205.0,count
GPU[1].L2TLB,miss,133.0,count
GPU[1].L2TLB,mshr-hit,302.0,count
GPU[1].SA[0].L1VTLB[0],hit,1260.0,count
GPU[1].SA[0].L1VTLB[0],miss,12.0,count
GPU[1].SA[0].L1VTLB[0],mshr-hit,56.0,count
GPU[1].SA[0].L1VTLB[1],hit,1276.0,count
GPU[1].SA[0].L1VTLB[1],miss,8.0,count
GPU[1].SA[0].L1VTLB[1],mshr-hit,44.0,count
GPU[1].SA[0].L1VTLB[2],hit,1248.0,count
GPU[1].SA[0].L1VTLB[2],miss,8.0,count
GPU[1].SA[0].L1VTLB[2],mshr-hit,72.0,count
GPU[1].SA[0].L1VTLB[3],hit,1248.0,count
GPU[1].SA[0].L1VTLB[3],miss,8.0,count
GPU[1].SA[0].L1VTLB[3],mshr-hit,72.0,count
GPU[1].SA[0].L1STLB,hit,1036.0,count
GPU[1].SA[0].L1STLB,miss,3.0,count
GPU[1].SA[0].L1STLB,mshr-hit,241.0,count
GPU[1].SA[0].L1ITLB,hit,6.0,count
GPU[1].SA[0].L1ITLB,miss,1.0,count
GPU[1].SA[0].L1ITLB,mshr-hit,0.0,count
GPU[1].SA[1].L1VTLB[0],hit,1260.0,count
GPU[1].SA[1].L1VTLB[0],miss,12.0,count
GPU[1].SA[1].L1VTLB[0],mshr-hit,56.0,count
GPU[1].SA[1].L1VTLB[1],hit,1272.0,count
GPU[1].SA[1].L1VTLB[1],miss,8.0,count
GPU[1].SA[1].L1VTLB[1],mshr-hit,48.0,count
GPU[1].SA[1].L1VTLB[2],hit,1248.0,count
GPU[1].SA[1].L1VTLB[2],miss,8.0,count
GPU[1].SA[1].L1VTLB[2],mshr-hit,72.0,count
GPU[1].SA[1].L1VTLB[3],hit,1240.0,count
GPU[1].SA[1].L1VTLB[3],miss,8.0,count
GPU[1].SA[1].L1VTLB[3],mshr-hit,80.0,count
GPU[1].SA[1].L1STLB,hit,1036.0,count
GPU[1].SA[1].L1STLB,miss,3.0,count
GPU[1].SA[1].L1STLB,mshr-hit,241.0,count
GPU[1].SA[1].L1ITLB,hit,6.0,count
GPU[1].SA[1].L1ITLB,miss,1.0,count
GPU[1].SA[1].L1ITLB,mshr-hit,0.0,count
GPU[1].SA[2].L1VTLB[0],hit,1260.0,count
GPU[1].SA[2].L1VTLB[0],miss,12.0,count
GPU[1].SA[2].L1VTLB[0],mshr-hit,56.0,count
GPU[1].SA[2].L1VTLB[1],hit,1276.0,count
GPU[1].SA[2].L1VTLB[1],miss,8.0,count
GPU[1].SA[2].L1VTLB[1],mshr-hit,44.0,count
GPU[1].SA[2].L1VTLB[2],hit,1240.0,count
GPU[1].SA[2].L1VTLB[2],miss,8.0,count
GPU[1].SA[2].L1VTLB[2],mshr-hit,80.0,count
GPU[1].SA[2].L1VTLB[3],hit,1248.0,count
GPU[1].SA[2].L1VTLB[3],miss,8.0,count
GPU[1].SA[2].L1VTLB[3],mshr-hit,72.0,count
GPU[1].SA[2].L1STLB,hit,1036.0,count
GPU[1].SA[2].L1STLB,miss,3.0,count
GPU[1].SA[2].L1STLB,mshr-hit,241.0,count
GPU[1].SA[2].L1ITLB,hit,6.0,count
GPU[1].SA[2].L1ITLB,miss,1.0,count
GPU[1].SA[2].L1ITLB,mshr-hit,0.0,count
GPU[1].SA[3].L1VTLB[0],hit,1256.0,count
GPU[1].SA[3].L1VTLB[0],miss,12.0,count
GPU[1].SA[3].L1VTLB[0],mshr-hit,60.0,count
GPU[1].SA[3].L1VTLB[1],hit,1272.0,count
GPU[1].SA[3].L1VTLB[1],miss,8.0,count
GPU[1].SA[3].L1VTLB[1],mshr-hit,48.0,count
GPU[1].SA[3].L1VTLB[2],hit,1245.0,count
GPU[1].SA[3].L1VTLB[2],miss,8.0,count
GPU[1].SA[3].L1VTLB[2],mshr-hit,75.0,count
GPU[1].SA[3].L1VTLB[3],hit,1244.0,count
GPU[1].SA[3].L1VTLB[3],miss,8.0,count
GPU[1].SA[3].L1VTLB[3],mshr-hit,76.0,count
GPU[1].SA[3].L1STLB,hit,1036.0,count
GPU[1].SA[3].L1STLB,miss,3.0,count
GPU[1].SA[3].L1STLB,mshr-hit,241.0,count
GPU[1].SA[3].L1ITLB,hit,6.0,count
GPU[1].SA[3].L1ITLB,miss,1.0,count
GPU[1].SA[3].L1ITLB,mshr-hit,0.0,count
GPU[1].SA[4].L1VTLB[0],hit,1251.0,count
GPU[1].SA[4].L1VTLB[0],miss,12.0,count
GPU[1].SA[4].L1VTLB[0],mshr-hit,65.0,count
GPU[1].SA[4].L1VTLB[1],hit,1271.0,count
GPU[1].SA[4].L1VTLB[1],miss,8.0,count
GPU[1].SA[4].L1VTLB[1],mshr-hit,49.0,count
GPU[1].SA[4].L1VTLB[2],hit,1248.0,count
GPU[1].SA[4].L1VTLB[2],miss,8.0,count
GPU[1].SA[4].L1VTLB[2],mshr-hit,72.0,count
GPU[1].SA[4].L1VTLB[3],hit,1244.0,count
GPU[1].SA[4].L1VTLB[3],miss,8.0,count
GPU[1].SA[4].L1VTLB[3],mshr-hit,76.0,count
GPU[1].SA[4].L1STLB,hit,1036.0,count
GPU[1].SA[4].L1STLB,miss,3.0,count
GPU[1].SA[4].L1STLB,mshr-hit,241.0,count
GPU[1].SA[4].L1ITLB,hit,6.0,count
GPU[1].SA[4].L1ITLB,miss,1.0,count
GPU[1].SA[4].L1ITLB,mshr-hit,0.0,count
GPU[1].SA[5].L1VTLB[0],hit,1256.0,count
GPU[1].SA[5].L1VTLB[0],miss,12.0,count
GPU[1].SA[5].L1VTLB[0],mshr-hit,60.0,count
GPU[1].SA[5].L1VTLB[1],hit,1276.0,count
GPU[1].SA[5].L1VTLB[1],miss,8.0,count
GPU[1].SA[5].L1VTLB[1],mshr-hit,44.0,count
GPU[1].SA[5].L1VTLB[2],hit,1248.0,count
GPU[1].SA[5].L1VTLB[2],miss,8.0,count
GPU[1].SA[5].L1VTLB[2],mshr-hit,72.0,count
GPU[1].SA[5].L1VTLB[3],hit,1248.0,count
GPU[1].SA[5].L1VTLB[3],miss,8.0,count
GPU[1].SA[5].L1VTLB[3],mshr-hit,72.0,count
GPU[1].SA[5].L1STLB,hit,1036.0,count
GPU[1].SA[5].L1STLB,miss,3.0,count
GPU[1].SA[5].L1STLB,mshr-hit,241.0,count
GPU[1].SA[5].L1ITLB,hit,6.0,count
GPU[1].SA[5].L1ITLB,miss,1.0,count
GPU[1].SA[5].L1ITLB,mshr-hit,0.0,count
GPU[1].SA[6].L1VTLB[0],hit,1252.0,count
GPU[1].SA[6].L1VTLB[0],miss,12.0,count
GPU[1].SA[6].L1VTLB[0],mshr-hit,64.0,count
GPU[1].SA[6].L1VTLB[1],hit,1264.0,count
GPU[1].SA[6].L1VTLB[1],miss,8.0,count
GPU[1].SA[6].L1VTLB[1],mshr-hit,56.0,count
GPU[1].SA[6].L1VTLB[2],hit,1232.0,count
GPU[1].SA[6].L1VTLB[2],miss,8.0,count
GPU[1].SA[6].L1VTLB[2],mshr-hit,88.0,count
GPU[1].SA[6].L1VTLB[3],hit,1244.0,count
GPU[1].SA[6].L1VTLB[3],miss,8.0,count
GPU[1].SA[6].L1VTLB[3],mshr-hit,76.0,count
GPU[1].SA[6].L1STLB,hit,1036.0,count
GPU[1].SA[6].L1STLB,miss,3.0,count
GPU[1].SA[6].L1STLB,mshr-hit,241.0,count
GPU[1].SA[6].L1ITLB,hit,6.0,count
GPU[1].SA[6].L1ITLB,miss,1.0,count
GPU[1].SA[6].L1ITLB,mshr-hit,0.0,count
GPU[1].SA[7].L1VTLB[0],hit,1249.0,count
GPU[1].SA[7].L1VTLB[0],miss,12.0,count
GPU[1].SA[7].L1VTLB[0],mshr-hit,67.0,count
GPU[1].SA[7].L1VTLB[1],hit,1276.0,count
GPU[1].SA[7].L1VTLB[1],miss,8.0,count
GPU[1].SA[7].L1VTLB[1],mshr-hit,44.0,count
GPU[1].SA[7].L1VTLB[2],hit,1248.0,count
GPU[1].SA[7].L1VTLB[2],miss,8.0,count
GPU[1].SA[7].L1VTLB[2],mshr-hit,72.0,count
GPU[1].SA[7].L1VTLB[3],hit,1240.0,count
GPU[1].SA[7].L1VTLB[3],miss,8.0,count
GPU[1].SA[7].L1VTLB[3],mshr-hit,80.0,count
GPU[1].SA[7].L1STLB,hit,1036.0,count
GPU[1].SA[7].L1STLB,miss,3.0,count
GPU[1].SA[7].L1STLB,mshr-hit,241.0,count
GPU[1].SA[7].L1ITLB,hit,6.0,count
GPU[1].SA[7].L1ITLB,miss,1.0,count
GPU[1].SA[7].L1ITLB,mshr-hit,0.0,count
GPU[1].SA[8].L1VTLB[0],hit,1254.0,count
GPU[1].SA[8].L1VTLB[0],miss,12.0,count
GPU[1].SA[8].L1VTLB[0],mshr-hit,62.0,count
GPU[1].SA[8].L1VTLB[1],hit,1276.0,count
GPU[1].SA[8].L1VTLB[1],miss,8.0,count
GPU[1].SA[8].L1VTLB[1],mshr-hit,44.0,count
GPU[1].SA[8].L1VTLB[2],hit,1248.0,count
GPU[1].SA[8].L1VTLB[2],miss,8.0,count
GPU[1].SA[8].L1VTLB[2],mshr-hit,72.0,count
GPU[1].SA[8].L1VTLB[3],hit,1224.0,count
GPU[1].SA[8].L1VTLB[3],miss,8.0,count
GPU[1].SA[8].L1VTLB[3],mshr-hit,96.0,count
GPU[1].SA[8].L1STLB,hit,1036.0,count
GPU[1].SA[8].L1STLB,miss,3.0,count
GPU[1].SA[8].L1STLB,mshr-hit,241.0,count
GPU[1].SA[8].L1ITLB,hit,6.0,count
GPU[1].SA[8].L1ITLB,miss,1.0,count
GPU[1].SA[8].L1ITLB,mshr-hit,0.0,count
GPU[1].SA[9].L1VTLB[0],hit,1256.0,count
GPU[1].SA[9].L1VTLB[0],miss,12.0,count
GPU[1].SA[9].L1VTLB[0],mshr-hit,60.0,count
GPU[1].SA[9].L1VTLB[1],hit,1276.0,count
GPU[1].SA[9].L1VTLB[1],miss,8.0,count
GPU[1].SA[9].L1VTLB[1],mshr-hit,44.0,count
GPU[1].SA[9].L1VTLB[2],hit,1240.0,count
GPU[1].SA[9].L1VTLB[2],miss,8.0,count
GPU[1].SA[9].L1VTLB[2],mshr-hit,80.0,count
GPU[1].SA[9].L1VTLB[3],hit,1248.0,count
GPU[1].SA[9].L1VTLB[3],miss,8.0,count
GPU[1].SA[9].L1VTLB[3],mshr-hit,72.0,count
GPU[1].SA[9].L1STLB,hit,1036.0,count
GPU[1].SA[9].L1STLB,miss,3.0,count
GPU[1].SA[9].L1STLB,mshr-hit,241.0,count
GPU[1].SA[9].L1ITLB,hit,6.0,count
GPU[1].SA[9].L1ITLB,miss,1.0,count
GPU[1].SA[9].L1ITLB,mshr-hit,0.0,count
GPU[1].SA[10].L1VTLB[0],hit,1258.0,count
GPU[1].SA[10].L1VTLB[0],miss,12.0,count
GPU[1].SA[10].L1VTLB[0],mshr-hit,58.0,count
GPU[1].SA[10].L1VTLB[1],hit,1276.0,count
GPU[1].SA[10].L1VTLB[1],miss,8.0,count
GPU[1].SA[10].L1VTLB[1],mshr-hit,44.0,count
GPU[1].SA[10].L1VTLB[2],hit,1248.0,count
GPU[1].SA[10].L1VTLB[2],miss,8.0,count
GPU[1].SA[10].L1VTLB[2],mshr-hit,72.0,count
GPU[1].SA[10].L1VTLB[3],hit,1248.0,count
GPU[1].SA[10].L1VTLB[3],miss,8.0,count
GPU[1].SA[10].L1VTLB[3],mshr-hit,72.0,count
GPU[1].SA[10].L1STLB,hit,1036.0,count
GPU[1].SA[10].L1STLB,miss,3.0,count
GPU[1].SA[10].L1STLB,mshr-hit,241.0,count
GPU[1].SA[10].L1ITLB,hit,6.0,count
GPU[1].SA[10].L1ITLB,miss,1.0,count
GPU[1].SA[10].L1ITLB,mshr-hit,0.0,count
GPU[1].SA[11].L1VTLB[0],hit,1259.0,count
GPU[1].SA[11].L1VTLB[0],miss,12.0,count
GPU[1].SA[11].L1VTLB[0],mshr-hit,57.0,count
GPU[1].SA[11].L1VTLB[1],hit,1276.0,count
GPU[1].SA[11].L1VTLB[1],miss,8.0,count
GPU[1].SA[11].L1VTLB[1],mshr-hit,44.0,count
GPU[1].SA[11].L1VTLB[2],hit,1244.0,count
GPU[1].SA[11].L1VTLB[2],miss,8.0,count
GPU[1].SA[11].L1VTLB[2],mshr-hit,76.0,count
GPU[1].SA[11].L1VTLB[3],hit,1248.0,count
GPU[1].SA[11].L1VTLB[3],miss,8.0,count
GPU[1].SA[11].L1VTLB[3],mshr-hit,72.0,count
GPU[1].SA[11].L1STLB,hit,1036.0,count
GPU[1].SA[11].L1STLB,miss,3.0,count
GPU[1].SA[11].L1STLB,mshr-hit,241.0,count
GPU[1].SA[11].L1ITLB,hit,6.0,count
GPU[1].SA[11].L1ITLB,miss,1.0,count
GPU[1].SA[11].L1ITLB,mshr-hit,0.0,count
GPU[1].SA[12].L1VTLB[0],hit,1260.0,count
GPU[1].SA[12].L1VTLB[0],miss,12.0,count
GPU[1].SA[12].L1VTLB[0],mshr-hit,56.0,count
GPU[1].SA[12].L1VTLB[1],hit,1276.0,count
GPU[1].SA[12].L1VTLB[1],miss,8.0,count
GPU[1].SA[12].L1VTLB[1],mshr-hit,44.0,count
GPU[1].SA[12].L1VTLB[2],hit,1236.0,count
GPU[1].SA[12].L1VTLB[2],miss,8.0,count
GPU[1].SA[12].L1VTLB[2],mshr-hit,84.0,count
GPU[1].SA[12].L1VTLB[3],hit,1244.0,count
GPU[1].SA[12].L1VTLB[3],miss,8.0,count
GPU[1].SA[12].L1VTLB[3],mshr-hit,76.0,count
GPU[1].SA[12].L1STLB,hit,1036.0,count
GPU[1].SA[12].L1STLB,miss,3.0,count
GPU[1].SA[12].L1STLB,mshr-hit,241.0,count
GPU[1].SA[12].L1ITLB,hit,6.0,count
GPU[1].SA[12].L1ITLB,miss,1.0,count
GPU[1].SA[12].L1ITLB,mshr-hit,0.0,count
GPU[1].SA[13].L1VTLB[0],hit,1256.0,count
GPU[1].SA[13].L1VTLB[0],miss,12.0,count
GPU[1].SA[13].L1VTLB[0],mshr-hit,60.0,count
GPU[1].SA[13].L1VTLB[1],hit,1276.0,count
GPU[1].SA[13].L1VTLB[1],miss,8.0,count
GPU[1].SA[13].L1VTLB[1],mshr-hit,44.0,count
GPU[1].SA[13].L1VTLB[2],hit,1232.0,count
GPU[1].SA[13].L1VTLB[2],miss,8.0,count
GPU[1].SA[13].L1VTLB[2],mshr-hit,88.0,count
GPU[1].SA[13].L1VTLB[3],hit,1236.0,count
GPU[1].SA[13].L1VTLB[3],miss,8.0,count
GPU[1].SA[13].L1VTLB[3],mshr-hit,84.0,count
GPU[1].SA[13].L1STLB,hit,1036.0,count
GPU[1].SA[13].L1STLB,miss,3.0,count
GPU[1].SA[13].L1STLB,mshr-hit,241.0,count
GPU[1].SA[13].L1ITLB,hit,6.0,count
GPU[1].SA[13].L1ITLB,miss,1.0,count
GPU[1].SA[13].L1ITLB,mshr-hit,0.0,count
GPU[1].SA[14].L1VTLB[0],hit,1260.0,count
GPU[1].SA[14].L1VTLB[0],miss,12.0,count
GPU[1].SA[14].L1VTLB[0],mshr-hit,56.0,count
GPU[1].SA[14].L1VTLB[1],hit,1272.0,count
GPU[1].SA[14].L1VTLB[1],miss,8.0,count
GPU[1].SA[14].L1VTLB[1],mshr-hit,48.0,count
GPU[1].SA[14].L1VTLB[2],hit,1244.0,count
GPU[1].SA[14].L1VTLB[2],miss,8.0,count
GPU[1].SA[14].L1VTLB[2],mshr-hit,76.0,count
GPU[1].SA[14].L1VTLB[3],hit,1244.0,count
GPU[1].SA[14].L1VTLB[3],miss,8.0,count
GPU[1].SA[14].L1VTLB[3],mshr-hit,76.0,count
GPU[1].SA[14].L1STLB,hit,1036.0,count
GPU[1].SA[14].L1STLB,miss,3.0,count
GPU[1].SA[14].L1STLB,mshr-hit,241.0,count
GPU[1].SA[14].L1ITLB,hit,6.0,count
GPU[1].SA[14].L1ITLB,miss,1.0,count
GPU[1].SA[14].L1ITLB,mshr-hit,0.0,count
GPU[1].SA[15].L1VTLB[0],hit,1260.0,count
GPU[1].SA[15].L1VTLB[0],miss,12.0,count
GPU[1].SA[15].L1VTLB[0],mshr-hit,56.0,count
GPU[1].SA[15].L1VTLB[1],hit,1276.0,count
GPU[1].SA[15].L1VTLB[1],miss,8.0,count
GPU[1].SA[15].L1VTLB[1],mshr-hit,44.0,count
GPU[1].SA[15].L1VTLB[2],hit,1248.0,count
GPU[1].SA[15].L1VTLB[2],miss,8.0,count
GPU[1].SA[15].L1VTLB[2],mshr-hit,72.0,count
GPU[1].SA[15].L1VTLB[3],hit,1232.0,count
GPU[1].SA[15].L1VTLB[3],miss,8.0,count
GPU[1].SA[15].L1VTLB[3],mshr-hit,88.0,count
GPU[1].SA[15].L1STLB,hit,1036.0,count
GPU[1].SA[15].L1STLB,miss,3.0,count
GPU[1].SA[15].L1STLB,mshr-hit,241.0,count
GPU[1].SA[15].L1ITLB,hit,6.0,count
GPU[1].SA[15].L1ITLB,miss,1.0,count
GPU[1].SA[15].L1ITLB,mshr-hit,0.0,count
GPU[1].RDMA,outgoing_trans_count,0.0,count
GPU[1].RDMA,incoming_trans_count,0.0,count
GPU[1].DRAM[0],read_trans_count,427.0,count
GPU[1].DRAM[0],write_trans_count,261.0,count
GPU[1].DRAM[0],read_avg_latency,9.90000000000002e-08,second
GPU[1].DRAM[0],write_avg_latency,9.90000000000002e-08,second
GPU[1].DRAM[0],read_size,27328.0,bytes
GPU[1].DRAM[0],write_size,16704.0,bytes
GPU[1].DRAM[1],read_trans_count,386.0,count
GPU[1].DRAM[1],write_trans_count,258.0,count
GPU[1].DRAM[1],read_avg_latency,9.90000000000002e-08,second
GPU[1].DRAM[1],write_avg_latency,9.90000000000002e-08,second
GPU[1].DRAM[1],read_size,24704.0,bytes
GPU[1].DRAM[1],write_size,16484.0,bytes
GPU[1].DRAM[2],read_trans_count,473.0,count
GPU[1].DRAM[2],write_trans_count,256.0,count
GPU[1].DRAM[2],read_avg_latency,9.90000000000002e-08,second
GPU[1].DRAM[2],write_avg_latency,9.90000000000002e-08,second
GPU[1].DRAM[2],read_size,30272.0,bytes
GPU[1].DRAM[2],write_size,16384.0,bytes
GPU[1].DRAM[3],read_trans_count,576.0,count
GPU[1].DRAM[3],write_trans_count,256.0,count
GPU[1].DRAM[3],read_avg_latency,9.90000000000002e-08,second
GPU[1].DRAM[3],write_avg_latency,9.90000000000002e-08,second
GPU[1].DRAM[3],read_size,36864.0,bytes
GPU[1].DRAM[3],write_size,16384.0,bytes
GPU[1].DRAM[4],read_trans_count,438.0,count
GPU[1].DRAM[4],write_trans_count,256.0,count
GPU[1].DRAM[4],read_avg_latency,9.90000000000002e-08,second
GPU[1].DRAM[4],write_avg_latency,9.90000000000002e-08,second
GPU[1].DRAM[4],read_size,28032.0,bytes
GPU[1].DRAM[4],write_size,16384.0,bytes
GPU[1].DRAM[5],read_trans_count,413.0,count
GPU[1].DRAM[5],write_trans_count,256.0,count
GPU[1].DRAM[5],read_avg_latency,9.90000000000002e-08,second
GPU[1].DRAM[5],write_avg_latency,9.90000000000002e-08,second
GPU[1].DRAM[5],read_size,26432.0,bytes
GPU[1].DRAM[5],write_size,16384.0,bytes
GPU[1].DRAM[6],read_trans_count,442.0,count
GPU[1].DRAM[6],write_trans_count,256.0,count
GPU[1].DRAM[6],read_avg_latency,9.90000000000002e-08,second
GPU[1].DRAM[6],write_avg_latency,9.90000000000002e-08,second
GPU[1].DRAM[6],read_size,28288.0,bytes
GPU[1].DRAM[6],write_size,16384.0,bytes
GPU[1].DRAM[7],read_trans_count,683.0,count
GPU[1].DRAM[7],write_trans_count,256.0,count
GPU[1].DRAM[7],read_avg_latency,9.90000000000002e-08,second
GPU[1].DRAM[7],write_avg_latency,9.90000000000002e-08,second
GPU[1].DRAM[7],read_size,43712.0,bytes
GPU[1].DRAM[7],write_size,16384.0,bytes
GPU[1].DRAM[8],read_trans_count,434.0,count
GPU[1].DRAM[8],write_trans_count,256.0,count
GPU[1].DRAM[8],read_avg_latency,9.90000000000002e-08,second
GPU[1].DRAM[8],write_avg_latency,9.90000000000002e-08,second
GPU[1].DRAM[8],read_size,27776.0,bytes
GPU[1].DRAM[8],write_size,16384.0,bytes
GPU[1].DRAM[9],read_trans_count,406.0,count
GPU[1].DRAM[9],write_trans_count,256.0,count
GPU[1].DRAM[9],read_avg_latency,9.90000000000002e-08,second
GPU[1].DRAM[9],write_avg_latency,9.90000000000002e-08,second
GPU[1].DRAM[9],read_size,25984.0,bytes
GPU[1].DRAM[9],write_size,16384.0,bytes
GPU[1].DRAM[10],read_trans_count,491.0,count
GPU[1].DRAM[10],write_trans_count,256.0,count
GPU[1].DRAM[10],read_avg_latency,9.90000000000002e-08,second
GPU[1].DRAM[10],write_avg_latency,9.90000000000002e-08,second
GPU[1].DRAM[10],read_size,31424.0,bytes
GPU[1].DRAM[10],write_size,16384.0,bytes
GPU[1].DRAM[11],read_trans_count,434.0,count
GPU[1].DRAM[11],write_trans_count,256.0,count
GPU[1].DRAM[11],read_avg_latency,9.90000000000002e-08,second
GPU[1].DRAM[11],write_avg_latency,9.90000000000002e-08,second
GPU[1].DRAM[11],read_size,27776.0,bytes
GPU[1].DRAM[11],write_size,16384.0,bytes
GPU[1].DRAM[12],read_trans_count,467.0,count
GPU[1].DRAM[12],write_trans_count,256.0,count
GPU[1].DRAM[12],read_avg_latency,9.90000000000002e-08,second
GPU[1].DRAM[12],write_avg_latency,9.90000000000002e-08,second
GPU[1].DRAM[12],read_size,29888.0,bytes
GPU[1].DRAM[12],write_size,16384.0,bytes
GPU[1].DRAM[13],read_trans_count,484.0,count
GPU[1].DRAM[13],write_trans_count,256.0,count
GPU[1].DRAM[13],read_avg_latency,9.90000000000002e-08,second
GPU[1].DRAM[13],write_avg_latency,9.90000000000002e-08,second
GPU[1].DRAM[13],read_size,30976.0,bytes
GPU[1].DRAM[13],write_size,16384.0,bytes
GPU[1].DRAM[14],read_trans_count,417.0,count
GPU[1].DRAM[14],write_trans_count,256.0,count
GPU[1].DRAM[14],read_avg_latency,9.90000000000002e-08,second
GPU[1].DRAM[14],write_avg_latency,9.90000000000002e-08,second
GPU[1].DRAM[14],read_size,26688.0,bytes
GPU[1].DRAM[14],write_size,16384.0,bytes
GPU[1].DRAM[15],read_trans_count,694.0,count
GPU[1].DRAM[15],write_trans_count,256.0,count
GPU[1].DRAM[15],read_avg_latency,9.90000000000002e-08,second
GPU[1].DRAM[15],write_avg_latency,9.90000000000002e-08,second
GPU[1].DRAM[15],read_size,44416.0,bytes
GPU[1].DRAM[15],write_size,16384.0,bytes
